trade_date,unit_nav,cum_nav,source,updated_at
2012-08-09,1.0,1.0,eastmoney_f10,2026-07-29T23:50:46
2012-08-10,1.0001,1.0001,eastmoney_f10,2026-07-29T23:50:46
2012-08-17,1.0004,1.0004,eastmoney_f10,2026-07-29T23:50:46
2012-08-24,1.0008,1.0008,eastmoney_f10,2026-07-29T23:50:46
2012-08-31,1.0013,1.0013,eastmoney_f10,2026-07-29T23:50:46
2012-09-07,1.0017,1.0017,eastmoney_f10,2026-07-29T23:50:46
2012-09-14,1.002,1.002,eastmoney_f10,2026-07-29T23:50:46
2012-09-21,1.0026,1.0026,eastmoney_f10,2026-07-29T23:50:46
2012-09-28,1.0031,1.0031,eastmoney_f10,2026-07-29T23:50:46
2012-10-12,1.006,1.006,eastmoney_f10,2026-07-29T23:50:46
2012-10-15,1.0049,1.0049,eastmoney_f10,2026-07-29T23:50:46
2012-10-19,1.0062,1.0062,eastmoney_f10,2026-07-29T23:50:46
2012-10-22,1.0096,1.0096,eastmoney_f10,2026-07-29T23:50:46
2012-10-23,1.0111,1.0111,eastmoney_f10,2026-07-29T23:50:46
2012-10-24,1.0132,1.0132,eastmoney_f10,2026-07-29T23:50:46
2012-10-25,1.0156,1.0156,eastmoney_f10,2026-07-29T23:50:46
2012-10-26,1.0081,1.0081,eastmoney_f10,2026-07-29T23:50:46
2012-10-29,1.0058,1.0058,eastmoney_f10,2026-07-29T23:50:46
2012-10-30,1.0059,1.0059,eastmoney_f10,2026-07-29T23:50:46
2012-10-31,1.0066,1.0066,eastmoney_f10,2026-07-29T23:50:46
2012-11-01,1.0131,1.0131,eastmoney_f10,2026-07-29T23:50:46
2012-11-02,1.0206,1.0206,eastmoney_f10,2026-07-29T23:50:46
2012-11-05,1.0172,1.0172,eastmoney_f10,2026-07-29T23:50:46
2012-11-06,1.013,1.013,eastmoney_f10,2026-07-29T23:50:46
2012-11-07,1.0176,1.0176,eastmoney_f10,2026-07-29T23:50:46
2012-11-08,0.9953,0.9953,eastmoney_f10,2026-07-29T23:50:46
2012-11-12,0.986,0.986,eastmoney_f10,2026-07-29T23:50:46
2012-11-13,0.9758,0.9758,eastmoney_f10,2026-07-29T23:50:46
2012-11-14,0.9852,0.9852,eastmoney_f10,2026-07-29T23:50:46
2012-11-15,0.9736,0.9736,eastmoney_f10,2026-07-29T23:50:46
2012-11-16,0.9742,0.9742,eastmoney_f10,2026-07-29T23:50:46
2012-11-19,0.9793,0.9793,eastmoney_f10,2026-07-29T23:50:46
2012-11-20,0.9785,0.9785,eastmoney_f10,2026-07-29T23:50:46
2012-11-21,0.9897,0.9897,eastmoney_f10,2026-07-29T23:50:46
2012-11-22,0.9983,0.9983,eastmoney_f10,2026-07-29T23:50:46
2012-11-23,1.0055,1.0055,eastmoney_f10,2026-07-29T23:50:46
2012-11-26,1.0052,1.0052,eastmoney_f10,2026-07-29T23:50:46
2012-11-27,1.0027,1.0027,eastmoney_f10,2026-07-29T23:50:46
2012-11-28,0.9971,0.9971,eastmoney_f10,2026-07-29T23:50:46
2012-11-29,1.0061,1.0061,eastmoney_f10,2026-07-29T23:50:46
2012-11-30,1.0085,1.0085,eastmoney_f10,2026-07-29T23:50:46
2012-12-03,0.9975,0.9975,eastmoney_f10,2026-07-29T23:50:46
2012-12-04,0.9894,0.9894,eastmoney_f10,2026-07-29T23:50:46
2012-12-05,1.0191,1.0191,eastmoney_f10,2026-07-29T23:50:46
2012-12-06,1.0176,1.0176,eastmoney_f10,2026-07-29T23:50:46
2012-12-07,1.0168,1.0168,eastmoney_f10,2026-07-29T23:50:46
2012-12-10,1.0187,1.0187,eastmoney_f10,2026-07-29T23:50:46
2012-12-11,1.0204,1.0204,eastmoney_f10,2026-07-29T23:50:46
2012-12-12,1.0279,1.0279,eastmoney_f10,2026-07-29T23:50:46
2012-12-13,1.0255,1.0255,eastmoney_f10,2026-07-29T23:50:46
2012-12-14,1.0329,1.0329,eastmoney_f10,2026-07-29T23:50:46
2012-12-17,1.0277,1.0277,eastmoney_f10,2026-07-29T23:50:46
2012-12-18,1.0276,1.0276,eastmoney_f10,2026-07-29T23:50:46
2012-12-19,1.0326,1.0326,eastmoney_f10,2026-07-29T23:50:46
2012-12-20,1.034,1.034,eastmoney_f10,2026-07-29T23:50:46
2012-12-21,1.0273,1.0273,eastmoney_f10,2026-07-29T23:50:46
2012-12-24,1.0303,1.0303,eastmoney_f10,2026-07-29T23:50:46
2012-12-25,1.0305,1.0305,eastmoney_f10,2026-07-29T23:50:46
2012-12-26,1.0306,1.0306,eastmoney_f10,2026-07-29T23:50:46
2012-12-27,1.0349,1.0349,eastmoney_f10,2026-07-29T23:50:46
2012-12-28,1.035,1.035,eastmoney_f10,2026-07-29T23:50:46
2012-12-31,1.0337,1.0337,eastmoney_f10,2026-07-29T23:50:46
2013-01-04,1.0628,1.0628,eastmoney_f10,2026-07-29T23:50:46
2013-01-07,1.0635,1.0635,eastmoney_f10,2026-07-29T23:50:46
2013-01-08,1.0538,1.0538,eastmoney_f10,2026-07-29T23:50:46
2013-01-09,1.0581,1.0581,eastmoney_f10,2026-07-29T23:50:46
2013-01-10,1.0629,1.0629,eastmoney_f10,2026-07-29T23:50:46
2013-01-11,1.0588,1.0588,eastmoney_f10,2026-07-29T23:50:46
2013-01-14,1.0635,1.0635,eastmoney_f10,2026-07-29T23:50:46
2013-01-15,1.0628,1.0628,eastmoney_f10,2026-07-29T23:50:46
2013-01-16,1.0628,1.0628,eastmoney_f10,2026-07-29T23:50:46
2013-01-17,1.0623,1.0623,eastmoney_f10,2026-07-29T23:50:46
2013-01-18,1.0728,1.0728,eastmoney_f10,2026-07-29T23:50:46
2013-01-21,1.0732,1.0732,eastmoney_f10,2026-07-29T23:50:46
2013-01-22,1.0761,1.0761,eastmoney_f10,2026-07-29T23:50:46
2013-01-23,1.0743,1.0743,eastmoney_f10,2026-07-29T23:50:46
2013-01-24,1.0729,1.0729,eastmoney_f10,2026-07-29T23:50:46
2013-01-25,1.0728,1.0728,eastmoney_f10,2026-07-29T23:50:46
2013-01-28,1.0768,1.0768,eastmoney_f10,2026-07-29T23:50:46
2013-01-29,1.0763,1.0763,eastmoney_f10,2026-07-29T23:50:46
2013-01-30,1.0821,1.0821,eastmoney_f10,2026-07-29T23:50:46
2013-01-31,1.0784,1.0784,eastmoney_f10,2026-07-29T23:50:46
2013-02-01,1.0786,1.0786,eastmoney_f10,2026-07-29T23:50:46
2013-02-04,1.0772,1.0772,eastmoney_f10,2026-07-29T23:50:46
2013-02-05,1.0538,1.0538,eastmoney_f10,2026-07-29T23:50:46
2013-02-06,1.0595,1.0595,eastmoney_f10,2026-07-29T23:50:46
2013-02-07,1.0558,1.0558,eastmoney_f10,2026-07-29T23:50:46
2013-02-08,1.0555,1.0555,eastmoney_f10,2026-07-29T23:50:46
2013-02-18,1.0631,1.0631,eastmoney_f10,2026-07-29T23:50:46
2013-02-19,1.053,1.053,eastmoney_f10,2026-07-29T23:50:46
2013-02-20,1.0596,1.0596,eastmoney_f10,2026-07-29T23:50:46
2013-02-21,1.0428,1.0428,eastmoney_f10,2026-07-29T23:50:46
2013-02-22,1.0375,1.0375,eastmoney_f10,2026-07-29T23:50:46
2013-02-25,1.0393,1.0393,eastmoney_f10,2026-07-29T23:50:46
2013-02-26,1.0256,1.0256,eastmoney_f10,2026-07-29T23:50:46
2013-02-27,1.0276,1.0276,eastmoney_f10,2026-07-29T23:50:46
2013-02-28,1.0464,1.0464,eastmoney_f10,2026-07-29T23:50:46
2013-03-01,1.0412,1.0412,eastmoney_f10,2026-07-29T23:50:46
2013-03-04,1.0262,1.0262,eastmoney_f10,2026-07-29T23:50:46
2013-03-05,1.0265,1.0265,eastmoney_f10,2026-07-29T23:50:46
2013-03-06,1.0354,1.0354,eastmoney_f10,2026-07-29T23:50:46
2013-03-07,1.0358,1.0358,eastmoney_f10,2026-07-29T23:50:46
2013-03-08,1.0492,1.0492,eastmoney_f10,2026-07-29T23:50:46
2013-03-11,1.05,1.05,eastmoney_f10,2026-07-29T23:50:46
2013-03-12,1.0406,1.0406,eastmoney_f10,2026-07-29T23:50:46
2013-03-13,1.0256,1.0256,eastmoney_f10,2026-07-29T23:50:46
2013-03-14,1.0287,1.0287,eastmoney_f10,2026-07-29T23:50:46
2013-03-15,1.0244,1.0244,eastmoney_f10,2026-07-29T23:50:46
2013-03-18,1.005,1.005,eastmoney_f10,2026-07-29T23:50:46
2013-03-19,1.0031,1.0031,eastmoney_f10,2026-07-29T23:50:46
2013-03-20,1.0144,1.0144,eastmoney_f10,2026-07-29T23:50:46
2013-03-21,1.0132,1.0132,eastmoney_f10,2026-07-29T23:50:46
2013-03-22,1.0079,1.0079,eastmoney_f10,2026-07-29T23:50:46
2013-03-25,1.0135,1.0135,eastmoney_f10,2026-07-29T23:50:46
2013-03-26,1.0166,1.0166,eastmoney_f10,2026-07-29T23:50:46
2013-03-27,1.0239,1.0239,eastmoney_f10,2026-07-29T23:50:46
2013-03-28,1.0164,1.0164,eastmoney_f10,2026-07-29T23:50:46
2013-03-29,1.0155,1.0155,eastmoney_f10,2026-07-29T23:50:46
2013-04-01,1.0152,1.0152,eastmoney_f10,2026-07-29T23:50:46
2013-04-02,1.0168,1.0168,eastmoney_f10,2026-07-29T23:50:46
2013-04-03,1.0158,1.0158,eastmoney_f10,2026-07-29T23:50:46
2013-04-08,0.9888,0.9888,eastmoney_f10,2026-07-29T23:50:46
2013-04-09,0.9955,0.9955,eastmoney_f10,2026-07-29T23:50:46
2013-04-10,1.0018,1.0018,eastmoney_f10,2026-07-29T23:50:46
2013-04-11,1.0053,1.0053,eastmoney_f10,2026-07-29T23:50:46
2013-04-12,1.0036,1.0036,eastmoney_f10,2026-07-29T23:50:46
2013-04-15,0.9886,0.9886,eastmoney_f10,2026-07-29T23:50:46
2013-04-16,0.9834,0.9834,eastmoney_f10,2026-07-29T23:50:46
2013-04-17,0.9778,0.9778,eastmoney_f10,2026-07-29T23:50:46
2013-04-18,0.9763,0.9763,eastmoney_f10,2026-07-29T23:50:46
2013-04-19,0.9981,0.9981,eastmoney_f10,2026-07-29T23:50:46
2013-04-22,0.9999,0.9999,eastmoney_f10,2026-07-29T23:50:46
2013-04-23,0.9885,0.9885,eastmoney_f10,2026-07-29T23:50:46
2013-04-24,1.0056,1.0056,eastmoney_f10,2026-07-29T23:50:46
2013-04-25,1.0139,1.0139,eastmoney_f10,2026-07-29T23:50:46
2013-04-26,1.0192,1.0192,eastmoney_f10,2026-07-29T23:50:46
2013-05-02,1.0232,1.0232,eastmoney_f10,2026-07-29T23:50:46
2013-05-03,1.0254,1.0254,eastmoney_f10,2026-07-29T23:50:46
2013-05-06,1.0347,1.0347,eastmoney_f10,2026-07-29T23:50:46
2013-05-07,1.0398,1.0398,eastmoney_f10,2026-07-29T23:50:46
2013-05-08,1.0468,1.0468,eastmoney_f10,2026-07-29T23:50:46
2013-05-09,1.0448,1.0448,eastmoney_f10,2026-07-29T23:50:46
2013-05-10,1.0512,1.0512,eastmoney_f10,2026-07-29T23:50:46
2013-05-13,1.0373,1.0373,eastmoney_f10,2026-07-29T23:50:46
2013-05-14,1.0345,1.0345,eastmoney_f10,2026-07-29T23:50:46
2013-05-15,1.04,1.04,eastmoney_f10,2026-07-29T23:50:46
2013-05-16,1.0424,1.0424,eastmoney_f10,2026-07-29T23:50:46
2013-05-17,1.0405,1.0405,eastmoney_f10,2026-07-29T23:50:46
2013-05-20,1.0583,1.0583,eastmoney_f10,2026-07-29T23:50:46
2013-05-21,1.0516,1.0516,eastmoney_f10,2026-07-29T23:50:46
2013-05-22,1.0488,1.0488,eastmoney_f10,2026-07-29T23:50:46
2013-05-23,1.0235,1.0235,eastmoney_f10,2026-07-29T23:50:46
2013-05-24,1.0206,1.0206,eastmoney_f10,2026-07-29T23:50:46
2013-05-27,1.0225,1.0225,eastmoney_f10,2026-07-29T23:50:46
2013-05-28,1.0332,1.0332,eastmoney_f10,2026-07-29T23:50:46
2013-05-29,1.0176,1.0176,eastmoney_f10,2026-07-29T23:50:46
2013-05-30,1.0151,1.0151,eastmoney_f10,2026-07-29T23:50:46
2013-05-31,1.0109,1.0109,eastmoney_f10,2026-07-29T23:50:46
2013-06-03,1.0062,1.0062,eastmoney_f10,2026-07-29T23:50:46
2013-06-04,1.0068,1.0068,eastmoney_f10,2026-07-29T23:50:46
2013-06-05,0.9981,0.9981,eastmoney_f10,2026-07-29T23:50:46
2013-06-06,0.9875,0.9875,eastmoney_f10,2026-07-29T23:50:46
2013-06-07,0.9764,0.9764,eastmoney_f10,2026-07-29T23:50:46
2013-06-13,0.9496,0.9496,eastmoney_f10,2026-07-29T23:50:46
2013-06-14,0.9534,0.9534,eastmoney_f10,2026-07-29T23:50:46
2013-06-17,0.968,0.968,eastmoney_f10,2026-07-29T23:50:46
2013-06-18,0.9687,0.9687,eastmoney_f10,2026-07-29T23:50:46
2013-06-19,0.9584,0.9584,eastmoney_f10,2026-07-29T23:50:46
2013-06-20,0.9318,0.9318,eastmoney_f10,2026-07-29T23:50:46
2013-06-21,0.9282,0.9282,eastmoney_f10,2026-07-29T23:50:46
2013-06-24,0.9086,0.9086,eastmoney_f10,2026-07-29T23:50:46
2013-06-25,0.9095,0.9095,eastmoney_f10,2026-07-29T23:50:46
2013-06-26,0.9313,0.9313,eastmoney_f10,2026-07-29T23:50:46
2013-06-27,0.9366,0.9366,eastmoney_f10,2026-07-29T23:50:46
2013-06-28,0.9534,0.9534,eastmoney_f10,2026-07-29T23:50:46
2013-06-30,0.9533,0.9533,eastmoney_f10,2026-07-29T23:50:46
2013-07-01,0.9536,0.9536,eastmoney_f10,2026-07-29T23:50:46
2013-07-02,0.9467,0.9467,eastmoney_f10,2026-07-29T23:50:46
2013-07-03,0.9245,0.9245,eastmoney_f10,2026-07-29T23:50:46
2013-07-04,0.9383,0.9383,eastmoney_f10,2026-07-29T23:50:46
2013-07-05,0.9563,0.9563,eastmoney_f10,2026-07-29T23:50:46
2013-07-08,0.9443,0.9443,eastmoney_f10,2026-07-29T23:50:46
2013-07-09,0.9477,0.9477,eastmoney_f10,2026-07-29T23:50:46
2013-07-10,0.956,0.956,eastmoney_f10,2026-07-29T23:50:46
2013-07-11,0.9786,0.9786,eastmoney_f10,2026-07-29T23:50:46
2013-07-12,0.972,0.972,eastmoney_f10,2026-07-29T23:50:46
2013-07-15,0.9735,0.9735,eastmoney_f10,2026-07-29T23:50:46
2013-07-16,0.9741,0.9741,eastmoney_f10,2026-07-29T23:50:46
2013-07-17,0.9762,0.9762,eastmoney_f10,2026-07-29T23:50:46
2013-07-18,0.9762,0.9762,eastmoney_f10,2026-07-29T23:50:46
2013-07-19,0.9774,0.9774,eastmoney_f10,2026-07-29T23:50:46
2013-07-22,0.9792,0.9792,eastmoney_f10,2026-07-29T23:50:46
2013-07-23,1.0011,1.0011,eastmoney_f10,2026-07-29T23:50:46
2013-07-24,1.0032,1.0032,eastmoney_f10,2026-07-29T23:50:46
2013-07-25,1.0013,1.0013,eastmoney_f10,2026-07-29T23:50:46
2013-07-26,1.0037,1.0037,eastmoney_f10,2026-07-29T23:50:46
2013-07-29,0.9982,0.9982,eastmoney_f10,2026-07-29T23:50:46
2013-07-30,1.0036,1.0036,eastmoney_f10,2026-07-29T23:50:46
2013-07-31,1.0008,1.0008,eastmoney_f10,2026-07-29T23:50:46
2013-08-01,1.0099,1.0099,eastmoney_f10,2026-07-29T23:50:46
2013-08-02,1.0153,1.0153,eastmoney_f10,2026-07-29T23:50:46
2013-08-05,1.0159,1.0159,eastmoney_f10,2026-07-29T23:50:46
2013-08-06,1.0015,1.0015,eastmoney_f10,2026-07-29T23:50:46
2013-08-07,0.9863,0.9863,eastmoney_f10,2026-07-29T23:50:46
2013-08-08,0.9889,0.9889,eastmoney_f10,2026-07-29T23:50:46
2013-08-09,0.9952,0.9952,eastmoney_f10,2026-07-29T23:50:46
2013-08-12,1.0154,1.0154,eastmoney_f10,2026-07-29T23:50:46
2013-08-13,1.0284,1.0284,eastmoney_f10,2026-07-29T23:50:46
2013-08-14,1.0286,1.0286,eastmoney_f10,2026-07-29T23:50:46
2013-08-15,1.0281,1.0281,eastmoney_f10,2026-07-29T23:50:46
2013-08-16,1.0268,1.0268,eastmoney_f10,2026-07-29T23:50:46
2013-08-19,1.0251,1.0251,eastmoney_f10,2026-07-29T23:50:46
2013-08-20,1.0032,1.0032,eastmoney_f10,2026-07-29T23:50:46
2013-08-21,0.9971,0.9971,eastmoney_f10,2026-07-29T23:50:46
2013-08-22,1.0009,1.0009,eastmoney_f10,2026-07-29T23:50:46
2013-08-23,0.9996,0.9996,eastmoney_f10,2026-07-29T23:50:46
2013-08-26,1.0053,1.0053,eastmoney_f10,2026-07-29T23:50:46
2013-08-27,0.9996,0.9996,eastmoney_f10,2026-07-29T23:50:46
2013-08-28,0.9834,0.9834,eastmoney_f10,2026-07-29T23:50:46
2013-08-29,0.992,0.992,eastmoney_f10,2026-07-29T23:50:46
2013-08-30,0.9934,0.9934,eastmoney_f10,2026-07-29T23:50:46
2013-09-02,1.0131,1.0131,eastmoney_f10,2026-07-29T23:50:46
2013-09-03,1.0232,1.0232,eastmoney_f10,2026-07-29T23:50:46
2013-09-04,1.0206,1.0206,eastmoney_f10,2026-07-29T23:50:46
2013-09-05,1.0347,1.0347,eastmoney_f10,2026-07-29T23:50:46
2013-09-06,1.0364,1.0364,eastmoney_f10,2026-07-29T23:50:46
2013-09-09,1.0404,1.0404,eastmoney_f10,2026-07-29T23:50:46
2013-09-10,1.05,1.05,eastmoney_f10,2026-07-29T23:50:46
2013-09-11,1.0481,1.0481,eastmoney_f10,2026-07-29T23:50:46
2013-09-12,1.0486,1.0486,eastmoney_f10,2026-07-29T23:50:46
2013-09-13,1.0473,1.0473,eastmoney_f10,2026-07-29T23:50:46
2013-09-16,1.061,1.061,eastmoney_f10,2026-07-29T23:50:46
2013-09-17,1.0586,1.0586,eastmoney_f10,2026-07-29T23:50:46
2013-09-18,1.0554,1.0554,eastmoney_f10,2026-07-29T23:50:46
2013-09-23,1.0648,1.0648,eastmoney_f10,2026-07-29T23:50:46
2013-09-24,1.0567,1.0567,eastmoney_f10,2026-07-29T23:50:46
2013-09-25,1.0583,1.0583,eastmoney_f10,2026-07-29T23:50:46
2013-09-26,1.0541,1.0541,eastmoney_f10,2026-07-29T23:50:46
2013-09-27,1.0579,1.0579,eastmoney_f10,2026-07-29T23:50:46
2013-09-30,1.0419,1.0419,eastmoney_f10,2026-07-29T23:50:46
2013-10-08,1.0537,1.0537,eastmoney_f10,2026-07-29T23:50:46
2013-10-09,1.0475,1.0475,eastmoney_f10,2026-07-29T23:50:46
2013-10-10,1.0444,1.0444,eastmoney_f10,2026-07-29T23:50:46
2013-10-11,1.0565,1.0565,eastmoney_f10,2026-07-29T23:50:46
2013-10-14,1.0553,1.0553,eastmoney_f10,2026-07-29T23:50:46
2013-10-15,1.0603,1.0603,eastmoney_f10,2026-07-29T23:50:46
2013-10-16,1.0558,1.0558,eastmoney_f10,2026-07-29T23:50:46
2013-10-17,1.05,1.05,eastmoney_f10,2026-07-29T23:50:46
2013-10-18,1.059,1.059,eastmoney_f10,2026-07-29T23:50:46
2013-10-21,1.0626,1.0626,eastmoney_f10,2026-07-29T23:50:46
2013-10-22,1.0586,1.0586,eastmoney_f10,2026-07-29T23:50:46
2013-10-23,1.045,1.045,eastmoney_f10,2026-07-29T23:50:46
2013-10-24,1.0375,1.0375,eastmoney_f10,2026-07-29T23:50:46
2013-10-25,1.0316,1.0316,eastmoney_f10,2026-07-29T23:50:46
2013-10-28,1.0369,1.0369,eastmoney_f10,2026-07-29T23:50:46
2013-10-29,1.0401,1.0401,eastmoney_f10,2026-07-29T23:50:46
2013-10-30,1.0604,1.0604,eastmoney_f10,2026-07-29T23:50:46
2013-10-31,1.056,1.056,eastmoney_f10,2026-07-29T23:50:46
2013-11-01,1.0582,1.0582,eastmoney_f10,2026-07-29T23:50:46
2013-11-04,1.0563,1.0563,eastmoney_f10,2026-07-29T23:50:46
2013-11-05,1.0492,1.0492,eastmoney_f10,2026-07-29T23:50:46
2013-11-06,1.0498,1.0498,eastmoney_f10,2026-07-29T23:50:46
2013-11-07,1.0421,1.0421,eastmoney_f10,2026-07-29T23:50:46
2013-11-08,1.0343,1.0343,eastmoney_f10,2026-07-29T23:50:46
2013-11-11,1.0494,1.0494,eastmoney_f10,2026-07-29T23:50:46
2013-11-12,1.0412,1.0412,eastmoney_f10,2026-07-29T23:50:46
2013-11-13,1.0214,1.0214,eastmoney_f10,2026-07-29T23:50:46
2013-11-14,1.029,1.029,eastmoney_f10,2026-07-29T23:50:46
2013-11-15,1.0466,1.0466,eastmoney_f10,2026-07-29T23:50:46
2013-11-18,1.0746,1.0746,eastmoney_f10,2026-07-29T23:50:46
2013-11-19,1.0745,1.0745,eastmoney_f10,2026-07-29T23:50:46
2013-11-20,1.0763,1.0763,eastmoney_f10,2026-07-29T23:50:46
2013-11-21,1.0722,1.0722,eastmoney_f10,2026-07-29T23:50:46
2013-11-22,1.0774,1.0774,eastmoney_f10,2026-07-29T23:50:46
2013-11-25,1.076,1.076,eastmoney_f10,2026-07-29T23:50:46
2013-11-26,1.0761,1.0761,eastmoney_f10,2026-07-29T23:50:46
2013-11-27,1.0811,1.0811,eastmoney_f10,2026-07-29T23:50:46
2013-11-28,1.0805,1.0805,eastmoney_f10,2026-07-29T23:50:46
2013-11-29,1.0842,1.0842,eastmoney_f10,2026-07-29T23:50:46
2013-12-02,1.0911,1.0911,eastmoney_f10,2026-07-29T23:50:46
2013-12-03,1.0858,1.0858,eastmoney_f10,2026-07-29T23:50:46
2013-12-04,1.0766,1.0766,eastmoney_f10,2026-07-29T23:50:46
2013-12-05,1.0756,1.0756,eastmoney_f10,2026-07-29T23:50:46
2013-12-06,1.075,1.075,eastmoney_f10,2026-07-29T23:50:46
2013-12-09,1.076,1.076,eastmoney_f10,2026-07-29T23:50:46
2013-12-10,1.0729,1.0729,eastmoney_f10,2026-07-29T23:50:46
2013-12-11,1.0545,1.0545,eastmoney_f10,2026-07-29T23:50:46
2013-12-12,1.0484,1.0484,eastmoney_f10,2026-07-29T23:50:46
2013-12-13,1.0496,1.0496,eastmoney_f10,2026-07-29T23:50:46
2013-12-16,1.0426,1.0426,eastmoney_f10,2026-07-29T23:50:46
2013-12-17,1.0403,1.0403,eastmoney_f10,2026-07-29T23:50:46
2013-12-18,1.0437,1.0437,eastmoney_f10,2026-07-29T23:50:46
2013-12-19,1.0339,1.0339,eastmoney_f10,2026-07-29T23:50:46
2013-12-20,1.0311,1.0311,eastmoney_f10,2026-07-29T23:50:46
2013-12-23,1.0348,1.0348,eastmoney_f10,2026-07-29T23:50:46
2013-12-24,1.0461,1.0461,eastmoney_f10,2026-07-29T23:50:46
2013-12-25,1.0462,1.0462,eastmoney_f10,2026-07-29T23:50:46
2013-12-26,1.0462,1.0462,eastmoney_f10,2026-07-29T23:50:46
2013-12-27,1.0474,1.0474,eastmoney_f10,2026-07-29T23:50:46
2013-12-30,1.0467,1.0467,eastmoney_f10,2026-07-29T23:50:46
2013-12-31,1.0482,1.0482,eastmoney_f10,2026-07-29T23:50:46
2014-01-02,1.0497,1.0497,eastmoney_f10,2026-07-29T23:50:46
2014-01-03,1.0271,1.0271,eastmoney_f10,2026-07-29T23:50:46
2014-01-06,1.021,1.021,eastmoney_f10,2026-07-29T23:50:46
2014-01-07,1.0211,1.0211,eastmoney_f10,2026-07-29T23:50:46
2014-01-08,1.034,1.034,eastmoney_f10,2026-07-29T23:50:46
2014-01-09,1.0258,1.0258,eastmoney_f10,2026-07-29T23:50:46
2014-01-10,1.0272,1.0272,eastmoney_f10,2026-07-29T23:50:46
2014-01-13,1.0272,1.0272,eastmoney_f10,2026-07-29T23:50:46
2014-01-14,1.022,1.022,eastmoney_f10,2026-07-29T23:50:46
2014-01-15,1.0281,1.0281,eastmoney_f10,2026-07-29T23:50:46
2014-01-16,1.0323,1.0323,eastmoney_f10,2026-07-29T23:50:46
2014-01-17,1.038,1.038,eastmoney_f10,2026-07-29T23:50:46
2014-01-20,1.03,1.03,eastmoney_f10,2026-07-29T23:50:46
2014-01-21,1.0336,1.0336,eastmoney_f10,2026-07-29T23:50:46
2014-01-22,1.036,1.036,eastmoney_f10,2026-07-29T23:50:46
2014-01-23,1.0217,1.0217,eastmoney_f10,2026-07-29T23:50:46
2014-01-24,1.0082,1.0082,eastmoney_f10,2026-07-29T23:50:46
2014-01-27,0.9863,0.9863,eastmoney_f10,2026-07-29T23:50:46
2014-01-28,0.9859,0.9859,eastmoney_f10,2026-07-29T23:50:46
2014-01-29,0.9942,0.9942,eastmoney_f10,2026-07-29T23:50:46
2014-01-30,0.9894,0.9894,eastmoney_f10,2026-07-29T23:50:46
2014-02-07,0.9718,0.9718,eastmoney_f10,2026-07-29T23:50:46
2014-02-10,0.9694,0.9694,eastmoney_f10,2026-07-29T23:50:46
2014-02-11,0.9861,0.9861,eastmoney_f10,2026-07-29T23:50:46
2014-02-12,1.0006,1.0006,eastmoney_f10,2026-07-29T23:50:46
2014-02-13,0.9958,0.9958,eastmoney_f10,2026-07-29T23:50:46
2014-02-14,1.0018,1.0018,eastmoney_f10,2026-07-29T23:50:46
2014-02-17,1.0124,1.0124,eastmoney_f10,2026-07-29T23:50:46
2014-02-18,1.0151,1.0151,eastmoney_f10,2026-07-29T23:50:46
2014-02-19,1.0185,1.0185,eastmoney_f10,2026-07-29T23:50:46
2014-02-20,1.0065,1.0065,eastmoney_f10,2026-07-29T23:50:46
2014-02-21,1.0152,1.0152,eastmoney_f10,2026-07-29T23:50:46
2014-02-24,1.0075,1.0075,eastmoney_f10,2026-07-29T23:50:46
2014-02-25,1.0038,1.0038,eastmoney_f10,2026-07-29T23:50:46
2014-02-26,1.0088,1.0088,eastmoney_f10,2026-07-29T23:50:46
2014-02-27,1.0273,1.0273,eastmoney_f10,2026-07-29T23:50:46
2014-02-28,1.0276,1.0276,eastmoney_f10,2026-07-29T23:50:46
2014-03-03,1.0118,1.0118,eastmoney_f10,2026-07-29T23:50:46
2014-03-04,1.0198,1.0198,eastmoney_f10,2026-07-29T23:50:46
2014-03-05,1.0169,1.0169,eastmoney_f10,2026-07-29T23:50:46
2014-03-06,1.0227,1.0227,eastmoney_f10,2026-07-29T23:50:46
2014-03-07,1.0196,1.0196,eastmoney_f10,2026-07-29T23:50:46
2014-03-10,1.0037,1.0037,eastmoney_f10,2026-07-29T23:50:46
2014-03-11,1.0045,1.0045,eastmoney_f10,2026-07-29T23:50:46
2014-03-12,0.9915,0.9915,eastmoney_f10,2026-07-29T23:50:46
2014-03-13,0.9842,0.9842,eastmoney_f10,2026-07-29T23:50:46
2014-03-14,0.9738,0.9738,eastmoney_f10,2026-07-29T23:50:46
2014-03-17,0.97,0.97,eastmoney_f10,2026-07-29T23:50:46
2014-03-18,0.9761,0.9761,eastmoney_f10,2026-07-29T23:50:46
2014-03-19,0.9752,0.9752,eastmoney_f10,2026-07-29T23:50:46
2014-03-20,0.9599,0.9599,eastmoney_f10,2026-07-29T23:50:46
2014-03-21,0.9718,0.9718,eastmoney_f10,2026-07-29T23:50:46
2014-03-24,0.9903,0.9903,eastmoney_f10,2026-07-29T23:50:46
2014-03-25,0.9841,0.9841,eastmoney_f10,2026-07-29T23:50:46
2014-03-26,0.991,0.991,eastmoney_f10,2026-07-29T23:50:46
2014-03-27,0.9869,0.9869,eastmoney_f10,2026-07-29T23:50:46
2014-03-28,0.9982,0.9982,eastmoney_f10,2026-07-29T23:50:46
2014-03-31,1.003,1.003,eastmoney_f10,2026-07-29T23:50:46
2014-04-01,1.0167,1.0167,eastmoney_f10,2026-07-29T23:50:46
2014-04-02,1.0195,1.0195,eastmoney_f10,2026-07-29T23:50:46
2014-04-03,1.0213,1.0213,eastmoney_f10,2026-07-29T23:50:46
2014-04-04,1.0185,1.0185,eastmoney_f10,2026-07-29T23:50:46
2014-04-08,1.0212,1.0212,eastmoney_f10,2026-07-29T23:50:46
2014-04-09,1.0325,1.0325,eastmoney_f10,2026-07-29T23:50:46
2014-04-10,1.0494,1.0494,eastmoney_f10,2026-07-29T23:50:46
2014-04-11,1.0389,1.0389,eastmoney_f10,2026-07-29T23:50:46
2014-04-14,1.0411,1.0411,eastmoney_f10,2026-07-29T23:50:46
2014-04-15,1.0253,1.0253,eastmoney_f10,2026-07-29T23:50:46
2014-04-16,1.0265,1.0265,eastmoney_f10,2026-07-29T23:50:46
2014-04-17,1.029,1.029,eastmoney_f10,2026-07-29T23:50:46
2014-04-18,1.0293,1.0293,eastmoney_f10,2026-07-29T23:50:46
2014-04-21,1.0293,1.0293,eastmoney_f10,2026-07-29T23:50:46
2014-04-22,1.0277,1.0277,eastmoney_f10,2026-07-29T23:50:46
2014-04-23,1.0185,1.0185,eastmoney_f10,2026-07-29T23:50:46
2014-04-24,1.0206,1.0206,eastmoney_f10,2026-07-29T23:50:46
2014-04-25,1.0051,1.0051,eastmoney_f10,2026-07-29T23:50:46
2014-04-28,1.0009,1.0009,eastmoney_f10,2026-07-29T23:50:46
2014-04-29,1.0144,1.0144,eastmoney_f10,2026-07-29T23:50:46
2014-04-30,0.9998,0.9998,eastmoney_f10,2026-07-29T23:50:46
2014-05-05,0.9964,0.9964,eastmoney_f10,2026-07-29T23:50:46
2014-05-06,0.9965,0.9965,eastmoney_f10,2026-07-29T23:50:46
2014-05-07,0.9855,0.9855,eastmoney_f10,2026-07-29T23:50:46
2014-05-08,0.9891,0.9891,eastmoney_f10,2026-07-29T23:50:46
2014-05-09,0.9908,0.9908,eastmoney_f10,2026-07-29T23:50:46
2014-05-12,1.0098,1.0098,eastmoney_f10,2026-07-29T23:50:46
2014-05-13,1.0144,1.0144,eastmoney_f10,2026-07-29T23:50:46
2014-05-14,1.0252,1.0252,eastmoney_f10,2026-07-29T23:50:46
2014-05-15,1.0325,1.0325,eastmoney_f10,2026-07-29T23:50:46
2014-05-16,1.0313,1.0313,eastmoney_f10,2026-07-29T23:50:46
2014-05-19,1.0317,1.0317,eastmoney_f10,2026-07-29T23:50:46
2014-05-20,1.0384,1.0384,eastmoney_f10,2026-07-29T23:50:46
2014-05-21,1.0415,1.0415,eastmoney_f10,2026-07-29T23:50:46
2014-05-22,1.0474,1.0474,eastmoney_f10,2026-07-29T23:50:46
2014-05-23,1.0477,1.0477,eastmoney_f10,2026-07-29T23:50:46
2014-05-26,1.0484,1.0484,eastmoney_f10,2026-07-29T23:50:46
2014-05-27,1.0492,1.0492,eastmoney_f10,2026-07-29T23:50:46
2014-05-28,1.056,1.056,eastmoney_f10,2026-07-29T23:50:46
2014-05-29,1.0522,1.0522,eastmoney_f10,2026-07-29T23:50:46
2014-05-30,1.0551,1.0551,eastmoney_f10,2026-07-29T23:50:46
2014-06-03,1.0653,1.0653,eastmoney_f10,2026-07-29T23:50:46
2014-06-04,1.0586,1.0586,eastmoney_f10,2026-07-29T23:50:46
2014-06-05,1.0576,1.0576,eastmoney_f10,2026-07-29T23:50:46
2014-06-06,1.0492,1.0492,eastmoney_f10,2026-07-29T23:50:46
2014-06-09,1.0546,1.0546,eastmoney_f10,2026-07-29T23:50:46
2014-06-10,1.0634,1.0634,eastmoney_f10,2026-07-29T23:50:46
2014-06-11,1.0622,1.0622,eastmoney_f10,2026-07-29T23:50:46
2014-06-12,1.0618,1.0618,eastmoney_f10,2026-07-29T23:50:46
2014-06-13,1.0681,1.0681,eastmoney_f10,2026-07-29T23:50:46
2014-06-16,1.0679,1.0679,eastmoney_f10,2026-07-29T23:50:46
2014-06-17,1.0636,1.0636,eastmoney_f10,2026-07-29T23:50:46
2014-06-18,1.0633,1.0633,eastmoney_f10,2026-07-29T23:50:46
2014-06-19,1.0646,1.0646,eastmoney_f10,2026-07-29T23:50:46
2014-06-20,1.0657,1.0657,eastmoney_f10,2026-07-29T23:50:46
2014-06-23,1.0484,1.0484,eastmoney_f10,2026-07-29T23:50:46
2014-06-24,1.0518,1.0518,eastmoney_f10,2026-07-29T23:50:46
2014-06-25,1.0515,1.0515,eastmoney_f10,2026-07-29T23:50:46
2014-06-26,1.0662,1.0662,eastmoney_f10,2026-07-29T23:50:46
2014-06-27,1.0675,1.0675,eastmoney_f10,2026-07-29T23:50:46
2014-06-30,1.066,1.066,eastmoney_f10,2026-07-29T23:50:46
2014-07-01,1.0661,1.0661,eastmoney_f10,2026-07-29T23:50:46
2014-07-02,1.0869,1.0869,eastmoney_f10,2026-07-29T23:50:46
2014-07-03,1.0875,1.0875,eastmoney_f10,2026-07-29T23:50:46
2014-07-04,1.0896,1.0896,eastmoney_f10,2026-07-29T23:50:46
2014-07-07,1.0894,1.0894,eastmoney_f10,2026-07-29T23:50:46
2014-07-08,1.0891,1.0891,eastmoney_f10,2026-07-29T23:50:46
2014-07-09,1.0723,1.0723,eastmoney_f10,2026-07-29T23:50:46
2014-07-10,1.0731,1.0731,eastmoney_f10,2026-07-29T23:50:46
2014-07-11,1.0733,1.0733,eastmoney_f10,2026-07-29T23:50:46
2014-07-14,1.0787,1.0787,eastmoney_f10,2026-07-29T23:50:46
2014-07-15,1.0841,1.0841,eastmoney_f10,2026-07-29T23:50:46
2014-07-16,1.0876,1.0876,eastmoney_f10,2026-07-29T23:50:46
2014-07-17,1.0876,1.0876,eastmoney_f10,2026-07-29T23:50:46
2014-07-18,1.0847,1.0847,eastmoney_f10,2026-07-29T23:50:46
2014-07-21,1.0807,1.0807,eastmoney_f10,2026-07-29T23:50:46
2014-07-22,1.0982,1.0982,eastmoney_f10,2026-07-29T23:50:46
2014-07-23,1.107,1.107,eastmoney_f10,2026-07-29T23:50:46
2014-07-24,1.1151,1.1151,eastmoney_f10,2026-07-29T23:50:46
2014-07-25,1.1189,1.1189,eastmoney_f10,2026-07-29T23:50:46
2014-07-28,1.1291,1.1291,eastmoney_f10,2026-07-29T23:50:46
2014-07-29,1.1389,1.1389,eastmoney_f10,2026-07-29T23:50:46
2014-07-30,1.1436,1.1436,eastmoney_f10,2026-07-29T23:50:46
2014-07-31,1.1455,1.1455,eastmoney_f10,2026-07-29T23:50:46
2014-08-01,1.1352,1.1352,eastmoney_f10,2026-07-29T23:50:46
2014-08-04,1.1377,1.1377,eastmoney_f10,2026-07-29T23:50:46
2014-08-05,1.1407,1.1407,eastmoney_f10,2026-07-29T23:50:46
2014-08-06,1.1383,1.1383,eastmoney_f10,2026-07-29T23:50:46
2014-08-07,1.129,1.129,eastmoney_f10,2026-07-29T23:50:46
2014-08-08,1.1246,1.1246,eastmoney_f10,2026-07-29T23:50:46
2014-08-11,1.1383,1.1383,eastmoney_f10,2026-07-29T23:50:46
2014-08-12,1.1408,1.1408,eastmoney_f10,2026-07-29T23:50:46
2014-08-13,1.1503,1.1503,eastmoney_f10,2026-07-29T23:50:46
2014-08-14,1.1459,1.1459,eastmoney_f10,2026-07-29T23:50:46
2014-08-15,1.153,1.153,eastmoney_f10,2026-07-29T23:50:46
2014-08-18,1.1529,1.1529,eastmoney_f10,2026-07-29T23:50:46
2014-08-19,1.1617,1.1617,eastmoney_f10,2026-07-29T23:50:46
2014-08-20,1.1652,1.1652,eastmoney_f10,2026-07-29T23:50:46
2014-08-21,1.1585,1.1585,eastmoney_f10,2026-07-29T23:50:46
2014-08-22,1.1632,1.1632,eastmoney_f10,2026-07-29T23:50:46
2014-08-25,1.1661,1.1661,eastmoney_f10,2026-07-29T23:50:46
2014-08-26,1.1622,1.1622,eastmoney_f10,2026-07-29T23:50:46
2014-08-27,1.1554,1.1554,eastmoney_f10,2026-07-29T23:50:46
2014-08-28,1.1468,1.1468,eastmoney_f10,2026-07-29T23:50:46
2014-08-29,1.1481,1.1481,eastmoney_f10,2026-07-29T23:50:46
2014-09-01,1.1481,1.1481,eastmoney_f10,2026-07-29T23:50:46
2014-09-02,1.1477,1.1477,eastmoney_f10,2026-07-29T23:50:46
2014-09-03,1.1745,1.1745,eastmoney_f10,2026-07-29T23:50:46
2014-09-04,1.1738,1.1738,eastmoney_f10,2026-07-29T23:50:46
2014-09-05,1.1721,1.1721,eastmoney_f10,2026-07-29T23:50:46
2014-09-09,1.1663,1.1663,eastmoney_f10,2026-07-29T23:50:46
2014-09-10,1.1424,1.1424,eastmoney_f10,2026-07-29T23:50:46
2014-09-11,1.1424,1.1424,eastmoney_f10,2026-07-29T23:50:46
2014-09-12,1.1402,1.1402,eastmoney_f10,2026-07-29T23:50:46
2014-09-15,1.1301,1.1301,eastmoney_f10,2026-07-29T23:50:46
2014-09-16,1.1201,1.1201,eastmoney_f10,2026-07-29T23:50:46
2014-09-17,1.1312,1.1312,eastmoney_f10,2026-07-29T23:50:46
2014-09-18,1.1226,1.1226,eastmoney_f10,2026-07-29T23:50:46
2014-09-19,1.1286,1.1286,eastmoney_f10,2026-07-29T23:50:46
2014-09-22,1.113,1.113,eastmoney_f10,2026-07-29T23:50:46
2014-09-23,1.1071,1.1071,eastmoney_f10,2026-07-29T23:50:46
2014-09-24,1.1105,1.1105,eastmoney_f10,2026-07-29T23:50:46
2014-09-25,1.1045,1.1045,eastmoney_f10,2026-07-29T23:50:46
2014-09-26,1.1001,1.1001,eastmoney_f10,2026-07-29T23:50:46
2014-09-29,1.0792,1.0792,eastmoney_f10,2026-07-29T23:50:46
2014-09-30,1.065,1.065,eastmoney_f10,2026-07-29T23:50:46
2014-10-08,1.0807,1.0807,eastmoney_f10,2026-07-29T23:50:46
2014-10-09,1.092,1.092,eastmoney_f10,2026-07-29T23:50:46
2014-10-10,1.0714,1.0714,eastmoney_f10,2026-07-29T23:50:46
2014-10-13,1.0731,1.0731,eastmoney_f10,2026-07-29T23:50:46
2014-10-14,1.0679,1.0679,eastmoney_f10,2026-07-29T23:50:46
2014-10-15,1.0732,1.0732,eastmoney_f10,2026-07-29T23:50:46
2014-10-16,1.0609,1.0609,eastmoney_f10,2026-07-29T23:50:46
2014-10-17,1.0664,1.0664,eastmoney_f10,2026-07-29T23:50:46
2014-10-20,1.0691,1.0691,eastmoney_f10,2026-07-29T23:50:46
2014-10-21,1.0697,1.0697,eastmoney_f10,2026-07-29T23:50:46
2014-10-22,1.0851,1.0851,eastmoney_f10,2026-07-29T23:50:46
2014-10-23,1.0838,1.0838,eastmoney_f10,2026-07-29T23:50:46
2014-10-24,1.0825,1.0825,eastmoney_f10,2026-07-29T23:50:46
2014-10-27,1.0748,1.0748,eastmoney_f10,2026-07-29T23:50:46
2014-10-28,1.0916,1.0916,eastmoney_f10,2026-07-29T23:50:46
2014-10-29,1.105,1.105,eastmoney_f10,2026-07-29T23:50:46
2014-10-30,1.1009,1.1009,eastmoney_f10,2026-07-29T23:50:46
2014-10-31,1.1142,1.1142,eastmoney_f10,2026-07-29T23:50:46
2014-11-03,1.1116,1.1116,eastmoney_f10,2026-07-29T23:50:46
2014-11-04,1.109,1.109,eastmoney_f10,2026-07-29T23:50:46
2014-11-05,1.102,1.102,eastmoney_f10,2026-07-29T23:50:46
2014-11-06,1.1006,1.1006,eastmoney_f10,2026-07-29T23:50:46
2014-11-07,1.0963,1.0963,eastmoney_f10,2026-07-29T23:50:46
2014-11-10,1.1016,1.1016,eastmoney_f10,2026-07-29T23:50:46
2014-11-11,1.1053,1.1053,eastmoney_f10,2026-07-29T23:50:46
2014-11-12,1.1114,1.1114,eastmoney_f10,2026-07-29T23:50:46
2014-11-13,1.1147,1.1147,eastmoney_f10,2026-07-29T23:50:46
2014-11-14,1.1177,1.1177,eastmoney_f10,2026-07-29T23:50:46
2014-11-17,1.1044,1.1044,eastmoney_f10,2026-07-29T23:50:46
2014-11-18,1.0926,1.0926,eastmoney_f10,2026-07-29T23:50:46
2014-11-19,1.0849,1.0849,eastmoney_f10,2026-07-29T23:50:46
2014-11-20,1.0844,1.0844,eastmoney_f10,2026-07-29T23:50:46
2014-11-21,1.0879,1.0879,eastmoney_f10,2026-07-29T23:50:46
2014-11-24,1.1088,1.1088,eastmoney_f10,2026-07-29T23:50:46
2014-11-25,1.1061,1.1061,eastmoney_f10,2026-07-29T23:50:46
2014-11-26,1.118,1.118,eastmoney_f10,2026-07-29T23:50:46
2014-11-27,1.1124,1.1124,eastmoney_f10,2026-07-29T23:50:46
2014-11-28,1.1118,1.1118,eastmoney_f10,2026-07-29T23:50:46
2014-12-01,1.0837,1.0837,eastmoney_f10,2026-07-29T23:50:46
2014-12-02,1.0959,1.0959,eastmoney_f10,2026-07-29T23:50:46
2014-12-03,1.0866,1.0866,eastmoney_f10,2026-07-29T23:50:46
2014-12-04,1.105,1.105,eastmoney_f10,2026-07-29T23:50:46
2014-12-05,1.1124,1.1124,eastmoney_f10,2026-07-29T23:50:46
2014-12-08,1.1134,1.1134,eastmoney_f10,2026-07-29T23:50:46
2014-12-09,1.0872,1.0872,eastmoney_f10,2026-07-29T23:50:46
2014-12-10,1.088,1.088,eastmoney_f10,2026-07-29T23:50:46
2014-12-11,1.0778,1.0778,eastmoney_f10,2026-07-29T23:50:46
2014-12-12,1.0753,1.0753,eastmoney_f10,2026-07-29T23:50:46
2014-12-15,1.0644,1.0644,eastmoney_f10,2026-07-29T23:50:46
2014-12-16,1.048,1.048,eastmoney_f10,2026-07-29T23:50:46
2014-12-17,1.0426,1.0426,eastmoney_f10,2026-07-29T23:50:46
2014-12-18,1.0557,1.0557,eastmoney_f10,2026-07-29T23:50:46
2014-12-19,1.0692,1.0692,eastmoney_f10,2026-07-29T23:50:46
2014-12-22,1.0823,1.0823,eastmoney_f10,2026-07-29T23:50:46
2014-12-23,1.0787,1.0787,eastmoney_f10,2026-07-29T23:50:46
2014-12-24,1.0795,1.0795,eastmoney_f10,2026-07-29T23:50:46
2014-12-25,1.0784,1.0784,eastmoney_f10,2026-07-29T23:50:46
2014-12-26,1.0781,1.0781,eastmoney_f10,2026-07-29T23:50:46
2014-12-29,1.0973,1.0973,eastmoney_f10,2026-07-29T23:50:46
2014-12-30,1.0858,1.0858,eastmoney_f10,2026-07-29T23:50:46
2014-12-31,1.09,1.09,eastmoney_f10,2026-07-29T23:50:46
2015-01-05,1.0955,1.0955,eastmoney_f10,2026-07-29T23:50:46
2015-01-06,1.086,1.086,eastmoney_f10,2026-07-29T23:50:46
2015-01-07,1.0964,1.0964,eastmoney_f10,2026-07-29T23:50:46
2015-01-08,1.1042,1.1042,eastmoney_f10,2026-07-29T23:50:46
2015-01-09,1.1075,1.1075,eastmoney_f10,2026-07-29T23:50:46
2015-01-12,1.111,1.111,eastmoney_f10,2026-07-29T23:50:46
2015-01-13,1.1186,1.1186,eastmoney_f10,2026-07-29T23:50:46
2015-01-14,1.1142,1.1142,eastmoney_f10,2026-07-29T23:50:46
2015-01-15,1.124,1.124,eastmoney_f10,2026-07-29T23:50:46
2015-01-16,1.1127,1.1127,eastmoney_f10,2026-07-29T23:50:46
2015-01-19,1.098,1.098,eastmoney_f10,2026-07-29T23:50:46
2015-01-20,1.1069,1.1069,eastmoney_f10,2026-07-29T23:50:46
2015-01-21,1.1254,1.1254,eastmoney_f10,2026-07-29T23:50:46
2015-01-22,1.1333,1.1333,eastmoney_f10,2026-07-29T23:50:46
2015-01-23,1.15,1.15,eastmoney_f10,2026-07-29T23:50:46
2015-01-26,1.1537,1.1537,eastmoney_f10,2026-07-29T23:50:46
2015-01-27,1.1487,1.1487,eastmoney_f10,2026-07-29T23:50:46
2015-01-28,1.1496,1.1496,eastmoney_f10,2026-07-29T23:50:46
2015-01-29,1.1384,1.1384,eastmoney_f10,2026-07-29T23:50:46
2015-01-30,1.1346,1.1346,eastmoney_f10,2026-07-29T23:50:46
2015-02-02,1.1343,1.1343,eastmoney_f10,2026-07-29T23:50:46
2015-02-03,1.1371,1.1371,eastmoney_f10,2026-07-29T23:50:46
2015-02-04,1.1419,1.1419,eastmoney_f10,2026-07-29T23:50:46
2015-02-05,1.1468,1.1468,eastmoney_f10,2026-07-29T23:50:46
2015-02-06,1.141,1.141,eastmoney_f10,2026-07-29T23:50:46
2015-02-09,1.1348,1.1348,eastmoney_f10,2026-07-29T23:50:46
2015-02-10,1.135,1.135,eastmoney_f10,2026-07-29T23:50:46
2015-02-11,1.1253,1.1253,eastmoney_f10,2026-07-29T23:50:46
2015-02-12,1.1304,1.1304,eastmoney_f10,2026-07-29T23:50:46
2015-02-13,1.141,1.141,eastmoney_f10,2026-07-29T23:50:46
2015-02-16,1.1424,1.1424,eastmoney_f10,2026-07-29T23:50:46
2015-02-17,1.1459,1.1459,eastmoney_f10,2026-07-29T23:50:46
2015-02-25,1.1466,1.1466,eastmoney_f10,2026-07-29T23:50:46
2015-02-26,1.1519,1.1519,eastmoney_f10,2026-07-29T23:50:46
2015-02-27,1.1503,1.1503,eastmoney_f10,2026-07-29T23:50:46
2015-03-02,1.1539,1.1539,eastmoney_f10,2026-07-29T23:50:46
2015-03-03,1.1458,1.1458,eastmoney_f10,2026-07-29T23:50:46
2015-03-04,1.1346,1.1346,eastmoney_f10,2026-07-29T23:50:46
2015-03-05,1.1253,1.1253,eastmoney_f10,2026-07-29T23:50:46
2015-03-06,1.1238,1.1238,eastmoney_f10,2026-07-29T23:50:46
2015-03-09,1.1225,1.1225,eastmoney_f10,2026-07-29T23:50:46
2015-03-10,1.1122,1.1122,eastmoney_f10,2026-07-29T23:50:46
2015-03-11,1.105,1.105,eastmoney_f10,2026-07-29T23:50:46
2015-03-12,1.1085,1.1085,eastmoney_f10,2026-07-29T23:50:46
2015-03-13,1.1093,1.1093,eastmoney_f10,2026-07-29T23:50:46
2015-03-16,1.1161,1.1161,eastmoney_f10,2026-07-29T23:50:46
2015-03-17,1.1132,1.1132,eastmoney_f10,2026-07-29T23:50:46
2015-03-18,1.1232,1.1232,eastmoney_f10,2026-07-29T23:50:46
2015-03-19,1.1386,1.1386,eastmoney_f10,2026-07-29T23:50:46
2015-03-20,1.1343,1.1343,eastmoney_f10,2026-07-29T23:50:46
2015-03-23,1.1397,1.1397,eastmoney_f10,2026-07-29T23:50:46
2015-03-24,1.1347,1.1347,eastmoney_f10,2026-07-29T23:50:46
2015-03-25,1.1407,1.1407,eastmoney_f10,2026-07-29T23:50:46
2015-03-26,1.1382,1.1382,eastmoney_f10,2026-07-29T23:50:46
2015-03-27,1.1384,1.1384,eastmoney_f10,2026-07-29T23:50:46
2015-03-30,1.1556,1.1556,eastmoney_f10,2026-07-29T23:50:46
2015-03-31,1.1551,1.1551,eastmoney_f10,2026-07-29T23:50:46
2015-04-01,1.164,1.164,eastmoney_f10,2026-07-29T23:50:46
2015-04-02,1.1724,1.1724,eastmoney_f10,2026-07-29T23:50:46
2015-04-03,1.1714,1.1714,eastmoney_f10,2026-07-29T23:50:46
2015-04-07,1.1705,1.1705,eastmoney_f10,2026-07-29T23:50:46
2015-04-08,1.222,1.222,eastmoney_f10,2026-07-29T23:50:46
2015-04-09,1.2457,1.2457,eastmoney_f10,2026-07-29T23:50:46
2015-04-10,1.261,1.261,eastmoney_f10,2026-07-29T23:50:46
2015-04-13,1.2993,1.2993,eastmoney_f10,2026-07-29T23:50:46
2015-04-14,1.2791,1.2791,eastmoney_f10,2026-07-29T23:50:46
2015-04-15,1.2802,1.2802,eastmoney_f10,2026-07-29T23:50:46
2015-04-16,1.2848,1.2848,eastmoney_f10,2026-07-29T23:50:46
2015-04-17,1.2799,1.2799,eastmoney_f10,2026-07-29T23:50:46
2015-04-20,1.2546,1.2546,eastmoney_f10,2026-07-29T23:50:46
2015-04-21,1.287,1.287,eastmoney_f10,2026-07-29T23:50:46
2015-04-22,1.2904,1.2904,eastmoney_f10,2026-07-29T23:50:46
2015-04-23,1.2855,1.2855,eastmoney_f10,2026-07-29T23:50:46
2015-04-24,1.2949,1.2949,eastmoney_f10,2026-07-29T23:50:46
2015-04-27,1.3116,1.3116,eastmoney_f10,2026-07-29T23:50:46
2015-04-28,1.3119,1.3119,eastmoney_f10,2026-07-29T23:50:46
2015-04-29,1.3096,1.3096,eastmoney_f10,2026-07-29T23:50:46
2015-04-30,1.297,1.297,eastmoney_f10,2026-07-29T23:50:46
2015-05-04,1.2961,1.2961,eastmoney_f10,2026-07-29T23:50:46
2015-05-05,1.2799,1.2799,eastmoney_f10,2026-07-29T23:50:46
2015-05-06,1.2744,1.2744,eastmoney_f10,2026-07-29T23:50:46
2015-05-07,1.2572,1.2572,eastmoney_f10,2026-07-29T23:50:46
2015-05-08,1.2706,1.2706,eastmoney_f10,2026-07-29T23:50:46
2015-05-11,1.2769,1.2769,eastmoney_f10,2026-07-29T23:50:46
2015-05-12,1.2638,1.2638,eastmoney_f10,2026-07-29T23:50:46
2015-05-13,1.2561,1.2561,eastmoney_f10,2026-07-29T23:50:46
2015-05-14,1.2575,1.2575,eastmoney_f10,2026-07-29T23:50:46
2015-05-15,1.2817,1.2817,eastmoney_f10,2026-07-29T23:50:46
2015-05-18,1.2709,1.2709,eastmoney_f10,2026-07-29T23:50:46
2015-05-19,1.2763,1.2763,eastmoney_f10,2026-07-29T23:50:46
2015-05-20,1.2715,1.2715,eastmoney_f10,2026-07-29T23:50:46
2015-05-21,1.271,1.271,eastmoney_f10,2026-07-29T23:50:46
2015-05-22,1.2929,1.2929,eastmoney_f10,2026-07-29T23:50:46
2015-05-25,1.2936,1.2936,eastmoney_f10,2026-07-29T23:50:46
2015-05-26,1.3067,1.3067,eastmoney_f10,2026-07-29T23:50:46
2015-05-27,1.2985,1.2985,eastmoney_f10,2026-07-29T23:50:46
2015-05-28,1.269,1.269,eastmoney_f10,2026-07-29T23:50:46
2015-05-29,1.2679,1.2679,eastmoney_f10,2026-07-29T23:50:46
2015-06-01,1.276,1.276,eastmoney_f10,2026-07-29T23:50:46
2015-06-02,1.2705,1.2705,eastmoney_f10,2026-07-29T23:50:46
2015-06-03,1.2807,1.2807,eastmoney_f10,2026-07-29T23:50:46
2015-06-04,1.2779,1.2779,eastmoney_f10,2026-07-29T23:50:46
2015-06-05,1.2646,1.2646,eastmoney_f10,2026-07-29T23:50:46
2015-06-08,1.2678,1.2678,eastmoney_f10,2026-07-29T23:50:46
2015-06-09,1.2525,1.2525,eastmoney_f10,2026-07-29T23:50:46
2015-06-10,1.2387,1.2387,eastmoney_f10,2026-07-29T23:50:46
2015-06-11,1.2488,1.2488,eastmoney_f10,2026-07-29T23:50:46
2015-06-12,1.266,1.266,eastmoney_f10,2026-07-29T23:50:46
2015-06-15,1.2466,1.2466,eastmoney_f10,2026-07-29T23:50:46
2015-06-16,1.2326,1.2326,eastmoney_f10,2026-07-29T23:50:46
2015-06-17,1.2417,1.2417,eastmoney_f10,2026-07-29T23:50:46
2015-06-18,1.239,1.239,eastmoney_f10,2026-07-29T23:50:46
2015-06-19,1.242,1.242,eastmoney_f10,2026-07-29T23:50:46
2015-06-23,1.2726,1.2726,eastmoney_f10,2026-07-29T23:50:46
2015-06-24,1.2757,1.2757,eastmoney_f10,2026-07-29T23:50:46
2015-06-25,1.2661,1.2661,eastmoney_f10,2026-07-29T23:50:46
2015-06-26,1.2445,1.2445,eastmoney_f10,2026-07-29T23:50:46
2015-06-29,1.2146,1.2146,eastmoney_f10,2026-07-29T23:50:46
2015-06-30,1.2272,1.2272,eastmoney_f10,2026-07-29T23:50:46
2015-07-01,1.228,1.228,eastmoney_f10,2026-07-29T23:50:46
2015-07-02,1.2302,1.2302,eastmoney_f10,2026-07-29T23:50:46
2015-07-03,1.2196,1.2196,eastmoney_f10,2026-07-29T23:50:46
2015-07-06,1.1809,1.1809,eastmoney_f10,2026-07-29T23:50:46
2015-07-07,1.1689,1.1689,eastmoney_f10,2026-07-29T23:50:46
2015-07-08,1.1002,1.1002,eastmoney_f10,2026-07-29T23:50:46
2015-07-09,1.1414,1.1414,eastmoney_f10,2026-07-29T23:50:46
2015-07-10,1.1655,1.1655,eastmoney_f10,2026-07-29T23:50:46
2015-07-13,1.1781,1.1781,eastmoney_f10,2026-07-29T23:50:46
2015-07-14,1.173,1.173,eastmoney_f10,2026-07-29T23:50:46
2015-07-15,1.1669,1.1669,eastmoney_f10,2026-07-29T23:50:46
2015-07-16,1.1717,1.1717,eastmoney_f10,2026-07-29T23:50:46
2015-07-17,1.188,1.188,eastmoney_f10,2026-07-29T23:50:46
2015-07-20,1.1922,1.1922,eastmoney_f10,2026-07-29T23:50:46
2015-07-21,1.2027,1.2027,eastmoney_f10,2026-07-29T23:50:46
2015-07-22,1.1908,1.1908,eastmoney_f10,2026-07-29T23:50:46
2015-07-23,1.1966,1.1966,eastmoney_f10,2026-07-29T23:50:46
2015-07-24,1.1839,1.1839,eastmoney_f10,2026-07-29T23:50:46
2015-07-27,1.1477,1.1477,eastmoney_f10,2026-07-29T23:50:46
2015-07-28,1.1539,1.1539,eastmoney_f10,2026-07-29T23:50:46
2015-07-29,1.1593,1.1593,eastmoney_f10,2026-07-29T23:50:46
2015-07-30,1.1543,1.1543,eastmoney_f10,2026-07-29T23:50:46
2015-07-31,1.1608,1.1608,eastmoney_f10,2026-07-29T23:50:46
2015-08-03,1.1506,1.1506,eastmoney_f10,2026-07-29T23:50:46
2015-08-04,1.1501,1.1501,eastmoney_f10,2026-07-29T23:50:46
2015-08-05,1.1554,1.1554,eastmoney_f10,2026-07-29T23:50:46
2015-08-06,1.1491,1.1491,eastmoney_f10,2026-07-29T23:50:46
2015-08-07,1.1571,1.1571,eastmoney_f10,2026-07-29T23:50:46
2015-08-10,1.1554,1.1554,eastmoney_f10,2026-07-29T23:50:46
2015-08-11,1.1756,1.1756,eastmoney_f10,2026-07-29T23:50:46
2015-08-12,1.1645,1.1645,eastmoney_f10,2026-07-29T23:50:46
2015-08-13,1.1853,1.1853,eastmoney_f10,2026-07-29T23:50:46
2015-08-14,1.1831,1.1831,eastmoney_f10,2026-07-29T23:50:46
2015-08-17,1.1743,1.1743,eastmoney_f10,2026-07-29T23:50:46
2015-08-18,1.1581,1.1581,eastmoney_f10,2026-07-29T23:50:46
2015-08-19,1.1432,1.1432,eastmoney_f10,2026-07-29T23:50:46
2015-08-20,1.1233,1.1233,eastmoney_f10,2026-07-29T23:50:46
2015-08-21,1.1066,1.1066,eastmoney_f10,2026-07-29T23:50:46
2015-08-24,1.05,1.05,eastmoney_f10,2026-07-29T23:50:46
2015-08-25,1.0624,1.0624,eastmoney_f10,2026-07-29T23:50:46
2015-08-26,1.0465,1.0465,eastmoney_f10,2026-07-29T23:50:46
2015-08-27,1.0833,1.0833,eastmoney_f10,2026-07-29T23:50:46
2015-08-28,1.0709,1.0709,eastmoney_f10,2026-07-29T23:50:46
2015-08-31,1.0712,1.0712,eastmoney_f10,2026-07-29T23:50:46
2015-09-01,1.0448,1.0448,eastmoney_f10,2026-07-29T23:50:46
2015-09-02,1.0319,1.0319,eastmoney_f10,2026-07-29T23:50:46
2015-09-07,1.0162,1.0162,eastmoney_f10,2026-07-29T23:50:46
2015-09-08,1.0513,1.0513,eastmoney_f10,2026-07-29T23:50:46
2015-09-09,1.0919,1.0919,eastmoney_f10,2026-07-29T23:50:46
2015-09-10,1.0672,1.0672,eastmoney_f10,2026-07-29T23:50:46
2015-09-11,1.0633,1.0633,eastmoney_f10,2026-07-29T23:50:46
2015-09-14,1.0668,1.0668,eastmoney_f10,2026-07-29T23:50:46
2015-09-15,1.0609,1.0609,eastmoney_f10,2026-07-29T23:50:46
2015-09-16,1.0882,1.0882,eastmoney_f10,2026-07-29T23:50:46
2015-09-17,1.0808,1.0808,eastmoney_f10,2026-07-29T23:50:46
2015-09-18,1.0873,1.0873,eastmoney_f10,2026-07-29T23:50:46
2015-09-21,1.0779,1.0779,eastmoney_f10,2026-07-29T23:50:46
2015-09-22,1.0794,1.0794,eastmoney_f10,2026-07-29T23:50:46
2015-09-23,1.0583,1.0583,eastmoney_f10,2026-07-29T23:50:46
2015-09-24,1.0489,1.0489,eastmoney_f10,2026-07-29T23:50:46
2015-09-25,1.0524,1.0524,eastmoney_f10,2026-07-29T23:50:46
2015-09-28,1.0516,1.0516,eastmoney_f10,2026-07-29T23:50:46
2015-09-29,1.0186,1.0186,eastmoney_f10,2026-07-29T23:50:46
2015-09-30,1.0325,1.0325,eastmoney_f10,2026-07-29T23:50:46
2015-10-08,1.1063,1.1063,eastmoney_f10,2026-07-29T23:50:46
2015-10-09,1.1101,1.1101,eastmoney_f10,2026-07-29T23:50:46
2015-10-12,1.1217,1.1217,eastmoney_f10,2026-07-29T23:50:46
2015-10-13,1.112,1.112,eastmoney_f10,2026-07-29T23:50:46
2015-10-14,1.1079,1.1079,eastmoney_f10,2026-07-29T23:50:46
2015-10-15,1.1294,1.1294,eastmoney_f10,2026-07-29T23:50:46
2015-10-16,1.1389,1.1389,eastmoney_f10,2026-07-29T23:50:46
2015-10-19,1.1402,1.1402,eastmoney_f10,2026-07-29T23:50:46
2015-10-20,1.1371,1.1371,eastmoney_f10,2026-07-29T23:50:46
2015-10-21,1.1348,1.1348,eastmoney_f10,2026-07-29T23:50:46
2015-10-22,1.1296,1.1296,eastmoney_f10,2026-07-29T23:50:46
2015-10-23,1.1464,1.1464,eastmoney_f10,2026-07-29T23:50:46
2015-10-26,1.1432,1.1432,eastmoney_f10,2026-07-29T23:50:46
2015-10-27,1.1435,1.1435,eastmoney_f10,2026-07-29T23:50:46
2015-10-28,1.136,1.136,eastmoney_f10,2026-07-29T23:50:46
2015-10-29,1.1299,1.1299,eastmoney_f10,2026-07-29T23:50:46
2015-10-30,1.1201,1.1201,eastmoney_f10,2026-07-29T23:50:46
2015-11-02,1.1008,1.1008,eastmoney_f10,2026-07-29T23:50:46
2015-11-03,1.1132,1.1132,eastmoney_f10,2026-07-29T23:50:46
2015-11-04,1.1373,1.1373,eastmoney_f10,2026-07-29T23:50:46
2015-11-05,1.1371,1.1371,eastmoney_f10,2026-07-29T23:50:46
2015-11-06,1.1293,1.1293,eastmoney_f10,2026-07-29T23:50:46
2015-11-09,1.1249,1.1249,eastmoney_f10,2026-07-29T23:50:46
2015-11-10,1.1104,1.1104,eastmoney_f10,2026-07-29T23:50:46
2015-11-11,1.1088,1.1088,eastmoney_f10,2026-07-29T23:50:46
2015-11-12,1.1352,1.1352,eastmoney_f10,2026-07-29T23:50:46
2015-11-13,1.1106,1.1106,eastmoney_f10,2026-07-29T23:50:46
2015-11-16,1.0945,1.0945,eastmoney_f10,2026-07-29T23:50:46
2015-11-17,1.1065,1.1065,eastmoney_f10,2026-07-29T23:50:46
2015-11-18,1.1033,1.1033,eastmoney_f10,2026-07-29T23:50:46
2015-11-19,1.119,1.119,eastmoney_f10,2026-07-29T23:50:46
2015-11-20,1.1318,1.1318,eastmoney_f10,2026-07-29T23:50:46
2015-11-23,1.1289,1.1289,eastmoney_f10,2026-07-29T23:50:46
2015-11-24,1.1249,1.1249,eastmoney_f10,2026-07-29T23:50:46
2015-11-25,1.1207,1.1207,eastmoney_f10,2026-07-29T23:50:46
2015-11-26,1.1208,1.1208,eastmoney_f10,2026-07-29T23:50:46
2015-11-27,1.0997,1.0997,eastmoney_f10,2026-07-29T23:50:46
2015-11-30,1.0967,1.0967,eastmoney_f10,2026-07-29T23:50:46
2015-12-01,1.1163,1.1163,eastmoney_f10,2026-07-29T23:50:46
2015-12-02,1.1208,1.1208,eastmoney_f10,2026-07-29T23:50:46
2015-12-03,1.1182,1.1182,eastmoney_f10,2026-07-29T23:50:46
2015-12-04,1.1063,1.1063,eastmoney_f10,2026-07-29T23:50:46
2015-12-07,1.108,1.108,eastmoney_f10,2026-07-29T23:50:46
2015-12-08,1.0934,1.0934,eastmoney_f10,2026-07-29T23:50:46
2015-12-09,1.0898,1.0898,eastmoney_f10,2026-07-29T23:50:46
2015-12-10,1.0862,1.0862,eastmoney_f10,2026-07-29T23:50:46
2015-12-11,1.0762,1.0762,eastmoney_f10,2026-07-29T23:50:46
2015-12-14,1.071,1.071,eastmoney_f10,2026-07-29T23:50:46
2015-12-15,1.0706,1.0706,eastmoney_f10,2026-07-29T23:50:46
2015-12-16,1.093,1.093,eastmoney_f10,2026-07-29T23:50:46
2015-12-17,1.1031,1.1031,eastmoney_f10,2026-07-29T23:50:46
2015-12-18,1.0985,1.0985,eastmoney_f10,2026-07-29T23:50:46
2015-12-21,1.0987,1.0987,eastmoney_f10,2026-07-29T23:50:46
2015-12-22,1.1005,1.1005,eastmoney_f10,2026-07-29T23:50:46
2015-12-23,1.1112,1.1112,eastmoney_f10,2026-07-29T23:50:46
2015-12-24,1.1163,1.1163,eastmoney_f10,2026-07-29T23:50:46
2015-12-25,1.1156,1.1156,eastmoney_f10,2026-07-29T23:50:46
2015-12-28,1.1045,1.1045,eastmoney_f10,2026-07-29T23:50:46
2015-12-29,1.1112,1.1112,eastmoney_f10,2026-07-29T23:50:46
2015-12-30,1.1056,1.1056,eastmoney_f10,2026-07-29T23:50:46
2015-12-31,1.1075,1.1075,eastmoney_f10,2026-07-29T23:50:46
2016-01-04,1.0782,1.0782,eastmoney_f10,2026-07-29T23:50:46
2016-01-05,1.0741,1.0741,eastmoney_f10,2026-07-29T23:50:46
2016-01-06,1.0651,1.0651,eastmoney_f10,2026-07-29T23:50:46
2016-01-07,1.0378,1.0378,eastmoney_f10,2026-07-29T23:50:46
2016-01-08,1.0431,1.0431,eastmoney_f10,2026-07-29T23:50:46
2016-01-11,1.0139,1.0139,eastmoney_f10,2026-07-29T23:50:46
2016-01-12,1.0048,1.0048,eastmoney_f10,2026-07-29T23:50:46
2016-01-13,1.0171,1.0171,eastmoney_f10,2026-07-29T23:50:46
2016-01-14,1.0097,1.0097,eastmoney_f10,2026-07-29T23:50:46
2016-01-15,0.9933,0.9933,eastmoney_f10,2026-07-29T23:50:46
2016-01-18,0.9762,0.9762,eastmoney_f10,2026-07-29T23:50:46
2016-01-19,0.9952,0.9952,eastmoney_f10,2026-07-29T23:50:46
2016-01-20,0.9554,0.9554,eastmoney_f10,2026-07-29T23:50:46
2016-01-21,0.9398,0.9398,eastmoney_f10,2026-07-29T23:50:46
2016-01-22,0.9662,0.9662,eastmoney_f10,2026-07-29T23:50:46
2016-01-25,0.9803,0.9803,eastmoney_f10,2026-07-29T23:50:46
2016-01-26,0.9567,0.9567,eastmoney_f10,2026-07-29T23:50:46
2016-01-27,0.9663,0.9663,eastmoney_f10,2026-07-29T23:50:46
2016-01-28,0.9742,0.9742,eastmoney_f10,2026-07-29T23:50:46
2016-01-29,0.9984,0.9984,eastmoney_f10,2026-07-29T23:50:46
2016-02-01,0.9946,0.9946,eastmoney_f10,2026-07-29T23:50:46
2016-02-02,0.9879,0.9879,eastmoney_f10,2026-07-29T23:50:46
2016-02-03,0.9622,0.9622,eastmoney_f10,2026-07-29T23:50:46
2016-02-04,0.9714,0.9714,eastmoney_f10,2026-07-29T23:50:46
2016-02-05,0.9761,0.9761,eastmoney_f10,2026-07-29T23:50:46
2016-02-15,0.9532,0.9532,eastmoney_f10,2026-07-29T23:50:46
2016-02-16,0.9645,0.9645,eastmoney_f10,2026-07-29T23:50:46
2016-02-17,0.9547,0.9547,eastmoney_f10,2026-07-29T23:50:46
2016-02-18,0.9761,0.9761,eastmoney_f10,2026-07-29T23:50:46
2016-02-19,0.974,0.974,eastmoney_f10,2026-07-29T23:50:46
2016-02-22,0.9827,0.9827,eastmoney_f10,2026-07-29T23:50:46
2016-02-23,0.9819,0.9819,eastmoney_f10,2026-07-29T23:50:46
2016-02-24,0.971,0.971,eastmoney_f10,2026-07-29T23:50:46
2016-02-25,0.9563,0.9563,eastmoney_f10,2026-07-29T23:50:46
2016-02-26,0.9809,0.9809,eastmoney_f10,2026-07-29T23:50:46
2016-02-29,0.969,0.969,eastmoney_f10,2026-07-29T23:50:46
2016-03-01,0.983,0.983,eastmoney_f10,2026-07-29T23:50:46
2016-03-02,1.014,1.014,eastmoney_f10,2026-07-29T23:50:46
2016-03-03,1.0127,1.0127,eastmoney_f10,2026-07-29T23:50:46
2016-03-04,1.023,1.023,eastmoney_f10,2026-07-29T23:50:46
2016-03-07,1.0207,1.0207,eastmoney_f10,2026-07-29T23:50:46
2016-03-08,1.0119,1.0119,eastmoney_f10,2026-07-29T23:50:46
2016-03-09,1.0125,1.0125,eastmoney_f10,2026-07-29T23:50:46
2016-03-10,1.0128,1.0128,eastmoney_f10,2026-07-29T23:50:46
2016-03-11,1.0207,1.0207,eastmoney_f10,2026-07-29T23:50:46
2016-03-14,1.0335,1.0335,eastmoney_f10,2026-07-29T23:50:46
2016-03-15,1.0287,1.0287,eastmoney_f10,2026-07-29T23:50:46
2016-03-16,1.0287,1.0287,eastmoney_f10,2026-07-29T23:50:46
2016-03-17,1.0378,1.0378,eastmoney_f10,2026-07-29T23:50:46
2016-03-18,1.0416,1.0416,eastmoney_f10,2026-07-29T23:50:46
2016-03-21,1.0457,1.0457,eastmoney_f10,2026-07-29T23:50:46
2016-03-22,1.0474,1.0474,eastmoney_f10,2026-07-29T23:50:46
2016-03-23,1.0446,1.0446,eastmoney_f10,2026-07-29T23:50:46
2016-03-24,1.0336,1.0336,eastmoney_f10,2026-07-29T23:50:46
2016-03-25,1.0346,1.0346,eastmoney_f10,2026-07-29T23:50:46
2016-03-28,1.0349,1.0349,eastmoney_f10,2026-07-29T23:50:46
2016-03-29,1.0333,1.0333,eastmoney_f10,2026-07-29T23:50:46
2016-03-30,1.0518,1.0518,eastmoney_f10,2026-07-29T23:50:46
2016-03-31,1.0468,1.0468,eastmoney_f10,2026-07-29T23:50:46
2016-04-01,1.0327,1.0327,eastmoney_f10,2026-07-29T23:50:46
2016-04-05,1.0177,1.0177,eastmoney_f10,2026-07-29T23:50:46
2016-04-06,1.0206,1.0206,eastmoney_f10,2026-07-29T23:50:46
2016-04-07,1.0234,1.0234,eastmoney_f10,2026-07-29T23:50:46
2016-04-08,1.0282,1.0282,eastmoney_f10,2026-07-29T23:50:46
2016-04-11,1.0306,1.0306,eastmoney_f10,2026-07-29T23:50:46
2016-04-12,1.0332,1.0332,eastmoney_f10,2026-07-29T23:50:46
2016-04-13,1.0661,1.0661,eastmoney_f10,2026-07-29T23:50:46
2016-04-14,1.0796,1.0796,eastmoney_f10,2026-07-29T23:50:46
2016-04-15,1.0791,1.0791,eastmoney_f10,2026-07-29T23:50:46
2016-04-18,1.0695,1.0695,eastmoney_f10,2026-07-29T23:50:46
2016-04-19,1.0817,1.0817,eastmoney_f10,2026-07-29T23:50:46
2016-04-20,1.0692,1.0692,eastmoney_f10,2026-07-29T23:50:46
2016-04-21,1.0922,1.0922,eastmoney_f10,2026-07-29T23:50:46
2016-04-22,1.0857,1.0857,eastmoney_f10,2026-07-29T23:50:46
2016-04-25,1.081,1.081,eastmoney_f10,2026-07-29T23:50:46
2016-04-26,1.0826,1.0826,eastmoney_f10,2026-07-29T23:50:46
2016-04-27,1.0795,1.0795,eastmoney_f10,2026-07-29T23:50:46
2016-04-28,1.0827,1.0827,eastmoney_f10,2026-07-29T23:50:46
2016-04-29,1.0604,1.0604,eastmoney_f10,2026-07-29T23:50:46
2016-05-03,1.0407,1.0407,eastmoney_f10,2026-07-29T23:50:46
2016-05-04,1.0388,1.0388,eastmoney_f10,2026-07-29T23:50:46
2016-05-05,1.0376,1.0376,eastmoney_f10,2026-07-29T23:50:46
2016-05-06,1.0222,1.0222,eastmoney_f10,2026-07-29T23:50:46
2016-05-09,1.0233,1.0233,eastmoney_f10,2026-07-29T23:50:46
2016-05-10,1.0305,1.0305,eastmoney_f10,2026-07-29T23:50:46
2016-05-11,1.0212,1.0212,eastmoney_f10,2026-07-29T23:50:46
2016-05-12,1.01,1.01,eastmoney_f10,2026-07-29T23:50:46
2016-05-13,1.0046,1.0046,eastmoney_f10,2026-07-29T23:50:46
2016-05-16,1.0144,1.0144,eastmoney_f10,2026-07-29T23:50:46
2016-05-17,1.0254,1.0254,eastmoney_f10,2026-07-29T23:50:46
2016-05-18,1.0122,1.0122,eastmoney_f10,2026-07-29T23:50:46
2016-05-19,1.011,1.011,eastmoney_f10,2026-07-29T23:50:46
2016-05-20,1.0198,1.0198,eastmoney_f10,2026-07-29T23:50:46
2016-05-23,1.0169,1.0169,eastmoney_f10,2026-07-29T23:50:46
2016-05-24,1.0185,1.0185,eastmoney_f10,2026-07-29T23:50:46
2016-05-25,1.0492,1.0492,eastmoney_f10,2026-07-29T23:50:46
2016-05-26,1.0488,1.0488,eastmoney_f10,2026-07-29T23:50:46
2016-05-27,1.0576,1.0576,eastmoney_f10,2026-07-29T23:50:46
2016-05-30,1.0645,1.0645,eastmoney_f10,2026-07-29T23:50:46
2016-05-31,1.074,1.074,eastmoney_f10,2026-07-29T23:50:46
2016-06-01,1.0728,1.0728,eastmoney_f10,2026-07-29T23:50:46
2016-06-02,1.0757,1.0757,eastmoney_f10,2026-07-29T23:50:46
2016-06-03,1.0819,1.0819,eastmoney_f10,2026-07-29T23:50:46
2016-06-06,1.082,1.082,eastmoney_f10,2026-07-29T23:50:46
2016-06-07,1.0999,1.0999,eastmoney_f10,2026-07-29T23:50:46
2016-06-08,1.0991,1.0991,eastmoney_f10,2026-07-29T23:50:46
2016-06-13,1.0636,1.0636,eastmoney_f10,2026-07-29T23:50:46
2016-06-14,1.0558,1.0558,eastmoney_f10,2026-07-29T23:50:46
2016-06-15,1.0647,1.0647,eastmoney_f10,2026-07-29T23:50:46
2016-06-16,1.0407,1.0407,eastmoney_f10,2026-07-29T23:50:46
2016-06-17,1.048,1.048,eastmoney_f10,2026-07-29T23:50:46
2016-06-20,1.0641,1.0641,eastmoney_f10,2026-07-29T23:50:46
2016-06-21,1.0714,1.0714,eastmoney_f10,2026-07-29T23:50:46
2016-06-22,1.0871,1.0871,eastmoney_f10,2026-07-29T23:50:46
2016-06-23,1.0875,1.0875,eastmoney_f10,2026-07-29T23:50:46
2016-06-24,1.0573,1.0573,eastmoney_f10,2026-07-29T23:50:46
2016-06-27,1.0628,1.0628,eastmoney_f10,2026-07-29T23:50:46
2016-06-28,1.063,1.063,eastmoney_f10,2026-07-29T23:50:46
2016-06-29,1.0768,1.0768,eastmoney_f10,2026-07-29T23:50:46
2016-06-30,1.0964,1.0964,eastmoney_f10,2026-07-29T23:50:46
2016-07-01,1.0989,1.0989,eastmoney_f10,2026-07-29T23:50:46
2016-07-04,1.111,1.111,eastmoney_f10,2026-07-29T23:50:46
2016-07-05,1.0969,1.0969,eastmoney_f10,2026-07-29T23:50:46
2016-07-06,1.0876,1.0876,eastmoney_f10,2026-07-29T23:50:46
2016-07-07,1.0981,1.0981,eastmoney_f10,2026-07-29T23:50:46
2016-07-08,1.0914,1.0914,eastmoney_f10,2026-07-29T23:50:46
2016-07-11,1.1079,1.1079,eastmoney_f10,2026-07-29T23:50:46
2016-07-12,1.1275,1.1275,eastmoney_f10,2026-07-29T23:50:46
2016-07-13,1.1312,1.1312,eastmoney_f10,2026-07-29T23:50:46
2016-07-14,1.1436,1.1436,eastmoney_f10,2026-07-29T23:50:46
2016-07-15,1.1487,1.1487,eastmoney_f10,2026-07-29T23:50:46
2016-07-18,1.1577,1.1577,eastmoney_f10,2026-07-29T23:50:46
2016-07-19,1.151,1.151,eastmoney_f10,2026-07-29T23:50:46
2016-07-20,1.1616,1.1616,eastmoney_f10,2026-07-29T23:50:46
2016-07-21,1.1662,1.1662,eastmoney_f10,2026-07-29T23:50:46
2016-07-22,1.1614,1.1614,eastmoney_f10,2026-07-29T23:50:46
2016-07-25,1.1665,1.1665,eastmoney_f10,2026-07-29T23:50:46
2016-07-26,1.1714,1.1714,eastmoney_f10,2026-07-29T23:50:46
2016-07-27,1.1745,1.1745,eastmoney_f10,2026-07-29T23:50:46
2016-07-28,1.1711,1.1711,eastmoney_f10,2026-07-29T23:50:46
2016-07-29,1.1544,1.1544,eastmoney_f10,2026-07-29T23:50:46
2016-08-01,1.1628,1.1628,eastmoney_f10,2026-07-29T23:50:46
2016-08-02,1.1652,1.1652,eastmoney_f10,2026-07-29T23:50:46
2016-08-03,1.1407,1.1407,eastmoney_f10,2026-07-29T23:50:46
2016-08-04,1.1502,1.1502,eastmoney_f10,2026-07-29T23:50:46
2016-08-05,1.1661,1.1661,eastmoney_f10,2026-07-29T23:50:46
2016-08-08,1.188,1.188,eastmoney_f10,2026-07-29T23:50:46
2016-08-09,1.186,1.186,eastmoney_f10,2026-07-29T23:50:46
2016-08-10,1.1861,1.1861,eastmoney_f10,2026-07-29T23:50:46
2016-08-11,1.1878,1.1878,eastmoney_f10,2026-07-29T23:50:46
2016-08-12,1.2027,1.2027,eastmoney_f10,2026-07-29T23:50:46
2016-08-15,1.2097,1.2097,eastmoney_f10,2026-07-29T23:50:46
2016-08-16,1.2069,1.2069,eastmoney_f10,2026-07-29T23:50:46
2016-08-17,1.1963,1.1963,eastmoney_f10,2026-07-29T23:50:46
2016-08-18,1.2139,1.2139,eastmoney_f10,2026-07-29T23:50:46
2016-08-19,1.2086,1.2086,eastmoney_f10,2026-07-29T23:50:46
2016-08-22,1.2207,1.2207,eastmoney_f10,2026-07-29T23:50:46
2016-08-23,1.2194,1.2194,eastmoney_f10,2026-07-29T23:50:46
2016-08-24,1.207,1.207,eastmoney_f10,2026-07-29T23:50:46
2016-08-25,1.2096,1.2096,eastmoney_f10,2026-07-29T23:50:46
2016-08-26,1.2125,1.2125,eastmoney_f10,2026-07-29T23:50:46
2016-08-29,1.2147,1.2147,eastmoney_f10,2026-07-29T23:50:46
2016-08-30,1.2247,1.2247,eastmoney_f10,2026-07-29T23:50:46
2016-08-31,1.2237,1.2237,eastmoney_f10,2026-07-29T23:50:46
2016-09-01,1.2324,1.2324,eastmoney_f10,2026-07-29T23:50:46
2016-09-02,1.2366,1.2366,eastmoney_f10,2026-07-29T23:50:46
2016-09-05,1.2616,1.2616,eastmoney_f10,2026-07-29T23:50:46
2016-09-06,1.2659,1.2659,eastmoney_f10,2026-07-29T23:50:46
2016-09-07,1.2609,1.2609,eastmoney_f10,2026-07-29T23:50:46
2016-09-08,1.2716,1.2716,eastmoney_f10,2026-07-29T23:50:46
2016-09-09,1.2825,1.2825,eastmoney_f10,2026-07-29T23:50:46
2016-09-12,1.2455,1.2455,eastmoney_f10,2026-07-29T23:50:46
2016-09-13,1.2384,1.2384,eastmoney_f10,2026-07-29T23:50:46
2016-09-14,1.2404,1.2404,eastmoney_f10,2026-07-29T23:50:46
2016-09-19,1.2569,1.2569,eastmoney_f10,2026-07-29T23:50:46
2016-09-20,1.2525,1.2525,eastmoney_f10,2026-07-29T23:50:46
2016-09-21,1.2628,1.2628,eastmoney_f10,2026-07-29T23:50:46
2016-09-22,1.2644,1.2644,eastmoney_f10,2026-07-29T23:50:46
2016-09-23,1.2641,1.2641,eastmoney_f10,2026-07-29T23:50:46
2016-09-26,1.2462,1.2462,eastmoney_f10,2026-07-29T23:50:46
2016-09-27,1.2581,1.2581,eastmoney_f10,2026-07-29T23:50:46
2016-09-28,1.2612,1.2612,eastmoney_f10,2026-07-29T23:50:46
2016-09-29,1.2676,1.2676,eastmoney_f10,2026-07-29T23:50:46
2016-09-30,1.2456,1.2456,eastmoney_f10,2026-07-29T23:50:46
2016-10-10,1.2778,1.2778,eastmoney_f10,2026-07-29T23:50:46
2016-10-11,1.2636,1.2636,eastmoney_f10,2026-07-29T23:50:46
2016-10-12,1.2594,1.2594,eastmoney_f10,2026-07-29T23:50:46
2016-10-13,1.2397,1.2397,eastmoney_f10,2026-07-29T23:50:46
2016-10-14,1.2476,1.2476,eastmoney_f10,2026-07-29T23:50:46
2016-10-17,1.2411,1.2411,eastmoney_f10,2026-07-29T23:50:46
2016-10-18,1.2588,1.2588,eastmoney_f10,2026-07-29T23:50:46
2016-10-19,1.2548,1.2548,eastmoney_f10,2026-07-29T23:50:46
2016-10-20,1.2601,1.2601,eastmoney_f10,2026-07-29T23:50:46
2016-10-21,1.2642,1.2642,eastmoney_f10,2026-07-29T23:50:46
2016-10-24,1.2785,1.2785,eastmoney_f10,2026-07-29T23:50:46
2016-10-25,1.2779,1.2779,eastmoney_f10,2026-07-29T23:50:46
2016-10-26,1.264,1.264,eastmoney_f10,2026-07-29T23:50:46
2016-10-27,1.2544,1.2544,eastmoney_f10,2026-07-29T23:50:46
2016-10-28,1.2467,1.2467,eastmoney_f10,2026-07-29T23:50:46
2016-10-31,1.2417,1.2417,eastmoney_f10,2026-07-29T23:50:46
2016-11-01,1.2552,1.2552,eastmoney_f10,2026-07-29T23:50:46
2016-11-02,1.2341,1.2341,eastmoney_f10,2026-07-29T23:50:46
2016-11-03,1.2262,1.2262,eastmoney_f10,2026-07-29T23:50:46
2016-11-04,1.2238,1.2238,eastmoney_f10,2026-07-29T23:50:46
2016-11-07,1.2356,1.2356,eastmoney_f10,2026-07-29T23:50:46
2016-11-08,1.2433,1.2433,eastmoney_f10,2026-07-29T23:50:46
2016-11-09,1.2175,1.2175,eastmoney_f10,2026-07-29T23:50:46
2016-11-10,1.2418,1.2418,eastmoney_f10,2026-07-29T23:50:46
2016-11-11,1.2276,1.2276,eastmoney_f10,2026-07-29T23:50:46
2016-11-14,1.2134,1.2134,eastmoney_f10,2026-07-29T23:50:46
2016-11-15,1.2224,1.2224,eastmoney_f10,2026-07-29T23:50:46
2016-11-16,1.2218,1.2218,eastmoney_f10,2026-07-29T23:50:46
2016-11-17,1.2217,1.2217,eastmoney_f10,2026-07-29T23:50:46
2016-11-18,1.2276,1.2276,eastmoney_f10,2026-07-29T23:50:46
2016-11-21,1.2311,1.2311,eastmoney_f10,2026-07-29T23:50:46
2016-11-22,1.2455,1.2455,eastmoney_f10,2026-07-29T23:50:46
2016-11-23,1.2465,1.2465,eastmoney_f10,2026-07-29T23:50:46
2016-11-24,1.2456,1.2456,eastmoney_f10,2026-07-29T23:50:46
2016-11-25,1.2532,1.2532,eastmoney_f10,2026-07-29T23:50:46
2016-11-28,1.2567,1.2567,eastmoney_f10,2026-07-29T23:50:46
2016-11-29,1.249,1.249,eastmoney_f10,2026-07-29T23:50:46
2016-11-30,1.2514,1.2514,eastmoney_f10,2026-07-29T23:50:46
2016-12-01,1.2577,1.2577,eastmoney_f10,2026-07-29T23:50:46
2016-12-02,1.2382,1.2382,eastmoney_f10,2026-07-29T23:50:46
2016-12-05,1.2363,1.2363,eastmoney_f10,2026-07-29T23:50:46
2016-12-06,1.2405,1.2405,eastmoney_f10,2026-07-29T23:50:46
2016-12-07,1.2512,1.2512,eastmoney_f10,2026-07-29T23:50:46
2016-12-08,1.2527,1.2527,eastmoney_f10,2026-07-29T23:50:46
2016-12-09,1.2513,1.2513,eastmoney_f10,2026-07-29T23:50:46
2016-12-12,1.2348,1.2348,eastmoney_f10,2026-07-29T23:50:46
2016-12-13,1.2336,1.2336,eastmoney_f10,2026-07-29T23:50:46
2016-12-14,1.2363,1.2363,eastmoney_f10,2026-07-29T23:50:46
2016-12-15,1.2196,1.2196,eastmoney_f10,2026-07-29T23:50:46
2016-12-16,1.2206,1.2206,eastmoney_f10,2026-07-29T23:50:46
2016-12-19,1.2063,1.2063,eastmoney_f10,2026-07-29T23:50:46
2016-12-20,1.2027,1.2027,eastmoney_f10,2026-07-29T23:50:46
2016-12-21,1.2077,1.2077,eastmoney_f10,2026-07-29T23:50:46
2016-12-22,1.1983,1.1983,eastmoney_f10,2026-07-29T23:50:46
2016-12-23,1.1943,1.1943,eastmoney_f10,2026-07-29T23:50:46
2016-12-26,1.1945,1.1945,eastmoney_f10,2026-07-29T23:50:46
2016-12-27,1.1944,1.1944,eastmoney_f10,2026-07-29T23:50:46
2016-12-28,1.2043,1.2043,eastmoney_f10,2026-07-29T23:50:46
2016-12-29,1.2069,1.2069,eastmoney_f10,2026-07-29T23:50:46
2016-12-30,1.2164,1.2164,eastmoney_f10,2026-07-29T23:50:46
2016-12-31,1.2164,1.2164,eastmoney_f10,2026-07-29T23:50:46
2017-01-03,1.2267,1.2267,eastmoney_f10,2026-07-29T23:50:46
2017-01-04,1.2265,1.2265,eastmoney_f10,2026-07-29T23:50:46
2017-01-05,1.2409,1.2409,eastmoney_f10,2026-07-29T23:50:46
2017-01-06,1.2326,1.2326,eastmoney_f10,2026-07-29T23:50:46
2017-01-09,1.2458,1.2458,eastmoney_f10,2026-07-29T23:50:46
2017-01-10,1.2551,1.2551,eastmoney_f10,2026-07-29T23:50:46
2017-01-11,1.2661,1.2661,eastmoney_f10,2026-07-29T23:50:46
2017-01-12,1.2587,1.2587,eastmoney_f10,2026-07-29T23:50:46
2017-01-13,1.2607,1.2607,eastmoney_f10,2026-07-29T23:50:46
2017-01-16,1.2477,1.2477,eastmoney_f10,2026-07-29T23:50:46
2017-01-17,1.2567,1.2567,eastmoney_f10,2026-07-29T23:50:46
2017-01-18,1.2622,1.2622,eastmoney_f10,2026-07-29T23:50:46
2017-01-19,1.2602,1.2602,eastmoney_f10,2026-07-29T23:50:46
2017-01-20,1.2534,1.2534,eastmoney_f10,2026-07-29T23:50:46
2017-01-23,1.2516,1.2516,eastmoney_f10,2026-07-29T23:50:46
2017-01-24,1.2503,1.2503,eastmoney_f10,2026-07-29T23:50:46
2017-01-25,1.2609,1.2609,eastmoney_f10,2026-07-29T23:50:46
2017-01-26,1.2784,1.2784,eastmoney_f10,2026-07-29T23:50:46
2017-02-03,1.2641,1.2641,eastmoney_f10,2026-07-29T23:50:46
2017-02-06,1.2775,1.2775,eastmoney_f10,2026-07-29T23:50:46
2017-02-07,1.2761,1.2761,eastmoney_f10,2026-07-29T23:50:46
2017-02-08,1.2882,1.2882,eastmoney_f10,2026-07-29T23:50:46
2017-02-09,1.2872,1.2872,eastmoney_f10,2026-07-29T23:50:46
2017-02-10,1.2924,1.2924,eastmoney_f10,2026-07-29T23:50:46
2017-02-13,1.3008,1.3008,eastmoney_f10,2026-07-29T23:50:46
2017-02-14,1.2994,1.2994,eastmoney_f10,2026-07-29T23:50:46
2017-02-15,1.3121,1.3121,eastmoney_f10,2026-07-29T23:50:46
2017-02-16,1.3176,1.3176,eastmoney_f10,2026-07-29T23:50:46
2017-02-17,1.3107,1.3107,eastmoney_f10,2026-07-29T23:50:46
2017-02-20,1.3218,1.3218,eastmoney_f10,2026-07-29T23:50:46
2017-02-21,1.3126,1.3126,eastmoney_f10,2026-07-29T23:50:46
2017-02-22,1.3263,1.3263,eastmoney_f10,2026-07-29T23:50:46
2017-02-23,1.3221,1.3221,eastmoney_f10,2026-07-29T23:50:46
2017-02-24,1.3135,1.3135,eastmoney_f10,2026-07-29T23:50:46
2017-02-27,1.3137,1.3137,eastmoney_f10,2026-07-29T23:50:46
2017-02-28,1.3023,1.3023,eastmoney_f10,2026-07-29T23:50:46
2017-03-01,1.305,1.305,eastmoney_f10,2026-07-29T23:50:46
2017-03-02,1.3022,1.3022,eastmoney_f10,2026-07-29T23:50:46
2017-03-03,1.2945,1.2945,eastmoney_f10,2026-07-29T23:50:46
2017-03-06,1.2949,1.2949,eastmoney_f10,2026-07-29T23:50:46
2017-03-07,1.3027,1.3027,eastmoney_f10,2026-07-29T23:50:46
2017-03-08,1.3096,1.3096,eastmoney_f10,2026-07-29T23:50:46
2017-03-09,1.2954,1.2954,eastmoney_f10,2026-07-29T23:50:46
2017-03-10,1.2998,1.2998,eastmoney_f10,2026-07-29T23:50:46
2017-03-13,1.3119,1.3119,eastmoney_f10,2026-07-29T23:50:46
2017-03-14,1.314,1.314,eastmoney_f10,2026-07-29T23:50:46
2017-03-15,1.3116,1.3116,eastmoney_f10,2026-07-29T23:50:46
2017-03-16,1.3346,1.3346,eastmoney_f10,2026-07-29T23:50:46
2017-03-17,1.3366,1.3366,eastmoney_f10,2026-07-29T23:50:46
2017-03-20,1.3494,1.3494,eastmoney_f10,2026-07-29T23:50:46
2017-03-21,1.3551,1.3551,eastmoney_f10,2026-07-29T23:50:46
2017-03-22,1.3365,1.3365,eastmoney_f10,2026-07-29T23:50:46
2017-03-23,1.3363,1.3363,eastmoney_f10,2026-07-29T23:50:46
2017-03-24,1.3377,1.3377,eastmoney_f10,2026-07-29T23:50:46
2017-03-27,1.3261,1.3261,eastmoney_f10,2026-07-29T23:50:46
2017-03-28,1.3358,1.3358,eastmoney_f10,2026-07-29T23:50:46
2017-03-29,1.3408,1.3408,eastmoney_f10,2026-07-29T23:50:46
2017-03-30,1.335,1.335,eastmoney_f10,2026-07-29T23:50:46
2017-03-31,1.3261,1.3261,eastmoney_f10,2026-07-29T23:50:46
2017-04-05,1.3403,1.3403,eastmoney_f10,2026-07-29T23:50:46
2017-04-06,1.3341,1.3341,eastmoney_f10,2026-07-29T23:50:46
2017-04-07,1.3338,1.3338,eastmoney_f10,2026-07-29T23:50:46
2017-04-10,1.3354,1.3354,eastmoney_f10,2026-07-29T23:50:46
2017-04-11,1.324,1.324,eastmoney_f10,2026-07-29T23:50:46
2017-04-12,1.3359,1.3359,eastmoney_f10,2026-07-29T23:50:46
2017-04-13,1.3277,1.3277,eastmoney_f10,2026-07-29T23:50:46
2017-04-14,1.3289,1.3289,eastmoney_f10,2026-07-29T23:50:46
2017-04-17,1.3296,1.3296,eastmoney_f10,2026-07-29T23:50:46
2017-04-18,1.3123,1.3123,eastmoney_f10,2026-07-29T23:50:46
2017-04-19,1.3037,1.3037,eastmoney_f10,2026-07-29T23:50:46
2017-04-20,1.3185,1.3185,eastmoney_f10,2026-07-29T23:50:46
2017-04-21,1.3181,1.3181,eastmoney_f10,2026-07-29T23:50:46
2017-04-24,1.3207,1.3207,eastmoney_f10,2026-07-29T23:50:46
2017-04-25,1.3401,1.3401,eastmoney_f10,2026-07-29T23:50:46
2017-04-26,1.3467,1.3467,eastmoney_f10,2026-07-29T23:50:46
2017-04-27,1.3541,1.3541,eastmoney_f10,2026-07-29T23:50:46
2017-04-28,1.3507,1.3507,eastmoney_f10,2026-07-29T23:50:46
2017-05-02,1.356,1.356,eastmoney_f10,2026-07-29T23:50:46
2017-05-03,1.3542,1.3542,eastmoney_f10,2026-07-29T23:50:46
2017-05-04,1.3548,1.3548,eastmoney_f10,2026-07-29T23:50:46
2017-05-05,1.3418,1.3418,eastmoney_f10,2026-07-29T23:50:46
2017-05-08,1.3483,1.3483,eastmoney_f10,2026-07-29T23:50:46
2017-05-09,1.3667,1.3667,eastmoney_f10,2026-07-29T23:50:46
2017-05-10,1.3744,1.3744,eastmoney_f10,2026-07-29T23:50:46
2017-05-11,1.3798,1.3798,eastmoney_f10,2026-07-29T23:50:46
2017-05-12,1.3788,1.3788,eastmoney_f10,2026-07-29T23:50:46
2017-05-15,1.3883,1.3883,eastmoney_f10,2026-07-29T23:50:46
2017-05-16,1.3888,1.3888,eastmoney_f10,2026-07-29T23:50:46
2017-05-17,1.3837,1.3837,eastmoney_f10,2026-07-29T23:50:46
2017-05-18,1.3766,1.3766,eastmoney_f10,2026-07-29T23:50:46
2017-05-19,1.3834,1.3834,eastmoney_f10,2026-07-29T23:50:46
2017-05-22,1.3925,1.3925,eastmoney_f10,2026-07-29T23:50:46
2017-05-23,1.3928,1.3928,eastmoney_f10,2026-07-29T23:50:46
2017-05-24,1.3957,1.3957,eastmoney_f10,2026-07-29T23:50:46
2017-05-25,1.4054,1.4054,eastmoney_f10,2026-07-29T23:50:46
2017-05-26,1.4053,1.4053,eastmoney_f10,2026-07-29T23:50:46
2017-05-31,1.4049,1.4049,eastmoney_f10,2026-07-29T23:50:46
2017-06-01,1.4029,1.4029,eastmoney_f10,2026-07-29T23:50:46
2017-06-02,1.4099,1.4099,eastmoney_f10,2026-07-29T23:50:46
2017-06-05,1.4043,1.4043,eastmoney_f10,2026-07-29T23:50:46
2017-06-06,1.4113,1.4113,eastmoney_f10,2026-07-29T23:50:46
2017-06-07,1.4082,1.4082,eastmoney_f10,2026-07-29T23:50:46
2017-06-08,1.4153,1.4153,eastmoney_f10,2026-07-29T23:50:46
2017-06-09,1.4146,1.4146,eastmoney_f10,2026-07-29T23:50:46
2017-06-12,1.3968,1.3968,eastmoney_f10,2026-07-29T23:50:46
2017-06-13,1.4044,1.4044,eastmoney_f10,2026-07-29T23:50:46
2017-06-14,1.4056,1.4056,eastmoney_f10,2026-07-29T23:50:46
2017-06-15,1.3872,1.3872,eastmoney_f10,2026-07-29T23:50:46
2017-06-16,1.3927,1.3927,eastmoney_f10,2026-07-29T23:50:46
2017-06-19,1.4086,1.4086,eastmoney_f10,2026-07-29T23:50:46
2017-06-20,1.4074,1.4074,eastmoney_f10,2026-07-29T23:50:46
2017-06-21,1.4008,1.4008,eastmoney_f10,2026-07-29T23:50:46
2017-06-22,1.4054,1.4054,eastmoney_f10,2026-07-29T23:50:46
2017-06-23,1.4061,1.4061,eastmoney_f10,2026-07-29T23:50:46
2017-06-26,1.417,1.417,eastmoney_f10,2026-07-29T23:50:46
2017-06-27,1.4166,1.4166,eastmoney_f10,2026-07-29T23:50:46
2017-06-28,1.4029,1.4029,eastmoney_f10,2026-07-29T23:50:46
2017-06-29,1.4171,1.4171,eastmoney_f10,2026-07-29T23:50:46
2017-06-30,1.4022,1.4022,eastmoney_f10,2026-07-29T23:50:46
2017-07-03,1.4065,1.4065,eastmoney_f10,2026-07-29T23:50:46
2017-07-04,1.3864,1.3864,eastmoney_f10,2026-07-29T23:50:46
2017-07-05,1.3952,1.3952,eastmoney_f10,2026-07-29T23:50:46
2017-07-06,1.3953,1.3953,eastmoney_f10,2026-07-29T23:50:46
2017-07-07,1.3869,1.3869,eastmoney_f10,2026-07-29T23:50:46
2017-07-10,1.3974,1.3974,eastmoney_f10,2026-07-29T23:50:46
2017-07-11,1.4189,1.4189,eastmoney_f10,2026-07-29T23:50:46
2017-07-12,1.4255,1.4255,eastmoney_f10,2026-07-29T23:50:46
2017-07-13,1.4411,1.4411,eastmoney_f10,2026-07-29T23:50:46
2017-07-14,1.4427,1.4427,eastmoney_f10,2026-07-29T23:50:46
2017-07-17,1.4435,1.4435,eastmoney_f10,2026-07-29T23:50:46
2017-07-18,1.4479,1.4479,eastmoney_f10,2026-07-29T23:50:46
2017-07-19,1.4522,1.4522,eastmoney_f10,2026-07-29T23:50:46
2017-07-20,1.4553,1.4553,eastmoney_f10,2026-07-29T23:50:46
2017-07-21,1.4523,1.4523,eastmoney_f10,2026-07-29T23:50:46
2017-07-24,1.4598,1.4598,eastmoney_f10,2026-07-29T23:50:46
2017-07-25,1.4623,1.4623,eastmoney_f10,2026-07-29T23:50:46
2017-07-26,1.4674,1.4674,eastmoney_f10,2026-07-29T23:50:46
2017-07-27,1.4718,1.4718,eastmoney_f10,2026-07-29T23:50:46
2017-07-28,1.4651,1.4651,eastmoney_f10,2026-07-29T23:50:46
2017-07-31,1.4815,1.4815,eastmoney_f10,2026-07-29T23:50:46
2017-08-01,1.4904,1.4904,eastmoney_f10,2026-07-29T23:50:46
2017-08-02,1.4943,1.4943,eastmoney_f10,2026-07-29T23:50:46
2017-08-03,1.4911,1.4911,eastmoney_f10,2026-07-29T23:50:46
2017-08-04,1.4909,1.4909,eastmoney_f10,2026-07-29T23:50:46
2017-08-07,1.4993,1.4993,eastmoney_f10,2026-07-29T23:50:46
2017-08-08,1.507,1.507,eastmoney_f10,2026-07-29T23:50:46
2017-08-09,1.4985,1.4985,eastmoney_f10,2026-07-29T23:50:46
2017-08-10,1.477,1.477,eastmoney_f10,2026-07-29T23:50:46
2017-08-11,1.4438,1.4438,eastmoney_f10,2026-07-29T23:50:46
2017-08-14,1.4627,1.4627,eastmoney_f10,2026-07-29T23:50:46
2017-08-15,1.4601,1.4601,eastmoney_f10,2026-07-29T23:50:46
2017-08-16,1.4742,1.4742,eastmoney_f10,2026-07-29T23:50:46
2017-08-17,1.4694,1.4694,eastmoney_f10,2026-07-29T23:50:46
2017-08-18,1.4556,1.4556,eastmoney_f10,2026-07-29T23:50:46
2017-08-21,1.4607,1.4607,eastmoney_f10,2026-07-29T23:50:46
2017-08-22,1.4718,1.4718,eastmoney_f10,2026-07-29T23:50:46
2017-08-23,1.4721,1.4721,eastmoney_f10,2026-07-29T23:50:46
2017-08-24,1.4764,1.4764,eastmoney_f10,2026-07-29T23:50:46
2017-08-25,1.4958,1.4958,eastmoney_f10,2026-07-29T23:50:46
2017-08-28,1.4918,1.4918,eastmoney_f10,2026-07-29T23:50:46
2017-08-29,1.4848,1.4848,eastmoney_f10,2026-07-29T23:50:46
2017-08-30,1.4983,1.4983,eastmoney_f10,2026-07-29T23:50:46
2017-08-31,1.4936,1.4936,eastmoney_f10,2026-07-29T23:50:46
2017-09-01,1.4904,1.4904,eastmoney_f10,2026-07-29T23:50:46
2017-09-04,1.4754,1.4754,eastmoney_f10,2026-07-29T23:50:46
2017-09-05,1.4688,1.4688,eastmoney_f10,2026-07-29T23:50:46
2017-09-06,1.4608,1.4608,eastmoney_f10,2026-07-29T23:50:46
2017-09-07,1.4557,1.4557,eastmoney_f10,2026-07-29T23:50:46
2017-09-08,1.4624,1.4624,eastmoney_f10,2026-07-29T23:50:46
2017-09-11,1.4752,1.4752,eastmoney_f10,2026-07-29T23:50:46
2017-09-12,1.4822,1.4822,eastmoney_f10,2026-07-29T23:50:46
2017-09-13,1.4806,1.4806,eastmoney_f10,2026-07-29T23:50:46
2017-09-14,1.4764,1.4764,eastmoney_f10,2026-07-29T23:50:46
2017-09-15,1.477,1.477,eastmoney_f10,2026-07-29T23:50:46
2017-09-18,1.4951,1.4951,eastmoney_f10,2026-07-29T23:50:46
2017-09-19,1.492,1.492,eastmoney_f10,2026-07-29T23:50:46
2017-09-20,1.5011,1.5011,eastmoney_f10,2026-07-29T23:50:46
2017-09-21,1.5053,1.5053,eastmoney_f10,2026-07-29T23:50:46
2017-09-22,1.4914,1.4914,eastmoney_f10,2026-07-29T23:50:46
2017-09-25,1.4728,1.4728,eastmoney_f10,2026-07-29T23:50:46
2017-09-26,1.4758,1.4758,eastmoney_f10,2026-07-29T23:50:46
2017-09-27,1.4851,1.4851,eastmoney_f10,2026-07-29T23:50:46
2017-09-28,1.4751,1.4751,eastmoney_f10,2026-07-29T23:50:46
2017-09-29,1.484,1.484,eastmoney_f10,2026-07-29T23:50:46
2017-10-09,1.5292,1.5292,eastmoney_f10,2026-07-29T23:50:46
2017-10-10,1.533,1.533,eastmoney_f10,2026-07-29T23:50:46
2017-10-11,1.5182,1.5182,eastmoney_f10,2026-07-29T23:50:46
2017-10-12,1.5223,1.5223,eastmoney_f10,2026-07-29T23:50:46
2017-10-13,1.5242,1.5242,eastmoney_f10,2026-07-29T23:50:46
2017-10-16,1.5355,1.5355,eastmoney_f10,2026-07-29T23:50:46
2017-10-17,1.5363,1.5363,eastmoney_f10,2026-07-29T23:50:46
2017-10-18,1.5393,1.5393,eastmoney_f10,2026-07-29T23:50:46
2017-10-19,1.5123,1.5123,eastmoney_f10,2026-07-29T23:50:46
2017-10-20,1.5306,1.5306,eastmoney_f10,2026-07-29T23:50:46
2017-10-23,1.5235,1.5235,eastmoney_f10,2026-07-29T23:50:46
2017-10-24,1.5171,1.5171,eastmoney_f10,2026-07-29T23:50:46
2017-10-25,1.5257,1.5257,eastmoney_f10,2026-07-29T23:50:46
2017-10-26,1.5198,1.5198,eastmoney_f10,2026-07-29T23:50:46
2017-10-27,1.536,1.536,eastmoney_f10,2026-07-29T23:50:46
2017-10-30,1.5304,1.5304,eastmoney_f10,2026-07-29T23:50:46
2017-10-31,1.5243,1.5243,eastmoney_f10,2026-07-29T23:50:46
2017-11-01,1.5407,1.5407,eastmoney_f10,2026-07-29T23:50:46
2017-11-02,1.5345,1.5345,eastmoney_f10,2026-07-29T23:50:46
2017-11-03,1.5359,1.5359,eastmoney_f10,2026-07-29T23:50:46
2017-11-06,1.5394,1.5394,eastmoney_f10,2026-07-29T23:50:46
2017-11-07,1.5601,1.5601,eastmoney_f10,2026-07-29T23:50:46
2017-11-08,1.5567,1.5567,eastmoney_f10,2026-07-29T23:50:46
2017-11-09,1.5713,1.5713,eastmoney_f10,2026-07-29T23:50:46
2017-11-10,1.5684,1.5684,eastmoney_f10,2026-07-29T23:50:46
2017-11-13,1.5733,1.5733,eastmoney_f10,2026-07-29T23:50:46
2017-11-14,1.5733,1.5733,eastmoney_f10,2026-07-29T23:50:46
2017-11-15,1.5536,1.5536,eastmoney_f10,2026-07-29T23:50:46
2017-11-16,1.5624,1.5624,eastmoney_f10,2026-07-29T23:50:46
2017-11-17,1.5712,1.5712,eastmoney_f10,2026-07-29T23:50:46
2017-11-20,1.5734,1.5734,eastmoney_f10,2026-07-29T23:50:46
2017-11-21,1.6064,1.6064,eastmoney_f10,2026-07-29T23:50:46
2017-11-22,1.615,1.615,eastmoney_f10,2026-07-29T23:50:46
2017-11-23,1.5935,1.5935,eastmoney_f10,2026-07-29T23:50:46
2017-11-24,1.5969,1.5969,eastmoney_f10,2026-07-29T23:50:46
2017-11-27,1.5894,1.5894,eastmoney_f10,2026-07-29T23:50:46
2017-11-28,1.5912,1.5912,eastmoney_f10,2026-07-29T23:50:46
2017-11-29,1.5895,1.5895,eastmoney_f10,2026-07-29T23:50:46
2017-11-30,1.5658,1.5658,eastmoney_f10,2026-07-29T23:50:46
2017-12-01,1.5603,1.5603,eastmoney_f10,2026-07-29T23:50:46
2017-12-04,1.564,1.564,eastmoney_f10,2026-07-29T23:50:46
2017-12-05,1.5472,1.5472,eastmoney_f10,2026-07-29T23:50:46
2017-12-06,1.5148,1.5148,eastmoney_f10,2026-07-29T23:50:46
2017-12-07,1.52,1.52,eastmoney_f10,2026-07-29T23:50:46
2017-12-08,1.5392,1.5392,eastmoney_f10,2026-07-29T23:50:46
2017-12-11,1.555,1.555,eastmoney_f10,2026-07-29T23:50:46
2017-12-12,1.5461,1.5461,eastmoney_f10,2026-07-29T23:50:46
2017-12-13,1.5714,1.5714,eastmoney_f10,2026-07-29T23:50:46
2017-12-14,1.564,1.564,eastmoney_f10,2026-07-29T23:50:46
2017-12-15,1.5472,1.5472,eastmoney_f10,2026-07-29T23:50:46
2017-12-18,1.5593,1.5593,eastmoney_f10,2026-07-29T23:50:46
2017-12-19,1.5675,1.5675,eastmoney_f10,2026-07-29T23:50:46
2017-12-20,1.5655,1.5655,eastmoney_f10,2026-07-29T23:50:46
2017-12-21,1.5651,1.5651,eastmoney_f10,2026-07-29T23:50:46
2017-12-22,1.5769,1.5769,eastmoney_f10,2026-07-29T23:50:46
2017-12-25,1.5741,1.5741,eastmoney_f10,2026-07-29T23:50:46
2017-12-26,1.5695,1.5695,eastmoney_f10,2026-07-29T23:50:46
2017-12-27,1.5704,1.5704,eastmoney_f10,2026-07-29T23:50:46
2017-12-28,1.5843,1.5843,eastmoney_f10,2026-07-29T23:50:46
2017-12-29,1.5844,1.5844,eastmoney_f10,2026-07-29T23:50:46
2017-12-31,1.5843,1.5843,eastmoney_f10,2026-07-29T23:50:46
2018-01-02,1.6089,1.6089,eastmoney_f10,2026-07-29T23:50:46
2018-01-03,1.6082,1.6082,eastmoney_f10,2026-07-29T23:50:46
2018-01-04,1.6199,1.6199,eastmoney_f10,2026-07-29T23:50:46
2018-01-05,1.6205,1.6205,eastmoney_f10,2026-07-29T23:50:46
2018-01-08,1.6225,1.6225,eastmoney_f10,2026-07-29T23:50:46
2018-01-09,1.6312,1.6312,eastmoney_f10,2026-07-29T23:50:46
2018-01-10,1.6407,1.6407,eastmoney_f10,2026-07-29T23:50:46
2018-01-11,1.6411,1.6411,eastmoney_f10,2026-07-29T23:50:46
2018-01-12,1.6513,1.6513,eastmoney_f10,2026-07-29T23:50:46
2018-01-15,1.6385,1.6385,eastmoney_f10,2026-07-29T23:50:46
2018-01-16,1.6628,1.6628,eastmoney_f10,2026-07-29T23:50:46
2018-01-17,1.6659,1.6659,eastmoney_f10,2026-07-29T23:50:46
2018-01-18,1.6764,1.6764,eastmoney_f10,2026-07-29T23:50:46
2018-01-19,1.6769,1.6769,eastmoney_f10,2026-07-29T23:50:46
2018-01-22,1.6829,1.6829,eastmoney_f10,2026-07-29T23:50:46
2018-01-23,1.7076,1.7076,eastmoney_f10,2026-07-29T23:50:46
2018-01-24,1.7067,1.7067,eastmoney_f10,2026-07-29T23:50:46
2018-01-25,1.6859,1.6859,eastmoney_f10,2026-07-29T23:50:46
2018-01-26,1.7041,1.7041,eastmoney_f10,2026-07-29T23:50:46
2018-01-29,1.6896,1.6896,eastmoney_f10,2026-07-29T23:50:46
2018-01-30,1.673,1.673,eastmoney_f10,2026-07-29T23:50:46
2018-01-31,1.6869,1.6869,eastmoney_f10,2026-07-29T23:50:46
2018-02-01,1.6667,1.6667,eastmoney_f10,2026-07-29T23:50:46
2018-02-02,1.6605,1.6605,eastmoney_f10,2026-07-29T23:50:46
2018-02-05,1.6452,1.6452,eastmoney_f10,2026-07-29T23:50:46
2018-02-06,1.5631,1.5631,eastmoney_f10,2026-07-29T23:50:46
2018-02-07,1.5436,1.5436,eastmoney_f10,2026-07-29T23:50:46
2018-02-08,1.5492,1.5492,eastmoney_f10,2026-07-29T23:50:46
2018-02-09,1.509,1.509,eastmoney_f10,2026-07-29T23:50:46
2018-02-12,1.5025,1.5025,eastmoney_f10,2026-07-29T23:50:46
2018-02-13,1.527,1.527,eastmoney_f10,2026-07-29T23:50:46
2018-02-14,1.5651,1.5651,eastmoney_f10,2026-07-29T23:50:46
2018-02-22,1.5935,1.5935,eastmoney_f10,2026-07-29T23:50:46
2018-02-23,1.6076,1.6076,eastmoney_f10,2026-07-29T23:50:46
2018-02-26,1.6176,1.6176,eastmoney_f10,2026-07-29T23:50:46
2018-02-27,1.6011,1.6011,eastmoney_f10,2026-07-29T23:50:46
2018-02-28,1.5804,1.5804,eastmoney_f10,2026-07-29T23:50:46
2018-03-01,1.5924,1.5924,eastmoney_f10,2026-07-29T23:50:46
2018-03-02,1.568,1.568,eastmoney_f10,2026-07-29T23:50:46
2018-03-05,1.5343,1.5343,eastmoney_f10,2026-07-29T23:50:46
2018-03-06,1.565,1.565,eastmoney_f10,2026-07-29T23:50:46
2018-03-07,1.5465,1.5465,eastmoney_f10,2026-07-29T23:50:46
2018-03-08,1.5684,1.5684,eastmoney_f10,2026-07-29T23:50:46
2018-03-09,1.5899,1.5899,eastmoney_f10,2026-07-29T23:50:46
2018-03-12,1.6184,1.6184,eastmoney_f10,2026-07-29T23:50:46
2018-03-13,1.6159,1.6159,eastmoney_f10,2026-07-29T23:50:46
2018-03-14,1.6071,1.6071,eastmoney_f10,2026-07-29T23:50:46
2018-03-15,1.6109,1.6109,eastmoney_f10,2026-07-29T23:50:46
2018-03-16,1.6131,1.6131,eastmoney_f10,2026-07-29T23:50:46
2018-03-19,1.6123,1.6123,eastmoney_f10,2026-07-29T23:50:46
2018-03-20,1.6133,1.6133,eastmoney_f10,2026-07-29T23:50:46
2018-03-21,1.6091,1.6091,eastmoney_f10,2026-07-29T23:50:46
2018-03-22,1.5862,1.5862,eastmoney_f10,2026-07-29T23:50:46
2018-03-23,1.5482,1.5482,eastmoney_f10,2026-07-29T23:50:46
2018-03-26,1.5596,1.5596,eastmoney_f10,2026-07-29T23:50:46
2018-03-27,1.5636,1.5636,eastmoney_f10,2026-07-29T23:50:46
2018-03-28,1.5237,1.5237,eastmoney_f10,2026-07-29T23:50:46
2018-03-29,1.533,1.533,eastmoney_f10,2026-07-29T23:50:46
2018-03-30,1.5292,1.5292,eastmoney_f10,2026-07-29T23:50:46
2018-04-02,1.5264,1.5264,eastmoney_f10,2026-07-29T23:50:46
2018-04-03,1.5334,1.5334,eastmoney_f10,2026-07-29T23:50:46
2018-04-04,1.5013,1.5013,eastmoney_f10,2026-07-29T23:50:46
2018-04-09,1.5425,1.5425,eastmoney_f10,2026-07-29T23:50:46
2018-04-10,1.5668,1.5668,eastmoney_f10,2026-07-29T23:50:46
2018-04-11,1.5716,1.5716,eastmoney_f10,2026-07-29T23:50:46
2018-04-12,1.566,1.566,eastmoney_f10,2026-07-29T23:50:46
2018-04-13,1.567,1.567,eastmoney_f10,2026-07-29T23:50:46
2018-04-16,1.5402,1.5402,eastmoney_f10,2026-07-29T23:50:46
2018-04-17,1.5255,1.5255,eastmoney_f10,2026-07-29T23:50:46
2018-04-18,1.538,1.538,eastmoney_f10,2026-07-29T23:50:46
2018-04-19,1.5601,1.5601,eastmoney_f10,2026-07-29T23:50:46
2018-04-20,1.5464,1.5464,eastmoney_f10,2026-07-29T23:50:46
2018-04-23,1.542,1.542,eastmoney_f10,2026-07-29T23:50:46
2018-04-24,1.5663,1.5663,eastmoney_f10,2026-07-29T23:50:46
2018-04-25,1.5453,1.5453,eastmoney_f10,2026-07-29T23:50:46
2018-04-26,1.5346,1.5346,eastmoney_f10,2026-07-29T23:50:46
2018-04-27,1.5509,1.5509,eastmoney_f10,2026-07-29T23:50:46
2018-05-02,1.5796,1.5796,eastmoney_f10,2026-07-29T23:50:46
2018-05-03,1.5594,1.5594,eastmoney_f10,2026-07-29T23:50:46
2018-05-04,1.5354,1.5354,eastmoney_f10,2026-07-29T23:50:46
2018-05-07,1.5397,1.5397,eastmoney_f10,2026-07-29T23:50:46
2018-05-08,1.563,1.563,eastmoney_f10,2026-07-29T23:50:46
2018-05-09,1.5717,1.5717,eastmoney_f10,2026-07-29T23:50:46
2018-05-10,1.5865,1.5865,eastmoney_f10,2026-07-29T23:50:46
2018-05-11,1.5977,1.5977,eastmoney_f10,2026-07-29T23:50:46
2018-05-14,1.6151,1.6151,eastmoney_f10,2026-07-29T23:50:46
2018-05-15,1.5989,1.5989,eastmoney_f10,2026-07-29T23:50:46
2018-05-16,1.6026,1.6026,eastmoney_f10,2026-07-29T23:50:46
2018-05-17,1.5944,1.5944,eastmoney_f10,2026-07-29T23:50:46
2018-05-18,1.6016,1.6016,eastmoney_f10,2026-07-29T23:50:46
2018-05-21,1.6143,1.6143,eastmoney_f10,2026-07-29T23:50:46
2018-05-22,1.6133,1.6133,eastmoney_f10,2026-07-29T23:50:46
2018-05-23,1.5832,1.5832,eastmoney_f10,2026-07-29T23:50:46
2018-05-24,1.5907,1.5907,eastmoney_f10,2026-07-29T23:50:46
2018-05-25,1.5853,1.5853,eastmoney_f10,2026-07-29T23:50:46
2018-05-28,1.5978,1.5978,eastmoney_f10,2026-07-29T23:50:46
2018-05-29,1.5829,1.5829,eastmoney_f10,2026-07-29T23:50:46
2018-05-30,1.5643,1.5643,eastmoney_f10,2026-07-29T23:50:46
2018-05-31,1.586,1.586,eastmoney_f10,2026-07-29T23:50:46
2018-06-01,1.5851,1.5851,eastmoney_f10,2026-07-29T23:50:46
2018-06-04,1.6144,1.6144,eastmoney_f10,2026-07-29T23:50:46
2018-06-05,1.6186,1.6186,eastmoney_f10,2026-07-29T23:50:46
2018-06-06,1.6243,1.6243,eastmoney_f10,2026-07-29T23:50:46
2018-06-07,1.6371,1.6371,eastmoney_f10,2026-07-29T23:50:46
2018-06-08,1.6099,1.6099,eastmoney_f10,2026-07-29T23:50:46
2018-06-11,1.6171,1.6171,eastmoney_f10,2026-07-29T23:50:46
2018-06-12,1.6202,1.6202,eastmoney_f10,2026-07-29T23:50:46
2018-06-13,1.603,1.603,eastmoney_f10,2026-07-29T23:50:46
2018-06-14,1.5833,1.5833,eastmoney_f10,2026-07-29T23:50:46
2018-06-15,1.5838,1.5838,eastmoney_f10,2026-07-29T23:50:46
2018-06-19,1.5379,1.5379,eastmoney_f10,2026-07-29T23:50:46
2018-06-20,1.558,1.558,eastmoney_f10,2026-07-29T23:50:46
2018-06-21,1.5408,1.5408,eastmoney_f10,2026-07-29T23:50:46
2018-06-22,1.469,1.545,eastmoney_f10,2026-07-29T23:50:46
2018-06-25,1.4512,1.5272,eastmoney_f10,2026-07-29T23:50:46
2018-06-26,1.453,1.529,eastmoney_f10,2026-07-29T23:50:46
2018-06-27,1.4334,1.5094,eastmoney_f10,2026-07-29T23:50:46
2018-06-28,1.4486,1.5246,eastmoney_f10,2026-07-29T23:50:46
2018-06-29,1.4766,1.5526,eastmoney_f10,2026-07-29T23:50:46
2018-06-30,1.4765,1.5525,eastmoney_f10,2026-07-29T23:50:46
2018-07-02,1.4765,1.5525,eastmoney_f10,2026-07-29T23:50:46
2018-07-03,1.4625,1.5385,eastmoney_f10,2026-07-29T23:50:46
2018-07-04,1.4495,1.5255,eastmoney_f10,2026-07-29T23:50:46
2018-07-05,1.4438,1.5198,eastmoney_f10,2026-07-29T23:50:46
2018-07-06,1.4522,1.5282,eastmoney_f10,2026-07-29T23:50:46
2018-07-09,1.4771,1.5531,eastmoney_f10,2026-07-29T23:50:46
2018-07-10,1.4738,1.5498,eastmoney_f10,2026-07-29T23:50:46
2018-07-11,1.4545,1.5305,eastmoney_f10,2026-07-29T23:50:46
2018-07-12,1.4732,1.5492,eastmoney_f10,2026-07-29T23:50:46
2018-07-13,1.4757,1.5517,eastmoney_f10,2026-07-29T23:50:46
2018-07-16,1.4768,1.5528,eastmoney_f10,2026-07-29T23:50:46
2018-07-17,1.4598,1.5358,eastmoney_f10,2026-07-29T23:50:46
2018-07-18,1.4581,1.5341,eastmoney_f10,2026-07-29T23:50:46
2018-07-19,1.4558,1.5318,eastmoney_f10,2026-07-29T23:50:46
2018-07-20,1.4786,1.5546,eastmoney_f10,2026-07-29T23:50:46
2018-07-23,1.4781,1.5541,eastmoney_f10,2026-07-29T23:50:46
2018-07-24,1.5059,1.5819,eastmoney_f10,2026-07-29T23:50:46
2018-07-25,1.523,1.599,eastmoney_f10,2026-07-29T23:50:46
2018-07-26,1.5078,1.5838,eastmoney_f10,2026-07-29T23:50:46
2018-07-27,1.5142,1.5902,eastmoney_f10,2026-07-29T23:50:46
2018-07-30,1.514,1.59,eastmoney_f10,2026-07-29T23:50:46
2018-07-31,1.5061,1.5821,eastmoney_f10,2026-07-29T23:50:46
2018-08-01,1.4962,1.5722,eastmoney_f10,2026-07-29T23:50:46
2018-08-02,1.456,1.532,eastmoney_f10,2026-07-29T23:50:46
2018-08-03,1.4617,1.5377,eastmoney_f10,2026-07-29T23:50:46
2018-08-06,1.4726,1.5486,eastmoney_f10,2026-07-29T23:50:46
2018-08-07,1.4939,1.5699,eastmoney_f10,2026-07-29T23:50:46
2018-08-08,1.4967,1.5727,eastmoney_f10,2026-07-29T23:50:46
2018-08-09,1.5105,1.5865,eastmoney_f10,2026-07-29T23:50:46
2018-08-10,1.4987,1.5747,eastmoney_f10,2026-07-29T23:50:46
2018-08-13,1.4808,1.5568,eastmoney_f10,2026-07-29T23:50:46
2018-08-14,1.4719,1.5479,eastmoney_f10,2026-07-29T23:50:46
2018-08-15,1.4521,1.5281,eastmoney_f10,2026-07-29T23:50:46
2018-08-16,1.4434,1.5194,eastmoney_f10,2026-07-29T23:50:46
2018-08-17,1.4484,1.5244,eastmoney_f10,2026-07-29T23:50:46
2018-08-20,1.4653,1.5413,eastmoney_f10,2026-07-29T23:50:46
2018-08-21,1.467,1.543,eastmoney_f10,2026-07-29T23:50:46
2018-08-22,1.4752,1.5512,eastmoney_f10,2026-07-29T23:50:46
2018-08-23,1.4697,1.5457,eastmoney_f10,2026-07-29T23:50:46
2018-08-24,1.4701,1.5461,eastmoney_f10,2026-07-29T23:50:46
2018-08-27,1.4985,1.5745,eastmoney_f10,2026-07-29T23:50:46
2018-08-28,1.4932,1.5692,eastmoney_f10,2026-07-29T23:50:46
2018-08-29,1.4972,1.5732,eastmoney_f10,2026-07-29T23:50:46
2018-08-30,1.4862,1.5622,eastmoney_f10,2026-07-29T23:50:46
2018-08-31,1.4739,1.5499,eastmoney_f10,2026-07-29T23:50:46
2018-09-03,1.468,1.544,eastmoney_f10,2026-07-29T23:50:46
2018-09-04,1.4785,1.5545,eastmoney_f10,2026-07-29T23:50:46
2018-09-05,1.4415,1.5175,eastmoney_f10,2026-07-29T23:50:46
2018-09-06,1.4281,1.5041,eastmoney_f10,2026-07-29T23:50:46
2018-09-07,1.4267,1.5027,eastmoney_f10,2026-07-29T23:50:46
2018-09-10,1.4118,1.4878,eastmoney_f10,2026-07-29T23:50:46
2018-09-11,1.4025,1.4785,eastmoney_f10,2026-07-29T23:50:46
2018-09-12,1.4003,1.4763,eastmoney_f10,2026-07-29T23:50:46
2018-09-13,1.435,1.511,eastmoney_f10,2026-07-29T23:50:46
2018-09-14,1.447,1.523,eastmoney_f10,2026-07-29T23:50:46
2018-09-17,1.4313,1.5073,eastmoney_f10,2026-07-29T23:50:46
2018-09-18,1.4409,1.5169,eastmoney_f10,2026-07-29T23:50:46
2018-09-19,1.4585,1.5345,eastmoney_f10,2026-07-29T23:50:46
2018-09-20,1.4616,1.5376,eastmoney_f10,2026-07-29T23:50:46
2018-09-21,1.4838,1.5598,eastmoney_f10,2026-07-29T23:50:46
2018-09-25,1.4662,1.5422,eastmoney_f10,2026-07-29T23:50:46
2018-09-26,1.4857,1.5617,eastmoney_f10,2026-07-29T23:50:46
2018-09-27,1.4826,1.5586,eastmoney_f10,2026-07-29T23:50:46
2018-09-28,1.4882,1.5642,eastmoney_f10,2026-07-29T23:50:46
2018-10-08,1.4025,1.4785,eastmoney_f10,2026-07-29T23:50:46
2018-10-09,1.403,1.479,eastmoney_f10,2026-07-29T23:50:46
2018-10-10,1.4046,1.4806,eastmoney_f10,2026-07-29T23:50:46
2018-10-11,1.3558,1.4318,eastmoney_f10,2026-07-29T23:50:46
2018-10-12,1.385,1.461,eastmoney_f10,2026-07-29T23:50:46
2018-10-15,1.3665,1.4425,eastmoney_f10,2026-07-29T23:50:46
2018-10-16,1.3667,1.4427,eastmoney_f10,2026-07-29T23:50:46
2018-10-17,1.3664,1.4424,eastmoney_f10,2026-07-29T23:50:46
2018-10-18,1.369,1.445,eastmoney_f10,2026-07-29T23:50:46
2018-10-19,1.3763,1.4523,eastmoney_f10,2026-07-29T23:50:46
2018-10-22,1.4054,1.4814,eastmoney_f10,2026-07-29T23:50:46
2018-10-23,1.3642,1.4402,eastmoney_f10,2026-07-29T23:50:46
2018-10-24,1.3592,1.4352,eastmoney_f10,2026-07-29T23:50:46
2018-10-25,1.3457,1.4217,eastmoney_f10,2026-07-29T23:50:46
2018-10-26,1.3327,1.4087,eastmoney_f10,2026-07-29T23:50:46
2018-10-29,1.3355,1.4115,eastmoney_f10,2026-07-29T23:50:46
2018-10-30,1.3266,1.4026,eastmoney_f10,2026-07-29T23:50:46
2018-10-31,1.3484,1.4244,eastmoney_f10,2026-07-29T23:50:46
2018-11-01,1.3726,1.4486,eastmoney_f10,2026-07-29T23:50:46
2018-11-02,1.4265,1.5025,eastmoney_f10,2026-07-29T23:50:46
2018-11-05,1.3909,1.4669,eastmoney_f10,2026-07-29T23:50:46
2018-11-06,1.4009,1.4769,eastmoney_f10,2026-07-29T23:50:46
2018-11-07,1.4028,1.4788,eastmoney_f10,2026-07-29T23:50:46
2018-11-08,1.4092,1.4852,eastmoney_f10,2026-07-29T23:50:46
2018-11-09,1.3779,1.4539,eastmoney_f10,2026-07-29T23:50:46
2018-11-12,1.3826,1.4586,eastmoney_f10,2026-07-29T23:50:46
2018-11-13,1.3943,1.4703,eastmoney_f10,2026-07-29T23:50:46
2018-11-14,1.3822,1.4582,eastmoney_f10,2026-07-29T23:50:46
2018-11-15,1.4069,1.4829,eastmoney_f10,2026-07-29T23:50:46
2018-11-16,1.4104,1.4864,eastmoney_f10,2026-07-29T23:50:46
2018-11-19,1.4181,1.4941,eastmoney_f10,2026-07-29T23:50:46
2018-11-20,1.39,1.466,eastmoney_f10,2026-07-29T23:50:46
2018-11-21,1.4001,1.4761,eastmoney_f10,2026-07-29T23:50:46
2018-11-22,1.4019,1.4779,eastmoney_f10,2026-07-29T23:50:46
2018-11-23,1.3961,1.4721,eastmoney_f10,2026-07-29T23:50:46
2018-11-26,1.4235,1.4995,eastmoney_f10,2026-07-29T23:50:46
2018-11-27,1.422,1.498,eastmoney_f10,2026-07-29T23:50:46
2018-11-28,1.4408,1.5168,eastmoney_f10,2026-07-29T23:50:46
2018-11-29,1.4259,1.5019,eastmoney_f10,2026-07-29T23:50:46
2018-11-30,1.4299,1.5059,eastmoney_f10,2026-07-29T23:50:46
2018-12-03,1.468,1.544,eastmoney_f10,2026-07-29T23:50:46
2018-12-04,1.4631,1.5391,eastmoney_f10,2026-07-29T23:50:46
2018-12-05,1.4318,1.5078,eastmoney_f10,2026-07-29T23:50:46
2018-12-06,1.3978,1.4738,eastmoney_f10,2026-07-29T23:50:46
2018-12-07,1.3947,1.4707,eastmoney_f10,2026-07-29T23:50:46
2018-12-10,1.3774,1.4534,eastmoney_f10,2026-07-29T23:50:46
2018-12-11,1.384,1.46,eastmoney_f10,2026-07-29T23:50:46
2018-12-12,1.4076,1.4836,eastmoney_f10,2026-07-29T23:50:46
2018-12-13,1.4202,1.4962,eastmoney_f10,2026-07-29T23:50:46
2018-12-14,1.3973,1.4733,eastmoney_f10,2026-07-29T23:50:46
2018-12-17,1.3995,1.4755,eastmoney_f10,2026-07-29T23:50:46
2018-12-18,1.3837,1.4597,eastmoney_f10,2026-07-29T23:50:46
2018-12-19,1.3858,1.4618,eastmoney_f10,2026-07-29T23:50:46
2018-12-20,1.3723,1.4483,eastmoney_f10,2026-07-29T23:50:46
2018-12-21,1.3773,1.4533,eastmoney_f10,2026-07-29T23:50:46
2018-12-24,1.3745,1.4505,eastmoney_f10,2026-07-29T23:50:46
2018-12-25,1.3728,1.4488,eastmoney_f10,2026-07-29T23:50:46
2018-12-26,1.3715,1.4475,eastmoney_f10,2026-07-29T23:50:46
2018-12-27,1.3633,1.4393,eastmoney_f10,2026-07-29T23:50:46
2018-12-28,1.3598,1.4358,eastmoney_f10,2026-07-29T23:50:46
2018-12-31,1.3777,1.4537,eastmoney_f10,2026-07-29T23:50:46
2019-01-02,1.3358,1.4118,eastmoney_f10,2026-07-29T23:50:46
2019-01-03,1.3356,1.4116,eastmoney_f10,2026-07-29T23:50:46
2019-01-04,1.3654,1.4414,eastmoney_f10,2026-07-29T23:50:46
2019-01-07,1.3748,1.4508,eastmoney_f10,2026-07-29T23:50:46
2019-01-08,1.3741,1.4501,eastmoney_f10,2026-07-29T23:50:46
2019-01-09,1.4075,1.4835,eastmoney_f10,2026-07-29T23:50:46
2019-01-10,1.4031,1.4791,eastmoney_f10,2026-07-29T23:50:46
2019-01-11,1.406,1.482,eastmoney_f10,2026-07-29T23:50:46
2019-01-14,1.3791,1.4551,eastmoney_f10,2026-07-29T23:50:46
2019-01-15,1.4059,1.4819,eastmoney_f10,2026-07-29T23:50:46
2019-01-16,1.4113,1.4873,eastmoney_f10,2026-07-29T23:50:46
2019-01-17,1.4033,1.4793,eastmoney_f10,2026-07-29T23:50:46
2019-01-18,1.4222,1.4982,eastmoney_f10,2026-07-29T23:50:46
2019-01-21,1.43,1.506,eastmoney_f10,2026-07-29T23:50:46
2019-01-22,1.421,1.497,eastmoney_f10,2026-07-29T23:50:46
2019-01-23,1.423,1.499,eastmoney_f10,2026-07-29T23:50:46
2019-01-24,1.4259,1.5019,eastmoney_f10,2026-07-29T23:50:46
2019-01-25,1.4522,1.5282,eastmoney_f10,2026-07-29T23:50:46
2019-01-28,1.4427,1.5187,eastmoney_f10,2026-07-29T23:50:46
2019-01-29,1.4381,1.5141,eastmoney_f10,2026-07-29T23:50:46
2019-01-30,1.444,1.52,eastmoney_f10,2026-07-29T23:50:46
2019-01-31,1.4537,1.5297,eastmoney_f10,2026-07-29T23:50:46
2019-02-01,1.4534,1.5294,eastmoney_f10,2026-07-29T23:50:46
2019-02-11,1.4727,1.5487,eastmoney_f10,2026-07-29T23:50:46
2019-02-12,1.4795,1.5555,eastmoney_f10,2026-07-29T23:50:46
2019-02-13,1.4943,1.5703,eastmoney_f10,2026-07-29T23:50:46
2019-02-14,1.4923,1.5683,eastmoney_f10,2026-07-29T23:50:46
2019-02-15,1.4619,1.5379,eastmoney_f10,2026-07-29T23:50:46
2019-02-18,1.4858,1.5618,eastmoney_f10,2026-07-29T23:50:46
2019-02-19,1.479,1.555,eastmoney_f10,2026-07-29T23:50:46
2019-02-20,1.4921,1.5681,eastmoney_f10,2026-07-29T23:50:46
2019-02-21,1.4937,1.5697,eastmoney_f10,2026-07-29T23:50:46
2019-02-22,1.502,1.578,eastmoney_f10,2026-07-29T23:50:46
2019-02-25,1.5086,1.5846,eastmoney_f10,2026-07-29T23:50:46
2019-02-26,1.4948,1.5708,eastmoney_f10,2026-07-29T23:50:46
2019-02-27,1.4916,1.5676,eastmoney_f10,2026-07-29T23:50:46
2019-02-28,1.4862,1.5622,eastmoney_f10,2026-07-29T23:50:46
2019-03-01,1.4963,1.5723,eastmoney_f10,2026-07-29T23:50:46
2019-03-04,1.5063,1.5823,eastmoney_f10,2026-07-29T23:50:46
2019-03-05,1.5052,1.5812,eastmoney_f10,2026-07-29T23:50:46
2019-03-06,1.5104,1.5864,eastmoney_f10,2026-07-29T23:50:46
2019-03-07,1.4981,1.5741,eastmoney_f10,2026-07-29T23:50:46
2019-03-08,1.4724,1.5484,eastmoney_f10,2026-07-29T23:50:46
2019-03-11,1.486,1.562,eastmoney_f10,2026-07-29T23:50:46
2019-03-12,1.5068,1.5828,eastmoney_f10,2026-07-29T23:50:46
2019-03-13,1.5007,1.5767,eastmoney_f10,2026-07-29T23:50:46
2019-03-14,1.5008,1.5768,eastmoney_f10,2026-07-29T23:50:46
2019-03-15,1.5126,1.5886,eastmoney_f10,2026-07-29T23:50:46
2019-03-18,1.5315,1.6075,eastmoney_f10,2026-07-29T23:50:46
2019-03-19,1.534,1.61,eastmoney_f10,2026-07-29T23:50:46
2019-03-20,1.5272,1.6032,eastmoney_f10,2026-07-29T23:50:46
2019-03-21,1.5089,1.5849,eastmoney_f10,2026-07-29T23:50:46
2019-03-22,1.5134,1.5894,eastmoney_f10,2026-07-29T23:50:46
2019-03-25,1.486,1.562,eastmoney_f10,2026-07-29T23:50:46
2019-03-26,1.4865,1.5625,eastmoney_f10,2026-07-29T23:50:46
2019-03-27,1.4967,1.5727,eastmoney_f10,2026-07-29T23:50:46
2019-03-28,1.5014,1.5774,eastmoney_f10,2026-07-29T23:50:46
2019-03-29,1.5175,1.5935,eastmoney_f10,2026-07-29T23:50:46
2019-04-01,1.5411,1.6171,eastmoney_f10,2026-07-29T23:50:46
2019-04-02,1.5441,1.6201,eastmoney_f10,2026-07-29T23:50:46
2019-04-03,1.5632,1.6392,eastmoney_f10,2026-07-29T23:50:46
2019-04-04,1.5579,1.6339,eastmoney_f10,2026-07-29T23:50:46
2019-04-08,1.5683,1.6443,eastmoney_f10,2026-07-29T23:50:46
2019-04-09,1.5719,1.6479,eastmoney_f10,2026-07-29T23:50:46
2019-04-10,1.5703,1.6463,eastmoney_f10,2026-07-29T23:50:46
2019-04-11,1.5552,1.6312,eastmoney_f10,2026-07-29T23:50:46
2019-04-12,1.5607,1.6367,eastmoney_f10,2026-07-29T23:50:46
2019-04-15,1.5533,1.6293,eastmoney_f10,2026-07-29T23:50:46
2019-04-16,1.5705,1.6465,eastmoney_f10,2026-07-29T23:50:46
2019-04-17,1.5694,1.6454,eastmoney_f10,2026-07-29T23:50:46
2019-04-18,1.556,1.632,eastmoney_f10,2026-07-29T23:50:46
2019-04-19,1.5591,1.6351,eastmoney_f10,2026-07-29T23:50:46
2019-04-22,1.5587,1.6347,eastmoney_f10,2026-07-29T23:50:46
2019-04-23,1.5598,1.6358,eastmoney_f10,2026-07-29T23:50:46
2019-04-24,1.5548,1.6308,eastmoney_f10,2026-07-29T23:50:46
2019-04-25,1.5437,1.6197,eastmoney_f10,2026-07-29T23:50:46
2019-04-26,1.5459,1.6219,eastmoney_f10,2026-07-29T23:50:46
2019-04-29,1.5611,1.6371,eastmoney_f10,2026-07-29T23:50:46
2019-04-30,1.5504,1.6264,eastmoney_f10,2026-07-29T23:50:46
2019-05-06,1.5258,1.6018,eastmoney_f10,2026-07-29T23:50:46
2019-05-07,1.5393,1.6153,eastmoney_f10,2026-07-29T23:50:46
2019-05-08,1.5197,1.5957,eastmoney_f10,2026-07-29T23:50:46
2019-05-09,1.4847,1.5607,eastmoney_f10,2026-07-29T23:50:46
2019-05-10,1.5026,1.5786,eastmoney_f10,2026-07-29T23:50:46
2019-05-13,1.5033,1.5793,eastmoney_f10,2026-07-29T23:50:46
2019-05-14,1.4889,1.5649,eastmoney_f10,2026-07-29T23:50:46
2019-05-15,1.5027,1.5787,eastmoney_f10,2026-07-29T23:50:46
2019-05-16,1.5053,1.5813,eastmoney_f10,2026-07-29T23:50:46
2019-05-17,1.4917,1.5677,eastmoney_f10,2026-07-29T23:50:46
2019-05-20,1.4869,1.5629,eastmoney_f10,2026-07-29T23:50:46
2019-05-21,1.4832,1.5592,eastmoney_f10,2026-07-29T23:50:46
2019-05-22,1.4859,1.5619,eastmoney_f10,2026-07-29T23:50:46
2019-05-23,1.4656,1.5416,eastmoney_f10,2026-07-29T23:50:46
2019-05-24,1.4706,1.5466,eastmoney_f10,2026-07-29T23:50:46
2019-05-27,1.4664,1.5424,eastmoney_f10,2026-07-29T23:50:46
2019-05-28,1.4728,1.5488,eastmoney_f10,2026-07-29T23:50:46
2019-05-29,1.4648,1.5408,eastmoney_f10,2026-07-29T23:50:46
2019-05-30,1.4592,1.5352,eastmoney_f10,2026-07-29T23:50:46
2019-05-31,1.4493,1.5253,eastmoney_f10,2026-07-29T23:50:46
2019-06-03,1.4484,1.5244,eastmoney_f10,2026-07-29T23:50:46
2019-06-04,1.4399,1.5159,eastmoney_f10,2026-07-29T23:50:46
2019-06-05,1.4497,1.5257,eastmoney_f10,2026-07-29T23:50:46
2019-06-06,1.4544,1.5304,eastmoney_f10,2026-07-29T23:50:46
2019-06-10,1.4869,1.5629,eastmoney_f10,2026-07-29T23:50:46
2019-06-11,1.4985,1.5745,eastmoney_f10,2026-07-29T23:50:46
2019-06-12,1.4744,1.5504,eastmoney_f10,2026-07-29T23:50:46
2019-06-13,1.4759,1.5519,eastmoney_f10,2026-07-29T23:50:46
2019-06-14,1.4646,1.5406,eastmoney_f10,2026-07-29T23:50:46
2019-06-17,1.4708,1.5468,eastmoney_f10,2026-07-29T23:50:46
2019-06-18,1.4853,1.5613,eastmoney_f10,2026-07-29T23:50:46
2019-06-19,1.5232,1.5992,eastmoney_f10,2026-07-29T23:50:46
2019-06-20,1.543,1.619,eastmoney_f10,2026-07-29T23:50:46
2019-06-21,1.5335,1.6095,eastmoney_f10,2026-07-29T23:50:46
2019-06-24,1.5354,1.6114,eastmoney_f10,2026-07-29T23:50:46
2019-06-25,1.5233,1.5993,eastmoney_f10,2026-07-29T23:50:46
2019-06-26,1.5278,1.6038,eastmoney_f10,2026-07-29T23:50:46
2019-06-27,1.5512,1.6272,eastmoney_f10,2026-07-29T23:50:46
2019-06-28,1.5452,1.6212,eastmoney_f10,2026-07-29T23:50:46
2019-06-30,1.5452,1.6212,eastmoney_f10,2026-07-29T23:50:46
2019-07-01,1.5457,1.6217,eastmoney_f10,2026-07-29T23:50:46
2019-07-02,1.5633,1.6393,eastmoney_f10,2026-07-29T23:50:46
2019-07-03,1.5682,1.6442,eastmoney_f10,2026-07-29T23:50:46
2019-07-04,1.5669,1.6429,eastmoney_f10,2026-07-29T23:50:46
2019-07-05,1.5666,1.6426,eastmoney_f10,2026-07-29T23:50:46
2019-07-08,1.5445,1.6205,eastmoney_f10,2026-07-29T23:50:46
2019-07-09,1.531,1.607,eastmoney_f10,2026-07-29T23:50:46
2019-07-10,1.5344,1.6104,eastmoney_f10,2026-07-29T23:50:46
2019-07-11,1.5414,1.6174,eastmoney_f10,2026-07-29T23:50:46
2019-07-12,1.5428,1.6188,eastmoney_f10,2026-07-29T23:50:46
2019-07-15,1.5458,1.6218,eastmoney_f10,2026-07-29T23:50:46
2019-07-16,1.5504,1.6264,eastmoney_f10,2026-07-29T23:50:46
2019-07-17,1.5538,1.6298,eastmoney_f10,2026-07-29T23:50:46
2019-07-18,1.5456,1.6216,eastmoney_f10,2026-07-29T23:50:46
2019-07-19,1.5593,1.6353,eastmoney_f10,2026-07-29T23:50:46
2019-07-22,1.5425,1.6185,eastmoney_f10,2026-07-29T23:50:46
2019-07-23,1.5472,1.6232,eastmoney_f10,2026-07-29T23:50:46
2019-07-24,1.5511,1.6271,eastmoney_f10,2026-07-29T23:50:46
2019-07-25,1.5514,1.6274,eastmoney_f10,2026-07-29T23:50:46
2019-07-26,1.5418,1.6178,eastmoney_f10,2026-07-29T23:50:46
2019-07-29,1.5259,1.6019,eastmoney_f10,2026-07-29T23:50:46
2019-07-30,1.5283,1.6043,eastmoney_f10,2026-07-29T23:50:46
2019-07-31,1.5071,1.5831,eastmoney_f10,2026-07-29T23:50:46
2019-08-01,1.4965,1.5725,eastmoney_f10,2026-07-29T23:50:46
2019-08-02,1.4641,1.5401,eastmoney_f10,2026-07-29T23:50:46
2019-08-05,1.4257,1.5017,eastmoney_f10,2026-07-29T23:50:46
2019-08-06,1.4227,1.4987,eastmoney_f10,2026-07-29T23:50:46
2019-08-07,1.4309,1.5069,eastmoney_f10,2026-07-29T23:50:46
2019-08-08,1.4378,1.5138,eastmoney_f10,2026-07-29T23:50:46
2019-08-09,1.4296,1.5056,eastmoney_f10,2026-07-29T23:50:46
2019-08-12,1.4236,1.4996,eastmoney_f10,2026-07-29T23:50:46
2019-08-13,1.3956,1.4716,eastmoney_f10,2026-07-29T23:50:46
2019-08-14,1.396,1.472,eastmoney_f10,2026-07-29T23:50:46
2019-08-15,1.4088,1.4848,eastmoney_f10,2026-07-29T23:50:46
2019-08-16,1.4224,1.4984,eastmoney_f10,2026-07-29T23:50:46
2019-08-19,1.4534,1.5294,eastmoney_f10,2026-07-29T23:50:46
2019-08-20,1.452,1.528,eastmoney_f10,2026-07-29T23:50:46
2019-08-21,1.454,1.53,eastmoney_f10,2026-07-29T23:50:46
2019-08-22,1.4429,1.5189,eastmoney_f10,2026-07-29T23:50:46
2019-08-23,1.4525,1.5285,eastmoney_f10,2026-07-29T23:50:46
2019-08-26,1.4241,1.5001,eastmoney_f10,2026-07-29T23:50:46
2019-08-27,1.4274,1.5034,eastmoney_f10,2026-07-29T23:50:46
2019-08-28,1.4236,1.4996,eastmoney_f10,2026-07-29T23:50:46
2019-08-29,1.4306,1.5066,eastmoney_f10,2026-07-29T23:50:46
2019-08-30,1.4312,1.5072,eastmoney_f10,2026-07-29T23:50:46
2019-09-02,1.4267,1.5027,eastmoney_f10,2026-07-29T23:50:46
2019-09-03,1.4213,1.4973,eastmoney_f10,2026-07-29T23:50:46
2019-09-04,1.4767,1.5527,eastmoney_f10,2026-07-29T23:50:46
2019-09-05,1.4762,1.5522,eastmoney_f10,2026-07-29T23:50:46
2019-09-06,1.4863,1.5623,eastmoney_f10,2026-07-29T23:50:46
2019-09-09,1.4858,1.5618,eastmoney_f10,2026-07-29T23:50:46
2019-09-10,1.4861,1.5621,eastmoney_f10,2026-07-29T23:50:46
2019-09-11,1.5121,1.5881,eastmoney_f10,2026-07-29T23:50:46
2019-09-12,1.5104,1.5864,eastmoney_f10,2026-07-29T23:50:46
2019-09-16,1.5104,1.5864,eastmoney_f10,2026-07-29T23:50:46
2019-09-17,1.4954,1.5714,eastmoney_f10,2026-07-29T23:50:46
2019-09-18,1.4918,1.5678,eastmoney_f10,2026-07-29T23:50:46
2019-09-19,1.4755,1.5515,eastmoney_f10,2026-07-29T23:50:46
2019-09-20,1.4733,1.5493,eastmoney_f10,2026-07-29T23:50:46
2019-09-23,1.4598,1.5358,eastmoney_f10,2026-07-29T23:50:46
2019-09-24,1.4637,1.5397,eastmoney_f10,2026-07-29T23:50:46
2019-09-25,1.4439,1.5199,eastmoney_f10,2026-07-29T23:50:46
2019-09-26,1.4493,1.5253,eastmoney_f10,2026-07-29T23:50:46
2019-09-27,1.444,1.52,eastmoney_f10,2026-07-29T23:50:46
2019-09-30,1.4512,1.5272,eastmoney_f10,2026-07-29T23:50:46
2019-10-08,1.4397,1.5157,eastmoney_f10,2026-07-29T23:50:46
2019-10-09,1.4275,1.5035,eastmoney_f10,2026-07-29T23:50:46
2019-10-10,1.431,1.507,eastmoney_f10,2026-07-29T23:50:46
2019-10-11,1.4647,1.5407,eastmoney_f10,2026-07-29T23:50:46
2019-10-14,1.4753,1.5513,eastmoney_f10,2026-07-29T23:50:46
2019-10-15,1.4737,1.5497,eastmoney_f10,2026-07-29T23:50:46
2019-10-16,1.4831,1.5591,eastmoney_f10,2026-07-29T23:50:46
2019-10-17,1.4947,1.5707,eastmoney_f10,2026-07-29T23:50:46
2019-10-18,1.4855,1.5615,eastmoney_f10,2026-07-29T23:50:46
2019-10-21,1.4858,1.5618,eastmoney_f10,2026-07-29T23:50:46
2019-10-22,1.4884,1.5644,eastmoney_f10,2026-07-29T23:50:46
2019-10-23,1.4774,1.5534,eastmoney_f10,2026-07-29T23:50:46
2019-10-24,1.4904,1.5664,eastmoney_f10,2026-07-29T23:50:46
2019-10-25,1.4841,1.5601,eastmoney_f10,2026-07-29T23:50:46
2019-10-28,1.4966,1.5726,eastmoney_f10,2026-07-29T23:50:46
2019-10-29,1.4871,1.5631,eastmoney_f10,2026-07-29T23:50:46
2019-10-30,1.4799,1.5559,eastmoney_f10,2026-07-29T23:50:46
2019-10-31,1.4931,1.5691,eastmoney_f10,2026-07-29T23:50:46
2019-11-01,1.5018,1.5778,eastmoney_f10,2026-07-29T23:50:46
2019-11-04,1.5247,1.6007,eastmoney_f10,2026-07-29T23:50:46
2019-11-05,1.532,1.608,eastmoney_f10,2026-07-29T23:50:46
2019-11-06,1.5274,1.6034,eastmoney_f10,2026-07-29T23:50:46
2019-11-07,1.5358,1.6118,eastmoney_f10,2026-07-29T23:50:46
2019-11-08,1.5238,1.5998,eastmoney_f10,2026-07-29T23:50:46
2019-11-11,1.4832,1.5592,eastmoney_f10,2026-07-29T23:50:46
2019-11-12,1.4912,1.5672,eastmoney_f10,2026-07-29T23:50:46
2019-11-13,1.4646,1.5406,eastmoney_f10,2026-07-29T23:50:46
2019-11-14,1.4522,1.5282,eastmoney_f10,2026-07-29T23:50:46
2019-11-15,1.4521,1.5281,eastmoney_f10,2026-07-29T23:50:46
2019-11-18,1.4711,1.5471,eastmoney_f10,2026-07-29T23:50:46
2019-11-19,1.4937,1.5697,eastmoney_f10,2026-07-29T23:50:46
2019-11-20,1.4839,1.5599,eastmoney_f10,2026-07-29T23:50:46
2019-11-21,1.4633,1.5393,eastmoney_f10,2026-07-29T23:50:46
2019-11-22,1.4729,1.5489,eastmoney_f10,2026-07-29T23:50:46
2019-11-25,1.496,1.572,eastmoney_f10,2026-07-29T23:50:46
2019-11-26,1.4909,1.5669,eastmoney_f10,2026-07-29T23:50:46
2019-11-27,1.4928,1.5688,eastmoney_f10,2026-07-29T23:50:46
2019-11-28,1.4875,1.5635,eastmoney_f10,2026-07-29T23:50:46
2019-11-29,1.4579,1.5339,eastmoney_f10,2026-07-29T23:50:46
2019-12-02,1.4631,1.5391,eastmoney_f10,2026-07-29T23:50:46
2019-12-03,1.4587,1.5347,eastmoney_f10,2026-07-29T23:50:46
2019-12-04,1.4437,1.5197,eastmoney_f10,2026-07-29T23:50:46
2019-12-05,1.455,1.531,eastmoney_f10,2026-07-29T23:50:46
2019-12-06,1.4678,1.5438,eastmoney_f10,2026-07-29T23:50:46
2019-12-09,1.4676,1.5436,eastmoney_f10,2026-07-29T23:50:46
2019-12-10,1.4644,1.5404,eastmoney_f10,2026-07-29T23:50:46
2019-12-11,1.4762,1.5522,eastmoney_f10,2026-07-29T23:50:46
2019-12-12,1.4959,1.5719,eastmoney_f10,2026-07-29T23:50:46
2019-12-13,1.5328,1.6088,eastmoney_f10,2026-07-29T23:50:46
2019-12-16,1.52,1.596,eastmoney_f10,2026-07-29T23:50:46
2019-12-17,1.5402,1.6162,eastmoney_f10,2026-07-29T23:50:46
2019-12-18,1.5435,1.6195,eastmoney_f10,2026-07-29T23:50:46
2019-12-19,1.5394,1.6154,eastmoney_f10,2026-07-29T23:50:46
2019-12-20,1.5418,1.6178,eastmoney_f10,2026-07-29T23:50:46
2019-12-23,1.545,1.621,eastmoney_f10,2026-07-29T23:50:46
2019-12-24,1.5453,1.6213,eastmoney_f10,2026-07-29T23:50:46
2019-12-25,1.5437,1.6197,eastmoney_f10,2026-07-29T23:50:46
2019-12-26,1.5378,1.6138,eastmoney_f10,2026-07-29T23:50:46
2019-12-27,1.5596,1.6356,eastmoney_f10,2026-07-29T23:50:46
2019-12-30,1.5629,1.6389,eastmoney_f10,2026-07-29T23:50:46
2019-12-31,1.5552,1.6312,eastmoney_f10,2026-07-29T23:50:46
2020-01-02,1.5704,1.6464,eastmoney_f10,2026-07-29T23:50:46
2020-01-03,1.5671,1.6431,eastmoney_f10,2026-07-29T23:50:46
2020-01-06,1.5567,1.6327,eastmoney_f10,2026-07-29T23:50:46
2020-01-07,1.5632,1.6392,eastmoney_f10,2026-07-29T23:50:46
2020-01-08,1.5449,1.6209,eastmoney_f10,2026-07-29T23:50:46
2020-01-09,1.5717,1.6477,eastmoney_f10,2026-07-29T23:50:46
2020-01-10,1.5749,1.6509,eastmoney_f10,2026-07-29T23:50:46
2020-01-13,1.5899,1.6659,eastmoney_f10,2026-07-29T23:50:46
2020-01-14,1.5772,1.6532,eastmoney_f10,2026-07-29T23:50:46
2020-01-15,1.5683,1.6443,eastmoney_f10,2026-07-29T23:50:46
2020-01-16,1.5751,1.6511,eastmoney_f10,2026-07-29T23:50:46
2020-01-17,1.5856,1.6616,eastmoney_f10,2026-07-29T23:50:46
2020-01-20,1.5669,1.6429,eastmoney_f10,2026-07-29T23:50:46
2020-01-21,1.5211,1.5971,eastmoney_f10,2026-07-29T23:50:46
2020-01-22,1.5463,1.6223,eastmoney_f10,2026-07-29T23:50:46
2020-01-23,1.522,1.598,eastmoney_f10,2026-07-29T23:50:46
2020-02-03,1.4471,1.5231,eastmoney_f10,2026-07-29T23:50:46
2020-02-04,1.4763,1.5523,eastmoney_f10,2026-07-29T23:50:46
2020-02-05,1.4823,1.5583,eastmoney_f10,2026-07-29T23:50:46
2020-02-06,1.5252,1.6012,eastmoney_f10,2026-07-29T23:50:46
2020-02-07,1.5156,1.5916,eastmoney_f10,2026-07-29T23:50:46
2020-02-10,1.5081,1.5841,eastmoney_f10,2026-07-29T23:50:46
2020-02-11,1.5285,1.6045,eastmoney_f10,2026-07-29T23:50:46
2020-02-12,1.5378,1.6138,eastmoney_f10,2026-07-29T23:50:46
2020-02-13,1.533,1.609,eastmoney_f10,2026-07-29T23:50:46
2020-02-14,1.5396,1.6156,eastmoney_f10,2026-07-29T23:50:46
2020-02-17,1.5459,1.6219,eastmoney_f10,2026-07-29T23:50:46
2020-02-18,1.5229,1.5989,eastmoney_f10,2026-07-29T23:50:46
2020-02-19,1.5335,1.6095,eastmoney_f10,2026-07-29T23:50:46
2020-02-20,1.53,1.606,eastmoney_f10,2026-07-29T23:50:46
2020-02-21,1.5156,1.5916,eastmoney_f10,2026-07-29T23:50:46
2020-02-24,1.4869,1.5629,eastmoney_f10,2026-07-29T23:50:46
2020-02-25,1.4909,1.5669,eastmoney_f10,2026-07-29T23:50:46
2020-02-26,1.4779,1.5539,eastmoney_f10,2026-07-29T23:50:46
2020-02-27,1.4874,1.5634,eastmoney_f10,2026-07-29T23:50:46
2020-02-28,1.4486,1.5246,eastmoney_f10,2026-07-29T23:50:46
2020-03-02,1.4526,1.5286,eastmoney_f10,2026-07-29T23:50:46
2020-03-03,1.4488,1.5248,eastmoney_f10,2026-07-29T23:50:46
2020-03-04,1.4467,1.5227,eastmoney_f10,2026-07-29T23:50:46
2020-03-05,1.4739,1.5499,eastmoney_f10,2026-07-29T23:50:46
2020-03-06,1.4381,1.5141,eastmoney_f10,2026-07-29T23:50:46
2020-03-09,1.3758,1.4518,eastmoney_f10,2026-07-29T23:50:46
2020-03-10,1.3977,1.4737,eastmoney_f10,2026-07-29T23:50:46
2020-03-11,1.3934,1.4694,eastmoney_f10,2026-07-29T23:50:46
2020-03-12,1.342,1.418,eastmoney_f10,2026-07-29T23:50:46
2020-03-13,1.3329,1.4089,eastmoney_f10,2026-07-29T23:50:46
2020-03-16,1.2812,1.3572,eastmoney_f10,2026-07-29T23:50:46
2020-03-17,1.2922,1.3682,eastmoney_f10,2026-07-29T23:50:46
2020-03-18,1.2435,1.3195,eastmoney_f10,2026-07-29T23:50:46
2020-03-19,1.2141,1.2901,eastmoney_f10,2026-07-29T23:50:46
2020-03-20,1.286,1.362,eastmoney_f10,2026-07-29T23:50:46
2020-03-23,1.2191,1.2951,eastmoney_f10,2026-07-29T23:50:46
2020-03-24,1.2763,1.3523,eastmoney_f10,2026-07-29T23:50:46
2020-03-25,1.3207,1.3967,eastmoney_f10,2026-07-29T23:50:46
2020-03-26,1.3083,1.3843,eastmoney_f10,2026-07-29T23:50:46
2020-03-27,1.3123,1.3883,eastmoney_f10,2026-07-29T23:50:46
2020-03-30,1.2945,1.3705,eastmoney_f10,2026-07-29T23:50:46
2020-03-31,1.3266,1.4026,eastmoney_f10,2026-07-29T23:50:46
2020-04-01,1.2931,1.3691,eastmoney_f10,2026-07-29T23:50:46
2020-04-02,1.3088,1.3848,eastmoney_f10,2026-07-29T23:50:46
2020-04-03,1.3082,1.3842,eastmoney_f10,2026-07-29T23:50:46
2020-04-07,1.363,1.439,eastmoney_f10,2026-07-29T23:50:46
2020-04-08,1.3374,1.4134,eastmoney_f10,2026-07-29T23:50:46
2020-04-09,1.3573,1.4333,eastmoney_f10,2026-07-29T23:50:46
2020-04-10,1.3538,1.4298,eastmoney_f10,2026-07-29T23:50:46
2020-04-13,1.3527,1.4287,eastmoney_f10,2026-07-29T23:50:46
2020-04-14,1.3624,1.4384,eastmoney_f10,2026-07-29T23:50:46
2020-04-15,1.3461,1.4221,eastmoney_f10,2026-07-29T23:50:46
2020-04-16,1.3442,1.4202,eastmoney_f10,2026-07-29T23:50:46
2020-04-17,1.3653,1.4413,eastmoney_f10,2026-07-29T23:50:46
2020-04-20,1.3612,1.4372,eastmoney_f10,2026-07-29T23:50:46
2020-04-21,1.3328,1.4088,eastmoney_f10,2026-07-29T23:50:46
2020-04-22,1.3412,1.4172,eastmoney_f10,2026-07-29T23:50:46
2020-04-23,1.3456,1.4216,eastmoney_f10,2026-07-29T23:50:46
2020-04-24,1.3357,1.4117,eastmoney_f10,2026-07-29T23:50:46
2020-04-27,1.3591,1.4351,eastmoney_f10,2026-07-29T23:50:46
2020-04-28,1.3759,1.4519,eastmoney_f10,2026-07-29T23:50:46
2020-04-29,1.379,1.455,eastmoney_f10,2026-07-29T23:50:46
2020-04-30,1.3766,1.4526,eastmoney_f10,2026-07-29T23:50:46
2020-05-06,1.3503,1.4263,eastmoney_f10,2026-07-29T23:50:46
2020-05-07,1.3458,1.4218,eastmoney_f10,2026-07-29T23:50:46
2020-05-08,1.3583,1.4343,eastmoney_f10,2026-07-29T23:50:46
2020-05-11,1.3786,1.4546,eastmoney_f10,2026-07-29T23:50:46
2020-05-12,1.3615,1.4375,eastmoney_f10,2026-07-29T23:50:46
2020-05-13,1.3571,1.4331,eastmoney_f10,2026-07-29T23:50:46
2020-05-14,1.3384,1.4144,eastmoney_f10,2026-07-29T23:50:46
2020-05-15,1.3366,1.4126,eastmoney_f10,2026-07-29T23:50:46
2020-05-18,1.3471,1.4231,eastmoney_f10,2026-07-29T23:50:46
2020-05-19,1.3716,1.4476,eastmoney_f10,2026-07-29T23:50:46
2020-05-20,1.3737,1.4497,eastmoney_f10,2026-07-29T23:50:46
2020-05-21,1.3644,1.4404,eastmoney_f10,2026-07-29T23:50:46
2020-05-22,1.2887,1.3647,eastmoney_f10,2026-07-29T23:50:46
2020-05-25,1.2963,1.3723,eastmoney_f10,2026-07-29T23:50:46
2020-05-26,1.3226,1.3986,eastmoney_f10,2026-07-29T23:50:46
2020-05-27,1.3138,1.3898,eastmoney_f10,2026-07-29T23:50:46
2020-05-28,1.308,1.384,eastmoney_f10,2026-07-29T23:50:46
2020-05-29,1.2991,1.3751,eastmoney_f10,2026-07-29T23:50:46
2020-06-01,1.3433,1.4193,eastmoney_f10,2026-07-29T23:50:46
2020-06-02,1.3568,1.4328,eastmoney_f10,2026-07-29T23:50:46
2020-06-03,1.3751,1.4511,eastmoney_f10,2026-07-29T23:50:46
2020-06-04,1.3778,1.4538,eastmoney_f10,2026-07-29T23:50:46
2020-06-05,1.4,1.476,eastmoney_f10,2026-07-29T23:50:46
2020-06-08,1.3986,1.4746,eastmoney_f10,2026-07-29T23:50:46
2020-06-09,1.4109,1.4869,eastmoney_f10,2026-07-29T23:50:46
2020-06-10,1.4113,1.4873,eastmoney_f10,2026-07-29T23:50:46
2020-06-11,1.3771,1.4531,eastmoney_f10,2026-07-29T23:50:46
2020-06-12,1.3722,1.4482,eastmoney_f10,2026-07-29T23:50:46
2020-06-15,1.3433,1.4193,eastmoney_f10,2026-07-29T23:50:46
2020-06-16,1.373,1.449,eastmoney_f10,2026-07-29T23:50:46
2020-06-17,1.3825,1.4585,eastmoney_f10,2026-07-29T23:50:46
2020-06-18,1.3823,1.4583,eastmoney_f10,2026-07-29T23:50:46
2020-06-19,1.393,1.469,eastmoney_f10,2026-07-29T23:50:46
2020-06-22,1.3871,1.4631,eastmoney_f10,2026-07-29T23:50:46
2020-06-23,1.4066,1.4826,eastmoney_f10,2026-07-29T23:50:46
2020-06-24,1.3968,1.4728,eastmoney_f10,2026-07-29T23:50:46
2020-06-29,1.3741,1.4501,eastmoney_f10,2026-07-29T23:50:46
2020-06-30,1.3814,1.4574,eastmoney_f10,2026-07-29T23:50:46
2020-07-01,1.3798,1.4558,eastmoney_f10,2026-07-29T23:50:46
2020-07-02,1.4225,1.4985,eastmoney_f10,2026-07-29T23:50:46
2020-07-03,1.4372,1.5132,eastmoney_f10,2026-07-29T23:50:46
2020-07-06,1.493,1.569,eastmoney_f10,2026-07-29T23:50:46
2020-07-07,1.4683,1.5443,eastmoney_f10,2026-07-29T23:50:46
2020-07-08,1.4738,1.5498,eastmoney_f10,2026-07-29T23:50:46
2020-07-09,1.4765,1.5525,eastmoney_f10,2026-07-29T23:50:46
2020-07-10,1.4462,1.5222,eastmoney_f10,2026-07-29T23:50:46
2020-07-13,1.4486,1.5246,eastmoney_f10,2026-07-29T23:50:46
2020-07-14,1.4333,1.5093,eastmoney_f10,2026-07-29T23:50:46
2020-07-15,1.4328,1.5088,eastmoney_f10,2026-07-29T23:50:46
2020-07-16,1.4018,1.4778,eastmoney_f10,2026-07-29T23:50:46
2020-07-17,1.4114,1.4874,eastmoney_f10,2026-07-29T23:50:46
2020-07-20,1.4067,1.4827,eastmoney_f10,2026-07-29T23:50:46
2020-07-21,1.4383,1.5143,eastmoney_f10,2026-07-29T23:50:46
2020-07-22,1.4037,1.4797,eastmoney_f10,2026-07-29T23:50:46
2020-07-23,1.4184,1.4944,eastmoney_f10,2026-07-29T23:50:46
2020-07-24,1.3876,1.4636,eastmoney_f10,2026-07-29T23:50:46
2020-07-27,1.3838,1.4598,eastmoney_f10,2026-07-29T23:50:46
2020-07-28,1.3906,1.4666,eastmoney_f10,2026-07-29T23:50:46
2020-07-29,1.3983,1.4743,eastmoney_f10,2026-07-29T23:50:46
2020-07-30,1.3871,1.4631,eastmoney_f10,2026-07-29T23:50:46
2020-07-31,1.3798,1.4558,eastmoney_f10,2026-07-29T23:50:46
2020-08-03,1.3743,1.4503,eastmoney_f10,2026-07-29T23:50:46
2020-08-04,1.3986,1.4746,eastmoney_f10,2026-07-29T23:50:46
2020-08-05,1.406,1.482,eastmoney_f10,2026-07-29T23:50:46
2020-08-06,1.39,1.466,eastmoney_f10,2026-07-29T23:50:46
2020-08-07,1.367,1.443,eastmoney_f10,2026-07-29T23:50:46
2020-08-10,1.3636,1.4396,eastmoney_f10,2026-07-29T23:50:46
2020-08-11,1.3934,1.4694,eastmoney_f10,2026-07-29T23:50:46
2020-08-12,1.4109,1.4869,eastmoney_f10,2026-07-29T23:50:46
2020-08-13,1.4062,1.4822,eastmoney_f10,2026-07-29T23:50:46
2020-08-14,1.4033,1.4793,eastmoney_f10,2026-07-29T23:50:46
2020-08-17,1.4118,1.4878,eastmoney_f10,2026-07-29T23:50:46
2020-08-18,1.4125,1.4885,eastmoney_f10,2026-07-29T23:50:46
2020-08-19,1.3989,1.4749,eastmoney_f10,2026-07-29T23:50:46
2020-08-20,1.3792,1.4552,eastmoney_f10,2026-07-29T23:50:46
2020-08-21,1.3943,1.4703,eastmoney_f10,2026-07-29T23:50:46
2020-08-24,1.4202,1.4962,eastmoney_f10,2026-07-29T23:50:46
2020-08-25,1.4165,1.4925,eastmoney_f10,2026-07-29T23:50:46
2020-08-26,1.4145,1.4905,eastmoney_f10,2026-07-29T23:50:46
2020-08-27,1.4007,1.4767,eastmoney_f10,2026-07-29T23:50:46
2020-08-28,1.4092,1.4852,eastmoney_f10,2026-07-29T23:50:46
2020-08-31,1.3906,1.4666,eastmoney_f10,2026-07-29T23:50:46
2020-09-01,1.3902,1.4662,eastmoney_f10,2026-07-29T23:50:46
2020-09-02,1.3854,1.4614,eastmoney_f10,2026-07-29T23:50:46
2020-09-03,1.3754,1.4514,eastmoney_f10,2026-07-29T23:50:46
2020-09-04,1.3587,1.4347,eastmoney_f10,2026-07-29T23:50:46
2020-09-07,1.3537,1.4297,eastmoney_f10,2026-07-29T23:50:46
2020-09-08,1.3549,1.4309,eastmoney_f10,2026-07-29T23:50:46
2020-09-09,1.3479,1.4239,eastmoney_f10,2026-07-29T23:50:46
2020-09-10,1.3376,1.4136,eastmoney_f10,2026-07-29T23:50:46
2020-09-11,1.3493,1.4253,eastmoney_f10,2026-07-29T23:50:46
2020-09-14,1.356,1.432,eastmoney_f10,2026-07-29T23:50:46
2020-09-15,1.3593,1.4353,eastmoney_f10,2026-07-29T23:50:46
2020-09-16,1.3521,1.4281,eastmoney_f10,2026-07-29T23:50:46
2020-09-17,1.3283,1.4043,eastmoney_f10,2026-07-29T23:50:46
2020-09-18,1.3332,1.4092,eastmoney_f10,2026-07-29T23:50:46
2020-09-21,1.3055,1.3815,eastmoney_f10,2026-07-29T23:50:46
2020-09-22,1.2977,1.3737,eastmoney_f10,2026-07-29T23:50:46
2020-09-23,1.3013,1.3773,eastmoney_f10,2026-07-29T23:50:46
2020-09-24,1.2784,1.3544,eastmoney_f10,2026-07-29T23:50:46
2020-09-25,1.2757,1.3517,eastmoney_f10,2026-07-29T23:50:46
2020-09-28,1.2911,1.3671,eastmoney_f10,2026-07-29T23:50:46
2020-09-29,1.2793,1.3553,eastmoney_f10,2026-07-29T23:50:46
2020-09-30,1.288,1.364,eastmoney_f10,2026-07-29T23:50:46
2020-10-09,1.3182,1.3942,eastmoney_f10,2026-07-29T23:50:46
2020-10-12,1.3353,1.4113,eastmoney_f10,2026-07-29T23:50:46
2020-10-13,1.3384,1.4144,eastmoney_f10,2026-07-29T23:50:46
2020-10-14,1.3423,1.4183,eastmoney_f10,2026-07-29T23:50:46
2020-10-15,1.3128,1.3888,eastmoney_f10,2026-07-29T23:50:46
2020-10-16,1.3247,1.4007,eastmoney_f10,2026-07-29T23:50:46
2020-10-19,1.3273,1.4033,eastmoney_f10,2026-07-29T23:50:46
2020-10-20,1.3269,1.4029,eastmoney_f10,2026-07-29T23:50:46
2020-10-21,1.3338,1.4098,eastmoney_f10,2026-07-29T23:50:46
2020-10-22,1.3323,1.4083,eastmoney_f10,2026-07-29T23:50:46
2020-10-23,1.3417,1.4177,eastmoney_f10,2026-07-29T23:50:46
2020-10-26,1.3421,1.4181,eastmoney_f10,2026-07-29T23:50:46
2020-10-27,1.3394,1.4154,eastmoney_f10,2026-07-29T23:50:46
2020-10-28,1.3387,1.4147,eastmoney_f10,2026-07-29T23:50:46
2020-10-29,1.3334,1.4094,eastmoney_f10,2026-07-29T23:50:46
2020-10-30,1.3074,1.3834,eastmoney_f10,2026-07-29T23:50:46
2020-11-02,1.3221,1.3981,eastmoney_f10,2026-07-29T23:50:46
2020-11-03,1.348,1.424,eastmoney_f10,2026-07-29T23:50:46
2020-11-04,1.3411,1.4171,eastmoney_f10,2026-07-29T23:50:46
2020-11-05,1.3872,1.4632,eastmoney_f10,2026-07-29T23:50:46
2020-11-06,1.3759,1.4519,eastmoney_f10,2026-07-29T23:50:46
2020-11-09,1.3893,1.4653,eastmoney_f10,2026-07-29T23:50:46
2020-11-10,1.4001,1.4761,eastmoney_f10,2026-07-29T23:50:46
2020-11-11,1.3983,1.4743,eastmoney_f10,2026-07-29T23:50:46
2020-11-12,1.3985,1.4745,eastmoney_f10,2026-07-29T23:50:46
2020-11-13,1.3986,1.4746,eastmoney_f10,2026-07-29T23:50:46
2020-11-16,1.4056,1.4816,eastmoney_f10,2026-07-29T23:50:46
2020-11-17,1.4015,1.4775,eastmoney_f10,2026-07-29T23:50:46
2020-11-18,1.405,1.481,eastmoney_f10,2026-07-29T23:50:46
2020-11-19,1.3931,1.4691,eastmoney_f10,2026-07-29T23:50:46
2020-11-20,1.4042,1.4802,eastmoney_f10,2026-07-29T23:50:46
2020-11-23,1.4048,1.4808,eastmoney_f10,2026-07-29T23:50:46
2020-11-24,1.4122,1.4882,eastmoney_f10,2026-07-29T23:50:46
2020-11-25,1.4151,1.4911,eastmoney_f10,2026-07-29T23:50:46
2020-11-26,1.4238,1.4998,eastmoney_f10,2026-07-29T23:50:46
2020-11-27,1.4275,1.5035,eastmoney_f10,2026-07-29T23:50:46
2020-11-30,1.3989,1.4749,eastmoney_f10,2026-07-29T23:50:46
2020-12-01,1.4131,1.4891,eastmoney_f10,2026-07-29T23:50:46
2020-12-02,1.4049,1.4809,eastmoney_f10,2026-07-29T23:50:46
2020-12-03,1.4149,1.4909,eastmoney_f10,2026-07-29T23:50:46
2020-12-04,1.4183,1.4943,eastmoney_f10,2026-07-29T23:50:46
2020-12-07,1.3974,1.4734,eastmoney_f10,2026-07-29T23:50:46
2020-12-08,1.3861,1.4621,eastmoney_f10,2026-07-29T23:50:46
2020-12-09,1.3965,1.4725,eastmoney_f10,2026-07-29T23:50:46
2020-12-10,1.3946,1.4706,eastmoney_f10,2026-07-29T23:50:46
2020-12-11,1.3981,1.4741,eastmoney_f10,2026-07-29T23:50:46
2020-12-14,1.3911,1.4671,eastmoney_f10,2026-07-29T23:50:46
2020-12-15,1.3831,1.4591,eastmoney_f10,2026-07-29T23:50:46
2020-12-16,1.3951,1.4711,eastmoney_f10,2026-07-29T23:50:46
2020-12-17,1.4063,1.4823,eastmoney_f10,2026-07-29T23:50:46
2020-12-18,1.3958,1.4718,eastmoney_f10,2026-07-29T23:50:46
2020-12-21,1.3895,1.4655,eastmoney_f10,2026-07-29T23:50:46
2020-12-22,1.377,1.453,eastmoney_f10,2026-07-29T23:50:46
2020-12-23,1.3922,1.4682,eastmoney_f10,2026-07-29T23:50:46
2020-12-24,1.3907,1.4667,eastmoney_f10,2026-07-29T23:50:46
2020-12-25,1.39,1.466,eastmoney_f10,2026-07-29T23:50:46
2020-12-28,1.3843,1.4603,eastmoney_f10,2026-07-29T23:50:46
2020-12-29,1.4018,1.4778,eastmoney_f10,2026-07-29T23:50:46
2020-12-30,1.4301,1.5061,eastmoney_f10,2026-07-29T23:50:46
2020-12-31,1.4322,1.5082,eastmoney_f10,2026-07-29T23:50:46
2021-01-04,1.4482,1.5242,eastmoney_f10,2026-07-29T23:50:46
2021-01-05,1.4433,1.5193,eastmoney_f10,2026-07-29T23:50:46
2021-01-06,1.4423,1.5183,eastmoney_f10,2026-07-29T23:50:46
2021-01-07,1.435,1.511,eastmoney_f10,2026-07-29T23:50:46
2021-01-08,1.4539,1.5299,eastmoney_f10,2026-07-29T23:50:46
2021-01-11,1.457,1.533,eastmoney_f10,2026-07-29T23:50:46
2021-01-12,1.4771,1.5531,eastmoney_f10,2026-07-29T23:50:46
2021-01-13,1.4703,1.5463,eastmoney_f10,2026-07-29T23:50:46
2021-01-14,1.4869,1.5629,eastmoney_f10,2026-07-29T23:50:46
2021-01-15,1.4886,1.5646,eastmoney_f10,2026-07-29T23:50:46
2021-01-18,1.5081,1.5841,eastmoney_f10,2026-07-29T23:50:46
2021-01-19,1.5497,1.6257,eastmoney_f10,2026-07-29T23:50:46
2021-01-20,1.5653,1.6413,eastmoney_f10,2026-07-29T23:50:46
2021-01-21,1.5599,1.6359,eastmoney_f10,2026-07-29T23:50:46
2021-01-22,1.5332,1.6092,eastmoney_f10,2026-07-29T23:50:46
2021-01-25,1.5741,1.6501,eastmoney_f10,2026-07-29T23:50:46
2021-01-26,1.5349,1.6109,eastmoney_f10,2026-07-29T23:50:46
2021-01-27,1.5254,1.6014,eastmoney_f10,2026-07-29T23:50:46
2021-01-28,1.4901,1.5661,eastmoney_f10,2026-07-29T23:50:46
2021-01-29,1.4733,1.5493,eastmoney_f10,2026-07-29T23:50:46
2021-02-01,1.5024,1.5784,eastmoney_f10,2026-07-29T23:50:46
2021-02-02,1.5237,1.5997,eastmoney_f10,2026-07-29T23:50:46
2021-02-03,1.5251,1.6011,eastmoney_f10,2026-07-29T23:50:46
2021-02-04,1.514,1.59,eastmoney_f10,2026-07-29T23:50:46
2021-02-05,1.5252,1.6012,eastmoney_f10,2026-07-29T23:50:46
2021-02-08,1.5253,1.6013,eastmoney_f10,2026-07-29T23:50:46
2021-02-09,1.5308,1.6068,eastmoney_f10,2026-07-29T23:50:46
2021-02-10,1.5567,1.6327,eastmoney_f10,2026-07-29T23:50:46
2021-02-18,1.5885,1.6645,eastmoney_f10,2026-07-29T23:50:46
2021-02-19,1.5932,1.6692,eastmoney_f10,2026-07-29T23:50:46
2021-02-22,1.5741,1.6501,eastmoney_f10,2026-07-29T23:50:46
2021-02-23,1.5898,1.6658,eastmoney_f10,2026-07-29T23:50:46
2021-02-24,1.5447,1.6207,eastmoney_f10,2026-07-29T23:50:46
2021-02-25,1.5608,1.6368,eastmoney_f10,2026-07-29T23:50:46
2021-02-26,1.5086,1.5846,eastmoney_f10,2026-07-29T23:50:46
2021-03-01,1.5327,1.6087,eastmoney_f10,2026-07-29T23:50:46
2021-03-02,1.5114,1.5874,eastmoney_f10,2026-07-29T23:50:46
2021-03-03,1.5504,1.6264,eastmoney_f10,2026-07-29T23:50:46
2021-03-04,1.5216,1.5976,eastmoney_f10,2026-07-29T23:50:46
2021-03-05,1.5169,1.5929,eastmoney_f10,2026-07-29T23:50:46
2021-03-08,1.4856,1.5616,eastmoney_f10,2026-07-29T23:50:46
2021-03-09,1.5098,1.5858,eastmoney_f10,2026-07-29T23:50:46
2021-03-10,1.5123,1.5883,eastmoney_f10,2026-07-29T23:50:46
2021-03-11,1.5366,1.6126,eastmoney_f10,2026-07-29T23:50:46
2021-03-12,1.5005,1.5765,eastmoney_f10,2026-07-29T23:50:46
2021-03-15,1.5081,1.5841,eastmoney_f10,2026-07-29T23:50:46
2021-03-16,1.5182,1.5942,eastmoney_f10,2026-07-29T23:50:46
2021-03-17,1.5172,1.5932,eastmoney_f10,2026-07-29T23:50:46
2021-03-18,1.5343,1.6103,eastmoney_f10,2026-07-29T23:50:46
2021-03-19,1.5176,1.5936,eastmoney_f10,2026-07-29T23:50:46
2021-03-22,1.5139,1.5899,eastmoney_f10,2026-07-29T23:50:46
2021-03-23,1.4904,1.5664,eastmoney_f10,2026-07-29T23:50:46
2021-03-24,1.4637,1.5397,eastmoney_f10,2026-07-29T23:50:46
2021-03-25,1.4639,1.5399,eastmoney_f10,2026-07-29T23:50:46
2021-03-26,1.4885,1.5645,eastmoney_f10,2026-07-29T23:50:46
2021-03-29,1.4898,1.5658,eastmoney_f10,2026-07-29T23:50:46
2021-03-30,1.5062,1.5822,eastmoney_f10,2026-07-29T23:50:46
2021-03-31,1.497,1.573,eastmoney_f10,2026-07-29T23:50:46
2021-04-01,1.5237,1.5997,eastmoney_f10,2026-07-29T23:50:46
2021-04-02,1.5248,1.6008,eastmoney_f10,2026-07-29T23:50:46
2021-04-06,1.5219,1.5979,eastmoney_f10,2026-07-29T23:50:46
2021-04-07,1.5045,1.5805,eastmoney_f10,2026-07-29T23:50:46
2021-04-08,1.5229,1.5989,eastmoney_f10,2026-07-29T23:50:46
2021-04-09,1.5064,1.5824,eastmoney_f10,2026-07-29T23:50:46
2021-04-12,1.4974,1.5734,eastmoney_f10,2026-07-29T23:50:46
2021-04-13,1.4979,1.5739,eastmoney_f10,2026-07-29T23:50:46
2021-04-14,1.517,1.593,eastmoney_f10,2026-07-29T23:50:46
2021-04-15,1.5111,1.5871,eastmoney_f10,2026-07-29T23:50:46
2021-04-16,1.52,1.596,eastmoney_f10,2026-07-29T23:50:46
2021-04-19,1.5247,1.6007,eastmoney_f10,2026-07-29T23:50:46
2021-04-20,1.5246,1.6006,eastmoney_f10,2026-07-29T23:50:46
2021-04-21,1.4971,1.5731,eastmoney_f10,2026-07-29T23:50:46
2021-04-22,1.5019,1.5779,eastmoney_f10,2026-07-29T23:50:46
2021-04-23,1.5199,1.5959,eastmoney_f10,2026-07-29T23:50:46
2021-04-26,1.513,1.589,eastmoney_f10,2026-07-29T23:50:46
2021-04-27,1.5122,1.5882,eastmoney_f10,2026-07-29T23:50:46
2021-04-28,1.5171,1.5931,eastmoney_f10,2026-07-29T23:50:46
2021-04-29,1.5263,1.6023,eastmoney_f10,2026-07-29T23:50:46
2021-04-30,1.495,1.571,eastmoney_f10,2026-07-29T23:50:46
2021-05-06,1.4953,1.5713,eastmoney_f10,2026-07-29T23:50:46
2021-05-07,1.4893,1.5653,eastmoney_f10,2026-07-29T23:50:46
2021-05-10,1.4834,1.5594,eastmoney_f10,2026-07-29T23:50:46
2021-05-11,1.4492,1.5252,eastmoney_f10,2026-07-29T23:50:46
2021-05-12,1.4601,1.5361,eastmoney_f10,2026-07-29T23:50:46
2021-05-13,1.4412,1.5172,eastmoney_f10,2026-07-29T23:50:46
2021-05-14,1.4556,1.5316,eastmoney_f10,2026-07-29T23:50:46
2021-05-17,1.46,1.536,eastmoney_f10,2026-07-29T23:50:46
2021-05-18,1.4826,1.5586,eastmoney_f10,2026-07-29T23:50:46
2021-05-19,1.4805,1.5565,eastmoney_f10,2026-07-29T23:50:46
2021-05-20,1.478,1.554,eastmoney_f10,2026-07-29T23:50:46
2021-05-21,1.4755,1.5515,eastmoney_f10,2026-07-29T23:50:46
2021-05-24,1.4756,1.5516,eastmoney_f10,2026-07-29T23:50:46
2021-05-25,1.4999,1.5759,eastmoney_f10,2026-07-29T23:50:46
2021-05-26,1.5094,1.5854,eastmoney_f10,2026-07-29T23:50:46
2021-05-27,1.5071,1.5831,eastmoney_f10,2026-07-29T23:50:46
2021-05-28,1.504,1.58,eastmoney_f10,2026-07-29T23:50:46
2021-05-31,1.501,1.577,eastmoney_f10,2026-07-29T23:50:46
2021-06-01,1.5153,1.5913,eastmoney_f10,2026-07-29T23:50:46
2021-06-02,1.5112,1.5872,eastmoney_f10,2026-07-29T23:50:46
2021-06-03,1.4958,1.5718,eastmoney_f10,2026-07-29T23:50:46
2021-06-04,1.4986,1.5746,eastmoney_f10,2026-07-29T23:50:46
2021-06-07,1.4899,1.5659,eastmoney_f10,2026-07-29T23:50:46
2021-06-08,1.488,1.564,eastmoney_f10,2026-07-29T23:50:46
2021-06-09,1.4872,1.5632,eastmoney_f10,2026-07-29T23:50:46
2021-06-10,1.4867,1.5627,eastmoney_f10,2026-07-29T23:50:46
2021-06-11,1.4902,1.5662,eastmoney_f10,2026-07-29T23:50:46
2021-06-15,1.4834,1.5594,eastmoney_f10,2026-07-29T23:50:46
2021-06-16,1.4732,1.5492,eastmoney_f10,2026-07-29T23:50:46
2021-06-17,1.4839,1.5599,eastmoney_f10,2026-07-29T23:50:46
2021-06-18,1.4985,1.5745,eastmoney_f10,2026-07-29T23:50:46
2021-06-21,1.4867,1.5627,eastmoney_f10,2026-07-29T23:50:46
2021-06-22,1.4783,1.5543,eastmoney_f10,2026-07-29T23:50:46
2021-06-23,1.5048,1.5808,eastmoney_f10,2026-07-29T23:50:46
2021-06-24,1.5131,1.5891,eastmoney_f10,2026-07-29T23:50:46
2021-06-25,1.5331,1.6091,eastmoney_f10,2026-07-29T23:50:46
2021-06-28,1.5304,1.6064,eastmoney_f10,2026-07-29T23:50:46
2021-06-29,1.5159,1.5919,eastmoney_f10,2026-07-29T23:50:46
2021-06-30,1.5074,1.5834,eastmoney_f10,2026-07-29T23:50:46
2021-07-01,1.5096,1.5856,eastmoney_f10,2026-07-29T23:50:46
2021-07-02,1.4826,1.5586,eastmoney_f10,2026-07-29T23:50:46
2021-07-05,1.4738,1.5498,eastmoney_f10,2026-07-29T23:50:46
2021-07-06,1.4677,1.5437,eastmoney_f10,2026-07-29T23:50:46
2021-07-07,1.4695,1.5455,eastmoney_f10,2026-07-29T23:50:46
2021-07-08,1.4258,1.5018,eastmoney_f10,2026-07-29T23:50:46
2021-07-09,1.4367,1.5127,eastmoney_f10,2026-07-29T23:50:46
2021-07-12,1.4467,1.5227,eastmoney_f10,2026-07-29T23:50:46
2021-07-13,1.4695,1.5455,eastmoney_f10,2026-07-29T23:50:46
2021-07-14,1.4616,1.5376,eastmoney_f10,2026-07-29T23:50:46
2021-07-15,1.4688,1.5448,eastmoney_f10,2026-07-29T23:50:46
2021-07-16,1.4705,1.5465,eastmoney_f10,2026-07-29T23:50:46
2021-07-19,1.4436,1.5196,eastmoney_f10,2026-07-29T23:50:46
2021-07-20,1.4342,1.5102,eastmoney_f10,2026-07-29T23:50:46
2021-07-21,1.4317,1.5077,eastmoney_f10,2026-07-29T23:50:46
2021-07-22,1.4536,1.5296,eastmoney_f10,2026-07-29T23:50:46
2021-07-23,1.4329,1.5089,eastmoney_f10,2026-07-29T23:50:46
2021-07-26,1.376,1.452,eastmoney_f10,2026-07-29T23:50:46
2021-07-27,1.3164,1.3924,eastmoney_f10,2026-07-29T23:50:46
2021-07-28,1.3394,1.4154,eastmoney_f10,2026-07-29T23:50:46
2021-07-29,1.3849,1.4609,eastmoney_f10,2026-07-29T23:50:46
2021-07-30,1.3605,1.4365,eastmoney_f10,2026-07-29T23:50:46
2021-08-02,1.3757,1.4517,eastmoney_f10,2026-07-29T23:50:46
2021-08-03,1.3721,1.4481,eastmoney_f10,2026-07-29T23:50:46
2021-08-04,1.385,1.461,eastmoney_f10,2026-07-29T23:50:46
2021-08-05,1.374,1.45,eastmoney_f10,2026-07-29T23:50:46
2021-08-06,1.3715,1.4475,eastmoney_f10,2026-07-29T23:50:46
2021-08-09,1.3805,1.4565,eastmoney_f10,2026-07-29T23:50:46
2021-08-10,1.3969,1.4729,eastmoney_f10,2026-07-29T23:50:46
2021-08-11,1.3997,1.4757,eastmoney_f10,2026-07-29T23:50:46
2021-08-12,1.391,1.467,eastmoney_f10,2026-07-29T23:50:46
2021-08-13,1.385,1.461,eastmoney_f10,2026-07-29T23:50:46
2021-08-16,1.372,1.448,eastmoney_f10,2026-07-29T23:50:46
2021-08-17,1.3499,1.4259,eastmoney_f10,2026-07-29T23:50:46
2021-08-18,1.3575,1.4335,eastmoney_f10,2026-07-29T23:50:46
2021-08-19,1.329,1.405,eastmoney_f10,2026-07-29T23:50:46
2021-08-20,1.3072,1.3832,eastmoney_f10,2026-07-29T23:50:46
2021-08-23,1.3206,1.3966,eastmoney_f10,2026-07-29T23:50:46
2021-08-24,1.3497,1.4257,eastmoney_f10,2026-07-29T23:50:46
2021-08-25,1.3482,1.4242,eastmoney_f10,2026-07-29T23:50:46
2021-08-26,1.3345,1.4105,eastmoney_f10,2026-07-29T23:50:46
2021-08-27,1.3357,1.4117,eastmoney_f10,2026-07-29T23:50:46
2021-08-30,1.3389,1.4149,eastmoney_f10,2026-07-29T23:50:46
2021-08-31,1.3572,1.4332,eastmoney_f10,2026-07-29T23:50:46
2021-09-01,1.3666,1.4426,eastmoney_f10,2026-07-29T23:50:46
2021-09-02,1.3694,1.4454,eastmoney_f10,2026-07-29T23:50:46
2021-09-03,1.36,1.436,eastmoney_f10,2026-07-29T23:50:46
2021-09-06,1.3726,1.4486,eastmoney_f10,2026-07-29T23:50:46
2021-09-07,1.3822,1.4582,eastmoney_f10,2026-07-29T23:50:46
2021-09-08,1.3833,1.4593,eastmoney_f10,2026-07-29T23:50:46
2021-09-09,1.3507,1.4267,eastmoney_f10,2026-07-29T23:50:46
2021-09-10,1.3754,1.4514,eastmoney_f10,2026-07-29T23:50:46
2021-09-13,1.3536,1.4296,eastmoney_f10,2026-07-29T23:50:46
2021-09-14,1.3372,1.4132,eastmoney_f10,2026-07-29T23:50:46
2021-09-15,1.3128,1.3888,eastmoney_f10,2026-07-29T23:50:46
2021-09-16,1.2902,1.3662,eastmoney_f10,2026-07-29T23:50:46
2021-09-17,1.3068,1.3828,eastmoney_f10,2026-07-29T23:50:46
2021-09-22,1.2725,1.3485,eastmoney_f10,2026-07-29T23:50:46
2021-09-23,1.289,1.365,eastmoney_f10,2026-07-29T23:50:46
2021-09-24,1.2694,1.3454,eastmoney_f10,2026-07-29T23:50:46
2021-09-27,1.272,1.348,eastmoney_f10,2026-07-29T23:50:46
2021-09-28,1.2863,1.3623,eastmoney_f10,2026-07-29T23:50:46
2021-09-29,1.2955,1.3715,eastmoney_f10,2026-07-29T23:50:46
2021-09-30,1.2947,1.3707,eastmoney_f10,2026-07-29T23:50:46
2021-10-08,1.3037,1.3797,eastmoney_f10,2026-07-29T23:50:46
2021-10-11,1.3267,1.4027,eastmoney_f10,2026-07-29T23:50:46
2021-10-12,1.3076,1.3836,eastmoney_f10,2026-07-29T23:50:46
2021-10-13,1.3107,1.3867,eastmoney_f10,2026-07-29T23:50:46
2021-10-14,1.3073,1.3833,eastmoney_f10,2026-07-29T23:50:46
2021-10-15,1.3261,1.4021,eastmoney_f10,2026-07-29T23:50:46
2021-10-18,1.3287,1.4047,eastmoney_f10,2026-07-29T23:50:46
2021-10-19,1.3486,1.4246,eastmoney_f10,2026-07-29T23:50:46
2021-10-20,1.3625,1.4385,eastmoney_f10,2026-07-29T23:50:46
2021-10-21,1.3528,1.4288,eastmoney_f10,2026-07-29T23:50:46
2021-10-22,1.3613,1.4373,eastmoney_f10,2026-07-29T23:50:46
2021-10-25,1.3597,1.4357,eastmoney_f10,2026-07-29T23:50:46
2021-10-26,1.3537,1.4297,eastmoney_f10,2026-07-29T23:50:46
2021-10-27,1.3315,1.4075,eastmoney_f10,2026-07-29T23:50:46
2021-10-28,1.3291,1.4051,eastmoney_f10,2026-07-29T23:50:46
2021-10-29,1.3191,1.3951,eastmoney_f10,2026-07-29T23:50:46
2021-11-01,1.3129,1.3889,eastmoney_f10,2026-07-29T23:50:46
2021-11-02,1.3054,1.3814,eastmoney_f10,2026-07-29T23:50:46
2021-11-03,1.3036,1.3796,eastmoney_f10,2026-07-29T23:50:46
2021-11-04,1.311,1.387,eastmoney_f10,2026-07-29T23:50:46
2021-11-05,1.2934,1.3694,eastmoney_f10,2026-07-29T23:50:46
2021-11-08,1.2877,1.3637,eastmoney_f10,2026-07-29T23:50:46
2021-11-09,1.2883,1.3643,eastmoney_f10,2026-07-29T23:50:46
2021-11-10,1.2986,1.3746,eastmoney_f10,2026-07-29T23:50:46
2021-11-11,1.3148,1.3908,eastmoney_f10,2026-07-29T23:50:46
2021-11-12,1.3176,1.3936,eastmoney_f10,2026-07-29T23:50:46
2021-11-15,1.3175,1.3935,eastmoney_f10,2026-07-29T23:50:46
2021-11-16,1.3348,1.4108,eastmoney_f10,2026-07-29T23:50:46
2021-11-17,1.3321,1.4081,eastmoney_f10,2026-07-29T23:50:46
2021-11-18,1.3123,1.3883,eastmoney_f10,2026-07-29T23:50:46
2021-11-19,1.2984,1.3744,eastmoney_f10,2026-07-29T23:50:46
2021-11-22,1.2961,1.3721,eastmoney_f10,2026-07-29T23:50:46
2021-11-23,1.2798,1.3558,eastmoney_f10,2026-07-29T23:50:46
2021-11-24,1.281,1.357,eastmoney_f10,2026-07-29T23:50:46
2021-11-25,1.2846,1.3606,eastmoney_f10,2026-07-29T23:50:46
2021-11-26,1.2492,1.3252,eastmoney_f10,2026-07-29T23:50:46
2021-11-29,1.2359,1.3119,eastmoney_f10,2026-07-29T23:50:46
2021-11-30,1.215,1.291,eastmoney_f10,2026-07-29T23:50:46
2021-12-01,1.2224,1.2984,eastmoney_f10,2026-07-29T23:50:46
2021-12-02,1.2305,1.3065,eastmoney_f10,2026-07-29T23:50:46
2021-12-03,1.2297,1.3057,eastmoney_f10,2026-07-29T23:50:46
2021-12-06,1.2064,1.2824,eastmoney_f10,2026-07-29T23:50:46
2021-12-07,1.2401,1.3161,eastmoney_f10,2026-07-29T23:50:46
2021-12-08,1.2395,1.3155,eastmoney_f10,2026-07-29T23:50:46
2021-12-09,1.2491,1.3251,eastmoney_f10,2026-07-29T23:50:46
2021-12-10,1.2399,1.3159,eastmoney_f10,2026-07-29T23:50:46
2021-12-13,1.2372,1.3132,eastmoney_f10,2026-07-29T23:50:46
2021-12-14,1.2198,1.2958,eastmoney_f10,2026-07-29T23:50:46
2021-12-15,1.2097,1.2857,eastmoney_f10,2026-07-29T23:50:46
2021-12-16,1.211,1.287,eastmoney_f10,2026-07-29T23:50:46
2021-12-17,1.1963,1.2723,eastmoney_f10,2026-07-29T23:50:46
2021-12-20,1.1785,1.2545,eastmoney_f10,2026-07-29T23:50:46
2021-12-21,1.1865,1.2625,eastmoney_f10,2026-07-29T23:50:46
2021-12-22,1.1929,1.2689,eastmoney_f10,2026-07-29T23:50:46
2021-12-23,1.1969,1.2729,eastmoney_f10,2026-07-29T23:50:46
2021-12-24,1.1991,1.2751,eastmoney_f10,2026-07-29T23:50:46
2021-12-27,1.1989,1.2749,eastmoney_f10,2026-07-29T23:50:46
2021-12-28,1.203,1.279,eastmoney_f10,2026-07-29T23:50:46
2021-12-29,1.1928,1.2688,eastmoney_f10,2026-07-29T23:50:46
2021-12-30,1.1931,1.2691,eastmoney_f10,2026-07-29T23:50:46
2021-12-31,1.2095,1.2855,eastmoney_f10,2026-07-29T23:50:46
2022-01-04,1.2044,1.2804,eastmoney_f10,2026-07-29T23:50:46
2022-01-05,1.1849,1.2609,eastmoney_f10,2026-07-29T23:50:46
2022-01-06,1.1917,1.2677,eastmoney_f10,2026-07-29T23:50:46
2022-01-07,1.2133,1.2893,eastmoney_f10,2026-07-29T23:50:46
2022-01-10,1.2249,1.3009,eastmoney_f10,2026-07-29T23:50:46
2022-01-11,1.2256,1.3016,eastmoney_f10,2026-07-29T23:50:46
2022-01-12,1.2593,1.3353,eastmoney_f10,2026-07-29T23:50:46
2022-01-13,1.2595,1.3355,eastmoney_f10,2026-07-29T23:50:46
2022-01-14,1.26,1.336,eastmoney_f10,2026-07-29T23:50:46
2022-01-17,1.2501,1.3261,eastmoney_f10,2026-07-29T23:50:46
2022-01-18,1.2424,1.3184,eastmoney_f10,2026-07-29T23:50:46
2022-01-19,1.2449,1.3209,eastmoney_f10,2026-07-29T23:50:46
2022-01-20,1.2853,1.3613,eastmoney_f10,2026-07-29T23:50:46
2022-01-21,1.2862,1.3622,eastmoney_f10,2026-07-29T23:50:46
2022-01-24,1.2689,1.3449,eastmoney_f10,2026-07-29T23:50:46
2022-01-25,1.2478,1.3238,eastmoney_f10,2026-07-29T23:50:46
2022-01-26,1.247,1.323,eastmoney_f10,2026-07-29T23:50:46
2022-01-27,1.2236,1.2996,eastmoney_f10,2026-07-29T23:50:46
2022-01-28,1.2166,1.2926,eastmoney_f10,2026-07-29T23:50:46
2022-02-07,1.2666,1.3426,eastmoney_f10,2026-07-29T23:50:46
2022-02-08,1.2534,1.3294,eastmoney_f10,2026-07-29T23:50:46
2022-02-09,1.2806,1.3566,eastmoney_f10,2026-07-29T23:50:46
2022-02-10,1.285,1.361,eastmoney_f10,2026-07-29T23:50:46
2022-02-11,1.2841,1.3601,eastmoney_f10,2026-07-29T23:50:46
2022-02-14,1.265,1.341,eastmoney_f10,2026-07-29T23:50:46
2022-02-15,1.2543,1.3303,eastmoney_f10,2026-07-29T23:50:46
2022-02-16,1.2696,1.3456,eastmoney_f10,2026-07-29T23:50:46
2022-02-17,1.2707,1.3467,eastmoney_f10,2026-07-29T23:50:46
2022-02-18,1.2476,1.3236,eastmoney_f10,2026-07-29T23:50:46
2022-02-21,1.2404,1.3164,eastmoney_f10,2026-07-29T23:50:46
2022-02-22,1.2086,1.2846,eastmoney_f10,2026-07-29T23:50:46
2022-02-23,1.2123,1.2883,eastmoney_f10,2026-07-29T23:50:46
2022-02-24,1.1725,1.2485,eastmoney_f10,2026-07-29T23:50:46
2022-02-25,1.1661,1.2421,eastmoney_f10,2026-07-29T23:50:46
2022-02-28,1.1608,1.2368,eastmoney_f10,2026-07-29T23:50:46
2022-03-01,1.1585,1.2345,eastmoney_f10,2026-07-29T23:50:46
2022-03-02,1.143,1.219,eastmoney_f10,2026-07-29T23:50:46
2022-03-03,1.1433,1.2193,eastmoney_f10,2026-07-29T23:50:46
2022-03-04,1.1187,1.1947,eastmoney_f10,2026-07-29T23:50:46
2022-03-07,1.0782,1.1542,eastmoney_f10,2026-07-29T23:50:46
2022-03-08,1.0589,1.1349,eastmoney_f10,2026-07-29T23:50:46
2022-03-09,1.0514,1.1274,eastmoney_f10,2026-07-29T23:50:46
2022-03-10,1.0655,1.1415,eastmoney_f10,2026-07-29T23:50:46
2022-03-11,1.051,1.127,eastmoney_f10,2026-07-29T23:50:46
2022-03-14,1.0011,1.0771,eastmoney_f10,2026-07-29T23:50:46
2022-03-15,0.9469,1.0229,eastmoney_f10,2026-07-29T23:50:46
2022-03-16,1.0344,1.1104,eastmoney_f10,2026-07-29T23:50:46
2022-03-17,1.1015,1.1775,eastmoney_f10,2026-07-29T23:50:46
2022-03-18,1.0971,1.1731,eastmoney_f10,2026-07-29T23:50:46
2022-03-21,1.0905,1.1665,eastmoney_f10,2026-07-29T23:50:46
2022-03-22,1.1243,1.2003,eastmoney_f10,2026-07-29T23:50:46
2022-03-23,1.1358,1.2118,eastmoney_f10,2026-07-29T23:50:46
2022-03-24,1.1272,1.2032,eastmoney_f10,2026-07-29T23:50:46
2022-03-25,1.1009,1.1769,eastmoney_f10,2026-07-29T23:50:46
2022-03-28,1.1146,1.1906,eastmoney_f10,2026-07-29T23:50:46
2022-03-29,1.1253,1.2013,eastmoney_f10,2026-07-29T23:50:46
2022-03-30,1.1398,1.2158,eastmoney_f10,2026-07-29T23:50:46
2022-03-31,1.1263,1.2023,eastmoney_f10,2026-07-29T23:50:46
2022-04-01,1.1283,1.2043,eastmoney_f10,2026-07-29T23:50:46
2022-04-06,1.1348,1.2108,eastmoney_f10,2026-07-29T23:50:46
2022-04-07,1.1181,1.1941,eastmoney_f10,2026-07-29T23:50:46
2022-04-08,1.1214,1.1974,eastmoney_f10,2026-07-29T23:50:46
2022-04-11,1.0866,1.1626,eastmoney_f10,2026-07-29T23:50:46
2022-04-12,1.0951,1.1711,eastmoney_f10,2026-07-29T23:50:46
2022-04-13,1.0972,1.1732,eastmoney_f10,2026-07-29T23:50:46
2022-04-14,1.1008,1.1768,eastmoney_f10,2026-07-29T23:50:46
2022-04-15,1.1063,1.1823,eastmoney_f10,2026-07-29T23:50:46
2022-04-18,1.1039,1.1799,eastmoney_f10,2026-07-29T23:50:46
2022-04-19,1.078,1.154,eastmoney_f10,2026-07-29T23:50:46
2022-04-20,1.0784,1.1544,eastmoney_f10,2026-07-29T23:50:46
2022-04-21,1.0663,1.1423,eastmoney_f10,2026-07-29T23:50:46
2022-04-22,1.0718,1.1478,eastmoney_f10,2026-07-29T23:50:46
2022-04-25,1.0363,1.1123,eastmoney_f10,2026-07-29T23:50:46
2022-04-26,1.0504,1.1264,eastmoney_f10,2026-07-29T23:50:46
2022-04-27,1.0511,1.1271,eastmoney_f10,2026-07-29T23:50:46
2022-04-28,1.0689,1.1449,eastmoney_f10,2026-07-29T23:50:46
2022-04-29,1.1209,1.1969,eastmoney_f10,2026-07-29T23:50:46
2022-05-05,1.0966,1.1726,eastmoney_f10,2026-07-29T23:50:46
2022-05-06,1.0649,1.1409,eastmoney_f10,2026-07-29T23:50:46
2022-05-09,1.0736,1.1496,eastmoney_f10,2026-07-29T23:50:46
2022-05-10,1.0573,1.1333,eastmoney_f10,2026-07-29T23:50:46
2022-05-11,1.0703,1.1463,eastmoney_f10,2026-07-29T23:50:46
2022-05-12,1.0461,1.1221,eastmoney_f10,2026-07-29T23:50:46
2022-05-13,1.0836,1.1596,eastmoney_f10,2026-07-29T23:50:46
2022-05-16,1.0862,1.1622,eastmoney_f10,2026-07-29T23:50:46
2022-05-17,1.1214,1.1974,eastmoney_f10,2026-07-29T23:50:46
2022-05-18,1.1165,1.1925,eastmoney_f10,2026-07-29T23:50:46
2022-05-19,1.0904,1.1664,eastmoney_f10,2026-07-29T23:50:46
2022-05-20,1.1228,1.1988,eastmoney_f10,2026-07-29T23:50:46
2022-05-23,1.0979,1.1739,eastmoney_f10,2026-07-29T23:50:46
2022-05-24,1.0772,1.1532,eastmoney_f10,2026-07-29T23:50:46
2022-05-25,1.0809,1.1569,eastmoney_f10,2026-07-29T23:50:46
2022-05-26,1.0812,1.1572,eastmoney_f10,2026-07-29T23:50:46
2022-05-27,1.1231,1.1991,eastmoney_f10,2026-07-29T23:50:46
2022-05-30,1.1405,1.2165,eastmoney_f10,2026-07-29T23:50:46
2022-05-31,1.1498,1.2258,eastmoney_f10,2026-07-29T23:50:46
2022-06-01,1.1449,1.2209,eastmoney_f10,2026-07-29T23:50:46
2022-06-02,1.141,1.217,eastmoney_f10,2026-07-29T23:50:46
2022-06-06,1.1654,1.2414,eastmoney_f10,2026-07-29T23:50:46
2022-06-07,1.1583,1.2343,eastmoney_f10,2026-07-29T23:50:46
2022-06-08,1.1841,1.2601,eastmoney_f10,2026-07-29T23:50:46
2022-06-09,1.1806,1.2566,eastmoney_f10,2026-07-29T23:50:46
2022-06-10,1.1804,1.2564,eastmoney_f10,2026-07-29T23:50:46
2022-06-13,1.1432,1.2192,eastmoney_f10,2026-07-29T23:50:46
2022-06-14,1.1482,1.2242,eastmoney_f10,2026-07-29T23:50:46
2022-06-15,1.162,1.238,eastmoney_f10,2026-07-29T23:50:46
2022-06-16,1.1306,1.2066,eastmoney_f10,2026-07-29T23:50:46
2022-06-17,1.1401,1.2161,eastmoney_f10,2026-07-29T23:50:46
2022-06-20,1.1487,1.2247,eastmoney_f10,2026-07-29T23:50:46
2022-06-21,1.1656,1.2416,eastmoney_f10,2026-07-29T23:50:46
2022-06-22,1.1401,1.2161,eastmoney_f10,2026-07-29T23:50:46
2022-06-23,1.1542,1.2302,eastmoney_f10,2026-07-29T23:50:46
2022-06-24,1.1768,1.2528,eastmoney_f10,2026-07-29T23:50:46
2022-06-27,1.2019,1.2779,eastmoney_f10,2026-07-29T23:50:46
2022-06-28,1.2141,1.2901,eastmoney_f10,2026-07-29T23:50:46
2022-06-29,1.1963,1.2723,eastmoney_f10,2026-07-29T23:50:46
2022-06-30,1.1899,1.2659,eastmoney_f10,2026-07-29T23:50:46
2022-07-01,1.1857,1.2617,eastmoney_f10,2026-07-29T23:50:46
2022-07-04,1.1898,1.2658,eastmoney_f10,2026-07-29T23:50:46
2022-07-05,1.1893,1.2653,eastmoney_f10,2026-07-29T23:50:46
2022-07-06,1.1797,1.2557,eastmoney_f10,2026-07-29T23:50:46
2022-07-07,1.1836,1.2596,eastmoney_f10,2026-07-29T23:50:46
2022-07-08,1.187,1.263,eastmoney_f10,2026-07-29T23:50:46
2022-07-11,1.1518,1.2278,eastmoney_f10,2026-07-29T23:50:46
2022-07-12,1.1416,1.2176,eastmoney_f10,2026-07-29T23:50:46
2022-07-13,1.1391,1.2151,eastmoney_f10,2026-07-29T23:50:46
2022-07-14,1.1361,1.2121,eastmoney_f10,2026-07-29T23:50:46
2022-07-15,1.115,1.191,eastmoney_f10,2026-07-29T23:50:46
2022-07-18,1.1442,1.2202,eastmoney_f10,2026-07-29T23:50:46
2022-07-19,1.1341,1.2101,eastmoney_f10,2026-07-29T23:50:46
2022-07-20,1.1469,1.2229,eastmoney_f10,2026-07-29T23:50:46
2022-07-21,1.132,1.208,eastmoney_f10,2026-07-29T23:50:46
2022-07-22,1.1325,1.2085,eastmoney_f10,2026-07-29T23:50:46
2022-07-25,1.1301,1.2061,eastmoney_f10,2026-07-29T23:50:46
2022-07-26,1.1479,1.2239,eastmoney_f10,2026-07-29T23:50:46
2022-07-27,1.139,1.215,eastmoney_f10,2026-07-29T23:50:46
2022-07-28,1.1312,1.2072,eastmoney_f10,2026-07-29T23:50:46
2022-07-29,1.1058,1.1818,eastmoney_f10,2026-07-29T23:50:46
2022-08-01,1.107,1.183,eastmoney_f10,2026-07-29T23:50:46
2022-08-02,1.0805,1.1565,eastmoney_f10,2026-07-29T23:50:46
2022-08-03,1.0904,1.1664,eastmoney_f10,2026-07-29T23:50:46
2022-08-04,1.1101,1.1861,eastmoney_f10,2026-07-29T23:50:46
2022-08-05,1.1077,1.1837,eastmoney_f10,2026-07-29T23:50:46
2022-08-08,1.1037,1.1797,eastmoney_f10,2026-07-29T23:50:46
2022-08-09,1.0997,1.1757,eastmoney_f10,2026-07-29T23:50:46
2022-08-10,1.0784,1.1544,eastmoney_f10,2026-07-29T23:50:46
2022-08-11,1.1001,1.1761,eastmoney_f10,2026-07-29T23:50:46
2022-08-12,1.1078,1.1838,eastmoney_f10,2026-07-29T23:50:46
2022-08-15,1.1009,1.1769,eastmoney_f10,2026-07-29T23:50:46
2022-08-16,1.094,1.17,eastmoney_f10,2026-07-29T23:50:46
2022-08-17,1.1009,1.1769,eastmoney_f10,2026-07-29T23:50:46
2022-08-18,1.0916,1.1676,eastmoney_f10,2026-07-29T23:50:46
2022-08-19,1.0959,1.1719,eastmoney_f10,2026-07-29T23:50:46
2022-08-22,1.0912,1.1672,eastmoney_f10,2026-07-29T23:50:46
2022-08-23,1.0877,1.1637,eastmoney_f10,2026-07-29T23:50:46
2022-08-24,1.0727,1.1487,eastmoney_f10,2026-07-29T23:50:46
2022-08-25,1.114,1.19,eastmoney_f10,2026-07-29T23:50:46
2022-08-26,1.1243,1.2003,eastmoney_f10,2026-07-29T23:50:46
2022-08-29,1.1194,1.1954,eastmoney_f10,2026-07-29T23:50:46
2022-08-30,1.1173,1.1933,eastmoney_f10,2026-07-29T23:50:46
2022-08-31,1.1189,1.1949,eastmoney_f10,2026-07-29T23:50:46
2022-09-01,1.0985,1.1745,eastmoney_f10,2026-07-29T23:50:46
2022-09-02,1.0917,1.1677,eastmoney_f10,2026-07-29T23:50:46
2022-09-05,1.0803,1.1563,eastmoney_f10,2026-07-29T23:50:46
2022-09-06,1.0823,1.1583,eastmoney_f10,2026-07-29T23:50:46
2022-09-07,1.0743,1.1503,eastmoney_f10,2026-07-29T23:50:46
2022-09-08,1.064,1.14,eastmoney_f10,2026-07-29T23:50:46
2022-09-09,1.0925,1.1685,eastmoney_f10,2026-07-29T23:50:46
2022-09-13,1.0878,1.1638,eastmoney_f10,2026-07-29T23:50:46
2022-09-14,1.0635,1.1395,eastmoney_f10,2026-07-29T23:50:46
2022-09-15,1.0681,1.1441,eastmoney_f10,2026-07-29T23:50:46
2022-09-16,1.0615,1.1375,eastmoney_f10,2026-07-29T23:50:46
2022-09-19,1.0515,1.1275,eastmoney_f10,2026-07-29T23:50:46
2022-09-20,1.0648,1.1408,eastmoney_f10,2026-07-29T23:50:46
2022-09-21,1.0464,1.1224,eastmoney_f10,2026-07-29T23:50:46
2022-09-22,1.0328,1.1088,eastmoney_f10,2026-07-29T23:50:46
2022-09-23,1.0219,1.0979,eastmoney_f10,2026-07-29T23:50:46
2022-09-26,1.0222,1.0982,eastmoney_f10,2026-07-29T23:50:46
2022-09-27,1.0281,1.1041,eastmoney_f10,2026-07-29T23:50:46
2022-09-28,0.998,1.074,eastmoney_f10,2026-07-29T23:50:46
2022-09-29,0.993,1.069,eastmoney_f10,2026-07-29T23:50:46
2022-09-30,0.9948,1.0708,eastmoney_f10,2026-07-29T23:50:46
2022-10-10,0.9942,1.0702,eastmoney_f10,2026-07-29T23:50:46
2022-10-11,0.9731,1.0491,eastmoney_f10,2026-07-29T23:50:46
2022-10-12,0.966,1.042,eastmoney_f10,2026-07-29T23:50:46
2022-10-13,0.948,1.024,eastmoney_f10,2026-07-29T23:50:46
2022-10-14,0.9592,1.0352,eastmoney_f10,2026-07-29T23:50:46
2022-10-17,0.9603,1.0363,eastmoney_f10,2026-07-29T23:50:46
2022-10-18,0.9777,1.0537,eastmoney_f10,2026-07-29T23:50:46
2022-10-19,0.9544,1.0304,eastmoney_f10,2026-07-29T23:50:46
2022-10-20,0.9418,1.0178,eastmoney_f10,2026-07-29T23:50:46
2022-10-21,0.9376,1.0136,eastmoney_f10,2026-07-29T23:50:46
2022-10-24,0.8772,0.9532,eastmoney_f10,2026-07-29T23:50:46
2022-10-25,0.8811,0.9571,eastmoney_f10,2026-07-29T23:50:46
2022-10-26,0.8887,0.9647,eastmoney_f10,2026-07-29T23:50:46
2022-10-27,0.8938,0.9698,eastmoney_f10,2026-07-29T23:50:46
2022-10-28,0.8622,0.9382,eastmoney_f10,2026-07-29T23:50:46
2022-10-31,0.8529,0.9289,eastmoney_f10,2026-07-29T23:50:46
2022-11-01,0.9017,0.9777,eastmoney_f10,2026-07-29T23:50:46
2022-11-02,0.9249,1.0009,eastmoney_f10,2026-07-29T23:50:46
2022-11-03,0.9,0.976,eastmoney_f10,2026-07-29T23:50:46
2022-11-04,0.9488,1.0248,eastmoney_f10,2026-07-29T23:50:46
2022-11-07,0.9716,1.0476,eastmoney_f10,2026-07-29T23:50:46
2022-11-08,0.9675,1.0435,eastmoney_f10,2026-07-29T23:50:46
2022-11-09,0.9564,1.0324,eastmoney_f10,2026-07-29T23:50:46
2022-11-10,0.9431,1.0191,eastmoney_f10,2026-07-29T23:50:46
2022-11-11,1.0101,1.0861,eastmoney_f10,2026-07-29T23:50:46
2022-11-14,1.0133,1.0893,eastmoney_f10,2026-07-29T23:50:46
2022-11-15,1.0479,1.1239,eastmoney_f10,2026-07-29T23:50:46
2022-11-16,1.0435,1.1195,eastmoney_f10,2026-07-29T23:50:46
2022-11-17,1.0361,1.1121,eastmoney_f10,2026-07-29T23:50:46
2022-11-18,1.0383,1.1143,eastmoney_f10,2026-07-29T23:50:46
2022-11-21,1.0225,1.0985,eastmoney_f10,2026-07-29T23:50:46
2022-11-22,1.0175,1.0935,eastmoney_f10,2026-07-29T23:50:46
2022-11-23,1.0157,1.0917,eastmoney_f10,2026-07-29T23:50:46
2022-11-24,1.0225,1.0985,eastmoney_f10,2026-07-29T23:50:46
2022-11-25,1.0204,1.0964,eastmoney_f10,2026-07-29T23:50:46
2022-11-28,1.0079,1.0839,eastmoney_f10,2026-07-29T23:50:46
2022-11-29,1.0658,1.1418,eastmoney_f10,2026-07-29T23:50:46
2022-11-30,1.0857,1.1617,eastmoney_f10,2026-07-29T23:50:46
2022-12-01,1.0873,1.1633,eastmoney_f10,2026-07-29T23:50:46
2022-12-02,1.0769,1.1529,eastmoney_f10,2026-07-29T23:50:46
2022-12-05,1.1217,1.1977,eastmoney_f10,2026-07-29T23:50:46
2022-12-06,1.1092,1.1852,eastmoney_f10,2026-07-29T23:50:46
2022-12-07,1.0754,1.1514,eastmoney_f10,2026-07-29T23:50:46
2022-12-08,1.1046,1.1806,eastmoney_f10,2026-07-29T23:50:46
2022-12-09,1.1304,1.2064,eastmoney_f10,2026-07-29T23:50:46
2022-12-12,1.1049,1.1809,eastmoney_f10,2026-07-29T23:50:46
2022-12-13,1.1172,1.1932,eastmoney_f10,2026-07-29T23:50:46
2022-12-14,1.1178,1.1938,eastmoney_f10,2026-07-29T23:50:46
2022-12-15,1.0975,1.1735,eastmoney_f10,2026-07-29T23:50:46
2022-12-16,1.1086,1.1846,eastmoney_f10,2026-07-29T23:50:46
2022-12-19,1.1015,1.1775,eastmoney_f10,2026-07-29T23:50:46
2022-12-20,1.0892,1.1652,eastmoney_f10,2026-07-29T23:50:46
2022-12-21,1.0885,1.1645,eastmoney_f10,2026-07-29T23:50:46
2022-12-22,1.1189,1.1949,eastmoney_f10,2026-07-29T23:50:46
2022-12-23,1.1143,1.1903,eastmoney_f10,2026-07-29T23:50:46
2022-12-26,1.1131,1.1891,eastmoney_f10,2026-07-29T23:50:46
2022-12-27,1.1093,1.1853,eastmoney_f10,2026-07-29T23:50:46
2022-12-28,1.1294,1.2054,eastmoney_f10,2026-07-29T23:50:46
2022-12-29,1.123,1.199,eastmoney_f10,2026-07-29T23:50:46
2022-12-30,1.1224,1.1984,eastmoney_f10,2026-07-29T23:50:46
2022-12-31,1.1224,1.1984,eastmoney_f10,2026-07-29T23:50:46
2023-01-03,1.1387,1.2147,eastmoney_f10,2026-07-29T23:50:46
2023-01-04,1.1686,1.2446,eastmoney_f10,2026-07-29T23:50:46
2023-01-05,1.1796,1.2556,eastmoney_f10,2026-07-29T23:50:46
2023-01-06,1.1759,1.2519,eastmoney_f10,2026-07-29T23:50:46
2023-01-09,1.1881,1.2641,eastmoney_f10,2026-07-29T23:50:46
2023-01-10,1.1738,1.2498,eastmoney_f10,2026-07-29T23:50:46
2023-01-11,1.1817,1.2577,eastmoney_f10,2026-07-29T23:50:46
2023-01-12,1.1844,1.2604,eastmoney_f10,2026-07-29T23:50:46
2023-01-13,1.1904,1.2664,eastmoney_f10,2026-07-29T23:50:46
2023-01-16,1.1877,1.2637,eastmoney_f10,2026-07-29T23:50:46
2023-01-17,1.1801,1.2561,eastmoney_f10,2026-07-29T23:50:46
2023-01-18,1.1904,1.2664,eastmoney_f10,2026-07-29T23:50:46
2023-01-19,1.1896,1.2656,eastmoney_f10,2026-07-29T23:50:46
2023-01-20,1.2105,1.2865,eastmoney_f10,2026-07-29T23:50:46
2023-01-30,1.2103,1.2863,eastmoney_f10,2026-07-29T23:50:46
2023-01-31,1.1964,1.2724,eastmoney_f10,2026-07-29T23:50:46
2023-02-01,1.2063,1.2823,eastmoney_f10,2026-07-29T23:50:46
2023-02-02,1.1941,1.2701,eastmoney_f10,2026-07-29T23:50:46
2023-02-03,1.1813,1.2573,eastmoney_f10,2026-07-29T23:50:46
2023-02-06,1.1628,1.2388,eastmoney_f10,2026-07-29T23:50:46
2023-02-07,1.171,1.247,eastmoney_f10,2026-07-29T23:50:46
2023-02-08,1.1662,1.2422,eastmoney_f10,2026-07-29T23:50:46
2023-02-09,1.1876,1.2636,eastmoney_f10,2026-07-29T23:50:46
2023-02-10,1.1632,1.2392,eastmoney_f10,2026-07-29T23:50:46
2023-02-13,1.1661,1.2421,eastmoney_f10,2026-07-29T23:50:46
2023-02-14,1.163,1.239,eastmoney_f10,2026-07-29T23:50:46
2023-02-15,1.1478,1.2238,eastmoney_f10,2026-07-29T23:50:46
2023-02-16,1.1628,1.2388,eastmoney_f10,2026-07-29T23:50:46
2023-02-17,1.1497,1.2257,eastmoney_f10,2026-07-29T23:50:46
2023-02-20,1.1599,1.2359,eastmoney_f10,2026-07-29T23:50:46
2023-02-21,1.1391,1.2151,eastmoney_f10,2026-07-29T23:50:46
2023-02-22,1.1356,1.2116,eastmoney_f10,2026-07-29T23:50:46
2023-02-23,1.136,1.212,eastmoney_f10,2026-07-29T23:50:46
2023-02-24,1.1148,1.1908,eastmoney_f10,2026-07-29T23:50:46
2023-02-27,1.1207,1.1967,eastmoney_f10,2026-07-29T23:50:46
2023-02-28,1.1112,1.1872,eastmoney_f10,2026-07-29T23:50:46
2023-03-01,1.1558,1.2318,eastmoney_f10,2026-07-29T23:50:46
2023-03-02,1.1381,1.2141,eastmoney_f10,2026-07-29T23:50:46
2023-03-03,1.1506,1.2266,eastmoney_f10,2026-07-29T23:50:46
2023-03-06,1.15,1.226,eastmoney_f10,2026-07-29T23:50:46
2023-03-07,1.1496,1.2256,eastmoney_f10,2026-07-29T23:50:46
2023-03-08,1.1286,1.2046,eastmoney_f10,2026-07-29T23:50:46
2023-03-09,1.1238,1.1998,eastmoney_f10,2026-07-29T23:50:46
2023-03-10,1.0896,1.1656,eastmoney_f10,2026-07-29T23:50:46
2023-03-13,1.1064,1.1824,eastmoney_f10,2026-07-29T23:50:46
2023-03-14,1.0764,1.1524,eastmoney_f10,2026-07-29T23:50:46
2023-03-15,1.0873,1.1633,eastmoney_f10,2026-07-29T23:50:46
2023-03-16,1.0754,1.1514,eastmoney_f10,2026-07-29T23:50:46
2023-03-17,1.0917,1.1677,eastmoney_f10,2026-07-29T23:50:46
2023-03-20,1.0571,1.1331,eastmoney_f10,2026-07-29T23:50:46
2023-03-21,1.074,1.15,eastmoney_f10,2026-07-29T23:50:46
2023-03-22,1.0906,1.1666,eastmoney_f10,2026-07-29T23:50:46
2023-03-23,1.1159,1.1919,eastmoney_f10,2026-07-29T23:50:46
2023-03-24,1.1029,1.1789,eastmoney_f10,2026-07-29T23:50:46
2023-03-27,1.089,1.165,eastmoney_f10,2026-07-29T23:50:46
2023-03-28,1.1014,1.1774,eastmoney_f10,2026-07-29T23:50:46
2023-03-29,1.1245,1.2005,eastmoney_f10,2026-07-29T23:50:46
2023-03-30,1.1327,1.2087,eastmoney_f10,2026-07-29T23:50:46
2023-03-31,1.1351,1.2111,eastmoney_f10,2026-07-29T23:50:46
2023-04-03,1.1368,1.2128,eastmoney_f10,2026-07-29T23:50:46
2023-04-04,1.1282,1.2042,eastmoney_f10,2026-07-29T23:50:46
2023-04-06,1.1318,1.2078,eastmoney_f10,2026-07-29T23:50:46
2023-04-07,1.1331,1.2091,eastmoney_f10,2026-07-29T23:50:46
2023-04-10,1.1319,1.2079,eastmoney_f10,2026-07-29T23:50:46
2023-04-11,1.1427,1.2187,eastmoney_f10,2026-07-29T23:50:46
2023-04-12,1.1323,1.2083,eastmoney_f10,2026-07-29T23:50:46
2023-04-13,1.1313,1.2073,eastmoney_f10,2026-07-29T23:50:46
2023-04-14,1.1354,1.2114,eastmoney_f10,2026-07-29T23:50:46
2023-04-17,1.1556,1.2316,eastmoney_f10,2026-07-29T23:50:46
2023-04-18,1.1504,1.2264,eastmoney_f10,2026-07-29T23:50:46
2023-04-19,1.1334,1.2094,eastmoney_f10,2026-07-29T23:50:46
2023-04-20,1.1391,1.2151,eastmoney_f10,2026-07-29T23:50:46
2023-04-21,1.1175,1.1935,eastmoney_f10,2026-07-29T23:50:46
2023-04-24,1.1124,1.1884,eastmoney_f10,2026-07-29T23:50:46
2023-04-25,1.0932,1.1692,eastmoney_f10,2026-07-29T23:50:46
2023-04-26,1.107,1.183,eastmoney_f10,2026-07-29T23:50:46
2023-04-27,1.1111,1.1871,eastmoney_f10,2026-07-29T23:50:46
2023-04-28,1.1146,1.1906,eastmoney_f10,2026-07-29T23:50:46
2023-05-04,1.1149,1.1909,eastmoney_f10,2026-07-29T23:50:46
2023-05-05,1.1214,1.1974,eastmoney_f10,2026-07-29T23:50:46
2023-05-08,1.136,1.212,eastmoney_f10,2026-07-29T23:50:46
2023-05-09,1.1132,1.1892,eastmoney_f10,2026-07-29T23:50:46
2023-05-10,1.1094,1.1854,eastmoney_f10,2026-07-29T23:50:46
2023-05-11,1.1077,1.1837,eastmoney_f10,2026-07-29T23:50:46
2023-05-12,1.1053,1.1813,eastmoney_f10,2026-07-29T23:50:46
2023-05-15,1.1271,1.2031,eastmoney_f10,2026-07-29T23:50:46
2023-05-16,1.126,1.202,eastmoney_f10,2026-07-29T23:50:46
2023-05-17,1.1059,1.1819,eastmoney_f10,2026-07-29T23:50:46
2023-05-18,1.1201,1.1961,eastmoney_f10,2026-07-29T23:50:46
2023-05-19,1.112,1.188,eastmoney_f10,2026-07-29T23:50:46
2023-05-22,1.1224,1.1984,eastmoney_f10,2026-07-29T23:50:46
2023-05-23,1.1116,1.1876,eastmoney_f10,2026-07-29T23:50:46
2023-05-24,1.0964,1.1724,eastmoney_f10,2026-07-29T23:50:46
2023-05-25,1.0755,1.1515,eastmoney_f10,2026-07-29T23:50:46
2023-05-26,1.0781,1.1541,eastmoney_f10,2026-07-29T23:50:46
2023-05-29,1.0641,1.1401,eastmoney_f10,2026-07-29T23:50:46
2023-05-30,1.071,1.147,eastmoney_f10,2026-07-29T23:50:46
2023-05-31,1.0492,1.1252,eastmoney_f10,2026-07-29T23:50:46
2023-06-01,1.0509,1.1269,eastmoney_f10,2026-07-29T23:50:46
2023-06-02,1.0929,1.1689,eastmoney_f10,2026-07-29T23:50:46
2023-06-05,1.1005,1.1765,eastmoney_f10,2026-07-29T23:50:46
2023-06-06,1.1026,1.1786,eastmoney_f10,2026-07-29T23:50:46
2023-06-07,1.1137,1.1897,eastmoney_f10,2026-07-29T23:50:46
2023-06-08,1.1189,1.1949,eastmoney_f10,2026-07-29T23:50:46
2023-06-09,1.1231,1.1991,eastmoney_f10,2026-07-29T23:50:46
2023-06-12,1.1256,1.2016,eastmoney_f10,2026-07-29T23:50:46
2023-06-13,1.1372,1.2132,eastmoney_f10,2026-07-29T23:50:46
2023-06-14,1.1329,1.2089,eastmoney_f10,2026-07-29T23:50:46
2023-06-15,1.1568,1.2328,eastmoney_f10,2026-07-29T23:50:46
2023-06-16,1.1678,1.2438,eastmoney_f10,2026-07-29T23:50:46
2023-06-19,1.158,1.234,eastmoney_f10,2026-07-29T23:50:46
2023-06-20,1.1477,1.2237,eastmoney_f10,2026-07-29T23:50:46
2023-06-21,1.1274,1.2034,eastmoney_f10,2026-07-29T23:50:46
2023-06-26,1.1057,1.1817,eastmoney_f10,2026-07-29T23:50:46
2023-06-27,1.1269,1.2029,eastmoney_f10,2026-07-29T23:50:46
2023-06-28,1.1284,1.2044,eastmoney_f10,2026-07-29T23:50:46
2023-06-29,1.1159,1.1919,eastmoney_f10,2026-07-29T23:50:46
2023-06-30,1.1151,1.1911,eastmoney_f10,2026-07-29T23:50:46
2023-07-03,1.1368,1.2128,eastmoney_f10,2026-07-29T23:50:46
2023-07-04,1.1421,1.2181,eastmoney_f10,2026-07-29T23:50:46
2023-07-05,1.1241,1.2001,eastmoney_f10,2026-07-29T23:50:46
2023-07-06,1.1002,1.1762,eastmoney_f10,2026-07-29T23:50:46
2023-07-07,1.089,1.165,eastmoney_f10,2026-07-29T23:50:46
2023-07-10,1.0932,1.1692,eastmoney_f10,2026-07-29T23:50:46
2023-07-11,1.1029,1.1789,eastmoney_f10,2026-07-29T23:50:46
2023-07-12,1.1134,1.1894,eastmoney_f10,2026-07-29T23:50:46
2023-07-13,1.1391,1.2151,eastmoney_f10,2026-07-29T23:50:46
2023-07-14,1.1403,1.2163,eastmoney_f10,2026-07-29T23:50:46
2023-07-17,1.1412,1.2172,eastmoney_f10,2026-07-29T23:50:46
2023-07-18,1.1197,1.1957,eastmoney_f10,2026-07-29T23:50:46
2023-07-19,1.1164,1.1924,eastmoney_f10,2026-07-29T23:50:46
2023-07-20,1.1154,1.1914,eastmoney_f10,2026-07-29T23:50:46
2023-07-21,1.1231,1.1991,eastmoney_f10,2026-07-29T23:50:46
2023-07-24,1.0987,1.1747,eastmoney_f10,2026-07-29T23:50:46
2023-07-25,1.1438,1.2198,eastmoney_f10,2026-07-29T23:50:46
2023-07-26,1.1385,1.2145,eastmoney_f10,2026-07-29T23:50:46
2023-07-27,1.1561,1.2321,eastmoney_f10,2026-07-29T23:50:46
2023-07-28,1.1726,1.2486,eastmoney_f10,2026-07-29T23:50:46
2023-07-31,1.1824,1.2584,eastmoney_f10,2026-07-29T23:50:46
2023-08-01,1.1776,1.2536,eastmoney_f10,2026-07-29T23:50:46
2023-08-02,1.1505,1.2265,eastmoney_f10,2026-07-29T23:50:46
2023-08-03,1.1455,1.2215,eastmoney_f10,2026-07-29T23:50:46
2023-08-04,1.1505,1.2265,eastmoney_f10,2026-07-29T23:50:46
2023-08-07,1.1494,1.2254,eastmoney_f10,2026-07-29T23:50:46
2023-08-08,1.1318,1.2078,eastmoney_f10,2026-07-29T23:50:46
2023-08-09,1.1349,1.2109,eastmoney_f10,2026-07-29T23:50:46
2023-08-10,1.135,1.211,eastmoney_f10,2026-07-29T23:50:46
2023-08-11,1.125,1.201,eastmoney_f10,2026-07-29T23:50:46
2023-08-14,1.1088,1.1848,eastmoney_f10,2026-07-29T23:50:46
2023-08-15,1.0982,1.1742,eastmoney_f10,2026-07-29T23:50:46
2023-08-16,1.0861,1.1621,eastmoney_f10,2026-07-29T23:50:46
2023-08-17,1.0861,1.1621,eastmoney_f10,2026-07-29T23:50:46
2023-08-18,1.0634,1.1394,eastmoney_f10,2026-07-29T23:50:46
2023-08-21,1.0432,1.1192,eastmoney_f10,2026-07-29T23:50:46
2023-08-22,1.0522,1.1282,eastmoney_f10,2026-07-29T23:50:46
2023-08-23,1.0557,1.1317,eastmoney_f10,2026-07-29T23:50:46
2023-08-24,1.0756,1.1516,eastmoney_f10,2026-07-29T23:50:46
2023-08-25,1.0601,1.1361,eastmoney_f10,2026-07-29T23:50:46
2023-08-28,1.0699,1.1459,eastmoney_f10,2026-07-29T23:50:46
2023-08-29,1.0907,1.1667,eastmoney_f10,2026-07-29T23:50:46
2023-08-30,1.09,1.166,eastmoney_f10,2026-07-29T23:50:46
2023-08-31,1.0844,1.1604,eastmoney_f10,2026-07-29T23:50:46
2023-09-01,1.0846,1.1606,eastmoney_f10,2026-07-29T23:50:46
2023-09-04,1.1125,1.1885,eastmoney_f10,2026-07-29T23:50:46
2023-09-05,1.0908,1.1668,eastmoney_f10,2026-07-29T23:50:46
2023-09-06,1.0926,1.1686,eastmoney_f10,2026-07-29T23:50:46
2023-09-07,1.079,1.155,eastmoney_f10,2026-07-29T23:50:46
2023-09-08,1.0821,1.1581,eastmoney_f10,2026-07-29T23:50:46
2023-09-11,1.0763,1.1523,eastmoney_f10,2026-07-29T23:50:46
2023-09-12,1.0713,1.1473,eastmoney_f10,2026-07-29T23:50:46
2023-09-13,1.0698,1.1458,eastmoney_f10,2026-07-29T23:50:46
2023-09-14,1.0716,1.1476,eastmoney_f10,2026-07-29T23:50:46
2023-09-15,1.0783,1.1543,eastmoney_f10,2026-07-29T23:50:46
2023-09-18,1.063,1.139,eastmoney_f10,2026-07-29T23:50:46
2023-09-19,1.0682,1.1442,eastmoney_f10,2026-07-29T23:50:46
2023-09-20,1.061,1.137,eastmoney_f10,2026-07-29T23:50:46
2023-09-21,1.047,1.123,eastmoney_f10,2026-07-29T23:50:46
2023-09-22,1.0716,1.1476,eastmoney_f10,2026-07-29T23:50:46
2023-09-25,1.0519,1.1279,eastmoney_f10,2026-07-29T23:50:46
2023-09-26,1.0367,1.1127,eastmoney_f10,2026-07-29T23:50:46
2023-09-27,1.0444,1.1204,eastmoney_f10,2026-07-29T23:50:46
2023-09-28,1.0309,1.1069,eastmoney_f10,2026-07-29T23:50:46
2023-10-09,1.0381,1.1141,eastmoney_f10,2026-07-29T23:50:46
2023-10-10,1.0475,1.1235,eastmoney_f10,2026-07-29T23:50:46
2023-10-11,1.0619,1.1379,eastmoney_f10,2026-07-29T23:50:46
2023-10-12,1.0819,1.1579,eastmoney_f10,2026-07-29T23:50:46
2023-10-13,1.0564,1.1324,eastmoney_f10,2026-07-29T23:50:46
2023-10-16,1.0465,1.1225,eastmoney_f10,2026-07-29T23:50:46
2023-10-17,1.0552,1.1312,eastmoney_f10,2026-07-29T23:50:46
2023-10-18,1.0518,1.1278,eastmoney_f10,2026-07-29T23:50:46
2023-10-19,1.0254,1.1014,eastmoney_f10,2026-07-29T23:50:46
2023-10-20,1.0187,1.0947,eastmoney_f10,2026-07-29T23:50:46
2023-10-23,1.0182,1.0942,eastmoney_f10,2026-07-29T23:50:46
2023-10-24,1.0073,1.0833,eastmoney_f10,2026-07-29T23:50:46
2023-10-25,1.0133,1.0893,eastmoney_f10,2026-07-29T23:50:46
2023-10-26,1.0107,1.0867,eastmoney_f10,2026-07-29T23:50:46
2023-10-27,1.032,1.108,eastmoney_f10,2026-07-29T23:50:46
2023-10-30,1.0324,1.1084,eastmoney_f10,2026-07-29T23:50:46
2023-10-31,1.015,1.091,eastmoney_f10,2026-07-29T23:50:46
2023-11-01,1.0135,1.0895,eastmoney_f10,2026-07-29T23:50:46
2023-11-02,1.0219,1.0979,eastmoney_f10,2026-07-29T23:50:46
2023-11-03,1.0469,1.1229,eastmoney_f10,2026-07-29T23:50:46
2023-11-06,1.0654,1.1414,eastmoney_f10,2026-07-29T23:50:46
2023-11-07,1.048,1.124,eastmoney_f10,2026-07-29T23:50:46
2023-11-08,1.0422,1.1182,eastmoney_f10,2026-07-29T23:50:46
2023-11-09,1.04,1.116,eastmoney_f10,2026-07-29T23:50:46
2023-11-10,1.0228,1.0988,eastmoney_f10,2026-07-29T23:50:46
2023-11-13,1.0356,1.1116,eastmoney_f10,2026-07-29T23:50:46
2023-11-14,1.0339,1.1099,eastmoney_f10,2026-07-29T23:50:46
2023-11-15,1.0748,1.1508,eastmoney_f10,2026-07-29T23:50:46
2023-11-16,1.0594,1.1354,eastmoney_f10,2026-07-29T23:50:46
2023-11-17,1.0384,1.1144,eastmoney_f10,2026-07-29T23:50:46
2023-11-20,1.0563,1.1323,eastmoney_f10,2026-07-29T23:50:46
2023-11-21,1.0512,1.1272,eastmoney_f10,2026-07-29T23:50:46
2023-11-22,1.0487,1.1247,eastmoney_f10,2026-07-29T23:50:46
2023-11-23,1.0583,1.1343,eastmoney_f10,2026-07-29T23:50:46
2023-11-24,1.0366,1.1126,eastmoney_f10,2026-07-29T23:50:46
2023-11-27,1.0358,1.1118,eastmoney_f10,2026-07-29T23:50:46
2023-11-28,1.0252,1.1012,eastmoney_f10,2026-07-29T23:50:46
2023-11-29,1.0019,1.0779,eastmoney_f10,2026-07-29T23:50:46
2023-11-30,1.0031,1.0791,eastmoney_f10,2026-07-29T23:50:46
2023-12-01,0.9914,1.0674,eastmoney_f10,2026-07-29T23:50:46
2023-12-04,0.9792,1.0552,eastmoney_f10,2026-07-29T23:50:46
2023-12-05,0.9617,1.0377,eastmoney_f10,2026-07-29T23:50:46
2023-12-06,0.9694,1.0454,eastmoney_f10,2026-07-29T23:50:46
2023-12-07,0.9639,1.0399,eastmoney_f10,2026-07-29T23:50:46
2023-12-08,0.9623,1.0383,eastmoney_f10,2026-07-29T23:50:46
2023-12-11,0.9549,1.0309,eastmoney_f10,2026-07-29T23:50:46
2023-12-12,0.966,1.042,eastmoney_f10,2026-07-29T23:50:46
2023-12-13,0.9565,1.0325,eastmoney_f10,2026-07-29T23:50:46
2023-12-14,0.9665,1.0425,eastmoney_f10,2026-07-29T23:50:46
2023-12-15,0.9876,1.0636,eastmoney_f10,2026-07-29T23:50:46
2023-12-18,0.978,1.054,eastmoney_f10,2026-07-29T23:50:46
2023-12-19,0.9723,1.0483,eastmoney_f10,2026-07-29T23:50:46
2023-12-20,0.979,1.055,eastmoney_f10,2026-07-29T23:50:46
2023-12-21,0.9791,1.0551,eastmoney_f10,2026-07-29T23:50:46
2023-12-22,0.9614,1.0374,eastmoney_f10,2026-07-29T23:50:46
2023-12-25,0.9612,1.0372,eastmoney_f10,2026-07-29T23:50:46
2023-12-26,0.9613,1.0373,eastmoney_f10,2026-07-29T23:50:46
2023-12-27,0.9785,1.0545,eastmoney_f10,2026-07-29T23:50:46
2023-12-28,1.0026,1.0786,eastmoney_f10,2026-07-29T23:50:46
2023-12-29,1.0002,1.0762,eastmoney_f10,2026-07-29T23:50:46
2023-12-31,1.0002,1.0762,eastmoney_f10,2026-07-29T23:50:46
2024-01-02,0.9843,1.0603,eastmoney_f10,2026-07-29T23:50:46
2024-01-03,0.979,1.055,eastmoney_f10,2026-07-29T23:50:46
2024-01-04,0.9798,1.0558,eastmoney_f10,2026-07-29T23:50:46
2024-01-05,0.9733,1.0493,eastmoney_f10,2026-07-29T23:50:46
2024-01-08,0.9546,1.0306,eastmoney_f10,2026-07-29T23:50:46
2024-01-09,0.9528,1.0288,eastmoney_f10,2026-07-29T23:50:46
2024-01-10,0.947,1.023,eastmoney_f10,2026-07-29T23:50:46
2024-01-11,0.9594,1.0354,eastmoney_f10,2026-07-29T23:50:46
2024-01-12,0.9555,1.0315,eastmoney_f10,2026-07-29T23:50:46
2024-01-15,0.9539,1.0299,eastmoney_f10,2026-07-29T23:50:46
2024-01-16,0.9335,1.0095,eastmoney_f10,2026-07-29T23:50:46
2024-01-17,0.899,0.975,eastmoney_f10,2026-07-29T23:50:46
2024-01-18,0.9063,0.9823,eastmoney_f10,2026-07-29T23:50:46
2024-01-19,0.9014,0.9774,eastmoney_f10,2026-07-29T23:50:46
2024-01-22,0.8803,0.9563,eastmoney_f10,2026-07-29T23:50:46
2024-01-23,0.9034,0.9794,eastmoney_f10,2026-07-29T23:50:46
2024-01-24,0.9343,1.0103,eastmoney_f10,2026-07-29T23:50:46
2024-01-25,0.9528,1.0288,eastmoney_f10,2026-07-29T23:50:46
2024-01-26,0.938,1.014,eastmoney_f10,2026-07-29T23:50:46
2024-01-29,0.9459,1.0219,eastmoney_f10,2026-07-29T23:50:46
2024-01-30,0.9235,0.9995,eastmoney_f10,2026-07-29T23:50:46
2024-01-31,0.9099,0.9859,eastmoney_f10,2026-07-29T23:50:46
2024-02-01,0.9147,0.9907,eastmoney_f10,2026-07-29T23:50:46
2024-02-02,0.912,0.988,eastmoney_f10,2026-07-29T23:50:46
2024-02-05,0.9111,0.9871,eastmoney_f10,2026-07-29T23:50:46
2024-02-06,0.948,1.024,eastmoney_f10,2026-07-29T23:50:46
2024-02-07,0.9444,1.0204,eastmoney_f10,2026-07-29T23:50:46
2024-02-08,0.9328,1.0088,eastmoney_f10,2026-07-29T23:50:46
2024-02-19,0.9483,1.0243,eastmoney_f10,2026-07-29T23:50:46
2024-02-20,0.9541,1.0301,eastmoney_f10,2026-07-29T23:50:46
2024-02-21,0.9686,1.0446,eastmoney_f10,2026-07-29T23:50:46
2024-02-22,0.9827,1.0587,eastmoney_f10,2026-07-29T23:50:46
2024-02-23,0.982,1.058,eastmoney_f10,2026-07-29T23:50:46
2024-02-26,0.9765,1.0525,eastmoney_f10,2026-07-29T23:50:46
2024-02-27,0.9856,1.0616,eastmoney_f10,2026-07-29T23:50:46
2024-02-28,0.9704,1.0464,eastmoney_f10,2026-07-29T23:50:46
2024-02-29,0.9681,1.0441,eastmoney_f10,2026-07-29T23:50:46
2024-03-01,0.9729,1.0489,eastmoney_f10,2026-07-29T23:50:46
2024-03-04,0.9727,1.0487,eastmoney_f10,2026-07-29T23:50:46
2024-03-05,0.9478,1.0238,eastmoney_f10,2026-07-29T23:50:46
2024-03-06,0.9641,1.0401,eastmoney_f10,2026-07-29T23:50:46
2024-03-07,0.9544,1.0304,eastmoney_f10,2026-07-29T23:50:46
2024-03-08,0.9616,1.0376,eastmoney_f10,2026-07-29T23:50:46
2024-03-11,0.9753,1.0513,eastmoney_f10,2026-07-29T23:50:46
2024-03-12,1.0049,1.0809,eastmoney_f10,2026-07-29T23:50:46
2024-03-13,1.0039,1.0799,eastmoney_f10,2026-07-29T23:50:46
2024-03-14,0.9975,1.0735,eastmoney_f10,2026-07-29T23:50:46
2024-03-15,0.9833,1.0593,eastmoney_f10,2026-07-29T23:50:46
2024-03-18,0.9838,1.0598,eastmoney_f10,2026-07-29T23:50:46
2024-03-19,0.9724,1.0484,eastmoney_f10,2026-07-29T23:50:46
2024-03-20,0.9727,1.0487,eastmoney_f10,2026-07-29T23:50:46
2024-03-21,0.9912,1.0672,eastmoney_f10,2026-07-29T23:50:46
2024-03-22,0.9708,1.0468,eastmoney_f10,2026-07-29T23:50:46
2024-03-25,0.969,1.045,eastmoney_f10,2026-07-29T23:50:46
2024-03-26,0.9768,1.0528,eastmoney_f10,2026-07-29T23:50:46
2024-03-27,0.9633,1.0393,eastmoney_f10,2026-07-29T23:50:46
2024-03-28,0.972,1.048,eastmoney_f10,2026-07-29T23:50:46
2024-03-29,0.9716,1.0476,eastmoney_f10,2026-07-29T23:50:46
2024-04-01,0.9714,1.0474,eastmoney_f10,2026-07-29T23:50:46
2024-04-02,0.9947,1.0707,eastmoney_f10,2026-07-29T23:50:46
2024-04-03,0.9824,1.0584,eastmoney_f10,2026-07-29T23:50:46
2024-04-08,0.9828,1.0588,eastmoney_f10,2026-07-29T23:50:46
2024-04-09,0.9881,1.0641,eastmoney_f10,2026-07-29T23:50:46
2024-04-10,1.0065,1.0825,eastmoney_f10,2026-07-29T23:50:46
2024-04-11,1.0035,1.0795,eastmoney_f10,2026-07-29T23:50:46
2024-04-12,0.9813,1.0573,eastmoney_f10,2026-07-29T23:50:46
2024-04-15,0.9743,1.0503,eastmoney_f10,2026-07-29T23:50:46
2024-04-16,0.9551,1.0311,eastmoney_f10,2026-07-29T23:50:46
2024-04-17,0.9551,1.0311,eastmoney_f10,2026-07-29T23:50:46
2024-04-18,0.963,1.039,eastmoney_f10,2026-07-29T23:50:46
2024-04-19,0.9536,1.0296,eastmoney_f10,2026-07-29T23:50:46
2024-04-22,0.9702,1.0462,eastmoney_f10,2026-07-29T23:50:46
2024-04-23,0.9889,1.0649,eastmoney_f10,2026-07-29T23:50:46
2024-04-24,1.0106,1.0866,eastmoney_f10,2026-07-29T23:50:46
2024-04-25,1.0162,1.0922,eastmoney_f10,2026-07-29T23:50:46
2024-04-26,1.038,1.114,eastmoney_f10,2026-07-29T23:50:46
2024-04-29,1.0435,1.1195,eastmoney_f10,2026-07-29T23:50:46
2024-04-30,1.0449,1.1209,eastmoney_f10,2026-07-29T23:50:46
2024-05-06,1.0936,1.1696,eastmoney_f10,2026-07-29T23:50:46
2024-05-07,1.0868,1.1628,eastmoney_f10,2026-07-29T23:50:46
2024-05-08,1.0769,1.1529,eastmoney_f10,2026-07-29T23:50:46
2024-05-09,1.0937,1.1697,eastmoney_f10,2026-07-29T23:50:46
2024-05-10,1.1186,1.1946,eastmoney_f10,2026-07-29T23:50:46
2024-05-13,1.1278,1.2038,eastmoney_f10,2026-07-29T23:50:46
2024-05-14,1.1265,1.2025,eastmoney_f10,2026-07-29T23:50:46
2024-05-15,1.1264,1.2024,eastmoney_f10,2026-07-29T23:50:46
2024-05-16,1.1447,1.2207,eastmoney_f10,2026-07-29T23:50:46
2024-05-17,1.1567,1.2327,eastmoney_f10,2026-07-29T23:50:46
2024-05-20,1.1613,1.2373,eastmoney_f10,2026-07-29T23:50:46
2024-05-21,1.1382,1.2142,eastmoney_f10,2026-07-29T23:50:46
2024-05-22,1.1359,1.2119,eastmoney_f10,2026-07-29T23:50:46
2024-05-23,1.117,1.193,eastmoney_f10,2026-07-29T23:50:46
2024-05-24,1.1011,1.1771,eastmoney_f10,2026-07-29T23:50:46
2024-05-27,1.1133,1.1893,eastmoney_f10,2026-07-29T23:50:46
2024-05-28,1.1146,1.1906,eastmoney_f10,2026-07-29T23:50:46
2024-05-29,1.0946,1.1706,eastmoney_f10,2026-07-29T23:50:46
2024-05-30,1.0798,1.1558,eastmoney_f10,2026-07-29T23:50:46
2024-05-31,1.07,1.146,eastmoney_f10,2026-07-29T23:50:46
2024-06-03,1.0888,1.1648,eastmoney_f10,2026-07-29T23:50:46
2024-06-04,1.0914,1.1674,eastmoney_f10,2026-07-29T23:50:46
2024-06-05,1.092,1.168,eastmoney_f10,2026-07-29T23:50:46
2024-06-06,1.0969,1.1729,eastmoney_f10,2026-07-29T23:50:46
2024-06-07,1.0908,1.1668,eastmoney_f10,2026-07-29T23:50:46
2024-06-11,1.0802,1.1562,eastmoney_f10,2026-07-29T23:50:46
2024-06-12,1.0684,1.1444,eastmoney_f10,2026-07-29T23:50:46
2024-06-13,1.0794,1.1554,eastmoney_f10,2026-07-29T23:50:46
2024-06-14,1.0695,1.1455,eastmoney_f10,2026-07-29T23:50:46
2024-06-17,1.0693,1.1453,eastmoney_f10,2026-07-29T23:50:46
2024-06-18,1.0685,1.1445,eastmoney_f10,2026-07-29T23:50:46
2024-06-19,1.0997,1.1757,eastmoney_f10,2026-07-29T23:50:46
2024-06-20,1.0946,1.1706,eastmoney_f10,2026-07-29T23:50:46
2024-06-21,1.0768,1.1528,eastmoney_f10,2026-07-29T23:50:46
2024-06-24,1.0768,1.1528,eastmoney_f10,2026-07-29T23:50:46
2024-06-25,1.0795,1.1555,eastmoney_f10,2026-07-29T23:50:46
2024-06-26,1.0805,1.1565,eastmoney_f10,2026-07-29T23:50:46
2024-06-27,1.0599,1.1359,eastmoney_f10,2026-07-29T23:50:46
2024-06-28,1.06,1.136,eastmoney_f10,2026-07-29T23:50:46
2024-06-30,1.0599,1.1359,eastmoney_f10,2026-07-29T23:50:46
2024-07-01,1.0598,1.1358,eastmoney_f10,2026-07-29T23:50:46
2024-07-02,1.0632,1.1392,eastmoney_f10,2026-07-29T23:50:46
2024-07-03,1.0766,1.1526,eastmoney_f10,2026-07-29T23:50:46
2024-07-04,1.0835,1.1595,eastmoney_f10,2026-07-29T23:50:46
2024-07-05,1.0697,1.1457,eastmoney_f10,2026-07-29T23:50:46
2024-07-08,1.0565,1.1325,eastmoney_f10,2026-07-29T23:50:46
2024-07-09,1.057,1.133,eastmoney_f10,2026-07-29T23:50:46
2024-07-10,1.0542,1.1302,eastmoney_f10,2026-07-29T23:50:46
2024-07-11,1.0761,1.1521,eastmoney_f10,2026-07-29T23:50:46
2024-07-12,1.1041,1.1801,eastmoney_f10,2026-07-29T23:50:46
2024-07-15,1.0873,1.1633,eastmoney_f10,2026-07-29T23:50:46
2024-07-16,1.0703,1.1463,eastmoney_f10,2026-07-29T23:50:46
2024-07-17,1.0709,1.1469,eastmoney_f10,2026-07-29T23:50:46
2024-07-18,1.0728,1.1488,eastmoney_f10,2026-07-29T23:50:46
2024-07-19,1.0509,1.1269,eastmoney_f10,2026-07-29T23:50:46
2024-07-22,1.0642,1.1402,eastmoney_f10,2026-07-29T23:50:46
2024-07-23,1.0546,1.1306,eastmoney_f10,2026-07-29T23:50:46
2024-07-24,1.0451,1.1211,eastmoney_f10,2026-07-29T23:50:46
2024-07-25,1.0261,1.1021,eastmoney_f10,2026-07-29T23:50:46
2024-07-26,1.0266,1.1026,eastmoney_f10,2026-07-29T23:50:46
2024-07-29,1.04,1.116,eastmoney_f10,2026-07-29T23:50:46
2024-07-30,1.026,1.102,eastmoney_f10,2026-07-29T23:50:46
2024-07-31,1.0466,1.1226,eastmoney_f10,2026-07-29T23:50:46
2024-08-01,1.0436,1.1196,eastmoney_f10,2026-07-29T23:50:46
2024-08-02,1.0226,1.0986,eastmoney_f10,2026-07-29T23:50:46
2024-08-05,1.0119,1.0879,eastmoney_f10,2026-07-29T23:50:46
2024-08-06,1.0067,1.0827,eastmoney_f10,2026-07-29T23:50:46
2024-08-07,1.0208,1.0968,eastmoney_f10,2026-07-29T23:50:46
2024-08-08,1.0234,1.0994,eastmoney_f10,2026-07-29T23:50:46
2024-08-09,1.0346,1.1106,eastmoney_f10,2026-07-29T23:50:46
2024-08-12,1.0354,1.1114,eastmoney_f10,2026-07-29T23:50:46
2024-08-13,1.0406,1.1166,eastmoney_f10,2026-07-29T23:50:46
2024-08-14,1.0365,1.1125,eastmoney_f10,2026-07-29T23:50:46
2024-08-15,1.0363,1.1123,eastmoney_f10,2026-07-29T23:50:46
2024-08-16,1.0559,1.1319,eastmoney_f10,2026-07-29T23:50:46
2024-08-19,1.0641,1.1401,eastmoney_f10,2026-07-29T23:50:46
2024-08-20,1.0602,1.1362,eastmoney_f10,2026-07-29T23:50:46
2024-08-21,1.0523,1.1283,eastmoney_f10,2026-07-29T23:50:46
2024-08-22,1.0659,1.1419,eastmoney_f10,2026-07-29T23:50:46
2024-08-23,1.0655,1.1415,eastmoney_f10,2026-07-29T23:50:46
2024-08-26,1.0737,1.1497,eastmoney_f10,2026-07-29T23:50:46
2024-08-27,1.0794,1.1554,eastmoney_f10,2026-07-29T23:50:46
2024-08-28,1.0675,1.1435,eastmoney_f10,2026-07-29T23:50:46
2024-08-29,1.0749,1.1509,eastmoney_f10,2026-07-29T23:50:46
2024-08-30,1.0849,1.1609,eastmoney_f10,2026-07-29T23:50:46
2024-09-02,1.0666,1.1426,eastmoney_f10,2026-07-29T23:50:46
2024-09-03,1.066,1.142,eastmoney_f10,2026-07-29T23:50:46
2024-09-04,1.0556,1.1316,eastmoney_f10,2026-07-29T23:50:46
2024-09-05,1.0532,1.1292,eastmoney_f10,2026-07-29T23:50:46
2024-09-06,1.0523,1.1283,eastmoney_f10,2026-07-29T23:50:46
2024-09-09,1.0385,1.1145,eastmoney_f10,2026-07-29T23:50:46
2024-09-10,1.0428,1.1188,eastmoney_f10,2026-07-29T23:50:46
2024-09-11,1.0364,1.1124,eastmoney_f10,2026-07-29T23:50:46
2024-09-12,1.0457,1.1217,eastmoney_f10,2026-07-29T23:50:46
2024-09-13,1.0507,1.1267,eastmoney_f10,2026-07-29T23:50:46
2024-09-18,1.0668,1.1428,eastmoney_f10,2026-07-29T23:50:46
2024-09-19,1.0896,1.1656,eastmoney_f10,2026-07-29T23:50:46
2024-09-20,1.0996,1.1756,eastmoney_f10,2026-07-29T23:50:46
2024-09-23,1.0975,1.1735,eastmoney_f10,2026-07-29T23:50:46
2024-09-24,1.1432,1.2192,eastmoney_f10,2026-07-29T23:50:46
2024-09-25,1.1466,1.2226,eastmoney_f10,2026-07-29T23:50:46
2024-09-26,1.1967,1.2727,eastmoney_f10,2026-07-29T23:50:46
2024-09-27,1.2358,1.3118,eastmoney_f10,2026-07-29T23:50:46
2024-09-30,1.2663,1.3423,eastmoney_f10,2026-07-29T23:50:46
2024-10-08,1.2646,1.3406,eastmoney_f10,2026-07-29T23:50:46
2024-10-09,1.2437,1.3197,eastmoney_f10,2026-07-29T23:50:46
2024-10-10,1.2843,1.3603,eastmoney_f10,2026-07-29T23:50:46
2024-10-11,1.2845,1.3605,eastmoney_f10,2026-07-29T23:50:46
2024-10-14,1.2741,1.3501,eastmoney_f10,2026-07-29T23:50:46
2024-10-15,1.2305,1.3065,eastmoney_f10,2026-07-29T23:50:46
2024-10-16,1.2341,1.3101,eastmoney_f10,2026-07-29T23:50:46
2024-10-17,1.2211,1.2971,eastmoney_f10,2026-07-29T23:50:46
2024-10-18,1.2663,1.3423,eastmoney_f10,2026-07-29T23:50:46
2024-10-21,1.2417,1.3177,eastmoney_f10,2026-07-29T23:50:46
2024-10-22,1.2463,1.3223,eastmoney_f10,2026-07-29T23:50:46
2024-10-23,1.2628,1.3388,eastmoney_f10,2026-07-29T23:50:46
2024-10-24,1.2476,1.3236,eastmoney_f10,2026-07-29T23:50:46
2024-10-25,1.2502,1.3262,eastmoney_f10,2026-07-29T23:50:46
2024-10-28,1.2538,1.3298,eastmoney_f10,2026-07-29T23:50:46
2024-10-29,1.2602,1.3362,eastmoney_f10,2026-07-29T23:50:46
2024-10-30,1.2424,1.3184,eastmoney_f10,2026-07-29T23:50:46
2024-10-31,1.2358,1.3118,eastmoney_f10,2026-07-29T23:50:46
2024-11-01,1.245,1.321,eastmoney_f10,2026-07-29T23:50:46
2024-11-04,1.2496,1.3256,eastmoney_f10,2026-07-29T23:50:46
2024-11-05,1.2734,1.3494,eastmoney_f10,2026-07-29T23:50:46
2024-11-06,1.2448,1.3208,eastmoney_f10,2026-07-29T23:50:46
2024-11-07,1.2822,1.3582,eastmoney_f10,2026-07-29T23:50:46
2024-11-08,1.2642,1.3402,eastmoney_f10,2026-07-29T23:50:46
2024-11-11,1.252,1.328,eastmoney_f10,2026-07-29T23:50:46
2024-11-12,1.2188,1.2948,eastmoney_f10,2026-07-29T23:50:46
2024-11-13,1.2178,1.2938,eastmoney_f10,2026-07-29T23:50:46
2024-11-14,1.1934,1.2694,eastmoney_f10,2026-07-29T23:50:46
2024-11-15,1.1928,1.2688,eastmoney_f10,2026-07-29T23:50:46
2024-11-18,1.2007,1.2767,eastmoney_f10,2026-07-29T23:50:46
2024-11-19,1.2062,1.2822,eastmoney_f10,2026-07-29T23:50:46
2024-11-20,1.2091,1.2851,eastmoney_f10,2026-07-29T23:50:46
2024-11-21,1.2027,1.2787,eastmoney_f10,2026-07-29T23:50:46
2024-11-22,1.18,1.256,eastmoney_f10,2026-07-29T23:50:46
2024-11-25,1.1746,1.2506,eastmoney_f10,2026-07-29T23:50:46
2024-11-26,1.1753,1.2513,eastmoney_f10,2026-07-29T23:50:46
2024-11-27,1.2038,1.2798,eastmoney_f10,2026-07-29T23:50:46
2024-11-28,1.1878,1.2638,eastmoney_f10,2026-07-29T23:50:46
2024-11-29,1.1909,1.2669,eastmoney_f10,2026-07-29T23:50:46
2024-12-02,1.1985,1.2745,eastmoney_f10,2026-07-29T23:50:46
2024-12-03,1.2128,1.2888,eastmoney_f10,2026-07-29T23:50:46
2024-12-04,1.2112,1.2872,eastmoney_f10,2026-07-29T23:50:46
2024-12-05,1.1994,1.2754,eastmoney_f10,2026-07-29T23:50:46
2024-12-06,1.2178,1.2938,eastmoney_f10,2026-07-29T23:50:46
2024-12-09,1.2524,1.3284,eastmoney_f10,2026-07-29T23:50:46
2024-12-10,1.2476,1.3236,eastmoney_f10,2026-07-29T23:50:46
2024-12-11,1.2362,1.3122,eastmoney_f10,2026-07-29T23:50:46
2024-12-12,1.2514,1.3274,eastmoney_f10,2026-07-29T23:50:46
2024-12-13,1.2253,1.3013,eastmoney_f10,2026-07-29T23:50:46
2024-12-16,1.2142,1.2902,eastmoney_f10,2026-07-29T23:50:46
2024-12-17,1.2088,1.2848,eastmoney_f10,2026-07-29T23:50:46
2024-12-18,1.2195,1.2955,eastmoney_f10,2026-07-29T23:50:46
2024-12-19,1.2126,1.2886,eastmoney_f10,2026-07-29T23:50:46
2024-12-20,1.2104,1.2864,eastmoney_f10,2026-07-29T23:50:46
2024-12-23,1.2195,1.2955,eastmoney_f10,2026-07-29T23:50:46
2024-12-24,1.2333,1.3093,eastmoney_f10,2026-07-29T23:50:46
2024-12-25,1.2336,1.3096,eastmoney_f10,2026-07-29T23:50:46
2024-12-26,1.2341,1.3101,eastmoney_f10,2026-07-29T23:50:46
2024-12-27,1.2334,1.3094,eastmoney_f10,2026-07-29T23:50:46
2024-12-30,1.2305,1.3065,eastmoney_f10,2026-07-29T23:50:46
2024-12-31,1.2321,1.3081,eastmoney_f10,2026-07-29T23:50:46
2025-01-02,1.2062,1.2822,eastmoney_f10,2026-07-29T23:50:46
2025-01-03,1.2138,1.2898,eastmoney_f10,2026-07-29T23:50:46
2025-01-06,1.2092,1.2852,eastmoney_f10,2026-07-29T23:50:46
2025-01-07,1.195,1.271,eastmoney_f10,2026-07-29T23:50:46
2025-01-08,1.1846,1.2606,eastmoney_f10,2026-07-29T23:50:46
2025-01-09,1.1817,1.2577,eastmoney_f10,2026-07-29T23:50:46
2025-01-10,1.1706,1.2466,eastmoney_f10,2026-07-29T23:50:46
2025-01-13,1.1586,1.2346,eastmoney_f10,2026-07-29T23:50:46
2025-01-14,1.1803,1.2563,eastmoney_f10,2026-07-29T23:50:46
2025-01-15,1.1839,1.2599,eastmoney_f10,2026-07-29T23:50:46
2025-01-16,1.1986,1.2746,eastmoney_f10,2026-07-29T23:50:46
2025-01-17,1.202,1.278,eastmoney_f10,2026-07-29T23:50:46
2025-01-20,1.2234,1.2994,eastmoney_f10,2026-07-29T23:50:46
2025-01-21,1.2318,1.3078,eastmoney_f10,2026-07-29T23:50:46
2025-01-22,1.211,1.287,eastmoney_f10,2026-07-29T23:50:46
2025-01-23,1.2064,1.2824,eastmoney_f10,2026-07-29T23:50:46
2025-01-24,1.228,1.304,eastmoney_f10,2026-07-29T23:50:46
2025-01-27,1.2361,1.3121,eastmoney_f10,2026-07-29T23:50:46
2025-02-05,1.2607,1.3367,eastmoney_f10,2026-07-29T23:50:46
2025-02-06,1.2783,1.3543,eastmoney_f10,2026-07-29T23:50:46
2025-02-07,1.2937,1.3697,eastmoney_f10,2026-07-29T23:50:46
2025-02-10,1.3168,1.3928,eastmoney_f10,2026-07-29T23:50:46
2025-02-11,1.3032,1.3792,eastmoney_f10,2026-07-29T23:50:46
2025-02-12,1.3369,1.4129,eastmoney_f10,2026-07-29T23:50:46
2025-02-13,1.3353,1.4113,eastmoney_f10,2026-07-29T23:50:46
2025-02-14,1.3848,1.4608,eastmoney_f10,2026-07-29T23:50:46
2025-02-17,1.3846,1.4606,eastmoney_f10,2026-07-29T23:50:46
2025-02-18,1.407,1.483,eastmoney_f10,2026-07-29T23:50:46
2025-02-19,1.406,1.482,eastmoney_f10,2026-07-29T23:50:46
2025-02-20,1.3836,1.4596,eastmoney_f10,2026-07-29T23:50:46
2025-02-21,1.4387,1.5147,eastmoney_f10,2026-07-29T23:50:46
2025-02-24,1.4315,1.5075,eastmoney_f10,2026-07-29T23:50:46
2025-02-25,1.4117,1.4877,eastmoney_f10,2026-07-29T23:50:46
2025-02-26,1.4589,1.5349,eastmoney_f10,2026-07-29T23:50:46
2025-02-27,1.4546,1.5306,eastmoney_f10,2026-07-29T23:50:46
2025-02-28,1.4066,1.4826,eastmoney_f10,2026-07-29T23:50:46
2025-03-03,1.4102,1.4862,eastmoney_f10,2026-07-29T23:50:46
2025-03-04,1.4062,1.4822,eastmoney_f10,2026-07-29T23:50:46
2025-03-05,1.4466,1.5226,eastmoney_f10,2026-07-29T23:50:46
2025-03-06,1.4971,1.5731,eastmoney_f10,2026-07-29T23:50:46
2025-03-07,1.4889,1.5649,eastmoney_f10,2026-07-29T23:50:46
2025-03-10,1.461,1.537,eastmoney_f10,2026-07-29T23:50:46
2025-03-11,1.4618,1.5378,eastmoney_f10,2026-07-29T23:50:46
2025-03-12,1.4499,1.5259,eastmoney_f10,2026-07-29T23:50:46
2025-03-13,1.4423,1.5183,eastmoney_f10,2026-07-29T23:50:46
2025-03-14,1.4729,1.5489,eastmoney_f10,2026-07-29T23:50:46
2025-03-17,1.4831,1.5591,eastmoney_f10,2026-07-29T23:50:46
2025-03-18,1.5209,1.5969,eastmoney_f10,2026-07-29T23:50:46
2025-03-19,1.5217,1.5977,eastmoney_f10,2026-07-29T23:50:46
2025-03-20,1.489,1.565,eastmoney_f10,2026-07-29T23:50:46
2025-03-21,1.4558,1.5318,eastmoney_f10,2026-07-29T23:50:46
2025-03-24,1.4698,1.5458,eastmoney_f10,2026-07-29T23:50:46
2025-03-25,1.4349,1.5109,eastmoney_f10,2026-07-29T23:50:46
2025-03-26,1.4425,1.5185,eastmoney_f10,2026-07-29T23:50:46
2025-03-27,1.4487,1.5247,eastmoney_f10,2026-07-29T23:50:46
2025-03-28,1.4387,1.5147,eastmoney_f10,2026-07-29T23:50:46
2025-03-31,1.42,1.496,eastmoney_f10,2026-07-29T23:50:46
2025-04-01,1.425,1.501,eastmoney_f10,2026-07-29T23:50:46
2025-04-02,1.4247,1.5007,eastmoney_f10,2026-07-29T23:50:46
2025-04-03,1.4041,1.4801,eastmoney_f10,2026-07-29T23:50:46
2025-04-07,1.2224,1.2984,eastmoney_f10,2026-07-29T23:50:46
2025-04-08,1.2413,1.3173,eastmoney_f10,2026-07-29T23:50:46
2025-04-09,1.2514,1.3274,eastmoney_f10,2026-07-29T23:50:46
2025-04-10,1.2791,1.3551,eastmoney_f10,2026-07-29T23:50:46
2025-04-11,1.2934,1.3694,eastmoney_f10,2026-07-29T23:50:46
2025-04-14,1.325,1.401,eastmoney_f10,2026-07-29T23:50:46
2025-04-15,1.3281,1.4041,eastmoney_f10,2026-07-29T23:50:46
2025-04-16,1.3039,1.3799,eastmoney_f10,2026-07-29T23:50:46
2025-04-17,1.3228,1.3988,eastmoney_f10,2026-07-29T23:50:46
2025-04-18,1.322,1.398,eastmoney_f10,2026-07-29T23:50:46
2025-04-21,1.3222,1.3982,eastmoney_f10,2026-07-29T23:50:46
2025-04-22,1.3336,1.4096,eastmoney_f10,2026-07-29T23:50:46
2025-04-23,1.3666,1.4426,eastmoney_f10,2026-07-29T23:50:46
2025-04-24,1.3556,1.4316,eastmoney_f10,2026-07-29T23:50:46
2025-04-25,1.3597,1.4357,eastmoney_f10,2026-07-29T23:50:46
2025-04-28,1.3591,1.4351,eastmoney_f10,2026-07-29T23:50:46
2025-04-29,1.3611,1.4371,eastmoney_f10,2026-07-29T23:50:46
2025-04-30,1.3694,1.4454,eastmoney_f10,2026-07-29T23:50:46
2025-05-06,1.4038,1.4798,eastmoney_f10,2026-07-29T23:50:46
2025-05-07,1.4056,1.4816,eastmoney_f10,2026-07-29T23:50:46
2025-05-08,1.4115,1.4875,eastmoney_f10,2026-07-29T23:50:46
2025-05-09,1.4153,1.4913,eastmoney_f10,2026-07-29T23:50:46
2025-05-12,1.4554,1.5314,eastmoney_f10,2026-07-29T23:50:46
2025-05-13,1.4244,1.5004,eastmoney_f10,2026-07-29T23:50:46
2025-05-14,1.456,1.532,eastmoney_f10,2026-07-29T23:50:46
2025-05-15,1.4446,1.5206,eastmoney_f10,2026-07-29T23:50:46
2025-05-16,1.4376,1.5136,eastmoney_f10,2026-07-29T23:50:46
2025-05-19,1.4344,1.5104,eastmoney_f10,2026-07-29T23:50:46
2025-05-20,1.4552,1.5312,eastmoney_f10,2026-07-29T23:50:46
2025-05-21,1.4639,1.5399,eastmoney_f10,2026-07-29T23:50:46
2025-05-22,1.4462,1.5222,eastmoney_f10,2026-07-29T23:50:46
2025-05-23,1.4499,1.5259,eastmoney_f10,2026-07-29T23:50:46
2025-05-26,1.4278,1.5038,eastmoney_f10,2026-07-29T23:50:46
2025-05-27,1.4349,1.5109,eastmoney_f10,2026-07-29T23:50:46
2025-05-28,1.4287,1.5047,eastmoney_f10,2026-07-29T23:50:46
2025-05-29,1.4485,1.5245,eastmoney_f10,2026-07-29T23:50:46
2025-05-30,1.4298,1.5058,eastmoney_f10,2026-07-29T23:50:46
2025-06-03,1.4429,1.5189,eastmoney_f10,2026-07-29T23:50:46
2025-06-04,1.4521,1.5281,eastmoney_f10,2026-07-29T23:50:46
2025-06-05,1.4672,1.5432,eastmoney_f10,2026-07-29T23:50:46
2025-06-06,1.4609,1.5369,eastmoney_f10,2026-07-29T23:50:46
2025-06-09,1.4847,1.5607,eastmoney_f10,2026-07-29T23:50:46
2025-06-10,1.4836,1.5596,eastmoney_f10,2026-07-29T23:50:46
2025-06-11,1.4977,1.5737,eastmoney_f10,2026-07-29T23:50:46
2025-06-12,1.4782,1.5542,eastmoney_f10,2026-07-29T23:50:46
2025-06-13,1.4686,1.5446,eastmoney_f10,2026-07-29T23:50:46
2025-06-16,1.4795,1.5555,eastmoney_f10,2026-07-29T23:50:46
2025-06-17,1.474,1.55,eastmoney_f10,2026-07-29T23:50:46
2025-06-18,1.4578,1.5338,eastmoney_f10,2026-07-29T23:50:46
2025-06-19,1.4283,1.5043,eastmoney_f10,2026-07-29T23:50:46
2025-06-20,1.4456,1.5216,eastmoney_f10,2026-07-29T23:50:46
2025-06-23,1.4554,1.5314,eastmoney_f10,2026-07-29T23:50:46
2025-06-24,1.4843,1.5603,eastmoney_f10,2026-07-29T23:50:46
2025-06-25,1.503,1.579,eastmoney_f10,2026-07-29T23:50:46
2025-06-26,1.4938,1.5698,eastmoney_f10,2026-07-29T23:50:46
2025-06-27,1.4913,1.5673,eastmoney_f10,2026-07-29T23:50:46
2025-06-30,1.4779,1.5539,eastmoney_f10,2026-07-29T23:50:46
2025-07-01,1.4768,1.5528,eastmoney_f10,2026-07-29T23:50:46
2025-07-02,1.4862,1.5622,eastmoney_f10,2026-07-29T23:50:46
2025-07-03,1.4782,1.5542,eastmoney_f10,2026-07-29T23:50:46
2025-07-04,1.4693,1.5453,eastmoney_f10,2026-07-29T23:50:46
2025-07-07,1.4665,1.5425,eastmoney_f10,2026-07-29T23:50:46
2025-07-08,1.483,1.559,eastmoney_f10,2026-07-29T23:50:46
2025-07-09,1.4674,1.5434,eastmoney_f10,2026-07-29T23:50:46
2025-07-10,1.4751,1.5511,eastmoney_f10,2026-07-29T23:50:46
2025-07-11,1.4814,1.5574,eastmoney_f10,2026-07-29T23:50:46
2025-07-14,1.4853,1.5613,eastmoney_f10,2026-07-29T23:50:46
2025-07-15,1.5091,1.5851,eastmoney_f10,2026-07-29T23:50:46
2025-07-16,1.5056,1.5816,eastmoney_f10,2026-07-29T23:50:46
2025-07-17,1.5027,1.5787,eastmoney_f10,2026-07-29T23:50:46
2025-07-18,1.524,1.6,eastmoney_f10,2026-07-29T23:50:46
2025-07-21,1.5347,1.6107,eastmoney_f10,2026-07-29T23:50:46
2025-07-22,1.5416,1.6176,eastmoney_f10,2026-07-29T23:50:46
2025-07-23,1.5657,1.6417,eastmoney_f10,2026-07-29T23:50:46
2025-07-24,1.5729,1.6489,eastmoney_f10,2026-07-29T23:50:46
2025-07-25,1.5563,1.6323,eastmoney_f10,2026-07-29T23:50:46
2025-07-28,1.5677,1.6437,eastmoney_f10,2026-07-29T23:50:46
2025-07-29,1.5661,1.6421,eastmoney_f10,2026-07-29T23:50:46
2025-07-30,1.5435,1.6195,eastmoney_f10,2026-07-29T23:50:46
2025-07-31,1.5197,1.5957,eastmoney_f10,2026-07-29T23:50:46
2025-08-01,1.5033,1.5793,eastmoney_f10,2026-07-29T23:50:46
2025-08-04,1.5151,1.5911,eastmoney_f10,2026-07-29T23:50:46
2025-08-05,1.5247,1.6007,eastmoney_f10,2026-07-29T23:50:46
2025-08-06,1.526,1.602,eastmoney_f10,2026-07-29T23:50:46
2025-08-07,1.5354,1.6114,eastmoney_f10,2026-07-29T23:50:46
2025-08-08,1.5225,1.5985,eastmoney_f10,2026-07-29T23:50:46
2025-08-11,1.5258,1.6018,eastmoney_f10,2026-07-29T23:50:46
2025-08-12,1.5298,1.6058,eastmoney_f10,2026-07-29T23:50:46
2025-08-13,1.5682,1.6442,eastmoney_f10,2026-07-29T23:50:46
2025-08-14,1.5631,1.6391,eastmoney_f10,2026-07-29T23:50:46
2025-08-15,1.5502,1.6262,eastmoney_f10,2026-07-29T23:50:46
2025-08-18,1.5455,1.6215,eastmoney_f10,2026-07-29T23:50:46
2025-08-19,1.5443,1.6203,eastmoney_f10,2026-07-29T23:50:46
2025-08-20,1.5505,1.6265,eastmoney_f10,2026-07-29T23:50:46
2025-08-21,1.5432,1.6192,eastmoney_f10,2026-07-29T23:50:46
2025-08-22,1.5582,1.6342,eastmoney_f10,2026-07-29T23:50:46
2025-08-25,1.5849,1.6609,eastmoney_f10,2026-07-29T23:50:46
2025-08-26,1.5679,1.6439,eastmoney_f10,2026-07-29T23:50:46
2025-08-27,1.5501,1.6261,eastmoney_f10,2026-07-29T23:50:46
2025-08-28,1.5371,1.6131,eastmoney_f10,2026-07-29T23:50:46
2025-08-29,1.5403,1.6163,eastmoney_f10,2026-07-29T23:50:46
2025-09-01,1.5748,1.6508,eastmoney_f10,2026-07-29T23:50:46
2025-09-02,1.5685,1.6445,eastmoney_f10,2026-07-29T23:50:46
2025-09-03,1.5577,1.6337,eastmoney_f10,2026-07-29T23:50:46
2025-09-04,1.5405,1.6165,eastmoney_f10,2026-07-29T23:50:46
2025-09-05,1.5632,1.6392,eastmoney_f10,2026-07-29T23:50:46
2025-09-08,1.5761,1.6521,eastmoney_f10,2026-07-29T23:50:46
2025-09-09,1.5962,1.6722,eastmoney_f10,2026-07-29T23:50:46
2025-09-10,1.615,1.691,eastmoney_f10,2026-07-29T23:50:46
2025-09-11,1.6082,1.6842,eastmoney_f10,2026-07-29T23:50:46
2025-09-12,1.6268,1.7028,eastmoney_f10,2026-07-29T23:50:46
2025-09-15,1.633,1.709,eastmoney_f10,2026-07-29T23:50:46
2025-09-16,1.632,1.708,eastmoney_f10,2026-07-29T23:50:46
2025-09-17,1.6605,1.7365,eastmoney_f10,2026-07-29T23:50:46
2025-09-18,1.6405,1.7165,eastmoney_f10,2026-07-29T23:50:46
2025-09-19,1.6412,1.7172,eastmoney_f10,2026-07-29T23:50:46
2025-09-22,1.6297,1.7057,eastmoney_f10,2026-07-29T23:50:46
2025-09-23,1.6172,1.6932,eastmoney_f10,2026-07-29T23:50:46
2025-09-24,1.6387,1.7147,eastmoney_f10,2026-07-29T23:50:46
2025-09-25,1.637,1.713,eastmoney_f10,2026-07-29T23:50:46
2025-09-26,1.6147,1.6907,eastmoney_f10,2026-07-29T23:50:46
2025-09-29,1.6443,1.7203,eastmoney_f10,2026-07-29T23:50:46
2025-09-30,1.6574,1.7334,eastmoney_f10,2026-07-29T23:50:46
2025-10-09,1.6523,1.7283,eastmoney_f10,2026-07-29T23:50:46
2025-10-10,1.6222,1.6982,eastmoney_f10,2026-07-29T23:50:46
2025-10-13,1.5963,1.6723,eastmoney_f10,2026-07-29T23:50:46
2025-10-14,1.5701,1.6461,eastmoney_f10,2026-07-29T23:50:46
2025-10-15,1.5995,1.6755,eastmoney_f10,2026-07-29T23:50:46
2025-10-16,1.5975,1.6735,eastmoney_f10,2026-07-29T23:50:46
2025-10-17,1.5582,1.6342,eastmoney_f10,2026-07-29T23:50:46
2025-10-20,1.5968,1.6728,eastmoney_f10,2026-07-29T23:50:46
2025-10-21,1.606,1.682,eastmoney_f10,2026-07-29T23:50:46
2025-10-22,1.5907,1.6667,eastmoney_f10,2026-07-29T23:50:46
2025-10-23,1.6015,1.6775,eastmoney_f10,2026-07-29T23:50:46
2025-10-24,1.6137,1.6897,eastmoney_f10,2026-07-29T23:50:46
2025-10-27,1.6301,1.7061,eastmoney_f10,2026-07-29T23:50:46
2025-10-28,1.6244,1.7004,eastmoney_f10,2026-07-29T23:50:46
2025-10-29,1.6239,1.6999,eastmoney_f10,2026-07-29T23:50:46
2025-10-30,1.6201,1.6961,eastmoney_f10,2026-07-29T23:50:46
2025-10-31,1.5974,1.6734,eastmoney_f10,2026-07-29T23:50:46
2025-11-03,1.6119,1.6879,eastmoney_f10,2026-07-29T23:50:46
2025-11-04,1.5991,1.6751,eastmoney_f10,2026-07-29T23:50:46
2025-11-05,1.5985,1.6745,eastmoney_f10,2026-07-29T23:50:46
2025-11-06,1.6326,1.7086,eastmoney_f10,2026-07-29T23:50:46
2025-11-07,1.6165,1.6925,eastmoney_f10,2026-07-29T23:50:46
2025-11-10,1.6422,1.7182,eastmoney_f10,2026-07-29T23:50:46
2025-11-11,1.6459,1.7219,eastmoney_f10,2026-07-29T23:50:46
2025-11-12,1.6595,1.7355,eastmoney_f10,2026-07-29T23:50:46
2025-11-13,1.6696,1.7456,eastmoney_f10,2026-07-29T23:50:46
2025-11-14,1.6377,1.7137,eastmoney_f10,2026-07-29T23:50:46
2025-11-17,1.6254,1.7014,eastmoney_f10,2026-07-29T23:50:46
2025-11-18,1.5979,1.6739,eastmoney_f10,2026-07-29T23:50:46
2025-11-19,1.5898,1.6658,eastmoney_f10,2026-07-29T23:50:46
2025-11-20,1.5908,1.6668,eastmoney_f10,2026-07-29T23:50:46
2025-11-21,1.5523,1.6283,eastmoney_f10,2026-07-29T23:50:46
2025-11-24,1.5826,1.6586,eastmoney_f10,2026-07-29T23:50:46
2025-11-25,1.5935,1.6695,eastmoney_f10,2026-07-29T23:50:46
2025-11-26,1.596,1.672,eastmoney_f10,2026-07-29T23:50:46
2025-11-27,1.5962,1.6722,eastmoney_f10,2026-07-29T23:50:46
2025-11-28,1.5909,1.6669,eastmoney_f10,2026-07-29T23:50:46
2025-12-01,1.5997,1.6757,eastmoney_f10,2026-07-29T23:50:46
2025-12-02,1.6043,1.6803,eastmoney_f10,2026-07-29T23:50:46
2025-12-03,1.5855,1.6615,eastmoney_f10,2026-07-29T23:50:46
2025-12-04,1.5973,1.6733,eastmoney_f10,2026-07-29T23:50:46
2025-12-05,1.607,1.683,eastmoney_f10,2026-07-29T23:50:46
2025-12-08,1.5872,1.6632,eastmoney_f10,2026-07-29T23:50:46
2025-12-09,1.5677,1.6437,eastmoney_f10,2026-07-29T23:50:46
2025-12-10,1.5734,1.6494,eastmoney_f10,2026-07-29T23:50:46
2025-12-11,1.5718,1.6478,eastmoney_f10,2026-07-29T23:50:46
2025-12-12,1.5977,1.6737,eastmoney_f10,2026-07-29T23:50:46
2025-12-15,1.5763,1.6523,eastmoney_f10,2026-07-29T23:50:46
2025-12-16,1.5513,1.6273,eastmoney_f10,2026-07-29T23:50:46
2025-12-17,1.5651,1.6411,eastmoney_f10,2026-07-29T23:50:46
2025-12-18,1.5673,1.6433,eastmoney_f10,2026-07-29T23:50:46
2025-12-19,1.5782,1.6542,eastmoney_f10,2026-07-29T23:50:46
2025-12-22,1.5853,1.6613,eastmoney_f10,2026-07-29T23:50:46
2025-12-23,1.5831,1.6591,eastmoney_f10,2026-07-29T23:50:46
2025-12-24,1.5849,1.6609,eastmoney_f10,2026-07-29T23:50:46
2025-12-25,1.5833,1.6593,eastmoney_f10,2026-07-29T23:50:46
2025-12-26,1.5826,1.6586,eastmoney_f10,2026-07-29T23:50:46
2025-12-29,1.5713,1.6473,eastmoney_f10,2026-07-29T23:50:46
2025-12-30,1.5841,1.6601,eastmoney_f10,2026-07-29T23:50:46
2025-12-31,1.568,1.644,eastmoney_f10,2026-07-29T23:50:46
2026-01-05,1.6087,1.6847,eastmoney_f10,2026-07-29T23:50:46
2026-01-06,1.6311,1.7071,eastmoney_f10,2026-07-29T23:50:46
2026-01-07,1.6152,1.6912,eastmoney_f10,2026-07-29T23:50:46
2026-01-08,1.5964,1.6724,eastmoney_f10,2026-07-29T23:50:46
2026-01-09,1.5986,1.6746,eastmoney_f10,2026-07-29T23:50:46
2026-01-12,1.6211,1.6971,eastmoney_f10,2026-07-29T23:50:46
2026-01-13,1.6351,1.7111,eastmoney_f10,2026-07-29T23:50:46
2026-01-14,1.6439,1.7199,eastmoney_f10,2026-07-29T23:50:46
2026-01-15,1.6393,1.7153,eastmoney_f10,2026-07-29T23:50:46
2026-01-16,1.6343,1.7103,eastmoney_f10,2026-07-29T23:50:46
2026-01-19,1.6164,1.6924,eastmoney_f10,2026-07-29T23:50:46
2026-01-20,1.6105,1.6865,eastmoney_f10,2026-07-29T23:50:46
2026-01-21,1.6165,1.6925,eastmoney_f10,2026-07-29T23:50:46
2026-01-22,1.6201,1.6961,eastmoney_f10,2026-07-29T23:50:46
2026-01-23,1.6245,1.7005,eastmoney_f10,2026-07-29T23:50:46
2026-01-26,1.624,1.7,eastmoney_f10,2026-07-29T23:50:46
2026-01-27,1.6458,1.7218,eastmoney_f10,2026-07-29T23:50:46
2026-01-28,1.6857,1.7617,eastmoney_f10,2026-07-29T23:50:46
2026-01-29,1.6944,1.7704,eastmoney_f10,2026-07-29T23:50:46
2026-01-30,1.6561,1.7321,eastmoney_f10,2026-07-29T23:50:46
2026-02-02,1.6182,1.6942,eastmoney_f10,2026-07-29T23:50:46
2026-02-03,1.6193,1.6953,eastmoney_f10,2026-07-29T23:50:46
2026-02-04,1.6177,1.6937,eastmoney_f10,2026-07-29T23:50:46
2026-02-05,1.6214,1.6974,eastmoney_f10,2026-07-29T23:50:46
2026-02-06,1.602,1.678,eastmoney_f10,2026-07-29T23:50:46
2026-02-09,1.6283,1.7043,eastmoney_f10,2026-07-29T23:50:46
2026-02-10,1.636,1.712,eastmoney_f10,2026-07-29T23:50:46
2026-02-11,1.6399,1.7159,eastmoney_f10,2026-07-29T23:50:46
2026-02-12,1.6266,1.7026,eastmoney_f10,2026-07-29T23:50:46
2026-02-13,1.5969,1.6729,eastmoney_f10,2026-07-29T23:50:46
2026-02-24,1.5978,1.6738,eastmoney_f10,2026-07-29T23:50:46
2026-02-25,1.6056,1.6816,eastmoney_f10,2026-07-29T23:50:46
2026-02-26,1.5815,1.6575,eastmoney_f10,2026-07-29T23:50:46
2026-02-27,1.5952,1.6712,eastmoney_f10,2026-07-29T23:50:46
2026-03-02,1.5607,1.6367,eastmoney_f10,2026-07-29T23:50:46
2026-03-03,1.5404,1.6164,eastmoney_f10,2026-07-29T23:50:46
2026-03-04,1.5131,1.5891,eastmoney_f10,2026-07-29T23:50:46
2026-03-05,1.512,1.588,eastmoney_f10,2026-07-29T23:50:46
2026-03-06,1.5384,1.6144,eastmoney_f10,2026-07-29T23:50:46
2026-03-09,1.5216,1.5976,eastmoney_f10,2026-07-29T23:50:46
2026-03-10,1.5499,1.6259,eastmoney_f10,2026-07-29T23:50:46
2026-03-11,1.5449,1.6209,eastmoney_f10,2026-07-29T23:50:46
2026-03-12,1.5375,1.6135,eastmoney_f10,2026-07-29T23:50:46
2026-03-13,1.5229,1.5989,eastmoney_f10,2026-07-29T23:50:46
2026-03-16,1.5458,1.6218,eastmoney_f10,2026-07-29T23:50:46
2026-03-17,1.5459,1.6219,eastmoney_f10,2026-07-29T23:50:46
2026-03-18,1.5523,1.6283,eastmoney_f10,2026-07-29T23:50:46
2026-03-19,1.5224,1.5984,eastmoney_f10,2026-07-29T23:50:46
2026-03-20,1.5077,1.5837,eastmoney_f10,2026-07-29T23:50:46
2026-03-23,1.4572,1.5332,eastmoney_f10,2026-07-29T23:50:46
2026-03-24,1.4959,1.5719,eastmoney_f10,2026-07-29T23:50:46
2026-03-25,1.5141,1.5901,eastmoney_f10,2026-07-29T23:50:46
2026-03-26,1.4892,1.5652,eastmoney_f10,2026-07-29T23:50:46
2026-03-27,1.4947,1.5707,eastmoney_f10,2026-07-29T23:50:46
2026-03-30,1.4835,1.5595,eastmoney_f10,2026-07-29T23:50:46
2026-03-31,1.4841,1.5601,eastmoney_f10,2026-07-29T23:50:46
2026-04-01,1.5108,1.5868,eastmoney_f10,2026-07-29T23:50:46
2026-04-02,1.4971,1.5731,eastmoney_f10,2026-07-29T23:50:46
2026-04-03,1.4982,1.5742,eastmoney_f10,2026-07-29T23:50:46
2026-04-07,1.4967,1.5727,eastmoney_f10,2026-07-29T23:50:46
2026-04-08,1.5406,1.6166,eastmoney_f10,2026-07-29T23:50:46
2026-04-09,1.5317,1.6077,eastmoney_f10,2026-07-29T23:50:46
2026-04-10,1.5403,1.6163,eastmoney_f10,2026-07-29T23:50:46
2026-04-13,1.5263,1.6023,eastmoney_f10,2026-07-29T23:50:46
2026-04-14,1.5379,1.6139,eastmoney_f10,2026-07-29T23:50:46
2026-04-15,1.5416,1.6176,eastmoney_f10,2026-07-29T23:50:46
2026-04-16,1.5692,1.6452,eastmoney_f10,2026-07-29T23:50:46
2026-04-17,1.5567,1.6327,eastmoney_f10,2026-07-29T23:50:46
2026-04-20,1.568,1.644,eastmoney_f10,2026-07-29T23:50:46
2026-04-21,1.5742,1.6502,eastmoney_f10,2026-07-29T23:50:46
2026-04-22,1.5557,1.6317,eastmoney_f10,2026-07-29T23:50:46
2026-04-23,1.5411,1.6171,eastmoney_f10,2026-07-29T23:50:46
2026-04-24,1.545,1.621,eastmoney_f10,2026-07-29T23:50:46
2026-04-27,1.5395,1.6155,eastmoney_f10,2026-07-29T23:50:46
2026-04-28,1.5246,1.6006,eastmoney_f10,2026-07-29T23:50:46
2026-04-29,1.5507,1.6267,eastmoney_f10,2026-07-29T23:50:46
2026-04-30,1.5311,1.6071,eastmoney_f10,2026-07-29T23:50:46
2026-05-06,1.5571,1.6331,eastmoney_f10,2026-07-29T23:50:46
2026-05-07,1.5799,1.6559,eastmoney_f10,2026-07-29T23:50:46
2026-05-08,1.5668,1.6428,eastmoney_f10,2026-07-29T23:50:46
2026-05-11,1.5678,1.6438,eastmoney_f10,2026-07-29T23:50:46
2026-05-12,1.563,1.639,eastmoney_f10,2026-07-29T23:50:46
2026-05-13,1.566,1.642,eastmoney_f10,2026-07-29T23:50:46
2026-05-14,1.5661,1.6421,eastmoney_f10,2026-07-29T23:50:46
2026-05-15,1.5411,1.6171,eastmoney_f10,2026-07-29T23:50:46
2026-05-18,1.5255,1.6015,eastmoney_f10,2026-07-29T23:50:46
2026-05-19,1.5311,1.6071,eastmoney_f10,2026-07-29T23:50:46
2026-05-20,1.5224,1.5984,eastmoney_f10,2026-07-29T23:50:46
2026-05-21,1.5067,1.5827,eastmoney_f10,2026-07-29T23:50:46
2026-05-22,1.5198,1.5958,eastmoney_f10,2026-07-29T23:50:46
2026-05-25,1.5188,1.5948,eastmoney_f10,2026-07-29T23:50:46
2026-05-26,1.5177,1.5937,eastmoney_f10,2026-07-29T23:50:46
2026-05-27,1.5021,1.5781,eastmoney_f10,2026-07-29T23:50:46
2026-05-28,1.4835,1.5595,eastmoney_f10,2026-07-29T23:50:46
2026-05-29,1.4924,1.5684,eastmoney_f10,2026-07-29T23:50:46
2026-06-01,1.5048,1.5808,eastmoney_f10,2026-07-29T23:50:46
2026-06-02,1.5442,1.6202,eastmoney_f10,2026-07-29T23:50:46
2026-06-03,1.5202,1.5962,eastmoney_f10,2026-07-29T23:50:46
2026-06-04,1.4983,1.5743,eastmoney_f10,2026-07-29T23:50:46
2026-06-05,1.4818,1.5578,eastmoney_f10,2026-07-29T23:50:46
2026-06-08,1.4643,1.5403,eastmoney_f10,2026-07-29T23:50:46
2026-06-09,1.4586,1.5346,eastmoney_f10,2026-07-29T23:50:46
2026-06-10,1.4487,1.5247,eastmoney_f10,2026-07-29T23:50:46
2026-06-11,1.4409,1.5169,eastmoney_f10,2026-07-29T23:50:46
2026-06-12,1.4685,1.5445,eastmoney_f10,2026-07-29T23:50:46
2026-06-15,1.4754,1.5514,eastmoney_f10,2026-07-29T23:50:46
2026-06-16,1.4551,1.5311,eastmoney_f10,2026-07-29T23:50:46
2026-06-17,1.4443,1.5203,eastmoney_f10,2026-07-29T23:50:46
2026-06-18,1.422,1.498,eastmoney_f10,2026-07-29T23:50:46
2026-06-22,1.413,1.489,eastmoney_f10,2026-07-29T23:50:46
2026-06-23,1.3871,1.4631,eastmoney_f10,2026-07-29T23:50:46
2026-06-24,1.392,1.468,eastmoney_f10,2026-07-29T23:50:46
2026-06-25,1.3727,1.4487,eastmoney_f10,2026-07-29T23:50:46
2026-06-26,1.3476,1.4236,eastmoney_f10,2026-07-29T23:50:46
2026-06-29,1.3686,1.4446,eastmoney_f10,2026-07-29T23:50:46
2026-06-30,1.3596,1.4356,eastmoney_f10,2026-07-29T23:50:46
2026-07-01,1.3585,1.4345,eastmoney_f10,2026-07-29T23:50:46
2026-07-02,1.372,1.448,eastmoney_f10,2026-07-29T23:50:46
2026-07-03,1.3885,1.4645,eastmoney_f10,2026-07-29T23:50:46
2026-07-06,1.4046,1.4806,eastmoney_f10,2026-07-29T23:50:46
2026-07-07,1.3976,1.4736,eastmoney_f10,2026-07-29T23:50:46
2026-07-08,1.4393,1.5153,eastmoney_f10,2026-07-29T23:50:46
2026-07-09,1.4294,1.5054,eastmoney_f10,2026-07-29T23:50:46
2026-07-10,1.4376,1.5136,eastmoney_f10,2026-07-29T23:50:46
2026-07-13,1.4389,1.5149,eastmoney_f10,2026-07-29T23:50:46
2026-07-14,1.4474,1.5234,eastmoney_f10,2026-07-29T23:50:46
2026-07-15,1.4658,1.5418,eastmoney_f10,2026-07-29T23:50:46
2026-07-16,1.485,1.561,eastmoney_f10,2026-07-29T23:50:46
2026-07-17,1.4584,1.5344,eastmoney_f10,2026-07-29T23:50:46
2026-07-20,1.4936,1.5696,eastmoney_f10,2026-07-29T23:50:46
2026-07-21,1.4923,1.5683,eastmoney_f10,2026-07-29T23:50:46
2026-07-22,1.4782,1.5542,eastmoney_f10,2026-07-29T23:50:46
2026-07-23,1.4968,1.5728,eastmoney_f10,2026-07-29T23:50:46
2026-07-24,1.4824,1.5584,eastmoney_f10,2026-07-29T23:50:46
2026-07-27,1.4963,1.5723,eastmoney_f10,2026-07-29T23:50:46
2026-07-28,1.5029,1.5789,eastmoney_f10,2026-07-29T23:50:46
2026-07-29,1.5315,1.6075,eastmoney_f10,2026-07-29T23:50:46
