trade_date,unit_nav,cum_nav,source,updated_at
2014-08-08,1.0,1.0,eastmoney_f10,2026-07-29T23:50:46
2014-08-12,1.0,1.0,eastmoney_f10,2026-07-29T23:50:46
2014-08-15,1.0,1.0,eastmoney_f10,2026-07-29T23:50:46
2014-08-22,1.001,1.001,eastmoney_f10,2026-07-29T23:50:46
2014-08-29,0.997,0.997,eastmoney_f10,2026-07-29T23:50:46
2014-09-02,0.997,0.997,eastmoney_f10,2026-07-29T23:50:46
2014-09-04,1.014,1.014,eastmoney_f10,2026-07-29T23:50:46
2014-09-05,1.002,1.002,eastmoney_f10,2026-07-29T23:50:46
2014-09-09,0.994,0.994,eastmoney_f10,2026-07-29T23:50:46
2014-09-10,0.996,0.996,eastmoney_f10,2026-07-29T23:50:46
2014-09-11,0.994,0.994,eastmoney_f10,2026-07-29T23:50:46
2014-09-12,0.989,0.989,eastmoney_f10,2026-07-29T23:50:46
2014-09-15,0.993,0.993,eastmoney_f10,2026-07-29T23:50:46
2014-09-16,0.989,0.989,eastmoney_f10,2026-07-29T23:50:46
2014-09-17,0.993,0.993,eastmoney_f10,2026-07-29T23:50:46
2014-09-18,0.999,0.999,eastmoney_f10,2026-07-29T23:50:46
2014-09-19,1.001,1.001,eastmoney_f10,2026-07-29T23:50:46
2014-09-22,0.994,0.994,eastmoney_f10,2026-07-29T23:50:46
2014-09-23,0.981,0.981,eastmoney_f10,2026-07-29T23:50:46
2014-09-24,0.987,0.987,eastmoney_f10,2026-07-29T23:50:46
2014-09-25,0.97,0.97,eastmoney_f10,2026-07-29T23:50:46
2014-09-26,0.968,0.968,eastmoney_f10,2026-07-29T23:50:46
2014-09-29,0.959,0.959,eastmoney_f10,2026-07-29T23:50:46
2014-09-30,0.962,0.962,eastmoney_f10,2026-07-29T23:50:46
2014-10-08,0.925,0.925,eastmoney_f10,2026-07-29T23:50:46
2014-10-09,0.929,0.929,eastmoney_f10,2026-07-29T23:50:46
2014-10-10,0.909,0.909,eastmoney_f10,2026-07-29T23:50:46
2014-10-13,0.907,0.907,eastmoney_f10,2026-07-29T23:50:46
2014-10-14,0.913,0.913,eastmoney_f10,2026-07-29T23:50:46
2014-10-15,0.886,0.886,eastmoney_f10,2026-07-29T23:50:46
2014-10-16,0.899,0.899,eastmoney_f10,2026-07-29T23:50:46
2014-10-17,0.923,0.923,eastmoney_f10,2026-07-29T23:50:46
2014-10-20,0.906,0.906,eastmoney_f10,2026-07-29T23:50:46
2014-10-21,0.926,0.926,eastmoney_f10,2026-07-29T23:50:46
2014-10-22,0.925,0.925,eastmoney_f10,2026-07-29T23:50:46
2014-10-23,0.93,0.93,eastmoney_f10,2026-07-29T23:50:46
2014-10-24,0.925,0.925,eastmoney_f10,2026-07-29T23:50:46
2014-10-27,0.92,0.92,eastmoney_f10,2026-07-29T23:50:46
2014-10-28,0.935,0.935,eastmoney_f10,2026-07-29T23:50:46
2014-10-29,0.937,0.937,eastmoney_f10,2026-07-29T23:50:46
2014-10-30,0.931,0.931,eastmoney_f10,2026-07-29T23:50:46
2014-10-31,0.951,0.951,eastmoney_f10,2026-07-29T23:50:46
2014-11-03,0.935,0.935,eastmoney_f10,2026-07-29T23:50:46
2014-11-04,0.93,0.93,eastmoney_f10,2026-07-29T23:50:46
2014-11-05,0.944,0.944,eastmoney_f10,2026-07-29T23:50:46
2014-11-06,0.945,0.945,eastmoney_f10,2026-07-29T23:50:46
2014-11-07,0.933,0.933,eastmoney_f10,2026-07-29T23:50:46
2014-11-10,0.942,0.942,eastmoney_f10,2026-07-29T23:50:46
2014-11-11,0.939,0.939,eastmoney_f10,2026-07-29T23:50:46
2014-11-12,0.928,0.928,eastmoney_f10,2026-07-29T23:50:46
2014-11-13,0.93,0.93,eastmoney_f10,2026-07-29T23:50:46
2014-11-14,0.932,0.932,eastmoney_f10,2026-07-29T23:50:46
2014-11-17,0.942,0.942,eastmoney_f10,2026-07-29T23:50:46
2014-11-18,0.95,0.95,eastmoney_f10,2026-07-29T23:50:46
2014-11-19,0.955,0.955,eastmoney_f10,2026-07-29T23:50:46
2014-11-20,0.957,0.957,eastmoney_f10,2026-07-29T23:50:46
2014-11-21,0.982,0.982,eastmoney_f10,2026-07-29T23:50:46
2014-11-24,0.975,0.975,eastmoney_f10,2026-07-29T23:50:46
2014-11-25,0.986,0.986,eastmoney_f10,2026-07-29T23:50:46
2014-11-26,0.994,0.994,eastmoney_f10,2026-07-29T23:50:46
2014-11-27,1.001,1.001,eastmoney_f10,2026-07-29T23:50:46
2014-11-28,0.998,0.998,eastmoney_f10,2026-07-29T23:50:46
2014-12-01,0.996,0.996,eastmoney_f10,2026-07-29T23:50:46
2014-12-02,0.995,0.995,eastmoney_f10,2026-07-29T23:50:46
2014-12-03,0.992,0.992,eastmoney_f10,2026-07-29T23:50:46
2014-12-04,0.975,0.975,eastmoney_f10,2026-07-29T23:50:46
2014-12-05,1.002,1.002,eastmoney_f10,2026-07-29T23:50:46
2014-12-08,0.989,0.989,eastmoney_f10,2026-07-29T23:50:46
2014-12-09,0.968,0.968,eastmoney_f10,2026-07-29T23:50:46
2014-12-10,0.974,0.974,eastmoney_f10,2026-07-29T23:50:46
2014-12-11,0.986,0.986,eastmoney_f10,2026-07-29T23:50:46
2014-12-12,0.956,0.956,eastmoney_f10,2026-07-29T23:50:46
2014-12-15,0.934,0.934,eastmoney_f10,2026-07-29T23:50:46
2014-12-16,0.955,0.955,eastmoney_f10,2026-07-29T23:50:46
2014-12-17,0.957,0.957,eastmoney_f10,2026-07-29T23:50:46
2014-12-18,0.971,0.971,eastmoney_f10,2026-07-29T23:50:46
2014-12-19,0.967,0.967,eastmoney_f10,2026-07-29T23:50:46
2014-12-22,0.969,0.969,eastmoney_f10,2026-07-29T23:50:46
2014-12-23,0.974,0.974,eastmoney_f10,2026-07-29T23:50:46
2014-12-24,0.971,0.971,eastmoney_f10,2026-07-29T23:50:46
2014-12-25,0.971,0.971,eastmoney_f10,2026-07-29T23:50:46
2014-12-26,0.972,0.972,eastmoney_f10,2026-07-29T23:50:46
2014-12-29,0.97,0.97,eastmoney_f10,2026-07-29T23:50:46
2014-12-30,0.957,0.957,eastmoney_f10,2026-07-29T23:50:46
2014-12-31,0.956,0.956,eastmoney_f10,2026-07-29T23:50:46
2015-01-05,0.912,0.912,eastmoney_f10,2026-07-29T23:50:46
2015-01-06,0.909,0.909,eastmoney_f10,2026-07-29T23:50:46
2015-01-07,0.909,0.909,eastmoney_f10,2026-07-29T23:50:46
2015-01-08,0.936,0.936,eastmoney_f10,2026-07-29T23:50:46
2015-01-09,0.916,0.916,eastmoney_f10,2026-07-29T23:50:46
2015-01-12,0.932,0.932,eastmoney_f10,2026-07-29T23:50:46
2015-01-13,0.944,0.944,eastmoney_f10,2026-07-29T23:50:46
2015-01-14,0.928,0.928,eastmoney_f10,2026-07-29T23:50:46
2015-01-15,0.948,0.948,eastmoney_f10,2026-07-29T23:50:46
2015-01-16,0.947,0.947,eastmoney_f10,2026-07-29T23:50:46
2015-01-19,0.95,0.95,eastmoney_f10,2026-07-29T23:50:46
2015-01-20,0.952,0.952,eastmoney_f10,2026-07-29T23:50:46
2015-01-21,0.959,0.959,eastmoney_f10,2026-07-29T23:50:46
2015-01-22,0.969,0.969,eastmoney_f10,2026-07-29T23:50:46
2015-01-23,0.969,0.969,eastmoney_f10,2026-07-29T23:50:46
2015-01-26,0.967,0.967,eastmoney_f10,2026-07-29T23:50:46
2015-01-27,0.958,0.958,eastmoney_f10,2026-07-29T23:50:46
2015-01-28,0.973,0.973,eastmoney_f10,2026-07-29T23:50:46
2015-01-29,0.971,0.971,eastmoney_f10,2026-07-29T23:50:46
2015-01-30,0.97,0.97,eastmoney_f10,2026-07-29T23:50:46
2015-02-02,0.981,0.981,eastmoney_f10,2026-07-29T23:50:46
2015-02-03,0.989,0.989,eastmoney_f10,2026-07-29T23:50:46
2015-02-04,0.999,0.999,eastmoney_f10,2026-07-29T23:50:46
2015-02-05,0.989,0.989,eastmoney_f10,2026-07-29T23:50:46
2015-02-06,0.994,0.994,eastmoney_f10,2026-07-29T23:50:46
2015-02-09,0.966,0.966,eastmoney_f10,2026-07-29T23:50:46
2015-02-10,0.974,0.974,eastmoney_f10,2026-07-29T23:50:46
2015-02-11,0.973,0.973,eastmoney_f10,2026-07-29T23:50:46
2015-02-12,0.985,0.985,eastmoney_f10,2026-07-29T23:50:46
2015-02-13,0.996,0.996,eastmoney_f10,2026-07-29T23:50:46
2015-02-16,0.995,0.995,eastmoney_f10,2026-07-29T23:50:46
2015-02-17,0.988,0.988,eastmoney_f10,2026-07-29T23:50:46
2015-02-25,1.017,1.017,eastmoney_f10,2026-07-29T23:50:46
2015-02-26,1.029,1.029,eastmoney_f10,2026-07-29T23:50:46
2015-02-27,1.024,1.024,eastmoney_f10,2026-07-29T23:50:46
2015-03-02,1.02,1.02,eastmoney_f10,2026-07-29T23:50:46
2015-03-03,1.01,1.01,eastmoney_f10,2026-07-29T23:50:46
2015-03-04,1.018,1.018,eastmoney_f10,2026-07-29T23:50:46
2015-03-05,1.019,1.019,eastmoney_f10,2026-07-29T23:50:46
2015-03-06,1.017,1.017,eastmoney_f10,2026-07-29T23:50:46
2015-03-09,1.002,1.002,eastmoney_f10,2026-07-29T23:50:46
2015-03-10,0.994,0.994,eastmoney_f10,2026-07-29T23:50:46
2015-03-11,1.006,1.006,eastmoney_f10,2026-07-29T23:50:46
2015-03-12,0.99,0.99,eastmoney_f10,2026-07-29T23:50:46
2015-03-13,1.005,1.005,eastmoney_f10,2026-07-29T23:50:46
2015-03-16,1.014,1.014,eastmoney_f10,2026-07-29T23:50:46
2015-03-17,1.005,1.005,eastmoney_f10,2026-07-29T23:50:46
2015-03-18,1.004,1.004,eastmoney_f10,2026-07-29T23:50:46
2015-03-19,1.026,1.026,eastmoney_f10,2026-07-29T23:50:46
2015-03-20,1.017,1.017,eastmoney_f10,2026-07-29T23:50:46
2015-03-23,1.019,1.019,eastmoney_f10,2026-07-29T23:50:46
2015-03-24,1.04,1.04,eastmoney_f10,2026-07-29T23:50:46
2015-03-25,1.027,1.027,eastmoney_f10,2026-07-29T23:50:46
2015-03-26,1.029,1.029,eastmoney_f10,2026-07-29T23:50:46
2015-03-27,1.023,1.023,eastmoney_f10,2026-07-29T23:50:46
2015-03-30,1.04,1.04,eastmoney_f10,2026-07-29T23:50:46
2015-03-31,1.026,1.026,eastmoney_f10,2026-07-29T23:50:46
2015-04-01,1.021,1.021,eastmoney_f10,2026-07-29T23:50:46
2015-04-02,1.018,1.018,eastmoney_f10,2026-07-29T23:50:46
2015-04-03,1.028,1.028,eastmoney_f10,2026-07-29T23:50:46
2015-04-07,1.046,1.046,eastmoney_f10,2026-07-29T23:50:46
2015-04-08,1.029,1.029,eastmoney_f10,2026-07-29T23:50:46
2015-04-09,1.034,1.034,eastmoney_f10,2026-07-29T23:50:46
2015-04-10,1.04,1.04,eastmoney_f10,2026-07-29T23:50:46
2015-04-13,1.032,1.032,eastmoney_f10,2026-07-29T23:50:46
2015-04-14,1.022,1.022,eastmoney_f10,2026-07-29T23:50:46
2015-04-15,1.026,1.026,eastmoney_f10,2026-07-29T23:50:46
2015-04-16,1.015,1.015,eastmoney_f10,2026-07-29T23:50:46
2015-04-17,0.996,0.996,eastmoney_f10,2026-07-29T23:50:46
2015-04-20,1.015,1.015,eastmoney_f10,2026-07-29T23:50:46
2015-04-21,1.012,1.012,eastmoney_f10,2026-07-29T23:50:46
2015-04-22,1.005,1.005,eastmoney_f10,2026-07-29T23:50:46
2015-04-23,0.994,0.994,eastmoney_f10,2026-07-29T23:50:46
2015-04-24,1.008,1.008,eastmoney_f10,2026-07-29T23:50:46
2015-04-27,1.029,1.029,eastmoney_f10,2026-07-29T23:50:46
2015-04-28,1.013,1.013,eastmoney_f10,2026-07-29T23:50:46
2015-04-29,0.995,0.995,eastmoney_f10,2026-07-29T23:50:46
2015-04-30,1.006,1.006,eastmoney_f10,2026-07-29T23:50:46
2015-05-04,1.025,1.025,eastmoney_f10,2026-07-29T23:50:46
2015-05-05,0.999,0.999,eastmoney_f10,2026-07-29T23:50:46
2015-05-06,1.003,1.003,eastmoney_f10,2026-07-29T23:50:46
2015-05-07,1.018,1.018,eastmoney_f10,2026-07-29T23:50:46
2015-05-08,1.034,1.034,eastmoney_f10,2026-07-29T23:50:46
2015-05-11,1.027,1.027,eastmoney_f10,2026-07-29T23:50:46
2015-05-12,1.009,1.009,eastmoney_f10,2026-07-29T23:50:46
2015-05-13,1.005,1.005,eastmoney_f10,2026-07-29T23:50:46
2015-05-14,1.031,1.031,eastmoney_f10,2026-07-29T23:50:46
2015-05-15,1.025,1.025,eastmoney_f10,2026-07-29T23:50:46
2015-05-18,1.04,1.04,eastmoney_f10,2026-07-29T23:50:46
2015-05-19,1.051,1.051,eastmoney_f10,2026-07-29T23:50:46
2015-05-20,1.034,1.034,eastmoney_f10,2026-07-29T23:50:46
2015-05-21,1.033,1.033,eastmoney_f10,2026-07-29T23:50:46
2015-05-22,1.029,1.029,eastmoney_f10,2026-07-29T23:50:46
2015-05-25,1.018,1.018,eastmoney_f10,2026-07-29T23:50:46
2015-05-26,1.002,1.002,eastmoney_f10,2026-07-29T23:50:46
2015-05-27,1.007,1.007,eastmoney_f10,2026-07-29T23:50:46
2015-05-28,1.002,1.002,eastmoney_f10,2026-07-29T23:50:46
2015-05-29,0.986,0.986,eastmoney_f10,2026-07-29T23:50:46
2015-06-01,0.986,0.986,eastmoney_f10,2026-07-29T23:50:46
2015-06-02,0.976,0.976,eastmoney_f10,2026-07-29T23:50:46
2015-06-03,1.001,1.001,eastmoney_f10,2026-07-29T23:50:46
2015-06-04,1.004,1.004,eastmoney_f10,2026-07-29T23:50:46
2015-06-05,0.989,0.989,eastmoney_f10,2026-07-29T23:50:46
2015-06-08,0.97,0.97,eastmoney_f10,2026-07-29T23:50:46
2015-06-09,0.979,0.979,eastmoney_f10,2026-07-29T23:50:46
2015-06-10,1.001,1.001,eastmoney_f10,2026-07-29T23:50:46
2015-06-11,1.006,1.006,eastmoney_f10,2026-07-29T23:50:46
2015-06-12,0.991,0.991,eastmoney_f10,2026-07-29T23:50:46
2015-06-15,0.971,0.971,eastmoney_f10,2026-07-29T23:50:46
2015-06-16,0.98,0.98,eastmoney_f10,2026-07-29T23:50:46
2015-06-17,0.973,0.973,eastmoney_f10,2026-07-29T23:50:46
2015-06-18,0.992,0.992,eastmoney_f10,2026-07-29T23:50:46
2015-06-19,0.988,0.988,eastmoney_f10,2026-07-29T23:50:46
2015-06-23,1.027,1.027,eastmoney_f10,2026-07-29T23:50:46
2015-06-24,1.004,1.004,eastmoney_f10,2026-07-29T23:50:46
2015-06-25,1.007,1.007,eastmoney_f10,2026-07-29T23:50:46
2015-06-26,1.01,1.01,eastmoney_f10,2026-07-29T23:50:46
2015-06-29,0.957,0.957,eastmoney_f10,2026-07-29T23:50:46
2015-06-30,0.961,0.961,eastmoney_f10,2026-07-29T23:50:46
2015-07-01,0.975,0.975,eastmoney_f10,2026-07-29T23:50:46
2015-07-02,0.96,0.96,eastmoney_f10,2026-07-29T23:50:46
2015-07-03,0.961,0.961,eastmoney_f10,2026-07-29T23:50:46
2015-07-06,0.942,0.942,eastmoney_f10,2026-07-29T23:50:46
2015-07-07,0.925,0.925,eastmoney_f10,2026-07-29T23:50:46
2015-07-08,0.925,0.925,eastmoney_f10,2026-07-29T23:50:46
2015-07-09,0.934,0.934,eastmoney_f10,2026-07-29T23:50:46
2015-07-10,0.923,0.923,eastmoney_f10,2026-07-29T23:50:46
2015-07-13,0.949,0.949,eastmoney_f10,2026-07-29T23:50:46
2015-07-14,0.929,0.929,eastmoney_f10,2026-07-29T23:50:46
2015-07-15,0.932,0.932,eastmoney_f10,2026-07-29T23:50:46
2015-07-16,0.938,0.938,eastmoney_f10,2026-07-29T23:50:46
2015-07-17,0.931,0.931,eastmoney_f10,2026-07-29T23:50:46
2015-07-20,0.933,0.933,eastmoney_f10,2026-07-29T23:50:46
2015-07-21,0.922,0.922,eastmoney_f10,2026-07-29T23:50:46
2015-07-22,0.925,0.925,eastmoney_f10,2026-07-29T23:50:46
2015-07-23,0.923,0.923,eastmoney_f10,2026-07-29T23:50:46
2015-07-24,0.918,0.918,eastmoney_f10,2026-07-29T23:50:46
2015-07-27,0.894,0.894,eastmoney_f10,2026-07-29T23:50:46
2015-07-28,0.911,0.911,eastmoney_f10,2026-07-29T23:50:46
2015-07-29,0.912,0.912,eastmoney_f10,2026-07-29T23:50:46
2015-07-30,0.908,0.908,eastmoney_f10,2026-07-29T23:50:46
2015-07-31,0.91,0.91,eastmoney_f10,2026-07-29T23:50:46
2015-08-03,0.922,0.922,eastmoney_f10,2026-07-29T23:50:46
2015-08-04,0.92,0.92,eastmoney_f10,2026-07-29T23:50:46
2015-08-05,0.928,0.928,eastmoney_f10,2026-07-29T23:50:46
2015-08-06,0.926,0.926,eastmoney_f10,2026-07-29T23:50:46
2015-08-07,0.922,0.922,eastmoney_f10,2026-07-29T23:50:46
2015-08-10,0.932,0.932,eastmoney_f10,2026-07-29T23:50:46
2015-08-11,0.916,0.916,eastmoney_f10,2026-07-29T23:50:46
2015-08-12,0.911,0.911,eastmoney_f10,2026-07-29T23:50:46
2015-08-13,0.935,0.935,eastmoney_f10,2026-07-29T23:50:46
2015-08-14,0.937,0.937,eastmoney_f10,2026-07-29T23:50:46
2015-08-17,0.928,0.928,eastmoney_f10,2026-07-29T23:50:46
2015-08-18,0.925,0.925,eastmoney_f10,2026-07-29T23:50:46
2015-08-19,0.902,0.902,eastmoney_f10,2026-07-29T23:50:46
2015-08-20,0.89,0.89,eastmoney_f10,2026-07-29T23:50:46
2015-08-21,0.872,0.872,eastmoney_f10,2026-07-29T23:50:46
2015-08-24,0.843,0.843,eastmoney_f10,2026-07-29T23:50:46
2015-08-25,0.897,0.897,eastmoney_f10,2026-07-29T23:50:46
2015-08-26,0.885,0.885,eastmoney_f10,2026-07-29T23:50:46
2015-08-27,0.898,0.898,eastmoney_f10,2026-07-29T23:50:46
2015-08-28,0.889,0.889,eastmoney_f10,2026-07-29T23:50:46
2015-08-31,0.883,0.883,eastmoney_f10,2026-07-29T23:50:46
2015-09-01,0.861,0.861,eastmoney_f10,2026-07-29T23:50:46
2015-09-02,0.865,0.865,eastmoney_f10,2026-07-29T23:50:46
2015-09-07,0.861,0.861,eastmoney_f10,2026-07-29T23:50:46
2015-09-08,0.875,0.875,eastmoney_f10,2026-07-29T23:50:46
2015-09-09,0.88,0.88,eastmoney_f10,2026-07-29T23:50:46
2015-09-10,0.876,0.876,eastmoney_f10,2026-07-29T23:50:46
2015-09-11,0.872,0.872,eastmoney_f10,2026-07-29T23:50:46
2015-09-14,0.878,0.878,eastmoney_f10,2026-07-29T23:50:46
2015-09-15,0.879,0.879,eastmoney_f10,2026-07-29T23:50:46
2015-09-16,0.88,0.88,eastmoney_f10,2026-07-29T23:50:46
2015-09-17,0.881,0.881,eastmoney_f10,2026-07-29T23:50:46
2015-09-18,0.863,0.863,eastmoney_f10,2026-07-29T23:50:46
2015-09-21,0.859,0.859,eastmoney_f10,2026-07-29T23:50:46
2015-09-22,0.822,0.822,eastmoney_f10,2026-07-29T23:50:46
2015-09-23,0.82,0.82,eastmoney_f10,2026-07-29T23:50:46
2015-09-24,0.809,0.809,eastmoney_f10,2026-07-29T23:50:46
2015-09-25,0.83,0.83,eastmoney_f10,2026-07-29T23:50:46
2015-09-28,0.814,0.814,eastmoney_f10,2026-07-29T23:50:46
2015-09-29,0.814,0.814,eastmoney_f10,2026-07-29T23:50:46
2015-09-30,0.831,0.831,eastmoney_f10,2026-07-29T23:50:46
2015-10-08,0.857,0.857,eastmoney_f10,2026-07-29T23:50:46
2015-10-09,0.868,0.868,eastmoney_f10,2026-07-29T23:50:46
2015-10-12,0.875,0.875,eastmoney_f10,2026-07-29T23:50:46
2015-10-13,0.864,0.864,eastmoney_f10,2026-07-29T23:50:46
2015-10-14,0.859,0.859,eastmoney_f10,2026-07-29T23:50:46
2015-10-15,0.877,0.877,eastmoney_f10,2026-07-29T23:50:46
2015-10-16,0.875,0.875,eastmoney_f10,2026-07-29T23:50:46
2015-10-19,0.88,0.88,eastmoney_f10,2026-07-29T23:50:46
2015-10-20,0.877,0.877,eastmoney_f10,2026-07-29T23:50:46
2015-10-21,0.885,0.885,eastmoney_f10,2026-07-29T23:50:46
2015-10-22,0.905,0.905,eastmoney_f10,2026-07-29T23:50:46
2015-10-23,0.913,0.913,eastmoney_f10,2026-07-29T23:50:46
2015-10-26,0.906,0.906,eastmoney_f10,2026-07-29T23:50:46
2015-10-27,0.899,0.899,eastmoney_f10,2026-07-29T23:50:46
2015-10-28,0.909,0.909,eastmoney_f10,2026-07-29T23:50:46
2015-10-29,0.898,0.898,eastmoney_f10,2026-07-29T23:50:46
2015-10-30,0.906,0.906,eastmoney_f10,2026-07-29T23:50:46
2015-11-02,0.914,0.914,eastmoney_f10,2026-07-29T23:50:46
2015-11-03,0.914,0.914,eastmoney_f10,2026-07-29T23:50:46
2015-11-04,0.902,0.902,eastmoney_f10,2026-07-29T23:50:46
2015-11-05,0.898,0.898,eastmoney_f10,2026-07-29T23:50:46
2015-11-06,0.908,0.908,eastmoney_f10,2026-07-29T23:50:46
2015-11-09,0.885,0.885,eastmoney_f10,2026-07-29T23:50:46
2015-11-10,0.887,0.887,eastmoney_f10,2026-07-29T23:50:46
2015-11-11,0.891,0.891,eastmoney_f10,2026-07-29T23:50:46
2015-11-12,0.884,0.884,eastmoney_f10,2026-07-29T23:50:46
2015-11-13,0.882,0.882,eastmoney_f10,2026-07-29T23:50:46
2015-11-16,0.877,0.877,eastmoney_f10,2026-07-29T23:50:46
2015-11-17,0.894,0.894,eastmoney_f10,2026-07-29T23:50:46
2015-11-18,0.89,0.89,eastmoney_f10,2026-07-29T23:50:46
2015-11-19,0.903,0.903,eastmoney_f10,2026-07-29T23:50:46
2015-11-20,0.909,0.909,eastmoney_f10,2026-07-29T23:50:46
2015-11-23,0.901,0.901,eastmoney_f10,2026-07-29T23:50:46
2015-11-24,0.889,0.889,eastmoney_f10,2026-07-29T23:50:46
2015-11-25,0.908,0.908,eastmoney_f10,2026-07-29T23:50:46
2015-11-26,0.921,0.921,eastmoney_f10,2026-07-29T23:50:46
2015-11-27,0.915,0.915,eastmoney_f10,2026-07-29T23:50:46
2015-11-30,0.92,0.92,eastmoney_f10,2026-07-29T23:50:46
2015-12-01,0.91,0.91,eastmoney_f10,2026-07-29T23:50:46
2015-12-02,0.909,0.909,eastmoney_f10,2026-07-29T23:50:46
2015-12-03,0.877,0.877,eastmoney_f10,2026-07-29T23:50:46
2015-12-04,0.899,0.899,eastmoney_f10,2026-07-29T23:50:46
2015-12-07,0.907,0.907,eastmoney_f10,2026-07-29T23:50:46
2015-12-08,0.888,0.888,eastmoney_f10,2026-07-29T23:50:46
2015-12-09,0.886,0.886,eastmoney_f10,2026-07-29T23:50:46
2015-12-10,0.897,0.897,eastmoney_f10,2026-07-29T23:50:46
2015-12-11,0.873,0.873,eastmoney_f10,2026-07-29T23:50:46
2015-12-14,0.862,0.862,eastmoney_f10,2026-07-29T23:50:46
2015-12-15,0.889,0.889,eastmoney_f10,2026-07-29T23:50:46
2015-12-16,0.886,0.886,eastmoney_f10,2026-07-29T23:50:46
2015-12-17,0.905,0.905,eastmoney_f10,2026-07-29T23:50:46
2015-12-18,0.893,0.893,eastmoney_f10,2026-07-29T23:50:46
2015-12-21,0.886,0.886,eastmoney_f10,2026-07-29T23:50:46
2015-12-22,0.888,0.888,eastmoney_f10,2026-07-29T23:50:46
2015-12-23,0.91,0.91,eastmoney_f10,2026-07-29T23:50:46
2015-12-24,0.907,0.907,eastmoney_f10,2026-07-29T23:50:46
2015-12-25,0.91,0.91,eastmoney_f10,2026-07-29T23:50:46
2015-12-28,0.905,0.905,eastmoney_f10,2026-07-29T23:50:46
2015-12-29,0.924,0.924,eastmoney_f10,2026-07-29T23:50:46
2015-12-30,0.911,0.911,eastmoney_f10,2026-07-29T23:50:46
2015-12-31,0.911,0.911,eastmoney_f10,2026-07-29T23:50:46
2016-01-04,0.869,0.869,eastmoney_f10,2026-07-29T23:50:46
2016-01-05,0.872,0.872,eastmoney_f10,2026-07-29T23:50:46
2016-01-06,0.859,0.859,eastmoney_f10,2026-07-29T23:50:46
2016-01-07,0.846,0.846,eastmoney_f10,2026-07-29T23:50:46
2016-01-08,0.848,0.848,eastmoney_f10,2026-07-29T23:50:46
2016-01-11,0.848,0.848,eastmoney_f10,2026-07-29T23:50:46
2016-01-12,0.856,0.856,eastmoney_f10,2026-07-29T23:50:46
2016-01-13,0.851,0.851,eastmoney_f10,2026-07-29T23:50:46
2016-01-14,0.841,0.841,eastmoney_f10,2026-07-29T23:50:46
2016-01-15,0.82,0.82,eastmoney_f10,2026-07-29T23:50:46
2016-01-18,0.821,0.821,eastmoney_f10,2026-07-29T23:50:46
2016-01-19,0.83,0.83,eastmoney_f10,2026-07-29T23:50:46
2016-01-20,0.81,0.81,eastmoney_f10,2026-07-29T23:50:46
2016-01-21,0.822,0.822,eastmoney_f10,2026-07-29T23:50:46
2016-01-22,0.835,0.835,eastmoney_f10,2026-07-29T23:50:46
2016-01-25,0.83,0.83,eastmoney_f10,2026-07-29T23:50:46
2016-01-26,0.839,0.839,eastmoney_f10,2026-07-29T23:50:46
2016-01-27,0.844,0.844,eastmoney_f10,2026-07-29T23:50:46
2016-01-28,0.827,0.827,eastmoney_f10,2026-07-29T23:50:46
2016-01-29,0.842,0.842,eastmoney_f10,2026-07-29T23:50:46
2016-02-01,0.832,0.832,eastmoney_f10,2026-07-29T23:50:46
2016-02-02,0.822,0.822,eastmoney_f10,2026-07-29T23:50:46
2016-02-03,0.813,0.813,eastmoney_f10,2026-07-29T23:50:46
2016-02-04,0.821,0.821,eastmoney_f10,2026-07-29T23:50:46
2016-02-05,0.819,0.819,eastmoney_f10,2026-07-29T23:50:46
2016-02-15,0.813,0.813,eastmoney_f10,2026-07-29T23:50:46
2016-02-16,0.8,0.8,eastmoney_f10,2026-07-29T23:50:46
2016-02-17,0.817,0.817,eastmoney_f10,2026-07-29T23:50:46
2016-02-18,0.825,0.825,eastmoney_f10,2026-07-29T23:50:46
2016-02-19,0.818,0.818,eastmoney_f10,2026-07-29T23:50:46
2016-02-22,0.832,0.832,eastmoney_f10,2026-07-29T23:50:46
2016-02-23,0.813,0.813,eastmoney_f10,2026-07-29T23:50:46
2016-02-24,0.794,0.794,eastmoney_f10,2026-07-29T23:50:46
2016-02-25,0.807,0.807,eastmoney_f10,2026-07-29T23:50:46
2016-02-26,0.823,0.823,eastmoney_f10,2026-07-29T23:50:46
2016-02-29,0.815,0.815,eastmoney_f10,2026-07-29T23:50:46
2016-03-01,0.83,0.83,eastmoney_f10,2026-07-29T23:50:46
2016-03-02,0.834,0.834,eastmoney_f10,2026-07-29T23:50:46
2016-03-03,0.832,0.832,eastmoney_f10,2026-07-29T23:50:46
2016-03-04,0.842,0.842,eastmoney_f10,2026-07-29T23:50:46
2016-03-07,0.84,0.84,eastmoney_f10,2026-07-29T23:50:46
2016-03-08,0.833,0.833,eastmoney_f10,2026-07-29T23:50:46
2016-03-09,0.835,0.835,eastmoney_f10,2026-07-29T23:50:46
2016-03-10,0.815,0.815,eastmoney_f10,2026-07-29T23:50:46
2016-03-11,0.856,0.856,eastmoney_f10,2026-07-29T23:50:46
2016-03-14,0.867,0.867,eastmoney_f10,2026-07-29T23:50:46
2016-03-15,0.859,0.859,eastmoney_f10,2026-07-29T23:50:46
2016-03-16,0.865,0.865,eastmoney_f10,2026-07-29T23:50:46
2016-03-17,0.864,0.864,eastmoney_f10,2026-07-29T23:50:46
2016-03-18,0.873,0.873,eastmoney_f10,2026-07-29T23:50:46
2016-03-21,0.87,0.87,eastmoney_f10,2026-07-29T23:50:46
2016-03-22,0.872,0.872,eastmoney_f10,2026-07-29T23:50:46
2016-03-23,0.873,0.873,eastmoney_f10,2026-07-29T23:50:46
2016-03-24,0.858,0.858,eastmoney_f10,2026-07-29T23:50:46
2016-03-25,0.858,0.858,eastmoney_f10,2026-07-29T23:50:46
2016-03-28,0.858,0.858,eastmoney_f10,2026-07-29T23:50:46
2016-03-29,0.862,0.862,eastmoney_f10,2026-07-29T23:50:46
2016-03-30,0.881,0.881,eastmoney_f10,2026-07-29T23:50:46
2016-03-31,0.874,0.874,eastmoney_f10,2026-07-29T23:50:46
2016-04-01,0.862,0.862,eastmoney_f10,2026-07-29T23:50:46
2016-04-05,0.844,0.844,eastmoney_f10,2026-07-29T23:50:46
2016-04-06,0.849,0.849,eastmoney_f10,2026-07-29T23:50:46
2016-04-07,0.841,0.841,eastmoney_f10,2026-07-29T23:50:46
2016-04-08,0.847,0.847,eastmoney_f10,2026-07-29T23:50:46
2016-04-11,0.853,0.853,eastmoney_f10,2026-07-29T23:50:46
2016-04-12,0.86,0.86,eastmoney_f10,2026-07-29T23:50:46
2016-04-13,0.88,0.88,eastmoney_f10,2026-07-29T23:50:46
2016-04-14,0.88,0.88,eastmoney_f10,2026-07-29T23:50:46
2016-04-15,0.877,0.877,eastmoney_f10,2026-07-29T23:50:46
2016-04-18,0.884,0.884,eastmoney_f10,2026-07-29T23:50:46
2016-04-19,0.904,0.904,eastmoney_f10,2026-07-29T23:50:46
2016-04-20,0.912,0.912,eastmoney_f10,2026-07-29T23:50:46
2016-04-21,0.91,0.91,eastmoney_f10,2026-07-29T23:50:46
2016-04-22,0.906,0.906,eastmoney_f10,2026-07-29T23:50:46
2016-04-25,0.897,0.897,eastmoney_f10,2026-07-29T23:50:46
2016-04-26,0.895,0.895,eastmoney_f10,2026-07-29T23:50:46
2016-04-27,0.9,0.9,eastmoney_f10,2026-07-29T23:50:46
2016-04-28,0.905,0.905,eastmoney_f10,2026-07-29T23:50:46
2016-04-29,0.879,0.879,eastmoney_f10,2026-07-29T23:50:46
2016-05-03,0.881,0.881,eastmoney_f10,2026-07-29T23:50:46
2016-05-04,0.874,0.874,eastmoney_f10,2026-07-29T23:50:46
2016-05-05,0.876,0.876,eastmoney_f10,2026-07-29T23:50:46
2016-05-06,0.872,0.872,eastmoney_f10,2026-07-29T23:50:46
2016-05-09,0.88,0.88,eastmoney_f10,2026-07-29T23:50:46
2016-05-10,0.887,0.887,eastmoney_f10,2026-07-29T23:50:46
2016-05-11,0.88,0.88,eastmoney_f10,2026-07-29T23:50:46
2016-05-12,0.872,0.872,eastmoney_f10,2026-07-29T23:50:46
2016-05-13,0.877,0.877,eastmoney_f10,2026-07-29T23:50:46
2016-05-16,0.874,0.874,eastmoney_f10,2026-07-29T23:50:46
2016-05-17,0.868,0.868,eastmoney_f10,2026-07-29T23:50:46
2016-05-18,0.872,0.872,eastmoney_f10,2026-07-29T23:50:46
2016-05-19,0.857,0.857,eastmoney_f10,2026-07-29T23:50:46
2016-05-20,0.865,0.865,eastmoney_f10,2026-07-29T23:50:46
2016-05-23,0.86,0.86,eastmoney_f10,2026-07-29T23:50:46
2016-05-24,0.878,0.878,eastmoney_f10,2026-07-29T23:50:46
2016-05-25,0.887,0.887,eastmoney_f10,2026-07-29T23:50:46
2016-05-26,0.893,0.893,eastmoney_f10,2026-07-29T23:50:46
2016-05-27,0.897,0.897,eastmoney_f10,2026-07-29T23:50:46
2016-05-30,0.896,0.896,eastmoney_f10,2026-07-29T23:50:46
2016-05-31,0.894,0.894,eastmoney_f10,2026-07-29T23:50:46
2016-06-01,0.889,0.889,eastmoney_f10,2026-07-29T23:50:46
2016-06-02,0.892,0.892,eastmoney_f10,2026-07-29T23:50:46
2016-06-03,0.881,0.881,eastmoney_f10,2026-07-29T23:50:46
2016-06-06,0.895,0.895,eastmoney_f10,2026-07-29T23:50:46
2016-06-07,0.911,0.911,eastmoney_f10,2026-07-29T23:50:46
2016-06-08,0.905,0.905,eastmoney_f10,2026-07-29T23:50:46
2016-06-13,0.85,0.85,eastmoney_f10,2026-07-29T23:50:46
2016-06-14,0.841,0.841,eastmoney_f10,2026-07-29T23:50:46
2016-06-15,0.845,0.845,eastmoney_f10,2026-07-29T23:50:46
2016-06-16,0.842,0.842,eastmoney_f10,2026-07-29T23:50:46
2016-06-17,0.848,0.848,eastmoney_f10,2026-07-29T23:50:46
2016-06-20,0.883,0.883,eastmoney_f10,2026-07-29T23:50:46
2016-06-21,0.885,0.885,eastmoney_f10,2026-07-29T23:50:46
2016-06-22,0.887,0.887,eastmoney_f10,2026-07-29T23:50:46
2016-06-23,0.907,0.907,eastmoney_f10,2026-07-29T23:50:46
2016-06-24,0.846,0.846,eastmoney_f10,2026-07-29T23:50:46
2016-06-27,0.807,0.807,eastmoney_f10,2026-07-29T23:50:46
2016-06-28,0.823,0.823,eastmoney_f10,2026-07-29T23:50:46
2016-06-29,0.84,0.84,eastmoney_f10,2026-07-29T23:50:46
2016-06-30,0.849,0.849,eastmoney_f10,2026-07-29T23:50:46
2016-07-01,0.857,0.857,eastmoney_f10,2026-07-29T23:50:46
2016-07-04,0.854,0.854,eastmoney_f10,2026-07-29T23:50:46
2016-07-05,0.841,0.841,eastmoney_f10,2026-07-29T23:50:46
2016-07-06,0.824,0.824,eastmoney_f10,2026-07-29T23:50:46
2016-07-07,0.831,0.831,eastmoney_f10,2026-07-29T23:50:46
2016-07-08,0.847,0.847,eastmoney_f10,2026-07-29T23:50:46
2016-07-11,0.862,0.862,eastmoney_f10,2026-07-29T23:50:46
2016-07-12,0.874,0.874,eastmoney_f10,2026-07-29T23:50:46
2016-07-13,0.871,0.871,eastmoney_f10,2026-07-29T23:50:46
2016-07-14,0.884,0.884,eastmoney_f10,2026-07-29T23:50:46
2016-07-15,0.884,0.884,eastmoney_f10,2026-07-29T23:50:46
2016-07-18,0.882,0.882,eastmoney_f10,2026-07-29T23:50:46
2016-07-19,0.876,0.876,eastmoney_f10,2026-07-29T23:50:46
2016-07-20,0.886,0.886,eastmoney_f10,2026-07-29T23:50:46
2016-07-21,0.885,0.885,eastmoney_f10,2026-07-29T23:50:46
2016-07-22,0.883,0.883,eastmoney_f10,2026-07-29T23:50:46
2016-07-25,0.884,0.884,eastmoney_f10,2026-07-29T23:50:46
2016-07-26,0.889,0.889,eastmoney_f10,2026-07-29T23:50:46
2016-07-27,0.894,0.894,eastmoney_f10,2026-07-29T23:50:46
2016-07-28,0.895,0.895,eastmoney_f10,2026-07-29T23:50:46
2016-07-29,0.901,0.901,eastmoney_f10,2026-07-29T23:50:46
2016-08-01,0.905,0.905,eastmoney_f10,2026-07-29T23:50:46
2016-08-02,0.89,0.89,eastmoney_f10,2026-07-29T23:50:46
2016-08-03,0.894,0.894,eastmoney_f10,2026-07-29T23:50:46
2016-08-04,0.895,0.895,eastmoney_f10,2026-07-29T23:50:46
2016-08-05,0.905,0.905,eastmoney_f10,2026-07-29T23:50:46
2016-08-08,0.909,0.909,eastmoney_f10,2026-07-29T23:50:46
2016-08-09,0.931,0.931,eastmoney_f10,2026-07-29T23:50:46
2016-08-10,0.93,0.93,eastmoney_f10,2026-07-29T23:50:46
2016-08-11,0.94,0.94,eastmoney_f10,2026-07-29T23:50:46
2016-08-12,0.935,0.935,eastmoney_f10,2026-07-29T23:50:46
2016-08-15,0.939,0.939,eastmoney_f10,2026-07-29T23:50:46
2016-08-16,0.934,0.934,eastmoney_f10,2026-07-29T23:50:46
2016-08-17,0.927,0.927,eastmoney_f10,2026-07-29T23:50:46
2016-08-18,0.936,0.936,eastmoney_f10,2026-07-29T23:50:46
2016-08-19,0.934,0.934,eastmoney_f10,2026-07-29T23:50:46
2016-08-22,0.931,0.931,eastmoney_f10,2026-07-29T23:50:46
2016-08-23,0.942,0.942,eastmoney_f10,2026-07-29T23:50:46
2016-08-24,0.941,0.941,eastmoney_f10,2026-07-29T23:50:46
2016-08-25,0.931,0.931,eastmoney_f10,2026-07-29T23:50:46
2016-08-26,0.937,0.937,eastmoney_f10,2026-07-29T23:50:46
2016-08-29,0.93,0.93,eastmoney_f10,2026-07-29T23:50:46
2016-08-30,0.939,0.939,eastmoney_f10,2026-07-29T23:50:46
2016-08-31,0.931,0.931,eastmoney_f10,2026-07-29T23:50:46
2016-09-01,0.926,0.926,eastmoney_f10,2026-07-29T23:50:46
2016-09-02,0.94,0.94,eastmoney_f10,2026-07-29T23:50:46
2016-09-05,0.937,0.937,eastmoney_f10,2026-07-29T23:50:46
2016-09-06,0.936,0.936,eastmoney_f10,2026-07-29T23:50:46
2016-09-07,0.948,0.948,eastmoney_f10,2026-07-29T23:50:46
2016-09-08,0.941,0.941,eastmoney_f10,2026-07-29T23:50:46
2016-09-09,0.935,0.935,eastmoney_f10,2026-07-29T23:50:46
2016-09-12,0.924,0.924,eastmoney_f10,2026-07-29T23:50:46
2016-09-13,0.918,0.918,eastmoney_f10,2026-07-29T23:50:46
2016-09-14,0.918,0.918,eastmoney_f10,2026-07-29T23:50:46
2016-09-19,0.911,0.911,eastmoney_f10,2026-07-29T23:50:46
2016-09-20,0.912,0.912,eastmoney_f10,2026-07-29T23:50:46
2016-09-21,0.914,0.914,eastmoney_f10,2026-07-29T23:50:46
2016-09-22,0.935,0.935,eastmoney_f10,2026-07-29T23:50:46
2016-09-23,0.934,0.934,eastmoney_f10,2026-07-29T23:50:46
2016-09-26,0.917,0.917,eastmoney_f10,2026-07-29T23:50:46
2016-09-27,0.915,0.915,eastmoney_f10,2026-07-29T23:50:46
2016-09-28,0.918,0.918,eastmoney_f10,2026-07-29T23:50:46
2016-09-29,0.917,0.917,eastmoney_f10,2026-07-29T23:50:46
2016-09-30,0.926,0.926,eastmoney_f10,2026-07-29T23:50:46
2016-10-10,0.935,0.935,eastmoney_f10,2026-07-29T23:50:46
2016-10-11,0.929,0.929,eastmoney_f10,2026-07-29T23:50:46
2016-10-12,0.92,0.92,eastmoney_f10,2026-07-29T23:50:46
2016-10-13,0.908,0.908,eastmoney_f10,2026-07-29T23:50:46
2016-10-14,0.923,0.923,eastmoney_f10,2026-07-29T23:50:46
2016-10-17,0.912,0.912,eastmoney_f10,2026-07-29T23:50:46
2016-10-18,0.926,0.926,eastmoney_f10,2026-07-29T23:50:46
2016-10-19,0.925,0.925,eastmoney_f10,2026-07-29T23:50:46
2016-10-20,0.929,0.929,eastmoney_f10,2026-07-29T23:50:46
2016-10-21,0.928,0.928,eastmoney_f10,2026-07-29T23:50:46
2016-10-24,0.93,0.93,eastmoney_f10,2026-07-29T23:50:46
2016-10-25,0.931,0.931,eastmoney_f10,2026-07-29T23:50:46
2016-10-26,0.927,0.927,eastmoney_f10,2026-07-29T23:50:46
2016-10-27,0.93,0.93,eastmoney_f10,2026-07-29T23:50:46
2016-10-28,0.929,0.929,eastmoney_f10,2026-07-29T23:50:46
2016-10-31,0.931,0.931,eastmoney_f10,2026-07-29T23:50:46
2016-11-01,0.918,0.918,eastmoney_f10,2026-07-29T23:50:46
2016-11-02,0.91,0.91,eastmoney_f10,2026-07-29T23:50:46
2016-11-03,0.909,0.909,eastmoney_f10,2026-07-29T23:50:46
2016-11-04,0.904,0.904,eastmoney_f10,2026-07-29T23:50:46
2016-11-07,0.922,0.922,eastmoney_f10,2026-07-29T23:50:46
2016-11-08,0.922,0.922,eastmoney_f10,2026-07-29T23:50:46
2016-11-09,0.933,0.933,eastmoney_f10,2026-07-29T23:50:46
2016-11-10,0.925,0.925,eastmoney_f10,2026-07-29T23:50:46
2016-11-11,0.927,0.927,eastmoney_f10,2026-07-29T23:50:46
2016-11-14,0.926,0.926,eastmoney_f10,2026-07-29T23:50:46
2016-11-15,0.927,0.927,eastmoney_f10,2026-07-29T23:50:46
2016-11-16,0.92,0.92,eastmoney_f10,2026-07-29T23:50:46
2016-11-17,0.922,0.922,eastmoney_f10,2026-07-29T23:50:46
2016-11-18,0.914,0.914,eastmoney_f10,2026-07-29T23:50:46
2016-11-21,0.916,0.916,eastmoney_f10,2026-07-29T23:50:46
2016-11-22,0.92,0.92,eastmoney_f10,2026-07-29T23:50:46
2016-11-23,0.915,0.915,eastmoney_f10,2026-07-29T23:50:46
2016-11-24,0.913,0.913,eastmoney_f10,2026-07-29T23:50:46
2016-11-25,0.916,0.916,eastmoney_f10,2026-07-29T23:50:46
2016-11-28,0.91,0.91,eastmoney_f10,2026-07-29T23:50:46
2016-11-29,0.911,0.911,eastmoney_f10,2026-07-29T23:50:46
2016-11-30,0.916,0.916,eastmoney_f10,2026-07-29T23:50:46
2016-12-01,0.904,0.904,eastmoney_f10,2026-07-29T23:50:46
2016-12-02,0.905,0.905,eastmoney_f10,2026-07-29T23:50:46
2016-12-05,0.911,0.911,eastmoney_f10,2026-07-29T23:50:46
2016-12-06,0.933,0.933,eastmoney_f10,2026-07-29T23:50:46
2016-12-07,0.948,0.948,eastmoney_f10,2026-07-29T23:50:46
2016-12-08,0.967,0.967,eastmoney_f10,2026-07-29T23:50:46
2016-12-09,0.958,0.958,eastmoney_f10,2026-07-29T23:50:46
2016-12-12,0.953,0.953,eastmoney_f10,2026-07-29T23:50:46
2016-12-13,0.968,0.968,eastmoney_f10,2026-07-29T23:50:46
2016-12-14,0.964,0.964,eastmoney_f10,2026-07-29T23:50:46
2016-12-15,0.965,0.965,eastmoney_f10,2026-07-29T23:50:46
2016-12-16,0.964,0.964,eastmoney_f10,2026-07-29T23:50:46
2016-12-19,0.97,0.97,eastmoney_f10,2026-07-29T23:50:46
2016-12-20,0.968,0.968,eastmoney_f10,2026-07-29T23:50:46
2016-12-21,0.968,0.968,eastmoney_f10,2026-07-29T23:50:46
2016-12-22,0.969,0.969,eastmoney_f10,2026-07-29T23:50:46
2016-12-23,0.97,0.97,eastmoney_f10,2026-07-29T23:50:46
2016-12-26,0.971,0.971,eastmoney_f10,2026-07-29T23:50:46
2016-12-27,0.973,0.973,eastmoney_f10,2026-07-29T23:50:46
2016-12-28,0.974,0.974,eastmoney_f10,2026-07-29T23:50:46
2016-12-29,0.969,0.969,eastmoney_f10,2026-07-29T23:50:46
2016-12-30,0.979,0.979,eastmoney_f10,2026-07-29T23:50:46
2016-12-31,0.979,0.979,eastmoney_f10,2026-07-29T23:50:46
2017-01-03,0.984,0.984,eastmoney_f10,2026-07-29T23:50:46
2017-01-04,0.98,0.98,eastmoney_f10,2026-07-29T23:50:46
2017-01-05,0.986,0.986,eastmoney_f10,2026-07-29T23:50:46
2017-01-06,0.986,0.986,eastmoney_f10,2026-07-29T23:50:46
2017-01-09,0.984,0.984,eastmoney_f10,2026-07-29T23:50:46
2017-01-10,0.991,0.991,eastmoney_f10,2026-07-29T23:50:46
2017-01-11,0.993,0.993,eastmoney_f10,2026-07-29T23:50:46
2017-01-12,0.984,0.984,eastmoney_f10,2026-07-29T23:50:46
2017-01-13,0.992,0.992,eastmoney_f10,2026-07-29T23:50:46
2017-01-16,0.987,0.987,eastmoney_f10,2026-07-29T23:50:46
2017-01-17,0.986,0.986,eastmoney_f10,2026-07-29T23:50:46
2017-01-18,0.993,0.993,eastmoney_f10,2026-07-29T23:50:46
2017-01-19,0.986,0.986,eastmoney_f10,2026-07-29T23:50:46
2017-01-20,0.993,0.993,eastmoney_f10,2026-07-29T23:50:46
2017-01-23,0.99,0.99,eastmoney_f10,2026-07-29T23:50:46
2017-01-24,0.996,0.996,eastmoney_f10,2026-07-29T23:50:46
2017-01-25,1.012,1.012,eastmoney_f10,2026-07-29T23:50:46
2017-01-26,1.019,1.019,eastmoney_f10,2026-07-29T23:50:46
2017-02-03,1.001,1.001,eastmoney_f10,2026-07-29T23:50:46
2017-02-06,0.992,0.992,eastmoney_f10,2026-07-29T23:50:46
2017-02-07,0.991,0.991,eastmoney_f10,2026-07-29T23:50:46
2017-02-08,0.988,0.988,eastmoney_f10,2026-07-29T23:50:46
2017-02-09,0.996,0.996,eastmoney_f10,2026-07-29T23:50:46
2017-02-10,0.995,0.995,eastmoney_f10,2026-07-29T23:50:46
2017-02-13,1.002,1.002,eastmoney_f10,2026-07-29T23:50:46
2017-02-14,0.999,0.999,eastmoney_f10,2026-07-29T23:50:46
2017-02-15,0.996,0.996,eastmoney_f10,2026-07-29T23:50:46
2017-02-16,0.995,0.995,eastmoney_f10,2026-07-29T23:50:46
2017-02-17,0.999,0.999,eastmoney_f10,2026-07-29T23:50:46
2017-02-20,1.004,1.004,eastmoney_f10,2026-07-29T23:50:46
2017-02-21,1.014,1.014,eastmoney_f10,2026-07-29T23:50:46
2017-02-22,1.011,1.011,eastmoney_f10,2026-07-29T23:50:46
2017-02-23,1.007,1.007,eastmoney_f10,2026-07-29T23:50:46
2017-02-24,0.998,0.998,eastmoney_f10,2026-07-29T23:50:46
2017-02-27,0.998,0.998,eastmoney_f10,2026-07-29T23:50:46
2017-02-28,1.001,1.001,eastmoney_f10,2026-07-29T23:50:46
2017-03-01,1.018,1.018,eastmoney_f10,2026-07-29T23:50:46
2017-03-02,1.016,1.016,eastmoney_f10,2026-07-29T23:50:46
2017-03-03,1.01,1.01,eastmoney_f10,2026-07-29T23:50:46
2017-03-06,1.016,1.016,eastmoney_f10,2026-07-29T23:50:46
2017-03-07,1.013,1.013,eastmoney_f10,2026-07-29T23:50:46
2017-03-08,1.013,1.013,eastmoney_f10,2026-07-29T23:50:46
2017-03-09,1.014,1.014,eastmoney_f10,2026-07-29T23:50:46
2017-03-10,1.016,1.016,eastmoney_f10,2026-07-29T23:50:46
2017-03-13,1.025,1.025,eastmoney_f10,2026-07-29T23:50:46
2017-03-14,1.024,1.024,eastmoney_f10,2026-07-29T23:50:46
2017-03-15,1.022,1.022,eastmoney_f10,2026-07-29T23:50:46
2017-03-16,1.037,1.037,eastmoney_f10,2026-07-29T23:50:46
2017-03-17,1.041,1.041,eastmoney_f10,2026-07-29T23:50:46
2017-03-20,1.037,1.037,eastmoney_f10,2026-07-29T23:50:46
2017-03-21,1.03,1.03,eastmoney_f10,2026-07-29T23:50:46
2017-03-22,1.029,1.029,eastmoney_f10,2026-07-29T23:50:46
2017-03-23,1.038,1.038,eastmoney_f10,2026-07-29T23:50:46
2017-03-24,1.039,1.039,eastmoney_f10,2026-07-29T23:50:46
2017-03-27,1.037,1.037,eastmoney_f10,2026-07-29T23:50:46
2017-03-28,1.053,1.053,eastmoney_f10,2026-07-29T23:50:46
2017-03-29,1.055,1.055,eastmoney_f10,2026-07-29T23:50:46
2017-03-30,1.053,1.053,eastmoney_f10,2026-07-29T23:50:46
2017-03-31,1.052,1.052,eastmoney_f10,2026-07-29T23:50:46
2017-04-05,1.042,1.042,eastmoney_f10,2026-07-29T23:50:46
2017-04-06,1.043,1.043,eastmoney_f10,2026-07-29T23:50:46
2017-04-07,1.041,1.041,eastmoney_f10,2026-07-29T23:50:46
2017-04-10,1.033,1.033,eastmoney_f10,2026-07-29T23:50:46
2017-04-11,1.028,1.028,eastmoney_f10,2026-07-29T23:50:46
2017-04-12,1.03,1.03,eastmoney_f10,2026-07-29T23:50:46
2017-04-13,1.03,1.03,eastmoney_f10,2026-07-29T23:50:46
2017-04-14,1.025,1.025,eastmoney_f10,2026-07-29T23:50:46
2017-04-17,1.024,1.024,eastmoney_f10,2026-07-29T23:50:46
2017-04-18,1.019,1.019,eastmoney_f10,2026-07-29T23:50:46
2017-04-19,1.026,1.026,eastmoney_f10,2026-07-29T23:50:46
2017-04-20,1.028,1.028,eastmoney_f10,2026-07-29T23:50:46
2017-04-21,1.03,1.03,eastmoney_f10,2026-07-29T23:50:46
2017-04-24,1.075,1.075,eastmoney_f10,2026-07-29T23:50:46
2017-04-25,1.078,1.078,eastmoney_f10,2026-07-29T23:50:46
2017-04-26,1.086,1.086,eastmoney_f10,2026-07-29T23:50:46
2017-04-27,1.082,1.082,eastmoney_f10,2026-07-29T23:50:46
2017-04-28,1.078,1.078,eastmoney_f10,2026-07-29T23:50:46
2017-05-02,1.087,1.087,eastmoney_f10,2026-07-29T23:50:46
2017-05-03,1.09,1.09,eastmoney_f10,2026-07-29T23:50:46
2017-05-04,1.096,1.096,eastmoney_f10,2026-07-29T23:50:46
2017-05-05,1.11,1.11,eastmoney_f10,2026-07-29T23:50:46
2017-05-08,1.108,1.108,eastmoney_f10,2026-07-29T23:50:46
2017-05-09,1.111,1.111,eastmoney_f10,2026-07-29T23:50:46
2017-05-10,1.107,1.107,eastmoney_f10,2026-07-29T23:50:46
2017-05-11,1.1,1.1,eastmoney_f10,2026-07-29T23:50:46
2017-05-12,1.104,1.104,eastmoney_f10,2026-07-29T23:50:46
2017-05-15,1.11,1.11,eastmoney_f10,2026-07-29T23:50:46
2017-05-16,1.115,1.115,eastmoney_f10,2026-07-29T23:50:46
2017-05-17,1.109,1.109,eastmoney_f10,2026-07-29T23:50:46
2017-05-18,1.111,1.111,eastmoney_f10,2026-07-29T23:50:46
2017-05-19,1.114,1.114,eastmoney_f10,2026-07-29T23:50:46
2017-05-22,1.119,1.119,eastmoney_f10,2026-07-29T23:50:46
2017-05-23,1.126,1.126,eastmoney_f10,2026-07-29T23:50:46
2017-05-24,1.122,1.122,eastmoney_f10,2026-07-29T23:50:46
2017-05-25,1.121,1.121,eastmoney_f10,2026-07-29T23:50:46
2017-05-26,1.117,1.117,eastmoney_f10,2026-07-29T23:50:46
2017-05-31,1.114,1.114,eastmoney_f10,2026-07-29T23:50:46
2017-06-01,1.116,1.116,eastmoney_f10,2026-07-29T23:50:46
2017-06-02,1.125,1.125,eastmoney_f10,2026-07-29T23:50:46
2017-06-05,1.129,1.129,eastmoney_f10,2026-07-29T23:50:46
2017-06-06,1.116,1.116,eastmoney_f10,2026-07-29T23:50:46
2017-06-07,1.115,1.115,eastmoney_f10,2026-07-29T23:50:46
2017-06-08,1.117,1.117,eastmoney_f10,2026-07-29T23:50:46
2017-06-09,1.12,1.12,eastmoney_f10,2026-07-29T23:50:46
2017-06-12,1.11,1.11,eastmoney_f10,2026-07-29T23:50:46
2017-06-13,1.116,1.116,eastmoney_f10,2026-07-29T23:50:46
2017-06-14,1.12,1.12,eastmoney_f10,2026-07-29T23:50:46
2017-06-15,1.109,1.109,eastmoney_f10,2026-07-29T23:50:46
2017-06-16,1.11,1.11,eastmoney_f10,2026-07-29T23:50:46
2017-06-19,1.126,1.126,eastmoney_f10,2026-07-29T23:50:46
2017-06-20,1.117,1.117,eastmoney_f10,2026-07-29T23:50:46
2017-06-21,1.113,1.113,eastmoney_f10,2026-07-29T23:50:46
2017-06-22,1.118,1.118,eastmoney_f10,2026-07-29T23:50:46
2017-06-23,1.112,1.112,eastmoney_f10,2026-07-29T23:50:46
2017-06-26,1.12,1.12,eastmoney_f10,2026-07-29T23:50:46
2017-06-27,1.11,1.11,eastmoney_f10,2026-07-29T23:50:46
2017-06-28,1.12,1.12,eastmoney_f10,2026-07-29T23:50:46
2017-06-29,1.102,1.102,eastmoney_f10,2026-07-29T23:50:46
2017-06-30,1.096,1.096,eastmoney_f10,2026-07-29T23:50:46
2017-07-03,1.108,1.108,eastmoney_f10,2026-07-29T23:50:46
2017-07-04,1.102,1.102,eastmoney_f10,2026-07-29T23:50:46
2017-07-05,1.102,1.102,eastmoney_f10,2026-07-29T23:50:46
2017-07-06,1.096,1.096,eastmoney_f10,2026-07-29T23:50:46
2017-07-07,1.103,1.103,eastmoney_f10,2026-07-29T23:50:46
2017-07-10,1.107,1.107,eastmoney_f10,2026-07-29T23:50:46
2017-07-11,1.106,1.106,eastmoney_f10,2026-07-29T23:50:46
2017-07-12,1.128,1.128,eastmoney_f10,2026-07-29T23:50:46
2017-07-13,1.123,1.123,eastmoney_f10,2026-07-29T23:50:46
2017-07-14,1.12,1.12,eastmoney_f10,2026-07-29T23:50:46
2017-07-17,1.119,1.119,eastmoney_f10,2026-07-29T23:50:46
2017-07-18,1.106,1.106,eastmoney_f10,2026-07-29T23:50:46
2017-07-19,1.113,1.113,eastmoney_f10,2026-07-29T23:50:46
2017-07-20,1.11,1.11,eastmoney_f10,2026-07-29T23:50:46
2017-07-21,1.101,1.101,eastmoney_f10,2026-07-29T23:50:46
2017-07-24,1.102,1.102,eastmoney_f10,2026-07-29T23:50:46
2017-07-25,1.105,1.105,eastmoney_f10,2026-07-29T23:50:46
2017-07-26,1.109,1.109,eastmoney_f10,2026-07-29T23:50:46
2017-07-27,1.106,1.106,eastmoney_f10,2026-07-29T23:50:46
2017-07-28,1.098,1.098,eastmoney_f10,2026-07-29T23:50:46
2017-07-31,1.098,1.098,eastmoney_f10,2026-07-29T23:50:46
2017-08-01,1.115,1.115,eastmoney_f10,2026-07-29T23:50:46
2017-08-02,1.108,1.108,eastmoney_f10,2026-07-29T23:50:46
2017-08-03,1.109,1.109,eastmoney_f10,2026-07-29T23:50:46
2017-08-04,1.124,1.124,eastmoney_f10,2026-07-29T23:50:46
2017-08-07,1.113,1.113,eastmoney_f10,2026-07-29T23:50:46
2017-08-08,1.117,1.117,eastmoney_f10,2026-07-29T23:50:46
2017-08-09,1.099,1.099,eastmoney_f10,2026-07-29T23:50:46
2017-08-10,1.081,1.081,eastmoney_f10,2026-07-29T23:50:46
2017-08-11,1.079,1.079,eastmoney_f10,2026-07-29T23:50:46
2017-08-14,1.097,1.097,eastmoney_f10,2026-07-29T23:50:46
2017-08-15,1.096,1.096,eastmoney_f10,2026-07-29T23:50:46
2017-08-16,1.102,1.102,eastmoney_f10,2026-07-29T23:50:46
2017-08-17,1.098,1.098,eastmoney_f10,2026-07-29T23:50:46
2017-08-18,1.091,1.091,eastmoney_f10,2026-07-29T23:50:46
2017-08-21,1.084,1.084,eastmoney_f10,2026-07-29T23:50:46
2017-08-22,1.102,1.102,eastmoney_f10,2026-07-29T23:50:46
2017-08-23,1.093,1.093,eastmoney_f10,2026-07-29T23:50:46
2017-08-24,1.097,1.097,eastmoney_f10,2026-07-29T23:50:46
2017-08-25,1.095,1.095,eastmoney_f10,2026-07-29T23:50:46
2017-08-28,1.101,1.101,eastmoney_f10,2026-07-29T23:50:46
2017-08-29,1.087,1.087,eastmoney_f10,2026-07-29T23:50:46
2017-08-30,1.09,1.09,eastmoney_f10,2026-07-29T23:50:46
2017-08-31,1.086,1.086,eastmoney_f10,2026-07-29T23:50:46
2017-09-01,1.093,1.093,eastmoney_f10,2026-07-29T23:50:46
2017-09-04,1.083,1.083,eastmoney_f10,2026-07-29T23:50:46
2017-09-05,1.079,1.079,eastmoney_f10,2026-07-29T23:50:46
2017-09-06,1.091,1.091,eastmoney_f10,2026-07-29T23:50:46
2017-09-07,1.098,1.098,eastmoney_f10,2026-07-29T23:50:46
2017-09-08,1.101,1.101,eastmoney_f10,2026-07-29T23:50:46
2017-09-11,1.112,1.112,eastmoney_f10,2026-07-29T23:50:46
2017-09-12,1.12,1.12,eastmoney_f10,2026-07-29T23:50:46
2017-09-13,1.125,1.125,eastmoney_f10,2026-07-29T23:50:46
2017-09-14,1.118,1.118,eastmoney_f10,2026-07-29T23:50:46
2017-09-15,1.119,1.119,eastmoney_f10,2026-07-29T23:50:46
2017-09-18,1.124,1.124,eastmoney_f10,2026-07-29T23:50:46
2017-09-19,1.128,1.128,eastmoney_f10,2026-07-29T23:50:46
2017-09-20,1.134,1.134,eastmoney_f10,2026-07-29T23:50:46
2017-09-21,1.128,1.128,eastmoney_f10,2026-07-29T23:50:46
2017-09-22,1.134,1.134,eastmoney_f10,2026-07-29T23:50:46
2017-09-25,1.134,1.134,eastmoney_f10,2026-07-29T23:50:46
2017-09-26,1.131,1.131,eastmoney_f10,2026-07-29T23:50:46
2017-09-27,1.132,1.132,eastmoney_f10,2026-07-29T23:50:46
2017-09-28,1.134,1.134,eastmoney_f10,2026-07-29T23:50:46
2017-09-29,1.149,1.149,eastmoney_f10,2026-07-29T23:50:46
2017-10-09,1.158,1.158,eastmoney_f10,2026-07-29T23:50:46
2017-10-10,1.153,1.153,eastmoney_f10,2026-07-29T23:50:46
2017-10-11,1.154,1.154,eastmoney_f10,2026-07-29T23:50:46
2017-10-12,1.158,1.158,eastmoney_f10,2026-07-29T23:50:46
2017-10-13,1.158,1.158,eastmoney_f10,2026-07-29T23:50:46
2017-10-16,1.156,1.156,eastmoney_f10,2026-07-29T23:50:46
2017-10-17,1.154,1.154,eastmoney_f10,2026-07-29T23:50:46
2017-10-18,1.159,1.159,eastmoney_f10,2026-07-29T23:50:46
2017-10-19,1.158,1.158,eastmoney_f10,2026-07-29T23:50:46
2017-10-20,1.163,1.163,eastmoney_f10,2026-07-29T23:50:46
2017-10-23,1.158,1.158,eastmoney_f10,2026-07-29T23:50:46
2017-10-24,1.158,1.158,eastmoney_f10,2026-07-29T23:50:46
2017-10-25,1.155,1.155,eastmoney_f10,2026-07-29T23:50:46
2017-10-26,1.176,1.176,eastmoney_f10,2026-07-29T23:50:46
2017-10-27,1.168,1.168,eastmoney_f10,2026-07-29T23:50:46
2017-10-30,1.166,1.166,eastmoney_f10,2026-07-29T23:50:46
2017-10-31,1.169,1.169,eastmoney_f10,2026-07-29T23:50:46
2017-11-01,1.187,1.187,eastmoney_f10,2026-07-29T23:50:46
2017-11-02,1.182,1.182,eastmoney_f10,2026-07-29T23:50:46
2017-11-03,1.185,1.185,eastmoney_f10,2026-07-29T23:50:46
2017-11-06,1.183,1.183,eastmoney_f10,2026-07-29T23:50:46
2017-11-07,1.174,1.174,eastmoney_f10,2026-07-29T23:50:46
2017-11-08,1.174,1.174,eastmoney_f10,2026-07-29T23:50:46
2017-11-09,1.157,1.157,eastmoney_f10,2026-07-29T23:50:46
2017-11-10,1.158,1.158,eastmoney_f10,2026-07-29T23:50:46
2017-11-13,1.155,1.155,eastmoney_f10,2026-07-29T23:50:46
2017-11-14,1.154,1.154,eastmoney_f10,2026-07-29T23:50:46
2017-11-15,1.159,1.159,eastmoney_f10,2026-07-29T23:50:46
2017-11-16,1.163,1.163,eastmoney_f10,2026-07-29T23:50:46
2017-11-17,1.157,1.157,eastmoney_f10,2026-07-29T23:50:46
2017-11-20,1.159,1.159,eastmoney_f10,2026-07-29T23:50:46
2017-11-21,1.17,1.17,eastmoney_f10,2026-07-29T23:50:46
2017-11-22,1.156,1.156,eastmoney_f10,2026-07-29T23:50:46
2017-11-23,1.158,1.158,eastmoney_f10,2026-07-29T23:50:46
2017-11-24,1.162,1.162,eastmoney_f10,2026-07-29T23:50:46
2017-11-27,1.165,1.165,eastmoney_f10,2026-07-29T23:50:46
2017-11-28,1.169,1.169,eastmoney_f10,2026-07-29T23:50:46
2017-11-29,1.165,1.165,eastmoney_f10,2026-07-29T23:50:46
2017-11-30,1.162,1.162,eastmoney_f10,2026-07-29T23:50:46
2017-12-01,1.153,1.153,eastmoney_f10,2026-07-29T23:50:46
2017-12-04,1.168,1.168,eastmoney_f10,2026-07-29T23:50:46
2017-12-05,1.167,1.167,eastmoney_f10,2026-07-29T23:50:46
2017-12-06,1.159,1.159,eastmoney_f10,2026-07-29T23:50:46
2017-12-07,1.161,1.161,eastmoney_f10,2026-07-29T23:50:46
2017-12-08,1.168,1.168,eastmoney_f10,2026-07-29T23:50:46
2017-12-11,1.164,1.164,eastmoney_f10,2026-07-29T23:50:46
2017-12-12,1.17,1.17,eastmoney_f10,2026-07-29T23:50:46
2017-12-13,1.163,1.163,eastmoney_f10,2026-07-29T23:50:46
2017-12-14,1.164,1.164,eastmoney_f10,2026-07-29T23:50:46
2017-12-15,1.162,1.162,eastmoney_f10,2026-07-29T23:50:46
2017-12-18,1.178,1.178,eastmoney_f10,2026-07-29T23:50:46
2017-12-19,1.172,1.172,eastmoney_f10,2026-07-29T23:50:46
2017-12-20,1.164,1.164,eastmoney_f10,2026-07-29T23:50:46
2017-12-21,1.166,1.166,eastmoney_f10,2026-07-29T23:50:46
2017-12-22,1.162,1.162,eastmoney_f10,2026-07-29T23:50:46
2017-12-25,1.159,1.159,eastmoney_f10,2026-07-29T23:50:46
2017-12-26,1.156,1.156,eastmoney_f10,2026-07-29T23:50:46
2017-12-27,1.154,1.154,eastmoney_f10,2026-07-29T23:50:46
2017-12-28,1.15,1.15,eastmoney_f10,2026-07-29T23:50:46
2017-12-29,1.148,1.148,eastmoney_f10,2026-07-29T23:50:46
2017-12-31,1.147,1.147,eastmoney_f10,2026-07-29T23:50:46
2018-01-02,1.145,1.145,eastmoney_f10,2026-07-29T23:50:46
2018-01-03,1.157,1.157,eastmoney_f10,2026-07-29T23:50:46
2018-01-04,1.17,1.17,eastmoney_f10,2026-07-29T23:50:46
2018-01-05,1.187,1.187,eastmoney_f10,2026-07-29T23:50:46
2018-01-08,1.187,1.187,eastmoney_f10,2026-07-29T23:50:46
2018-01-09,1.184,1.184,eastmoney_f10,2026-07-29T23:50:46
2018-01-10,1.175,1.175,eastmoney_f10,2026-07-29T23:50:46
2018-01-11,1.17,1.17,eastmoney_f10,2026-07-29T23:50:46
2018-01-12,1.178,1.178,eastmoney_f10,2026-07-29T23:50:46
2018-01-15,1.181,1.181,eastmoney_f10,2026-07-29T23:50:46
2018-01-16,1.189,1.189,eastmoney_f10,2026-07-29T23:50:46
2018-01-17,1.183,1.183,eastmoney_f10,2026-07-29T23:50:46
2018-01-18,1.185,1.185,eastmoney_f10,2026-07-29T23:50:46
2018-01-19,1.2,1.2,eastmoney_f10,2026-07-29T23:50:46
2018-01-22,1.201,1.201,eastmoney_f10,2026-07-29T23:50:46
2018-01-23,1.209,1.209,eastmoney_f10,2026-07-29T23:50:46
2018-01-24,1.199,1.199,eastmoney_f10,2026-07-29T23:50:46
2018-01-25,1.194,1.194,eastmoney_f10,2026-07-29T23:50:46
2018-01-26,1.192,1.192,eastmoney_f10,2026-07-29T23:50:46
2018-01-29,1.19,1.19,eastmoney_f10,2026-07-29T23:50:46
2018-01-30,1.176,1.176,eastmoney_f10,2026-07-29T23:50:46
2018-01-31,1.177,1.177,eastmoney_f10,2026-07-29T23:50:46
2018-02-01,1.156,1.156,eastmoney_f10,2026-07-29T23:50:46
2018-02-02,1.144,1.144,eastmoney_f10,2026-07-29T23:50:46
2018-02-05,1.131,1.131,eastmoney_f10,2026-07-29T23:50:46
2018-02-06,1.101,1.101,eastmoney_f10,2026-07-29T23:50:46
2018-02-07,1.114,1.114,eastmoney_f10,2026-07-29T23:50:46
2018-02-08,1.075,1.075,eastmoney_f10,2026-07-29T23:50:46
2018-02-09,1.068,1.068,eastmoney_f10,2026-07-29T23:50:46
2018-02-12,1.079,1.079,eastmoney_f10,2026-07-29T23:50:46
2018-02-13,1.079,1.079,eastmoney_f10,2026-07-29T23:50:46
2018-02-14,1.1,1.1,eastmoney_f10,2026-07-29T23:50:46
2018-02-22,1.105,1.105,eastmoney_f10,2026-07-29T23:50:46
2018-02-23,1.111,1.111,eastmoney_f10,2026-07-29T23:50:46
2018-02-26,1.109,1.109,eastmoney_f10,2026-07-29T23:50:46
2018-02-27,1.104,1.104,eastmoney_f10,2026-07-29T23:50:46
2018-02-28,1.093,1.093,eastmoney_f10,2026-07-29T23:50:46
2018-03-01,1.07,1.07,eastmoney_f10,2026-07-29T23:50:46
2018-03-02,1.053,1.053,eastmoney_f10,2026-07-29T23:50:46
2018-03-05,1.074,1.074,eastmoney_f10,2026-07-29T23:50:46
2018-03-06,1.078,1.078,eastmoney_f10,2026-07-29T23:50:46
2018-03-07,1.094,1.094,eastmoney_f10,2026-07-29T23:50:46
2018-03-08,1.102,1.102,eastmoney_f10,2026-07-29T23:50:46
2018-03-09,1.096,1.096,eastmoney_f10,2026-07-29T23:50:46
2018-03-12,1.1,1.1,eastmoney_f10,2026-07-29T23:50:46
2018-03-13,1.084,1.084,eastmoney_f10,2026-07-29T23:50:46
2018-03-14,1.09,1.09,eastmoney_f10,2026-07-29T23:50:46
2018-03-15,1.097,1.097,eastmoney_f10,2026-07-29T23:50:46
2018-03-16,1.098,1.098,eastmoney_f10,2026-07-29T23:50:46
2018-03-19,1.08,1.08,eastmoney_f10,2026-07-29T23:50:46
2018-03-20,1.091,1.091,eastmoney_f10,2026-07-29T23:50:46
2018-03-21,1.086,1.086,eastmoney_f10,2026-07-29T23:50:46
2018-03-22,1.073,1.073,eastmoney_f10,2026-07-29T23:50:46
2018-03-23,1.053,1.053,eastmoney_f10,2026-07-29T23:50:46
2018-03-26,1.047,1.047,eastmoney_f10,2026-07-29T23:50:46
2018-03-27,1.063,1.063,eastmoney_f10,2026-07-29T23:50:46
2018-03-28,1.057,1.057,eastmoney_f10,2026-07-29T23:50:46
2018-03-29,1.065,1.065,eastmoney_f10,2026-07-29T23:50:46
2018-03-30,1.062,1.062,eastmoney_f10,2026-07-29T23:50:46
2018-04-02,1.061,1.061,eastmoney_f10,2026-07-29T23:50:46
2018-04-03,1.053,1.053,eastmoney_f10,2026-07-29T23:50:46
2018-04-04,1.049,1.049,eastmoney_f10,2026-07-29T23:50:46
2018-04-09,1.074,1.074,eastmoney_f10,2026-07-29T23:50:46
2018-04-10,1.09,1.09,eastmoney_f10,2026-07-29T23:50:46
2018-04-11,1.082,1.082,eastmoney_f10,2026-07-29T23:50:46
2018-04-12,1.091,1.091,eastmoney_f10,2026-07-29T23:50:46
2018-04-13,1.09,1.09,eastmoney_f10,2026-07-29T23:50:46
2018-04-16,1.086,1.086,eastmoney_f10,2026-07-29T23:50:46
2018-04-17,1.104,1.104,eastmoney_f10,2026-07-29T23:50:46
2018-04-18,1.104,1.104,eastmoney_f10,2026-07-29T23:50:46
2018-04-19,1.103,1.103,eastmoney_f10,2026-07-29T23:50:46
2018-04-20,1.099,1.099,eastmoney_f10,2026-07-29T23:50:46
2018-04-23,1.098,1.098,eastmoney_f10,2026-07-29T23:50:46
2018-04-24,1.093,1.093,eastmoney_f10,2026-07-29T23:50:46
2018-04-25,1.083,1.083,eastmoney_f10,2026-07-29T23:50:46
2018-04-26,1.087,1.087,eastmoney_f10,2026-07-29T23:50:46
2018-04-27,1.09,1.09,eastmoney_f10,2026-07-29T23:50:46
2018-05-02,1.102,1.102,eastmoney_f10,2026-07-29T23:50:46
2018-05-03,1.09,1.09,eastmoney_f10,2026-07-29T23:50:46
2018-05-04,1.101,1.101,eastmoney_f10,2026-07-29T23:50:46
2018-05-07,1.109,1.109,eastmoney_f10,2026-07-29T23:50:46
2018-05-08,1.104,1.104,eastmoney_f10,2026-07-29T23:50:46
2018-05-09,1.102,1.102,eastmoney_f10,2026-07-29T23:50:46
2018-05-10,1.107,1.107,eastmoney_f10,2026-07-29T23:50:46
2018-05-11,1.107,1.107,eastmoney_f10,2026-07-29T23:50:46
2018-05-14,1.105,1.105,eastmoney_f10,2026-07-29T23:50:46
2018-05-15,1.104,1.104,eastmoney_f10,2026-07-29T23:50:46
2018-05-16,1.101,1.101,eastmoney_f10,2026-07-29T23:50:46
2018-05-17,1.109,1.109,eastmoney_f10,2026-07-29T23:50:46
2018-05-18,1.105,1.105,eastmoney_f10,2026-07-29T23:50:46
2018-05-21,1.103,1.103,eastmoney_f10,2026-07-29T23:50:46
2018-05-22,1.112,1.112,eastmoney_f10,2026-07-29T23:50:46
2018-05-23,1.095,1.095,eastmoney_f10,2026-07-29T23:50:46
2018-05-24,1.079,1.079,eastmoney_f10,2026-07-29T23:50:46
2018-05-25,1.088,1.088,eastmoney_f10,2026-07-29T23:50:46
2018-05-28,1.08,1.08,eastmoney_f10,2026-07-29T23:50:46
2018-05-29,1.059,1.059,eastmoney_f10,2026-07-29T23:50:46
2018-05-30,1.063,1.063,eastmoney_f10,2026-07-29T23:50:46
2018-05-31,1.059,1.059,eastmoney_f10,2026-07-29T23:50:46
2018-06-01,1.071,1.071,eastmoney_f10,2026-07-29T23:50:46
2018-06-04,1.074,1.074,eastmoney_f10,2026-07-29T23:50:46
2018-06-05,1.077,1.077,eastmoney_f10,2026-07-29T23:50:46
2018-06-06,1.081,1.081,eastmoney_f10,2026-07-29T23:50:46
2018-06-07,1.083,1.083,eastmoney_f10,2026-07-29T23:50:46
2018-06-08,1.082,1.082,eastmoney_f10,2026-07-29T23:50:46
2018-06-11,1.087,1.087,eastmoney_f10,2026-07-29T23:50:46
2018-06-12,1.087,1.087,eastmoney_f10,2026-07-29T23:50:46
2018-06-13,1.09,1.09,eastmoney_f10,2026-07-29T23:50:46
2018-06-14,1.109,1.109,eastmoney_f10,2026-07-29T23:50:46
2018-06-15,1.085,1.085,eastmoney_f10,2026-07-29T23:50:46
2018-06-19,1.063,1.063,eastmoney_f10,2026-07-29T23:50:46
2018-06-20,1.068,1.068,eastmoney_f10,2026-07-29T23:50:46
2018-06-21,1.052,1.052,eastmoney_f10,2026-07-29T23:50:46
2018-06-22,1.062,1.062,eastmoney_f10,2026-07-29T23:50:46
2018-06-25,1.043,1.043,eastmoney_f10,2026-07-29T23:50:46
2018-06-26,1.049,1.049,eastmoney_f10,2026-07-29T23:50:46
2018-06-27,1.06,1.06,eastmoney_f10,2026-07-29T23:50:46
2018-06-28,1.045,1.045,eastmoney_f10,2026-07-29T23:50:46
2018-06-29,1.057,1.057,eastmoney_f10,2026-07-29T23:50:46
2018-06-30,1.057,1.057,eastmoney_f10,2026-07-29T23:50:46
2018-07-02,1.061,1.061,eastmoney_f10,2026-07-29T23:50:46
2018-07-03,1.073,1.073,eastmoney_f10,2026-07-29T23:50:46
2018-07-04,1.073,1.073,eastmoney_f10,2026-07-29T23:50:46
2018-07-05,1.079,1.079,eastmoney_f10,2026-07-29T23:50:46
2018-07-06,1.087,1.087,eastmoney_f10,2026-07-29T23:50:46
2018-07-09,1.097,1.097,eastmoney_f10,2026-07-29T23:50:46
2018-07-10,1.102,1.102,eastmoney_f10,2026-07-29T23:50:46
2018-07-11,1.082,1.082,eastmoney_f10,2026-07-29T23:50:46
2018-07-12,1.092,1.092,eastmoney_f10,2026-07-29T23:50:46
2018-07-13,1.095,1.095,eastmoney_f10,2026-07-29T23:50:46
2018-07-16,1.099,1.099,eastmoney_f10,2026-07-29T23:50:46
2018-07-17,1.11,1.11,eastmoney_f10,2026-07-29T23:50:46
2018-07-18,1.116,1.116,eastmoney_f10,2026-07-29T23:50:46
2018-07-19,1.11,1.11,eastmoney_f10,2026-07-29T23:50:46
2018-07-20,1.109,1.109,eastmoney_f10,2026-07-29T23:50:46
2018-07-23,1.116,1.116,eastmoney_f10,2026-07-29T23:50:46
2018-07-24,1.128,1.128,eastmoney_f10,2026-07-29T23:50:46
2018-07-25,1.121,1.121,eastmoney_f10,2026-07-29T23:50:46
2018-07-26,1.136,1.136,eastmoney_f10,2026-07-29T23:50:46
2018-07-27,1.137,1.137,eastmoney_f10,2026-07-29T23:50:46
2018-07-30,1.137,1.137,eastmoney_f10,2026-07-29T23:50:46
2018-07-31,1.141,1.141,eastmoney_f10,2026-07-29T23:50:46
2018-08-01,1.136,1.136,eastmoney_f10,2026-07-29T23:50:46
2018-08-02,1.112,1.112,eastmoney_f10,2026-07-29T23:50:46
2018-08-03,1.118,1.118,eastmoney_f10,2026-07-29T23:50:46
2018-08-06,1.117,1.117,eastmoney_f10,2026-07-29T23:50:46
2018-08-07,1.119,1.119,eastmoney_f10,2026-07-29T23:50:46
2018-08-08,1.12,1.12,eastmoney_f10,2026-07-29T23:50:46
2018-08-09,1.124,1.124,eastmoney_f10,2026-07-29T23:50:46
2018-08-10,1.096,1.096,eastmoney_f10,2026-07-29T23:50:46
2018-08-13,1.084,1.084,eastmoney_f10,2026-07-29T23:50:46
2018-08-14,1.085,1.085,eastmoney_f10,2026-07-29T23:50:46
2018-08-15,1.066,1.066,eastmoney_f10,2026-07-29T23:50:46
2018-08-16,1.074,1.074,eastmoney_f10,2026-07-29T23:50:46
2018-08-17,1.073,1.073,eastmoney_f10,2026-07-29T23:50:46
2018-08-20,1.086,1.086,eastmoney_f10,2026-07-29T23:50:46
2018-08-21,1.091,1.091,eastmoney_f10,2026-07-29T23:50:46
2018-08-22,1.096,1.096,eastmoney_f10,2026-07-29T23:50:46
2018-08-23,1.096,1.096,eastmoney_f10,2026-07-29T23:50:46
2018-08-24,1.1,1.1,eastmoney_f10,2026-07-29T23:50:46
2018-08-27,1.118,1.118,eastmoney_f10,2026-07-29T23:50:46
2018-08-28,1.114,1.114,eastmoney_f10,2026-07-29T23:50:46
2018-08-29,1.118,1.118,eastmoney_f10,2026-07-29T23:50:46
2018-08-30,1.114,1.114,eastmoney_f10,2026-07-29T23:50:46
2018-08-31,1.101,1.101,eastmoney_f10,2026-07-29T23:50:46
2018-09-03,1.095,1.095,eastmoney_f10,2026-07-29T23:50:46
2018-09-04,1.082,1.082,eastmoney_f10,2026-07-29T23:50:46
2018-09-05,1.066,1.066,eastmoney_f10,2026-07-29T23:50:46
2018-09-06,1.062,1.062,eastmoney_f10,2026-07-29T23:50:46
2018-09-07,1.061,1.061,eastmoney_f10,2026-07-29T23:50:46
2018-09-10,1.06,1.06,eastmoney_f10,2026-07-29T23:50:46
2018-09-11,1.063,1.063,eastmoney_f10,2026-07-29T23:50:46
2018-09-12,1.07,1.07,eastmoney_f10,2026-07-29T23:50:46
2018-09-13,1.074,1.074,eastmoney_f10,2026-07-29T23:50:46
2018-09-14,1.084,1.084,eastmoney_f10,2026-07-29T23:50:46
2018-09-17,1.078,1.078,eastmoney_f10,2026-07-29T23:50:46
2018-09-18,1.087,1.087,eastmoney_f10,2026-07-29T23:50:46
2018-09-19,1.093,1.093,eastmoney_f10,2026-07-29T23:50:46
2018-09-20,1.102,1.102,eastmoney_f10,2026-07-29T23:50:46
2018-09-21,1.118,1.118,eastmoney_f10,2026-07-29T23:50:46
2018-09-25,1.111,1.111,eastmoney_f10,2026-07-29T23:50:46
2018-09-26,1.115,1.115,eastmoney_f10,2026-07-29T23:50:46
2018-09-27,1.119,1.119,eastmoney_f10,2026-07-29T23:50:46
2018-09-28,1.095,1.095,eastmoney_f10,2026-07-29T23:50:46
2018-10-08,1.06,1.06,eastmoney_f10,2026-07-29T23:50:46
2018-10-09,1.06,1.06,eastmoney_f10,2026-07-29T23:50:46
2018-10-10,1.038,1.038,eastmoney_f10,2026-07-29T23:50:46
2018-10-11,1.026,1.026,eastmoney_f10,2026-07-29T23:50:46
2018-10-12,1.03,1.03,eastmoney_f10,2026-07-29T23:50:46
2018-10-15,1.036,1.036,eastmoney_f10,2026-07-29T23:50:46
2018-10-16,1.052,1.052,eastmoney_f10,2026-07-29T23:50:46
2018-10-17,1.046,1.046,eastmoney_f10,2026-07-29T23:50:46
2018-10-18,1.031,1.031,eastmoney_f10,2026-07-29T23:50:46
2018-10-19,1.026,1.026,eastmoney_f10,2026-07-29T23:50:46
2018-10-22,1.026,1.026,eastmoney_f10,2026-07-29T23:50:46
2018-10-23,1.002,1.002,eastmoney_f10,2026-07-29T23:50:46
2018-10-24,0.995,0.995,eastmoney_f10,2026-07-29T23:50:46
2018-10-25,1.0,1.0,eastmoney_f10,2026-07-29T23:50:46
2018-10-26,0.989,0.989,eastmoney_f10,2026-07-29T23:50:46
2018-10-29,1.001,1.001,eastmoney_f10,2026-07-29T23:50:46
2018-10-30,0.997,0.997,eastmoney_f10,2026-07-29T23:50:46
2018-10-31,1.01,1.01,eastmoney_f10,2026-07-29T23:50:46
2018-11-01,1.011,1.011,eastmoney_f10,2026-07-29T23:50:46
2018-11-02,1.017,1.017,eastmoney_f10,2026-07-29T23:50:46
2018-11-05,1.009,1.009,eastmoney_f10,2026-07-29T23:50:46
2018-11-06,1.01,1.01,eastmoney_f10,2026-07-29T23:50:46
2018-11-07,1.02,1.02,eastmoney_f10,2026-07-29T23:50:46
2018-11-08,1.017,1.017,eastmoney_f10,2026-07-29T23:50:46
2018-11-09,1.014,1.014,eastmoney_f10,2026-07-29T23:50:46
2018-11-12,0.994,0.994,eastmoney_f10,2026-07-29T23:50:46
2018-11-13,1.001,1.001,eastmoney_f10,2026-07-29T23:50:46
2018-11-14,1.0,1.0,eastmoney_f10,2026-07-29T23:50:46
2018-11-15,0.995,0.995,eastmoney_f10,2026-07-29T23:50:46
2018-11-16,0.994,0.994,eastmoney_f10,2026-07-29T23:50:46
2018-11-19,0.992,0.992,eastmoney_f10,2026-07-29T23:50:46
2018-11-20,0.98,0.98,eastmoney_f10,2026-07-29T23:50:46
2018-11-21,0.991,0.991,eastmoney_f10,2026-07-29T23:50:46
2018-11-22,0.982,0.982,eastmoney_f10,2026-07-29T23:50:46
2018-11-23,0.987,0.987,eastmoney_f10,2026-07-29T23:50:46
2018-11-26,0.997,0.997,eastmoney_f10,2026-07-29T23:50:46
2018-11-27,0.993,0.993,eastmoney_f10,2026-07-29T23:50:46
2018-11-28,0.99,0.99,eastmoney_f10,2026-07-29T23:50:46
2018-11-29,0.993,0.993,eastmoney_f10,2026-07-29T23:50:46
2018-11-30,0.992,0.992,eastmoney_f10,2026-07-29T23:50:46
2018-12-03,1.006,1.006,eastmoney_f10,2026-07-29T23:50:46
2018-12-04,0.989,0.989,eastmoney_f10,2026-07-29T23:50:46
2018-12-05,0.972,0.972,eastmoney_f10,2026-07-29T23:50:46
2018-12-06,0.94,0.94,eastmoney_f10,2026-07-29T23:50:46
2018-12-07,0.941,0.941,eastmoney_f10,2026-07-29T23:50:46
2018-12-10,0.93,0.93,eastmoney_f10,2026-07-29T23:50:46
2018-12-11,0.942,0.942,eastmoney_f10,2026-07-29T23:50:46
2018-12-12,0.951,0.951,eastmoney_f10,2026-07-29T23:50:46
2018-12-13,0.951,0.951,eastmoney_f10,2026-07-29T23:50:46
2018-12-14,0.945,0.945,eastmoney_f10,2026-07-29T23:50:46
2018-12-17,0.935,0.935,eastmoney_f10,2026-07-29T23:50:46
2018-12-18,0.935,0.935,eastmoney_f10,2026-07-29T23:50:46
2018-12-19,0.939,0.939,eastmoney_f10,2026-07-29T23:50:46
2018-12-20,0.928,0.928,eastmoney_f10,2026-07-29T23:50:46
2018-12-21,0.934,0.934,eastmoney_f10,2026-07-29T23:50:46
2018-12-24,0.93,0.93,eastmoney_f10,2026-07-29T23:50:46
2018-12-25,0.93,0.93,eastmoney_f10,2026-07-29T23:50:46
2018-12-26,0.93,0.93,eastmoney_f10,2026-07-29T23:50:46
2018-12-27,0.906,0.906,eastmoney_f10,2026-07-29T23:50:46
2018-12-28,0.923,0.923,eastmoney_f10,2026-07-29T23:50:46
2018-12-31,0.923,0.923,eastmoney_f10,2026-07-29T23:50:46
2019-01-02,0.925,0.925,eastmoney_f10,2026-07-29T23:50:46
2019-01-03,0.904,0.904,eastmoney_f10,2026-07-29T23:50:46
2019-01-04,0.937,0.937,eastmoney_f10,2026-07-29T23:50:46
2019-01-07,0.935,0.935,eastmoney_f10,2026-07-29T23:50:46
2019-01-08,0.944,0.944,eastmoney_f10,2026-07-29T23:50:46
2019-01-09,0.95,0.95,eastmoney_f10,2026-07-29T23:50:46
2019-01-10,0.956,0.956,eastmoney_f10,2026-07-29T23:50:46
2019-01-11,0.946,0.946,eastmoney_f10,2026-07-29T23:50:46
2019-01-14,0.935,0.935,eastmoney_f10,2026-07-29T23:50:46
2019-01-15,0.939,0.939,eastmoney_f10,2026-07-29T23:50:46
2019-01-16,0.938,0.938,eastmoney_f10,2026-07-29T23:50:46
2019-01-17,0.935,0.935,eastmoney_f10,2026-07-29T23:50:46
2019-01-18,0.96,0.96,eastmoney_f10,2026-07-29T23:50:46
2019-01-21,0.953,0.953,eastmoney_f10,2026-07-29T23:50:46
2019-01-22,0.951,0.951,eastmoney_f10,2026-07-29T23:50:46
2019-01-23,0.95,0.95,eastmoney_f10,2026-07-29T23:50:46
2019-01-24,0.955,0.955,eastmoney_f10,2026-07-29T23:50:46
2019-01-25,0.963,0.963,eastmoney_f10,2026-07-29T23:50:46
2019-01-28,0.959,0.959,eastmoney_f10,2026-07-29T23:50:46
2019-01-29,0.96,0.96,eastmoney_f10,2026-07-29T23:50:46
2019-01-30,0.957,0.957,eastmoney_f10,2026-07-29T23:50:46
2019-01-31,0.955,0.955,eastmoney_f10,2026-07-29T23:50:46
2019-02-01,0.953,0.953,eastmoney_f10,2026-07-29T23:50:46
2019-02-11,0.934,0.934,eastmoney_f10,2026-07-29T23:50:46
2019-02-12,0.944,0.944,eastmoney_f10,2026-07-29T23:50:46
2019-02-13,0.95,0.95,eastmoney_f10,2026-07-29T23:50:46
2019-02-14,0.939,0.939,eastmoney_f10,2026-07-29T23:50:46
2019-02-15,0.958,0.958,eastmoney_f10,2026-07-29T23:50:46
2019-02-18,0.958,0.958,eastmoney_f10,2026-07-29T23:50:46
2019-02-19,0.96,0.96,eastmoney_f10,2026-07-29T23:50:46
2019-02-20,0.969,0.969,eastmoney_f10,2026-07-29T23:50:46
2019-02-21,0.966,0.966,eastmoney_f10,2026-07-29T23:50:46
2019-02-22,0.967,0.967,eastmoney_f10,2026-07-29T23:50:46
2019-02-25,0.971,0.971,eastmoney_f10,2026-07-29T23:50:46
2019-02-26,0.973,0.973,eastmoney_f10,2026-07-29T23:50:46
2019-02-27,0.97,0.97,eastmoney_f10,2026-07-29T23:50:46
2019-02-28,0.971,0.971,eastmoney_f10,2026-07-29T23:50:46
2019-03-01,0.978,0.978,eastmoney_f10,2026-07-29T23:50:46
2019-03-04,0.979,0.979,eastmoney_f10,2026-07-29T23:50:46
2019-03-05,0.978,0.978,eastmoney_f10,2026-07-29T23:50:46
2019-03-06,0.973,0.973,eastmoney_f10,2026-07-29T23:50:46
2019-03-07,0.968,0.968,eastmoney_f10,2026-07-29T23:50:46
2019-03-08,0.955,0.955,eastmoney_f10,2026-07-29T23:50:46
2019-03-11,0.965,0.965,eastmoney_f10,2026-07-29T23:50:46
2019-03-12,0.965,0.965,eastmoney_f10,2026-07-29T23:50:46
2019-03-13,0.971,0.971,eastmoney_f10,2026-07-29T23:50:46
2019-03-14,0.974,0.974,eastmoney_f10,2026-07-29T23:50:46
2019-03-15,0.982,0.982,eastmoney_f10,2026-07-29T23:50:46
2019-03-18,0.98,0.98,eastmoney_f10,2026-07-29T23:50:46
2019-03-19,0.992,0.992,eastmoney_f10,2026-07-29T23:50:46
2019-03-20,0.978,0.978,eastmoney_f10,2026-07-29T23:50:46
2019-03-21,0.976,0.976,eastmoney_f10,2026-07-29T23:50:46
2019-03-22,0.958,0.958,eastmoney_f10,2026-07-29T23:50:46
2019-03-25,0.952,0.952,eastmoney_f10,2026-07-29T23:50:46
2019-03-26,0.959,0.959,eastmoney_f10,2026-07-29T23:50:46
2019-03-27,0.957,0.957,eastmoney_f10,2026-07-29T23:50:46
2019-03-28,0.957,0.957,eastmoney_f10,2026-07-29T23:50:46
2019-03-29,0.965,0.965,eastmoney_f10,2026-07-29T23:50:46
2019-04-01,0.975,0.975,eastmoney_f10,2026-07-29T23:50:46
2019-04-02,0.978,0.978,eastmoney_f10,2026-07-29T23:50:46
2019-04-03,0.995,0.995,eastmoney_f10,2026-07-29T23:50:46
2019-04-04,0.999,0.999,eastmoney_f10,2026-07-29T23:50:46
2019-04-08,0.996,0.996,eastmoney_f10,2026-07-29T23:50:46
2019-04-09,0.99,0.99,eastmoney_f10,2026-07-29T23:50:46
2019-04-10,0.994,0.994,eastmoney_f10,2026-07-29T23:50:46
2019-04-11,0.997,0.997,eastmoney_f10,2026-07-29T23:50:46
2019-04-12,1.003,1.003,eastmoney_f10,2026-07-29T23:50:46
2019-04-15,1.007,1.007,eastmoney_f10,2026-07-29T23:50:46
2019-04-16,1.013,1.013,eastmoney_f10,2026-07-29T23:50:46
2019-04-17,1.016,1.016,eastmoney_f10,2026-07-29T23:50:46
2019-04-18,1.019,1.019,eastmoney_f10,2026-07-29T23:50:46
2019-04-19,1.016,1.016,eastmoney_f10,2026-07-29T23:50:46
2019-04-22,1.016,1.016,eastmoney_f10,2026-07-29T23:50:46
2019-04-23,1.019,1.019,eastmoney_f10,2026-07-29T23:50:46
2019-04-24,1.024,1.024,eastmoney_f10,2026-07-29T23:50:46
2019-04-25,1.017,1.017,eastmoney_f10,2026-07-29T23:50:46
2019-04-26,1.019,1.019,eastmoney_f10,2026-07-29T23:50:46
2019-04-29,1.02,1.02,eastmoney_f10,2026-07-29T23:50:46
2019-04-30,1.024,1.024,eastmoney_f10,2026-07-29T23:50:46
2019-05-06,1.019,1.019,eastmoney_f10,2026-07-29T23:50:46
2019-05-07,1.007,1.007,eastmoney_f10,2026-07-29T23:50:46
2019-05-08,1.014,1.014,eastmoney_f10,2026-07-29T23:50:46
2019-05-09,0.998,0.998,eastmoney_f10,2026-07-29T23:50:46
2019-05-10,1.01,1.01,eastmoney_f10,2026-07-29T23:50:46
2019-05-13,0.997,0.997,eastmoney_f10,2026-07-29T23:50:46
2019-05-14,1.012,1.012,eastmoney_f10,2026-07-29T23:50:46
2019-05-15,1.022,1.022,eastmoney_f10,2026-07-29T23:50:46
2019-05-16,1.039,1.039,eastmoney_f10,2026-07-29T23:50:46
2019-05-17,1.033,1.033,eastmoney_f10,2026-07-29T23:50:46
2019-05-20,1.018,1.018,eastmoney_f10,2026-07-29T23:50:46
2019-05-21,1.027,1.027,eastmoney_f10,2026-07-29T23:50:46
2019-05-22,1.029,1.029,eastmoney_f10,2026-07-29T23:50:46
2019-05-23,1.009,1.009,eastmoney_f10,2026-07-29T23:50:46
2019-05-24,1.015,1.015,eastmoney_f10,2026-07-29T23:50:46
2019-05-27,1.022,1.022,eastmoney_f10,2026-07-29T23:50:46
2019-05-28,1.017,1.017,eastmoney_f10,2026-07-29T23:50:46
2019-05-29,1.001,1.001,eastmoney_f10,2026-07-29T23:50:46
2019-05-30,1.004,1.004,eastmoney_f10,2026-07-29T23:50:46
2019-05-31,0.988,0.988,eastmoney_f10,2026-07-29T23:50:46
2019-06-03,0.996,0.996,eastmoney_f10,2026-07-29T23:50:46
2019-06-04,1.015,1.015,eastmoney_f10,2026-07-29T23:50:46
2019-06-05,1.019,1.019,eastmoney_f10,2026-07-29T23:50:46
2019-06-06,1.015,1.015,eastmoney_f10,2026-07-29T23:50:46
2019-06-10,1.029,1.029,eastmoney_f10,2026-07-29T23:50:46
2019-06-11,1.04,1.04,eastmoney_f10,2026-07-29T23:50:46
2019-06-12,1.037,1.037,eastmoney_f10,2026-07-29T23:50:46
2019-06-13,1.039,1.039,eastmoney_f10,2026-07-29T23:50:46
2019-06-14,1.032,1.032,eastmoney_f10,2026-07-29T23:50:46
2019-06-17,1.027,1.027,eastmoney_f10,2026-07-29T23:50:46
2019-06-18,1.046,1.046,eastmoney_f10,2026-07-29T23:50:46
2019-06-19,1.041,1.041,eastmoney_f10,2026-07-29T23:50:46
2019-06-20,1.046,1.046,eastmoney_f10,2026-07-29T23:50:46
2019-06-21,1.044,1.044,eastmoney_f10,2026-07-29T23:50:46
2019-06-24,1.047,1.047,eastmoney_f10,2026-07-29T23:50:46
2019-06-25,1.046,1.046,eastmoney_f10,2026-07-29T23:50:46
2019-06-26,1.046,1.046,eastmoney_f10,2026-07-29T23:50:46
2019-06-27,1.05,1.05,eastmoney_f10,2026-07-29T23:50:46
2019-06-28,1.06,1.06,eastmoney_f10,2026-07-29T23:50:46
2019-06-30,1.06,1.06,eastmoney_f10,2026-07-29T23:50:46
2019-07-01,1.069,1.069,eastmoney_f10,2026-07-29T23:50:46
2019-07-02,1.059,1.059,eastmoney_f10,2026-07-29T23:50:46
2019-07-03,1.068,1.068,eastmoney_f10,2026-07-29T23:50:46
2019-07-04,1.07,1.07,eastmoney_f10,2026-07-29T23:50:46
2019-07-05,1.065,1.065,eastmoney_f10,2026-07-29T23:50:46
2019-07-08,1.06,1.06,eastmoney_f10,2026-07-29T23:50:46
2019-07-09,1.05,1.05,eastmoney_f10,2026-07-29T23:50:46
2019-07-10,1.043,1.043,eastmoney_f10,2026-07-29T23:50:46
2019-07-11,1.042,1.042,eastmoney_f10,2026-07-29T23:50:46
2019-07-12,1.041,1.041,eastmoney_f10,2026-07-29T23:50:46
2019-07-15,1.048,1.048,eastmoney_f10,2026-07-29T23:50:46
2019-07-16,1.051,1.051,eastmoney_f10,2026-07-29T23:50:46
2019-07-17,1.041,1.041,eastmoney_f10,2026-07-29T23:50:46
2019-07-18,1.032,1.032,eastmoney_f10,2026-07-29T23:50:46
2019-07-19,1.035,1.035,eastmoney_f10,2026-07-29T23:50:46
2019-07-22,1.036,1.036,eastmoney_f10,2026-07-29T23:50:46
2019-07-23,1.052,1.052,eastmoney_f10,2026-07-29T23:50:46
2019-07-24,1.05,1.05,eastmoney_f10,2026-07-29T23:50:46
2019-07-25,1.034,1.034,eastmoney_f10,2026-07-29T23:50:46
2019-07-26,1.04,1.04,eastmoney_f10,2026-07-29T23:50:46
2019-07-29,1.039,1.039,eastmoney_f10,2026-07-29T23:50:46
2019-07-30,1.019,1.019,eastmoney_f10,2026-07-29T23:50:46
2019-07-31,1.023,1.023,eastmoney_f10,2026-07-29T23:50:46
2019-08-01,1.022,1.022,eastmoney_f10,2026-07-29T23:50:46
2019-08-02,0.992,0.992,eastmoney_f10,2026-07-29T23:50:46
2019-08-05,0.98,0.98,eastmoney_f10,2026-07-29T23:50:46
2019-08-06,0.99,0.99,eastmoney_f10,2026-07-29T23:50:46
2019-08-07,0.999,0.999,eastmoney_f10,2026-07-29T23:50:46
2019-08-08,1.018,1.018,eastmoney_f10,2026-07-29T23:50:46
2019-08-09,1.004,1.004,eastmoney_f10,2026-07-29T23:50:46
2019-08-12,1.006,1.006,eastmoney_f10,2026-07-29T23:50:46
2019-08-13,1.013,1.013,eastmoney_f10,2026-07-29T23:50:46
2019-08-14,0.99,0.99,eastmoney_f10,2026-07-29T23:50:46
2019-08-15,0.977,0.977,eastmoney_f10,2026-07-29T23:50:46
2019-08-16,0.987,0.987,eastmoney_f10,2026-07-29T23:50:46
2019-08-19,0.999,0.999,eastmoney_f10,2026-07-29T23:50:46
2019-08-20,0.994,0.994,eastmoney_f10,2026-07-29T23:50:46
2019-08-21,1.008,1.008,eastmoney_f10,2026-07-29T23:50:46
2019-08-22,1.003,1.003,eastmoney_f10,2026-07-29T23:50:46
2019-08-23,0.994,0.994,eastmoney_f10,2026-07-29T23:50:46
2019-08-26,1.001,1.001,eastmoney_f10,2026-07-29T23:50:46
2019-08-27,1.01,1.01,eastmoney_f10,2026-07-29T23:50:46
2019-08-28,1.008,1.008,eastmoney_f10,2026-07-29T23:50:46
2019-08-29,1.02,1.02,eastmoney_f10,2026-07-29T23:50:46
2019-08-30,1.025,1.025,eastmoney_f10,2026-07-29T23:50:46
2019-09-02,1.02,1.02,eastmoney_f10,2026-07-29T23:50:46
2019-09-03,1.015,1.015,eastmoney_f10,2026-07-29T23:50:46
2019-09-04,1.024,1.024,eastmoney_f10,2026-07-29T23:50:46
2019-09-05,1.036,1.036,eastmoney_f10,2026-07-29T23:50:46
2019-09-06,1.043,1.043,eastmoney_f10,2026-07-29T23:50:46
2019-09-09,1.043,1.043,eastmoney_f10,2026-07-29T23:50:46
2019-09-10,1.049,1.049,eastmoney_f10,2026-07-29T23:50:46
2019-09-11,1.056,1.056,eastmoney_f10,2026-07-29T23:50:46
2019-09-12,1.058,1.058,eastmoney_f10,2026-07-29T23:50:46
2019-09-16,1.057,1.057,eastmoney_f10,2026-07-29T23:50:46
2019-09-17,1.05,1.05,eastmoney_f10,2026-07-29T23:50:46
2019-09-18,1.058,1.058,eastmoney_f10,2026-07-29T23:50:46
2019-09-19,1.061,1.061,eastmoney_f10,2026-07-29T23:50:46
2019-09-20,1.063,1.063,eastmoney_f10,2026-07-29T23:50:46
2019-09-23,1.049,1.049,eastmoney_f10,2026-07-29T23:50:46
2019-09-24,1.045,1.045,eastmoney_f10,2026-07-29T23:50:46
2019-09-25,1.039,1.039,eastmoney_f10,2026-07-29T23:50:46
2019-09-26,1.041,1.041,eastmoney_f10,2026-07-29T23:50:46
2019-09-27,1.045,1.045,eastmoney_f10,2026-07-29T23:50:46
2019-09-30,1.049,1.049,eastmoney_f10,2026-07-29T23:50:46
2019-10-08,1.014,1.014,eastmoney_f10,2026-07-29T23:50:46
2019-10-09,1.024,1.024,eastmoney_f10,2026-07-29T23:50:46
2019-10-10,1.032,1.032,eastmoney_f10,2026-07-29T23:50:46
2019-10-11,1.062,1.062,eastmoney_f10,2026-07-29T23:50:46
2019-10-14,1.06,1.06,eastmoney_f10,2026-07-29T23:50:46
2019-10-15,1.071,1.071,eastmoney_f10,2026-07-29T23:50:46
2019-10-16,1.076,1.076,eastmoney_f10,2026-07-29T23:50:46
2019-10-17,1.079,1.079,eastmoney_f10,2026-07-29T23:50:46
2019-10-18,1.081,1.081,eastmoney_f10,2026-07-29T23:50:46
2019-10-21,1.093,1.093,eastmoney_f10,2026-07-29T23:50:46
2019-10-22,1.093,1.093,eastmoney_f10,2026-07-29T23:50:46
2019-10-23,1.096,1.096,eastmoney_f10,2026-07-29T23:50:46
2019-10-24,1.102,1.102,eastmoney_f10,2026-07-29T23:50:46
2019-10-25,1.101,1.101,eastmoney_f10,2026-07-29T23:50:46
2019-10-28,1.103,1.103,eastmoney_f10,2026-07-29T23:50:46
2019-10-29,1.102,1.102,eastmoney_f10,2026-07-29T23:50:46
2019-10-30,1.101,1.101,eastmoney_f10,2026-07-29T23:50:46
2019-10-31,1.1,1.1,eastmoney_f10,2026-07-29T23:50:46
2019-11-01,1.105,1.105,eastmoney_f10,2026-07-29T23:50:46
2019-11-04,1.121,1.121,eastmoney_f10,2026-07-29T23:50:46
2019-11-05,1.119,1.119,eastmoney_f10,2026-07-29T23:50:46
2019-11-06,1.112,1.112,eastmoney_f10,2026-07-29T23:50:46
2019-11-07,1.119,1.119,eastmoney_f10,2026-07-29T23:50:46
2019-11-08,1.111,1.111,eastmoney_f10,2026-07-29T23:50:46
2019-11-11,1.105,1.105,eastmoney_f10,2026-07-29T23:50:46
2019-11-12,1.114,1.114,eastmoney_f10,2026-07-29T23:50:46
2019-11-13,1.108,1.108,eastmoney_f10,2026-07-29T23:50:46
2019-11-14,1.104,1.104,eastmoney_f10,2026-07-29T23:50:46
2019-11-15,1.111,1.111,eastmoney_f10,2026-07-29T23:50:46
2019-11-18,1.11,1.11,eastmoney_f10,2026-07-29T23:50:46
2019-11-19,1.114,1.114,eastmoney_f10,2026-07-29T23:50:46
2019-11-20,1.11,1.11,eastmoney_f10,2026-07-29T23:50:46
2019-11-21,1.11,1.11,eastmoney_f10,2026-07-29T23:50:46
2019-11-22,1.112,1.112,eastmoney_f10,2026-07-29T23:50:46
2019-11-25,1.116,1.116,eastmoney_f10,2026-07-29T23:50:46
2019-11-26,1.113,1.113,eastmoney_f10,2026-07-29T23:50:46
2019-11-27,1.118,1.118,eastmoney_f10,2026-07-29T23:50:46
2019-11-28,1.112,1.112,eastmoney_f10,2026-07-29T23:50:46
2019-11-29,1.112,1.112,eastmoney_f10,2026-07-29T23:50:46
2019-12-02,1.09,1.09,eastmoney_f10,2026-07-29T23:50:46
2019-12-03,1.097,1.097,eastmoney_f10,2026-07-29T23:50:46
2019-12-04,1.111,1.111,eastmoney_f10,2026-07-29T23:50:46
2019-12-05,1.107,1.107,eastmoney_f10,2026-07-29T23:50:46
2019-12-06,1.117,1.117,eastmoney_f10,2026-07-29T23:50:46
2019-12-09,1.107,1.107,eastmoney_f10,2026-07-29T23:50:46
2019-12-10,1.105,1.105,eastmoney_f10,2026-07-29T23:50:46
2019-12-11,1.114,1.114,eastmoney_f10,2026-07-29T23:50:46
2019-12-12,1.122,1.122,eastmoney_f10,2026-07-29T23:50:46
2019-12-13,1.131,1.131,eastmoney_f10,2026-07-29T23:50:46
2019-12-16,1.131,1.131,eastmoney_f10,2026-07-29T23:50:46
2019-12-17,1.123,1.123,eastmoney_f10,2026-07-29T23:50:46
2019-12-18,1.119,1.119,eastmoney_f10,2026-07-29T23:50:46
2019-12-19,1.115,1.115,eastmoney_f10,2026-07-29T23:50:46
2019-12-20,1.125,1.125,eastmoney_f10,2026-07-29T23:50:46
2019-12-23,1.12,1.12,eastmoney_f10,2026-07-29T23:50:46
2019-12-24,1.122,1.122,eastmoney_f10,2026-07-29T23:50:46
2019-12-25,1.12,1.12,eastmoney_f10,2026-07-29T23:50:46
2019-12-26,1.117,1.117,eastmoney_f10,2026-07-29T23:50:46
2019-12-27,1.121,1.121,eastmoney_f10,2026-07-29T23:50:46
2019-12-30,1.122,1.122,eastmoney_f10,2026-07-29T23:50:46
2019-12-31,1.123,1.123,eastmoney_f10,2026-07-29T23:50:46
2020-01-02,1.133,1.133,eastmoney_f10,2026-07-29T23:50:46
2020-01-03,1.116,1.116,eastmoney_f10,2026-07-29T23:50:46
2020-01-06,1.108,1.108,eastmoney_f10,2026-07-29T23:50:46
2020-01-07,1.118,1.118,eastmoney_f10,2026-07-29T23:50:46
2020-01-08,1.118,1.118,eastmoney_f10,2026-07-29T23:50:46
2020-01-09,1.129,1.129,eastmoney_f10,2026-07-29T23:50:46
2020-01-10,1.125,1.125,eastmoney_f10,2026-07-29T23:50:46
2020-01-13,1.122,1.122,eastmoney_f10,2026-07-29T23:50:46
2020-01-14,1.12,1.12,eastmoney_f10,2026-07-29T23:50:46
2020-01-15,1.115,1.115,eastmoney_f10,2026-07-29T23:50:46
2020-01-16,1.117,1.117,eastmoney_f10,2026-07-29T23:50:46
2020-01-17,1.124,1.124,eastmoney_f10,2026-07-29T23:50:46
2020-01-20,1.118,1.118,eastmoney_f10,2026-07-29T23:50:46
2020-01-21,1.118,1.118,eastmoney_f10,2026-07-29T23:50:46
2020-01-22,1.117,1.117,eastmoney_f10,2026-07-29T23:50:46
2020-01-23,1.108,1.108,eastmoney_f10,2026-07-29T23:50:46
2020-02-03,1.085,1.085,eastmoney_f10,2026-07-29T23:50:46
2020-02-04,1.11,1.11,eastmoney_f10,2026-07-29T23:50:46
2020-02-05,1.125,1.125,eastmoney_f10,2026-07-29T23:50:46
2020-02-06,1.13,1.13,eastmoney_f10,2026-07-29T23:50:46
2020-02-07,1.12,1.12,eastmoney_f10,2026-07-29T23:50:46
2020-02-10,1.117,1.117,eastmoney_f10,2026-07-29T23:50:46
2020-02-11,1.124,1.124,eastmoney_f10,2026-07-29T23:50:46
2020-02-12,1.132,1.132,eastmoney_f10,2026-07-29T23:50:46
2020-02-13,1.128,1.128,eastmoney_f10,2026-07-29T23:50:46
2020-02-14,1.125,1.125,eastmoney_f10,2026-07-29T23:50:46
2020-02-17,1.127,1.127,eastmoney_f10,2026-07-29T23:50:46
2020-02-18,1.119,1.119,eastmoney_f10,2026-07-29T23:50:46
2020-02-19,1.127,1.127,eastmoney_f10,2026-07-29T23:50:46
2020-02-20,1.118,1.118,eastmoney_f10,2026-07-29T23:50:46
2020-02-21,1.112,1.112,eastmoney_f10,2026-07-29T23:50:46
2020-02-24,1.073,1.073,eastmoney_f10,2026-07-29T23:50:46
2020-02-25,1.054,1.054,eastmoney_f10,2026-07-29T23:50:46
2020-02-26,1.054,1.054,eastmoney_f10,2026-07-29T23:50:46
2020-02-27,1.023,1.023,eastmoney_f10,2026-07-29T23:50:46
2020-02-28,0.992,0.992,eastmoney_f10,2026-07-29T23:50:46
2020-03-02,0.991,0.991,eastmoney_f10,2026-07-29T23:50:46
2020-03-03,1.005,1.005,eastmoney_f10,2026-07-29T23:50:46
2020-03-04,1.019,1.019,eastmoney_f10,2026-07-29T23:50:46
2020-03-05,0.999,0.999,eastmoney_f10,2026-07-29T23:50:46
2020-03-06,0.972,0.972,eastmoney_f10,2026-07-29T23:50:46
2020-03-09,0.908,0.908,eastmoney_f10,2026-07-29T23:50:46
2020-03-10,0.9,0.9,eastmoney_f10,2026-07-29T23:50:46
2020-03-11,0.891,0.891,eastmoney_f10,2026-07-29T23:50:46
2020-03-12,0.783,0.783,eastmoney_f10,2026-07-29T23:50:46
2020-03-13,0.786,0.786,eastmoney_f10,2026-07-29T23:50:46
2020-03-16,0.744,0.744,eastmoney_f10,2026-07-29T23:50:46
2020-03-17,0.76,0.76,eastmoney_f10,2026-07-29T23:50:46
2020-03-18,0.708,0.708,eastmoney_f10,2026-07-29T23:50:46
2020-03-19,0.719,0.719,eastmoney_f10,2026-07-29T23:50:46
2020-03-20,0.731,0.731,eastmoney_f10,2026-07-29T23:50:46
2020-03-23,0.716,0.716,eastmoney_f10,2026-07-29T23:50:46
2020-03-24,0.799,0.799,eastmoney_f10,2026-07-29T23:50:46
2020-03-25,0.813,0.813,eastmoney_f10,2026-07-29T23:50:46
2020-03-26,0.83,0.83,eastmoney_f10,2026-07-29T23:50:46
2020-03-27,0.808,0.808,eastmoney_f10,2026-07-29T23:50:46
2020-03-30,0.829,0.829,eastmoney_f10,2026-07-29T23:50:46
2020-03-31,0.836,0.836,eastmoney_f10,2026-07-29T23:50:46
2020-04-01,0.804,0.804,eastmoney_f10,2026-07-29T23:50:46
2020-04-02,0.802,0.802,eastmoney_f10,2026-07-29T23:50:46
2020-04-03,0.792,0.792,eastmoney_f10,2026-07-29T23:50:46
2020-04-07,0.853,0.853,eastmoney_f10,2026-07-29T23:50:46
2020-04-08,0.854,0.854,eastmoney_f10,2026-07-29T23:50:46
2020-04-09,0.87,0.87,eastmoney_f10,2026-07-29T23:50:46
2020-04-10,0.873,0.873,eastmoney_f10,2026-07-29T23:50:46
2020-04-13,0.873,0.873,eastmoney_f10,2026-07-29T23:50:46
2020-04-14,0.883,0.883,eastmoney_f10,2026-07-29T23:50:46
2020-04-15,0.854,0.854,eastmoney_f10,2026-07-29T23:50:46
2020-04-16,0.853,0.853,eastmoney_f10,2026-07-29T23:50:46
2020-04-17,0.877,0.877,eastmoney_f10,2026-07-29T23:50:46
2020-04-20,0.88,0.88,eastmoney_f10,2026-07-29T23:50:46
2020-04-21,0.847,0.847,eastmoney_f10,2026-07-29T23:50:46
2020-04-22,0.861,0.861,eastmoney_f10,2026-07-29T23:50:46
2020-04-23,0.866,0.866,eastmoney_f10,2026-07-29T23:50:46
2020-04-24,0.847,0.847,eastmoney_f10,2026-07-29T23:50:46
2020-04-27,0.875,0.875,eastmoney_f10,2026-07-29T23:50:46
2020-04-28,0.887,0.887,eastmoney_f10,2026-07-29T23:50:46
2020-04-29,0.912,0.912,eastmoney_f10,2026-07-29T23:50:46
2020-04-30,0.893,0.893,eastmoney_f10,2026-07-29T23:50:46
2020-05-06,0.871,0.871,eastmoney_f10,2026-07-29T23:50:46
2020-05-07,0.881,0.881,eastmoney_f10,2026-07-29T23:50:46
2020-05-08,0.895,0.895,eastmoney_f10,2026-07-29T23:50:46
2020-05-11,0.888,0.888,eastmoney_f10,2026-07-29T23:50:46
2020-05-12,0.887,0.887,eastmoney_f10,2026-07-29T23:50:46
2020-05-13,0.868,0.868,eastmoney_f10,2026-07-29T23:50:46
2020-05-14,0.85,0.85,eastmoney_f10,2026-07-29T23:50:46
2020-05-15,0.859,0.859,eastmoney_f10,2026-07-29T23:50:46
2020-05-18,0.908,0.908,eastmoney_f10,2026-07-29T23:50:46
2020-05-19,0.915,0.915,eastmoney_f10,2026-07-29T23:50:46
2020-05-20,0.929,0.929,eastmoney_f10,2026-07-29T23:50:46
2020-05-21,0.919,0.919,eastmoney_f10,2026-07-29T23:50:46
2020-05-22,0.918,0.918,eastmoney_f10,2026-07-29T23:50:46
2020-05-25,0.943,0.943,eastmoney_f10,2026-07-29T23:50:46
2020-05-26,0.953,0.953,eastmoney_f10,2026-07-29T23:50:46
2020-05-27,0.97,0.97,eastmoney_f10,2026-07-29T23:50:46
2020-05-28,0.986,0.986,eastmoney_f10,2026-07-29T23:50:46
2020-05-29,0.975,0.975,eastmoney_f10,2026-07-29T23:50:46
2020-06-01,0.979,0.979,eastmoney_f10,2026-07-29T23:50:46
2020-06-02,1.014,1.014,eastmoney_f10,2026-07-29T23:50:46
2020-06-03,1.055,1.055,eastmoney_f10,2026-07-29T23:50:46
2020-06-04,1.054,1.054,eastmoney_f10,2026-07-29T23:50:46
2020-06-05,1.098,1.098,eastmoney_f10,2026-07-29T23:50:46
2020-06-08,1.092,1.092,eastmoney_f10,2026-07-29T23:50:46
2020-06-09,1.07,1.07,eastmoney_f10,2026-07-29T23:50:46
2020-06-10,1.067,1.067,eastmoney_f10,2026-07-29T23:50:46
2020-06-11,1.022,1.022,eastmoney_f10,2026-07-29T23:50:46
2020-06-12,1.017,1.017,eastmoney_f10,2026-07-29T23:50:46
2020-06-15,1.01,1.01,eastmoney_f10,2026-07-29T23:50:46
2020-06-16,1.049,1.049,eastmoney_f10,2026-07-29T23:50:46
2020-06-17,1.05,1.05,eastmoney_f10,2026-07-29T23:50:46
2020-06-18,1.04,1.04,eastmoney_f10,2026-07-29T23:50:46
2020-06-19,1.04,1.04,eastmoney_f10,2026-07-29T23:50:46
2020-06-22,1.03,1.03,eastmoney_f10,2026-07-29T23:50:46
2020-06-23,1.057,1.057,eastmoney_f10,2026-07-29T23:50:46
2020-06-24,1.024,1.024,eastmoney_f10,2026-07-29T23:50:46
2020-06-29,1.031,1.031,eastmoney_f10,2026-07-29T23:50:46
2020-06-30,1.039,1.039,eastmoney_f10,2026-07-29T23:50:46
2020-07-01,1.032,1.032,eastmoney_f10,2026-07-29T23:50:46
2020-07-02,1.061,1.061,eastmoney_f10,2026-07-29T23:50:46
2020-07-03,1.053,1.053,eastmoney_f10,2026-07-29T23:50:46
2020-07-06,1.072,1.072,eastmoney_f10,2026-07-29T23:50:46
2020-07-07,1.063,1.063,eastmoney_f10,2026-07-29T23:50:46
2020-07-08,1.048,1.048,eastmoney_f10,2026-07-29T23:50:46
2020-07-09,1.05,1.05,eastmoney_f10,2026-07-29T23:50:46
2020-07-10,1.056,1.056,eastmoney_f10,2026-07-29T23:50:46
2020-07-13,1.072,1.072,eastmoney_f10,2026-07-29T23:50:46
2020-07-14,1.067,1.067,eastmoney_f10,2026-07-29T23:50:46
2020-07-15,1.093,1.093,eastmoney_f10,2026-07-29T23:50:46
2020-07-16,1.087,1.087,eastmoney_f10,2026-07-29T23:50:46
2020-07-17,1.09,1.09,eastmoney_f10,2026-07-29T23:50:46
2020-07-20,1.104,1.104,eastmoney_f10,2026-07-29T23:50:46
2020-07-21,1.115,1.115,eastmoney_f10,2026-07-29T23:50:46
2020-07-22,1.114,1.114,eastmoney_f10,2026-07-29T23:50:46
2020-07-23,1.119,1.119,eastmoney_f10,2026-07-29T23:50:46
2020-07-24,1.102,1.102,eastmoney_f10,2026-07-29T23:50:46
2020-07-27,1.107,1.107,eastmoney_f10,2026-07-29T23:50:46
2020-07-28,1.116,1.116,eastmoney_f10,2026-07-29T23:50:46
2020-07-29,1.112,1.112,eastmoney_f10,2026-07-29T23:50:46
2020-07-30,1.08,1.08,eastmoney_f10,2026-07-29T23:50:46
2020-07-31,1.08,1.08,eastmoney_f10,2026-07-29T23:50:46
2020-08-03,1.102,1.102,eastmoney_f10,2026-07-29T23:50:46
2020-08-04,1.094,1.094,eastmoney_f10,2026-07-29T23:50:46
2020-08-05,1.103,1.103,eastmoney_f10,2026-07-29T23:50:46
2020-08-06,1.098,1.098,eastmoney_f10,2026-07-29T23:50:46
2020-08-07,1.105,1.105,eastmoney_f10,2026-07-29T23:50:46
2020-08-10,1.101,1.101,eastmoney_f10,2026-07-29T23:50:46
2020-08-11,1.12,1.12,eastmoney_f10,2026-07-29T23:50:46
2020-08-12,1.128,1.128,eastmoney_f10,2026-07-29T23:50:46
2020-08-13,1.125,1.125,eastmoney_f10,2026-07-29T23:50:46
2020-08-14,1.119,1.119,eastmoney_f10,2026-07-29T23:50:46
2020-08-17,1.122,1.122,eastmoney_f10,2026-07-29T23:50:46
2020-08-18,1.121,1.121,eastmoney_f10,2026-07-29T23:50:46
2020-08-19,1.133,1.133,eastmoney_f10,2026-07-29T23:50:46
2020-08-20,1.113,1.113,eastmoney_f10,2026-07-29T23:50:46
2020-08-21,1.107,1.107,eastmoney_f10,2026-07-29T23:50:46
2020-08-24,1.128,1.128,eastmoney_f10,2026-07-29T23:50:46
2020-08-25,1.126,1.126,eastmoney_f10,2026-07-29T23:50:46
2020-08-26,1.14,1.14,eastmoney_f10,2026-07-29T23:50:46
2020-08-27,1.128,1.128,eastmoney_f10,2026-07-29T23:50:46
2020-08-28,1.121,1.121,eastmoney_f10,2026-07-29T23:50:46
2020-08-31,1.117,1.117,eastmoney_f10,2026-07-29T23:50:46
2020-09-01,1.121,1.121,eastmoney_f10,2026-07-29T23:50:46
2020-09-02,1.139,1.139,eastmoney_f10,2026-07-29T23:50:46
2020-09-03,1.116,1.116,eastmoney_f10,2026-07-29T23:50:46
2020-09-04,1.099,1.099,eastmoney_f10,2026-07-29T23:50:46
2020-09-07,1.12,1.12,eastmoney_f10,2026-07-29T23:50:46
2020-09-08,1.107,1.107,eastmoney_f10,2026-07-29T23:50:46
2020-09-09,1.126,1.126,eastmoney_f10,2026-07-29T23:50:46
2020-09-10,1.125,1.125,eastmoney_f10,2026-07-29T23:50:46
2020-09-11,1.127,1.127,eastmoney_f10,2026-07-29T23:50:46
2020-09-14,1.127,1.127,eastmoney_f10,2026-07-29T23:50:46
2020-09-15,1.13,1.13,eastmoney_f10,2026-07-29T23:50:46
2020-09-16,1.124,1.124,eastmoney_f10,2026-07-29T23:50:46
2020-09-17,1.114,1.114,eastmoney_f10,2026-07-29T23:50:46
2020-09-18,1.109,1.109,eastmoney_f10,2026-07-29T23:50:46
2020-09-21,1.062,1.062,eastmoney_f10,2026-07-29T23:50:46
2020-09-22,1.062,1.062,eastmoney_f10,2026-07-29T23:50:46
2020-09-23,1.062,1.062,eastmoney_f10,2026-07-29T23:50:46
2020-09-24,1.057,1.057,eastmoney_f10,2026-07-29T23:50:46
2020-09-25,1.047,1.047,eastmoney_f10,2026-07-29T23:50:46
2020-09-28,1.079,1.079,eastmoney_f10,2026-07-29T23:50:46
2020-09-29,1.078,1.078,eastmoney_f10,2026-07-29T23:50:46
2020-09-30,1.078,1.078,eastmoney_f10,2026-07-29T23:50:46
2020-10-09,1.1,1.1,eastmoney_f10,2026-07-29T23:50:46
2020-10-12,1.098,1.098,eastmoney_f10,2026-07-29T23:50:46
2020-10-13,1.09,1.09,eastmoney_f10,2026-07-29T23:50:46
2020-10-14,1.089,1.089,eastmoney_f10,2026-07-29T23:50:46
2020-10-15,1.061,1.061,eastmoney_f10,2026-07-29T23:50:46
2020-10-16,1.073,1.073,eastmoney_f10,2026-07-29T23:50:46
2020-10-19,1.064,1.064,eastmoney_f10,2026-07-29T23:50:46
2020-10-20,1.058,1.058,eastmoney_f10,2026-07-29T23:50:46
2020-10-21,1.046,1.046,eastmoney_f10,2026-07-29T23:50:46
2020-10-22,1.043,1.043,eastmoney_f10,2026-07-29T23:50:46
2020-10-23,1.05,1.05,eastmoney_f10,2026-07-29T23:50:46
2020-10-26,1.015,1.015,eastmoney_f10,2026-07-29T23:50:46
2020-10-27,1.006,1.006,eastmoney_f10,2026-07-29T23:50:46
2020-10-28,0.965,0.965,eastmoney_f10,2026-07-29T23:50:46
2020-10-29,0.967,0.967,eastmoney_f10,2026-07-29T23:50:46
2020-10-30,0.957,0.957,eastmoney_f10,2026-07-29T23:50:46
2020-11-02,0.971,0.971,eastmoney_f10,2026-07-29T23:50:46
2020-11-03,0.993,0.993,eastmoney_f10,2026-07-29T23:50:46
2020-11-04,1.017,1.017,eastmoney_f10,2026-07-29T23:50:46
2020-11-05,1.039,1.039,eastmoney_f10,2026-07-29T23:50:46
2020-11-06,1.029,1.029,eastmoney_f10,2026-07-29T23:50:46
2020-11-09,1.083,1.083,eastmoney_f10,2026-07-29T23:50:46
2020-11-10,1.078,1.078,eastmoney_f10,2026-07-29T23:50:46
2020-11-11,1.085,1.085,eastmoney_f10,2026-07-29T23:50:46
2020-11-12,1.071,1.071,eastmoney_f10,2026-07-29T23:50:46
2020-11-13,1.076,1.076,eastmoney_f10,2026-07-29T23:50:46
2020-11-16,1.081,1.081,eastmoney_f10,2026-07-29T23:50:46
2020-11-17,1.077,1.077,eastmoney_f10,2026-07-29T23:50:46
2020-11-18,1.08,1.08,eastmoney_f10,2026-07-29T23:50:46
2020-11-19,1.068,1.068,eastmoney_f10,2026-07-29T23:50:46
2020-11-20,1.078,1.078,eastmoney_f10,2026-07-29T23:50:46
2020-11-23,1.076,1.076,eastmoney_f10,2026-07-29T23:50:46
2020-11-24,1.089,1.089,eastmoney_f10,2026-07-29T23:50:46
2020-11-25,1.092,1.092,eastmoney_f10,2026-07-29T23:50:46
2020-11-26,1.095,1.095,eastmoney_f10,2026-07-29T23:50:46
2020-11-27,1.098,1.098,eastmoney_f10,2026-07-29T23:50:46
2020-11-30,1.1,1.1,eastmoney_f10,2026-07-29T23:50:46
2020-12-01,1.106,1.106,eastmoney_f10,2026-07-29T23:50:46
2020-12-02,1.107,1.107,eastmoney_f10,2026-07-29T23:50:46
2020-12-03,1.106,1.106,eastmoney_f10,2026-07-29T23:50:46
2020-12-04,1.112,1.112,eastmoney_f10,2026-07-29T23:50:46
2020-12-07,1.105,1.105,eastmoney_f10,2026-07-29T23:50:46
2020-12-08,1.104,1.104,eastmoney_f10,2026-07-29T23:50:46
2020-12-09,1.108,1.108,eastmoney_f10,2026-07-29T23:50:46
2020-12-10,1.104,1.104,eastmoney_f10,2026-07-29T23:50:46
2020-12-11,1.094,1.094,eastmoney_f10,2026-07-29T23:50:46
2020-12-14,1.101,1.101,eastmoney_f10,2026-07-29T23:50:46
2020-12-15,1.115,1.115,eastmoney_f10,2026-07-29T23:50:46
2020-12-16,1.131,1.131,eastmoney_f10,2026-07-29T23:50:46
2020-12-17,1.144,1.144,eastmoney_f10,2026-07-29T23:50:46
2020-12-18,1.146,1.146,eastmoney_f10,2026-07-29T23:50:46
2020-12-21,1.112,1.112,eastmoney_f10,2026-07-29T23:50:46
2020-12-22,1.127,1.127,eastmoney_f10,2026-07-29T23:50:46
2020-12-23,1.138,1.138,eastmoney_f10,2026-07-29T23:50:46
2020-12-24,1.136,1.136,eastmoney_f10,2026-07-29T23:50:46
2020-12-25,1.135,1.135,eastmoney_f10,2026-07-29T23:50:46
2020-12-28,1.152,1.152,eastmoney_f10,2026-07-29T23:50:46
2020-12-29,1.155,1.155,eastmoney_f10,2026-07-29T23:50:46
2020-12-30,1.153,1.153,eastmoney_f10,2026-07-29T23:50:46
2020-12-31,1.155,1.155,eastmoney_f10,2026-07-29T23:50:46
2021-01-04,1.154,1.154,eastmoney_f10,2026-07-29T23:50:46
2021-01-05,1.137,1.137,eastmoney_f10,2026-07-29T23:50:46
2021-01-06,1.157,1.157,eastmoney_f10,2026-07-29T23:50:46
2021-01-07,1.168,1.168,eastmoney_f10,2026-07-29T23:50:46
2021-01-08,1.17,1.17,eastmoney_f10,2026-07-29T23:50:46
2021-01-11,1.155,1.155,eastmoney_f10,2026-07-29T23:50:46
2021-01-12,1.151,1.151,eastmoney_f10,2026-07-29T23:50:46
2021-01-13,1.152,1.152,eastmoney_f10,2026-07-29T23:50:46
2021-01-14,1.154,1.154,eastmoney_f10,2026-07-29T23:50:46
2021-01-15,1.136,1.136,eastmoney_f10,2026-07-29T23:50:46
2021-01-18,1.137,1.137,eastmoney_f10,2026-07-29T23:50:46
2021-01-19,1.135,1.135,eastmoney_f10,2026-07-29T23:50:46
2021-01-20,1.149,1.149,eastmoney_f10,2026-07-29T23:50:46
2021-01-21,1.143,1.143,eastmoney_f10,2026-07-29T23:50:46
2021-01-22,1.143,1.143,eastmoney_f10,2026-07-29T23:50:46
2021-01-25,1.128,1.128,eastmoney_f10,2026-07-29T23:50:46
2021-01-26,1.145,1.145,eastmoney_f10,2026-07-29T23:50:46
2021-01-27,1.123,1.123,eastmoney_f10,2026-07-29T23:50:46
2021-01-28,1.124,1.124,eastmoney_f10,2026-07-29T23:50:46
2021-01-29,1.104,1.104,eastmoney_f10,2026-07-29T23:50:46
2021-02-01,1.119,1.119,eastmoney_f10,2026-07-29T23:50:46
2021-02-02,1.132,1.132,eastmoney_f10,2026-07-29T23:50:46
2021-02-03,1.136,1.136,eastmoney_f10,2026-07-29T23:50:46
2021-02-04,1.144,1.144,eastmoney_f10,2026-07-29T23:50:46
2021-02-05,1.138,1.138,eastmoney_f10,2026-07-29T23:50:46
2021-02-08,1.145,1.145,eastmoney_f10,2026-07-29T23:50:46
2021-02-09,1.139,1.139,eastmoney_f10,2026-07-29T23:50:46
2021-02-10,1.136,1.136,eastmoney_f10,2026-07-29T23:50:46
2021-02-18,1.128,1.128,eastmoney_f10,2026-07-29T23:50:46
2021-02-19,1.143,1.143,eastmoney_f10,2026-07-29T23:50:46
2021-02-22,1.14,1.14,eastmoney_f10,2026-07-29T23:50:46
2021-02-23,1.137,1.137,eastmoney_f10,2026-07-29T23:50:46
2021-02-24,1.146,1.146,eastmoney_f10,2026-07-29T23:50:46
2021-02-25,1.138,1.138,eastmoney_f10,2026-07-29T23:50:46
2021-02-26,1.133,1.133,eastmoney_f10,2026-07-29T23:50:46
2021-03-01,1.146,1.146,eastmoney_f10,2026-07-29T23:50:46
2021-03-02,1.142,1.142,eastmoney_f10,2026-07-29T23:50:46
2021-03-03,1.147,1.147,eastmoney_f10,2026-07-29T23:50:46
2021-03-04,1.146,1.146,eastmoney_f10,2026-07-29T23:50:46
2021-03-05,1.129,1.129,eastmoney_f10,2026-07-29T23:50:46
2021-03-08,1.16,1.16,eastmoney_f10,2026-07-29T23:50:46
2021-03-09,1.167,1.167,eastmoney_f10,2026-07-29T23:50:46
2021-03-10,1.176,1.176,eastmoney_f10,2026-07-29T23:50:46
2021-03-11,1.179,1.179,eastmoney_f10,2026-07-29T23:50:46
2021-03-12,1.177,1.177,eastmoney_f10,2026-07-29T23:50:46
2021-03-15,1.173,1.173,eastmoney_f10,2026-07-29T23:50:46
2021-03-16,1.178,1.178,eastmoney_f10,2026-07-29T23:50:46
2021-03-17,1.178,1.178,eastmoney_f10,2026-07-29T23:50:46
2021-03-18,1.198,1.198,eastmoney_f10,2026-07-29T23:50:46
2021-03-19,1.184,1.184,eastmoney_f10,2026-07-29T23:50:46
2021-03-22,1.185,1.185,eastmoney_f10,2026-07-29T23:50:46
2021-03-23,1.187,1.187,eastmoney_f10,2026-07-29T23:50:46
2021-03-24,1.178,1.178,eastmoney_f10,2026-07-29T23:50:46
2021-03-25,1.176,1.176,eastmoney_f10,2026-07-29T23:50:46
2021-03-26,1.185,1.185,eastmoney_f10,2026-07-29T23:50:46
2021-03-29,1.192,1.192,eastmoney_f10,2026-07-29T23:50:46
2021-03-30,1.21,1.21,eastmoney_f10,2026-07-29T23:50:46
2021-03-31,1.206,1.206,eastmoney_f10,2026-07-29T23:50:46
2021-04-01,1.212,1.212,eastmoney_f10,2026-07-29T23:50:46
2021-04-02,1.218,1.218,eastmoney_f10,2026-07-29T23:50:46
2021-04-06,1.228,1.228,eastmoney_f10,2026-07-29T23:50:46
2021-04-07,1.228,1.228,eastmoney_f10,2026-07-29T23:50:46
2021-04-08,1.231,1.231,eastmoney_f10,2026-07-29T23:50:46
2021-04-09,1.238,1.238,eastmoney_f10,2026-07-29T23:50:46
2021-04-12,1.238,1.238,eastmoney_f10,2026-07-29T23:50:46
2021-04-13,1.238,1.238,eastmoney_f10,2026-07-29T23:50:46
2021-04-14,1.238,1.238,eastmoney_f10,2026-07-29T23:50:46
2021-04-15,1.244,1.244,eastmoney_f10,2026-07-29T23:50:46
2021-04-16,1.259,1.259,eastmoney_f10,2026-07-29T23:50:46
2021-04-19,1.251,1.251,eastmoney_f10,2026-07-29T23:50:46
2021-04-20,1.235,1.235,eastmoney_f10,2026-07-29T23:50:46
2021-04-21,1.24,1.24,eastmoney_f10,2026-07-29T23:50:46
2021-04-22,1.247,1.247,eastmoney_f10,2026-07-29T23:50:46
2021-04-23,1.242,1.242,eastmoney_f10,2026-07-29T23:50:46
2021-04-26,1.25,1.25,eastmoney_f10,2026-07-29T23:50:46
2021-04-27,1.246,1.246,eastmoney_f10,2026-07-29T23:50:46
2021-04-28,1.248,1.248,eastmoney_f10,2026-07-29T23:50:46
2021-04-29,1.238,1.238,eastmoney_f10,2026-07-29T23:50:46
2021-04-30,1.234,1.234,eastmoney_f10,2026-07-29T23:50:46
2021-05-06,1.23,1.23,eastmoney_f10,2026-07-29T23:50:46
2021-05-07,1.247,1.247,eastmoney_f10,2026-07-29T23:50:46
2021-05-10,1.254,1.254,eastmoney_f10,2026-07-29T23:50:46
2021-05-11,1.223,1.223,eastmoney_f10,2026-07-29T23:50:46
2021-05-12,1.227,1.227,eastmoney_f10,2026-07-29T23:50:46
2021-05-13,1.23,1.23,eastmoney_f10,2026-07-29T23:50:46
2021-05-14,1.245,1.245,eastmoney_f10,2026-07-29T23:50:46
2021-05-17,1.247,1.247,eastmoney_f10,2026-07-29T23:50:46
2021-05-18,1.248,1.248,eastmoney_f10,2026-07-29T23:50:46
2021-05-19,1.23,1.23,eastmoney_f10,2026-07-29T23:50:46
2021-05-20,1.25,1.25,eastmoney_f10,2026-07-29T23:50:46
2021-05-21,1.257,1.257,eastmoney_f10,2026-07-29T23:50:46
2021-05-24,1.255,1.255,eastmoney_f10,2026-07-29T23:50:46
2021-05-25,1.258,1.258,eastmoney_f10,2026-07-29T23:50:46
2021-05-26,1.256,1.256,eastmoney_f10,2026-07-29T23:50:46
2021-05-27,1.246,1.246,eastmoney_f10,2026-07-29T23:50:46
2021-05-28,1.251,1.251,eastmoney_f10,2026-07-29T23:50:46
2021-05-31,1.24,1.24,eastmoney_f10,2026-07-29T23:50:46
2021-06-01,1.253,1.253,eastmoney_f10,2026-07-29T23:50:46
2021-06-02,1.259,1.259,eastmoney_f10,2026-07-29T23:50:46
2021-06-03,1.261,1.261,eastmoney_f10,2026-07-29T23:50:46
2021-06-04,1.263,1.263,eastmoney_f10,2026-07-29T23:50:46
2021-06-07,1.263,1.263,eastmoney_f10,2026-07-29T23:50:46
2021-06-08,1.262,1.262,eastmoney_f10,2026-07-29T23:50:46
2021-06-09,1.256,1.256,eastmoney_f10,2026-07-29T23:50:46
2021-06-10,1.256,1.256,eastmoney_f10,2026-07-29T23:50:46
2021-06-11,1.263,1.263,eastmoney_f10,2026-07-29T23:50:46
2021-06-15,1.264,1.264,eastmoney_f10,2026-07-29T23:50:46
2021-06-16,1.263,1.263,eastmoney_f10,2026-07-29T23:50:46
2021-06-17,1.255,1.255,eastmoney_f10,2026-07-29T23:50:46
2021-06-18,1.226,1.226,eastmoney_f10,2026-07-29T23:50:46
2021-06-21,1.238,1.238,eastmoney_f10,2026-07-29T23:50:46
2021-06-22,1.246,1.246,eastmoney_f10,2026-07-29T23:50:46
2021-06-23,1.234,1.234,eastmoney_f10,2026-07-29T23:50:46
2021-06-24,1.248,1.248,eastmoney_f10,2026-07-29T23:50:46
2021-06-25,1.248,1.248,eastmoney_f10,2026-07-29T23:50:46
2021-06-28,1.241,1.241,eastmoney_f10,2026-07-29T23:50:46
2021-06-29,1.25,1.25,eastmoney_f10,2026-07-29T23:50:46
2021-06-30,1.235,1.235,eastmoney_f10,2026-07-29T23:50:46
2021-07-01,1.238,1.238,eastmoney_f10,2026-07-29T23:50:46
2021-07-02,1.241,1.241,eastmoney_f10,2026-07-29T23:50:46
2021-07-05,1.243,1.243,eastmoney_f10,2026-07-29T23:50:46
2021-07-06,1.23,1.23,eastmoney_f10,2026-07-29T23:50:46
2021-07-07,1.243,1.243,eastmoney_f10,2026-07-29T23:50:46
2021-07-08,1.218,1.218,eastmoney_f10,2026-07-29T23:50:46
2021-07-09,1.245,1.245,eastmoney_f10,2026-07-29T23:50:46
2021-07-12,1.256,1.256,eastmoney_f10,2026-07-29T23:50:46
2021-07-13,1.255,1.255,eastmoney_f10,2026-07-29T23:50:46
2021-07-14,1.247,1.247,eastmoney_f10,2026-07-29T23:50:46
2021-07-15,1.237,1.237,eastmoney_f10,2026-07-29T23:50:46
2021-07-16,1.228,1.228,eastmoney_f10,2026-07-29T23:50:46
2021-07-19,1.196,1.196,eastmoney_f10,2026-07-29T23:50:46
2021-07-20,1.204,1.204,eastmoney_f10,2026-07-29T23:50:46
2021-07-21,1.218,1.218,eastmoney_f10,2026-07-29T23:50:46
2021-07-22,1.223,1.223,eastmoney_f10,2026-07-29T23:50:46
2021-07-23,1.233,1.233,eastmoney_f10,2026-07-29T23:50:46
2021-07-26,1.231,1.231,eastmoney_f10,2026-07-29T23:50:46
2021-07-27,1.226,1.226,eastmoney_f10,2026-07-29T23:50:46
2021-07-28,1.235,1.235,eastmoney_f10,2026-07-29T23:50:46
2021-07-29,1.244,1.244,eastmoney_f10,2026-07-29T23:50:46
2021-07-30,1.234,1.234,eastmoney_f10,2026-07-29T23:50:46
2021-08-02,1.235,1.235,eastmoney_f10,2026-07-29T23:50:46
2021-08-03,1.233,1.233,eastmoney_f10,2026-07-29T23:50:46
2021-08-04,1.244,1.244,eastmoney_f10,2026-07-29T23:50:46
2021-08-05,1.246,1.246,eastmoney_f10,2026-07-29T23:50:46
2021-08-06,1.245,1.245,eastmoney_f10,2026-07-29T23:50:46
2021-08-09,1.239,1.239,eastmoney_f10,2026-07-29T23:50:46
2021-08-10,1.24,1.24,eastmoney_f10,2026-07-29T23:50:46
2021-08-11,1.242,1.242,eastmoney_f10,2026-07-29T23:50:46
2021-08-12,1.252,1.252,eastmoney_f10,2026-07-29T23:50:46
2021-08-13,1.255,1.255,eastmoney_f10,2026-07-29T23:50:46
2021-08-16,1.255,1.255,eastmoney_f10,2026-07-29T23:50:46
2021-08-17,1.254,1.254,eastmoney_f10,2026-07-29T23:50:46
2021-08-18,1.254,1.254,eastmoney_f10,2026-07-29T23:50:46
2021-08-19,1.237,1.237,eastmoney_f10,2026-07-29T23:50:46
2021-08-20,1.239,1.239,eastmoney_f10,2026-07-29T23:50:46
2021-08-23,1.244,1.244,eastmoney_f10,2026-07-29T23:50:46
2021-08-24,1.25,1.25,eastmoney_f10,2026-07-29T23:50:46
2021-08-25,1.246,1.246,eastmoney_f10,2026-07-29T23:50:46
2021-08-26,1.243,1.243,eastmoney_f10,2026-07-29T23:50:46
2021-08-27,1.248,1.248,eastmoney_f10,2026-07-29T23:50:46
2021-08-30,1.252,1.252,eastmoney_f10,2026-07-29T23:50:46
2021-08-31,1.247,1.247,eastmoney_f10,2026-07-29T23:50:46
2021-09-01,1.248,1.248,eastmoney_f10,2026-07-29T23:50:46
2021-09-02,1.251,1.251,eastmoney_f10,2026-07-29T23:50:46
2021-09-03,1.249,1.249,eastmoney_f10,2026-07-29T23:50:46
2021-09-06,1.261,1.261,eastmoney_f10,2026-07-29T23:50:46
2021-09-07,1.253,1.253,eastmoney_f10,2026-07-29T23:50:46
2021-09-08,1.234,1.234,eastmoney_f10,2026-07-29T23:50:46
2021-09-09,1.231,1.231,eastmoney_f10,2026-07-29T23:50:46
2021-09-10,1.23,1.23,eastmoney_f10,2026-07-29T23:50:46
2021-09-13,1.235,1.235,eastmoney_f10,2026-07-29T23:50:46
2021-09-14,1.236,1.236,eastmoney_f10,2026-07-29T23:50:46
2021-09-15,1.227,1.227,eastmoney_f10,2026-07-29T23:50:46
2021-09-16,1.228,1.228,eastmoney_f10,2026-07-29T23:50:46
2021-09-17,1.213,1.213,eastmoney_f10,2026-07-29T23:50:46
2021-09-22,1.213,1.213,eastmoney_f10,2026-07-29T23:50:46
2021-09-23,1.221,1.221,eastmoney_f10,2026-07-29T23:50:46
2021-09-24,1.215,1.215,eastmoney_f10,2026-07-29T23:50:46
2021-09-27,1.218,1.218,eastmoney_f10,2026-07-29T23:50:46
2021-09-28,1.188,1.188,eastmoney_f10,2026-07-29T23:50:46
2021-09-29,1.197,1.197,eastmoney_f10,2026-07-29T23:50:46
2021-09-30,1.184,1.184,eastmoney_f10,2026-07-29T23:50:46
2021-10-08,1.168,1.168,eastmoney_f10,2026-07-29T23:50:46
2021-10-11,1.167,1.167,eastmoney_f10,2026-07-29T23:50:46
2021-10-12,1.16,1.16,eastmoney_f10,2026-07-29T23:50:46
2021-10-13,1.169,1.169,eastmoney_f10,2026-07-29T23:50:46
2021-10-14,1.187,1.187,eastmoney_f10,2026-07-29T23:50:46
2021-10-15,1.197,1.197,eastmoney_f10,2026-07-29T23:50:46
2021-10-18,1.187,1.187,eastmoney_f10,2026-07-29T23:50:46
2021-10-19,1.192,1.192,eastmoney_f10,2026-07-29T23:50:46
2021-10-20,1.189,1.189,eastmoney_f10,2026-07-29T23:50:46
2021-10-21,1.185,1.185,eastmoney_f10,2026-07-29T23:50:46
2021-10-22,1.19,1.19,eastmoney_f10,2026-07-29T23:50:46
2021-10-25,1.194,1.194,eastmoney_f10,2026-07-29T23:50:46
2021-10-26,1.201,1.201,eastmoney_f10,2026-07-29T23:50:46
2021-10-27,1.196,1.196,eastmoney_f10,2026-07-29T23:50:46
2021-10-28,1.197,1.197,eastmoney_f10,2026-07-29T23:50:46
2021-10-29,1.203,1.203,eastmoney_f10,2026-07-29T23:50:46
2021-11-01,1.205,1.205,eastmoney_f10,2026-07-29T23:50:46
2021-11-02,1.217,1.217,eastmoney_f10,2026-07-29T23:50:46
2021-11-03,1.217,1.217,eastmoney_f10,2026-07-29T23:50:46
2021-11-04,1.223,1.223,eastmoney_f10,2026-07-29T23:50:46
2021-11-05,1.219,1.219,eastmoney_f10,2026-07-29T23:50:46
2021-11-08,1.22,1.22,eastmoney_f10,2026-07-29T23:50:46
2021-11-09,1.22,1.22,eastmoney_f10,2026-07-29T23:50:46
2021-11-10,1.224,1.224,eastmoney_f10,2026-07-29T23:50:46
2021-11-11,1.218,1.218,eastmoney_f10,2026-07-29T23:50:46
2021-11-12,1.213,1.213,eastmoney_f10,2026-07-29T23:50:46
2021-11-15,1.214,1.214,eastmoney_f10,2026-07-29T23:50:46
2021-11-16,1.214,1.214,eastmoney_f10,2026-07-29T23:50:46
2021-11-17,1.209,1.209,eastmoney_f10,2026-07-29T23:50:46
2021-11-18,1.204,1.204,eastmoney_f10,2026-07-29T23:50:46
2021-11-19,1.205,1.205,eastmoney_f10,2026-07-29T23:50:46
2021-11-22,1.195,1.195,eastmoney_f10,2026-07-29T23:50:46
2021-11-23,1.178,1.178,eastmoney_f10,2026-07-29T23:50:46
2021-11-24,1.174,1.174,eastmoney_f10,2026-07-29T23:50:46
2021-11-25,1.173,1.173,eastmoney_f10,2026-07-29T23:50:46
2021-11-26,1.125,1.125,eastmoney_f10,2026-07-29T23:50:46
2021-11-29,1.132,1.132,eastmoney_f10,2026-07-29T23:50:46
2021-11-30,1.119,1.119,eastmoney_f10,2026-07-29T23:50:46
2021-12-01,1.148,1.148,eastmoney_f10,2026-07-29T23:50:46
2021-12-02,1.131,1.131,eastmoney_f10,2026-07-29T23:50:46
2021-12-03,1.123,1.123,eastmoney_f10,2026-07-29T23:50:46
2021-12-06,1.138,1.138,eastmoney_f10,2026-07-29T23:50:46
2021-12-07,1.169,1.169,eastmoney_f10,2026-07-29T23:50:46
2021-12-08,1.157,1.157,eastmoney_f10,2026-07-29T23:50:46
2021-12-09,1.157,1.157,eastmoney_f10,2026-07-29T23:50:46
2021-12-10,1.152,1.152,eastmoney_f10,2026-07-29T23:50:46
2021-12-13,1.157,1.157,eastmoney_f10,2026-07-29T23:50:46
2021-12-14,1.142,1.142,eastmoney_f10,2026-07-29T23:50:46
2021-12-15,1.142,1.142,eastmoney_f10,2026-07-29T23:50:46
2021-12-16,1.155,1.155,eastmoney_f10,2026-07-29T23:50:46
2021-12-17,1.151,1.151,eastmoney_f10,2026-07-29T23:50:46
2021-12-20,1.126,1.126,eastmoney_f10,2026-07-29T23:50:46
2021-12-21,1.14,1.14,eastmoney_f10,2026-07-29T23:50:46
2021-12-22,1.152,1.152,eastmoney_f10,2026-07-29T23:50:46
2021-12-23,1.167,1.167,eastmoney_f10,2026-07-29T23:50:46
2021-12-24,1.168,1.168,eastmoney_f10,2026-07-29T23:50:46
2021-12-27,1.173,1.173,eastmoney_f10,2026-07-29T23:50:46
2021-12-28,1.184,1.184,eastmoney_f10,2026-07-29T23:50:46
2021-12-29,1.174,1.174,eastmoney_f10,2026-07-29T23:50:46
2021-12-30,1.179,1.179,eastmoney_f10,2026-07-29T23:50:46
2021-12-31,1.178,1.178,eastmoney_f10,2026-07-29T23:50:46
2022-01-04,1.196,1.196,eastmoney_f10,2026-07-29T23:50:46
2022-01-05,1.202,1.202,eastmoney_f10,2026-07-29T23:50:46
2022-01-06,1.188,1.188,eastmoney_f10,2026-07-29T23:50:46
2022-01-07,1.179,1.179,eastmoney_f10,2026-07-29T23:50:46
2022-01-10,1.17,1.17,eastmoney_f10,2026-07-29T23:50:46
2022-01-11,1.181,1.181,eastmoney_f10,2026-07-29T23:50:46
2022-01-12,1.189,1.189,eastmoney_f10,2026-07-29T23:50:46
2022-01-13,1.195,1.195,eastmoney_f10,2026-07-29T23:50:46
2022-01-14,1.188,1.188,eastmoney_f10,2026-07-29T23:50:46
2022-01-17,1.186,1.186,eastmoney_f10,2026-07-29T23:50:46
2022-01-18,1.173,1.173,eastmoney_f10,2026-07-29T23:50:46
2022-01-19,1.169,1.169,eastmoney_f10,2026-07-29T23:50:46
2022-01-20,1.175,1.175,eastmoney_f10,2026-07-29T23:50:46
2022-01-21,1.149,1.149,eastmoney_f10,2026-07-29T23:50:46
2022-01-24,1.108,1.108,eastmoney_f10,2026-07-29T23:50:46
2022-01-25,1.114,1.114,eastmoney_f10,2026-07-29T23:50:46
2022-01-26,1.133,1.133,eastmoney_f10,2026-07-29T23:50:46
2022-01-27,1.132,1.132,eastmoney_f10,2026-07-29T23:50:46
2022-01-28,1.114,1.114,eastmoney_f10,2026-07-29T23:50:46
2022-02-07,1.126,1.126,eastmoney_f10,2026-07-29T23:50:46
2022-02-08,1.132,1.132,eastmoney_f10,2026-07-29T23:50:46
2022-02-09,1.149,1.149,eastmoney_f10,2026-07-29T23:50:46
2022-02-10,1.15,1.15,eastmoney_f10,2026-07-29T23:50:46
2022-02-11,1.143,1.143,eastmoney_f10,2026-07-29T23:50:46
2022-02-14,1.117,1.117,eastmoney_f10,2026-07-29T23:50:46
2022-02-15,1.132,1.132,eastmoney_f10,2026-07-29T23:50:46
2022-02-16,1.131,1.131,eastmoney_f10,2026-07-29T23:50:46
2022-02-17,1.124,1.124,eastmoney_f10,2026-07-29T23:50:46
2022-02-18,1.106,1.106,eastmoney_f10,2026-07-29T23:50:46
2022-02-21,1.08,1.08,eastmoney_f10,2026-07-29T23:50:46
2022-02-22,1.077,1.077,eastmoney_f10,2026-07-29T23:50:46
2022-02-23,1.072,1.072,eastmoney_f10,2026-07-29T23:50:46
2022-02-24,1.027,1.027,eastmoney_f10,2026-07-29T23:50:46
2022-02-25,1.056,1.056,eastmoney_f10,2026-07-29T23:50:46
2022-02-28,1.045,1.045,eastmoney_f10,2026-07-29T23:50:46
2022-03-01,1.004,1.004,eastmoney_f10,2026-07-29T23:50:46
2022-03-02,1.009,1.009,eastmoney_f10,2026-07-29T23:50:46
2022-03-03,0.98,0.98,eastmoney_f10,2026-07-29T23:50:46
2022-03-04,0.936,0.936,eastmoney_f10,2026-07-29T23:50:46
2022-03-07,0.906,0.906,eastmoney_f10,2026-07-29T23:50:46
2022-03-08,0.9,0.9,eastmoney_f10,2026-07-29T23:50:46
2022-03-09,0.974,0.974,eastmoney_f10,2026-07-29T23:50:46
2022-03-10,0.958,0.958,eastmoney_f10,2026-07-29T23:50:46
2022-03-11,0.969,0.969,eastmoney_f10,2026-07-29T23:50:46
2022-03-14,0.985,0.985,eastmoney_f10,2026-07-29T23:50:46
2022-03-15,0.989,0.989,eastmoney_f10,2026-07-29T23:50:46
2022-03-16,1.031,1.031,eastmoney_f10,2026-07-29T23:50:46
2022-03-17,1.026,1.026,eastmoney_f10,2026-07-29T23:50:46
2022-03-18,1.035,1.035,eastmoney_f10,2026-07-29T23:50:46
2022-03-21,1.028,1.028,eastmoney_f10,2026-07-29T23:50:46
2022-03-22,1.035,1.035,eastmoney_f10,2026-07-29T23:50:46
2022-03-23,1.021,1.021,eastmoney_f10,2026-07-29T23:50:46
2022-03-24,1.02,1.02,eastmoney_f10,2026-07-29T23:50:46
2022-03-25,1.024,1.024,eastmoney_f10,2026-07-29T23:50:46
2022-03-28,1.03,1.03,eastmoney_f10,2026-07-29T23:50:46
2022-03-29,1.058,1.058,eastmoney_f10,2026-07-29T23:50:46
2022-03-30,1.05,1.05,eastmoney_f10,2026-07-29T23:50:46
2022-03-31,1.042,1.042,eastmoney_f10,2026-07-29T23:50:46
2022-04-01,1.036,1.036,eastmoney_f10,2026-07-29T23:50:46
2022-04-06,1.005,1.005,eastmoney_f10,2026-07-29T23:50:46
2022-04-07,0.997,0.997,eastmoney_f10,2026-07-29T23:50:46
2022-04-08,1.009,1.009,eastmoney_f10,2026-07-29T23:50:46
2022-04-11,1.004,1.004,eastmoney_f10,2026-07-29T23:50:46
2022-04-12,1.0,1.0,eastmoney_f10,2026-07-29T23:50:46
2022-04-13,0.991,0.991,eastmoney_f10,2026-07-29T23:50:46
2022-04-14,1.0,1.0,eastmoney_f10,2026-07-29T23:50:46
2022-04-15,0.998,0.998,eastmoney_f10,2026-07-29T23:50:46
2022-04-18,0.997,0.997,eastmoney_f10,2026-07-29T23:50:46
2022-04-19,0.992,0.992,eastmoney_f10,2026-07-29T23:50:46
2022-04-20,1.01,1.01,eastmoney_f10,2026-07-29T23:50:46
2022-04-21,1.028,1.028,eastmoney_f10,2026-07-29T23:50:46
2022-04-22,1.01,1.01,eastmoney_f10,2026-07-29T23:50:46
2022-04-25,0.996,0.996,eastmoney_f10,2026-07-29T23:50:46
2022-04-26,0.986,0.986,eastmoney_f10,2026-07-29T23:50:46
2022-04-27,0.982,0.982,eastmoney_f10,2026-07-29T23:50:46
2022-04-28,0.987,0.987,eastmoney_f10,2026-07-29T23:50:46
2022-04-29,0.999,0.999,eastmoney_f10,2026-07-29T23:50:46
2022-05-05,0.984,0.984,eastmoney_f10,2026-07-29T23:50:46
2022-05-06,0.972,0.972,eastmoney_f10,2026-07-29T23:50:46
2022-05-09,0.958,0.958,eastmoney_f10,2026-07-29T23:50:46
2022-05-10,0.974,0.974,eastmoney_f10,2026-07-29T23:50:46
2022-05-11,0.994,0.994,eastmoney_f10,2026-07-29T23:50:46
2022-05-12,0.986,0.986,eastmoney_f10,2026-07-29T23:50:46
2022-05-13,1.003,1.003,eastmoney_f10,2026-07-29T23:50:46
2022-05-16,0.999,0.999,eastmoney_f10,2026-07-29T23:50:46
2022-05-17,1.018,1.018,eastmoney_f10,2026-07-29T23:50:46
2022-05-18,1.009,1.009,eastmoney_f10,2026-07-29T23:50:46
2022-05-19,0.994,0.994,eastmoney_f10,2026-07-29T23:50:46
2022-05-20,1.01,1.01,eastmoney_f10,2026-07-29T23:50:46
2022-05-23,1.013,1.013,eastmoney_f10,2026-07-29T23:50:46
2022-05-24,1.001,1.001,eastmoney_f10,2026-07-29T23:50:46
2022-05-25,1.013,1.013,eastmoney_f10,2026-07-29T23:50:46
2022-05-26,1.028,1.028,eastmoney_f10,2026-07-29T23:50:46
2022-05-27,1.058,1.058,eastmoney_f10,2026-07-29T23:50:46
2022-05-30,1.061,1.061,eastmoney_f10,2026-07-29T23:50:46
2022-05-31,1.044,1.044,eastmoney_f10,2026-07-29T23:50:46
2022-06-01,1.037,1.037,eastmoney_f10,2026-07-29T23:50:46
2022-06-02,1.047,1.047,eastmoney_f10,2026-07-29T23:50:46
2022-06-06,1.06,1.06,eastmoney_f10,2026-07-29T23:50:46
2022-06-07,1.048,1.048,eastmoney_f10,2026-07-29T23:50:46
2022-06-08,1.041,1.041,eastmoney_f10,2026-07-29T23:50:46
2022-06-09,1.028,1.028,eastmoney_f10,2026-07-29T23:50:46
2022-06-10,0.99,0.99,eastmoney_f10,2026-07-29T23:50:46
2022-06-13,0.957,0.957,eastmoney_f10,2026-07-29T23:50:46
2022-06-14,0.945,0.945,eastmoney_f10,2026-07-29T23:50:46
2022-06-15,0.96,0.96,eastmoney_f10,2026-07-29T23:50:46
2022-06-16,0.925,0.925,eastmoney_f10,2026-07-29T23:50:46
2022-06-17,0.936,0.936,eastmoney_f10,2026-07-29T23:50:46
2022-06-20,0.944,0.944,eastmoney_f10,2026-07-29T23:50:46
2022-06-21,0.944,0.944,eastmoney_f10,2026-07-29T23:50:46
2022-06-22,0.938,0.938,eastmoney_f10,2026-07-29T23:50:46
2022-06-23,0.924,0.924,eastmoney_f10,2026-07-29T23:50:46
2022-06-24,0.934,0.934,eastmoney_f10,2026-07-29T23:50:46
2022-06-27,0.94,0.94,eastmoney_f10,2026-07-29T23:50:46
2022-06-28,0.946,0.946,eastmoney_f10,2026-07-29T23:50:46
2022-06-29,0.926,0.926,eastmoney_f10,2026-07-29T23:50:46
2022-06-30,0.905,0.905,eastmoney_f10,2026-07-29T23:50:46
2022-07-01,0.906,0.906,eastmoney_f10,2026-07-29T23:50:46
2022-07-04,0.903,0.903,eastmoney_f10,2026-07-29T23:50:46
2022-07-05,0.875,0.875,eastmoney_f10,2026-07-29T23:50:46
2022-07-06,0.878,0.878,eastmoney_f10,2026-07-29T23:50:46
2022-07-07,0.887,0.887,eastmoney_f10,2026-07-29T23:50:46
2022-07-08,0.896,0.896,eastmoney_f10,2026-07-29T23:50:46
2022-07-11,0.882,0.882,eastmoney_f10,2026-07-29T23:50:46
2022-07-12,0.881,0.881,eastmoney_f10,2026-07-29T23:50:46
2022-07-13,0.87,0.87,eastmoney_f10,2026-07-29T23:50:46
2022-07-14,0.854,0.854,eastmoney_f10,2026-07-29T23:50:46
2022-07-15,0.878,0.878,eastmoney_f10,2026-07-29T23:50:46
2022-07-18,0.89,0.89,eastmoney_f10,2026-07-29T23:50:46
2022-07-19,0.918,0.918,eastmoney_f10,2026-07-29T23:50:46
2022-07-20,0.925,0.925,eastmoney_f10,2026-07-29T23:50:46
2022-07-21,0.92,0.92,eastmoney_f10,2026-07-29T23:50:46
2022-07-22,0.923,0.923,eastmoney_f10,2026-07-29T23:50:46
2022-07-25,0.918,0.918,eastmoney_f10,2026-07-29T23:50:46
2022-07-26,0.911,0.911,eastmoney_f10,2026-07-29T23:50:46
2022-07-27,0.911,0.911,eastmoney_f10,2026-07-29T23:50:46
2022-07-28,0.921,0.921,eastmoney_f10,2026-07-29T23:50:46
2022-07-29,0.934,0.934,eastmoney_f10,2026-07-29T23:50:46
2022-08-01,0.936,0.936,eastmoney_f10,2026-07-29T23:50:46
2022-08-02,0.939,0.939,eastmoney_f10,2026-07-29T23:50:46
2022-08-03,0.943,0.943,eastmoney_f10,2026-07-29T23:50:46
2022-08-04,0.946,0.946,eastmoney_f10,2026-07-29T23:50:46
2022-08-05,0.944,0.944,eastmoney_f10,2026-07-29T23:50:46
2022-08-08,0.949,0.949,eastmoney_f10,2026-07-29T23:50:46
2022-08-09,0.939,0.939,eastmoney_f10,2026-07-29T23:50:46
2022-08-10,0.952,0.952,eastmoney_f10,2026-07-29T23:50:46
2022-08-11,0.956,0.956,eastmoney_f10,2026-07-29T23:50:46
2022-08-12,0.966,0.966,eastmoney_f10,2026-07-29T23:50:46
2022-08-15,0.962,0.962,eastmoney_f10,2026-07-29T23:50:46
2022-08-16,0.964,0.964,eastmoney_f10,2026-07-29T23:50:46
2022-08-17,0.947,0.947,eastmoney_f10,2026-07-29T23:50:46
2022-08-18,0.951,0.951,eastmoney_f10,2026-07-29T23:50:46
2022-08-19,0.936,0.936,eastmoney_f10,2026-07-29T23:50:46
2022-08-22,0.911,0.911,eastmoney_f10,2026-07-29T23:50:46
2022-08-23,0.904,0.904,eastmoney_f10,2026-07-29T23:50:46
2022-08-24,0.907,0.907,eastmoney_f10,2026-07-29T23:50:46
2022-08-25,0.914,0.914,eastmoney_f10,2026-07-29T23:50:46
2022-08-26,0.892,0.892,eastmoney_f10,2026-07-29T23:50:46
2022-08-29,0.887,0.887,eastmoney_f10,2026-07-29T23:50:46
2022-08-30,0.9,0.9,eastmoney_f10,2026-07-29T23:50:46
2022-08-31,0.894,0.894,eastmoney_f10,2026-07-29T23:50:46
2022-09-01,0.879,0.879,eastmoney_f10,2026-07-29T23:50:46
2022-09-02,0.903,0.903,eastmoney_f10,2026-07-29T23:50:46
2022-09-05,0.88,0.88,eastmoney_f10,2026-07-29T23:50:46
2022-09-06,0.892,0.892,eastmoney_f10,2026-07-29T23:50:46
2022-09-07,0.894,0.894,eastmoney_f10,2026-07-29T23:50:46
2022-09-08,0.9,0.9,eastmoney_f10,2026-07-29T23:50:46
2022-09-09,0.914,0.914,eastmoney_f10,2026-07-29T23:50:46
2022-09-13,0.928,0.928,eastmoney_f10,2026-07-29T23:50:46
2022-09-14,0.906,0.906,eastmoney_f10,2026-07-29T23:50:46
2022-09-15,0.902,0.902,eastmoney_f10,2026-07-29T23:50:46
2022-09-16,0.89,0.89,eastmoney_f10,2026-07-29T23:50:46
2022-09-19,0.898,0.898,eastmoney_f10,2026-07-29T23:50:46
2022-09-20,0.891,0.891,eastmoney_f10,2026-07-29T23:50:46
2022-09-21,0.894,0.894,eastmoney_f10,2026-07-29T23:50:46
2022-09-22,0.87,0.87,eastmoney_f10,2026-07-29T23:50:46
2022-09-23,0.854,0.854,eastmoney_f10,2026-07-29T23:50:46
2022-09-26,0.842,0.842,eastmoney_f10,2026-07-29T23:50:46
2022-09-27,0.834,0.834,eastmoney_f10,2026-07-29T23:50:46
2022-09-28,0.837,0.837,eastmoney_f10,2026-07-29T23:50:46
2022-09-29,0.834,0.834,eastmoney_f10,2026-07-29T23:50:46
2022-09-30,0.851,0.851,eastmoney_f10,2026-07-29T23:50:46
2022-10-10,0.854,0.854,eastmoney_f10,2026-07-29T23:50:46
2022-10-11,0.849,0.849,eastmoney_f10,2026-07-29T23:50:46
2022-10-12,0.847,0.847,eastmoney_f10,2026-07-29T23:50:46
2022-10-13,0.86,0.86,eastmoney_f10,2026-07-29T23:50:46
2022-10-14,0.87,0.87,eastmoney_f10,2026-07-29T23:50:46
2022-10-17,0.884,0.884,eastmoney_f10,2026-07-29T23:50:46
2022-10-18,0.899,0.899,eastmoney_f10,2026-07-29T23:50:46
2022-10-19,0.9,0.9,eastmoney_f10,2026-07-29T23:50:46
2022-10-20,0.897,0.897,eastmoney_f10,2026-07-29T23:50:46
2022-10-21,0.894,0.894,eastmoney_f10,2026-07-29T23:50:46
2022-10-24,0.915,0.915,eastmoney_f10,2026-07-29T23:50:46
2022-10-25,0.93,0.93,eastmoney_f10,2026-07-29T23:50:46
2022-10-26,0.949,0.949,eastmoney_f10,2026-07-29T23:50:46
2022-10-27,0.957,0.957,eastmoney_f10,2026-07-29T23:50:46
2022-10-28,0.952,0.952,eastmoney_f10,2026-07-29T23:50:46
2022-10-31,0.954,0.954,eastmoney_f10,2026-07-29T23:50:46
2022-11-01,0.954,0.954,eastmoney_f10,2026-07-29T23:50:46
2022-11-02,0.949,0.949,eastmoney_f10,2026-07-29T23:50:46
2022-11-03,0.936,0.936,eastmoney_f10,2026-07-29T23:50:46
2022-11-04,0.956,0.956,eastmoney_f10,2026-07-29T23:50:46
2022-11-07,0.973,0.973,eastmoney_f10,2026-07-29T23:50:46
2022-11-08,0.992,0.992,eastmoney_f10,2026-07-29T23:50:46
2022-11-09,0.994,0.994,eastmoney_f10,2026-07-29T23:50:46
2022-11-10,1.027,1.027,eastmoney_f10,2026-07-29T23:50:46
2022-11-11,1.044,1.044,eastmoney_f10,2026-07-29T23:50:46
2022-11-14,1.05,1.05,eastmoney_f10,2026-07-29T23:50:46
2022-11-15,1.046,1.046,eastmoney_f10,2026-07-29T23:50:46
2022-11-16,1.037,1.037,eastmoney_f10,2026-07-29T23:50:46
2022-11-17,1.048,1.048,eastmoney_f10,2026-07-29T23:50:46
2022-11-18,1.063,1.063,eastmoney_f10,2026-07-29T23:50:46
2022-11-21,1.058,1.058,eastmoney_f10,2026-07-29T23:50:46
2022-11-22,1.058,1.058,eastmoney_f10,2026-07-29T23:50:46
2022-11-23,1.06,1.06,eastmoney_f10,2026-07-29T23:50:46
2022-11-24,1.078,1.078,eastmoney_f10,2026-07-29T23:50:46
2022-11-25,1.079,1.079,eastmoney_f10,2026-07-29T23:50:46
2022-11-28,1.068,1.068,eastmoney_f10,2026-07-29T23:50:46
2022-11-29,1.068,1.068,eastmoney_f10,2026-07-29T23:50:46
2022-11-30,1.066,1.066,eastmoney_f10,2026-07-29T23:50:46
2022-12-01,1.074,1.074,eastmoney_f10,2026-07-29T23:50:46
2022-12-02,1.078,1.078,eastmoney_f10,2026-07-29T23:50:46
2022-12-05,1.071,1.071,eastmoney_f10,2026-07-29T23:50:46
2022-12-06,1.05,1.05,eastmoney_f10,2026-07-29T23:50:46
2022-12-07,1.044,1.044,eastmoney_f10,2026-07-29T23:50:46
2022-12-08,1.043,1.043,eastmoney_f10,2026-07-29T23:50:46
2022-12-09,1.055,1.055,eastmoney_f10,2026-07-29T23:50:46
2022-12-12,1.046,1.046,eastmoney_f10,2026-07-29T23:50:46
2022-12-13,1.064,1.064,eastmoney_f10,2026-07-29T23:50:46
2022-12-14,1.067,1.067,eastmoney_f10,2026-07-29T23:50:46
2022-12-15,1.035,1.035,eastmoney_f10,2026-07-29T23:50:46
2022-12-16,1.03,1.03,eastmoney_f10,2026-07-29T23:50:46
2022-12-19,1.027,1.027,eastmoney_f10,2026-07-29T23:50:46
2022-12-20,1.026,1.026,eastmoney_f10,2026-07-29T23:50:46
2022-12-21,1.041,1.041,eastmoney_f10,2026-07-29T23:50:46
2022-12-22,1.027,1.027,eastmoney_f10,2026-07-29T23:50:46
2022-12-23,1.029,1.029,eastmoney_f10,2026-07-29T23:50:46
2022-12-26,1.031,1.031,eastmoney_f10,2026-07-29T23:50:46
2022-12-27,1.033,1.033,eastmoney_f10,2026-07-29T23:50:46
2022-12-28,1.029,1.029,eastmoney_f10,2026-07-29T23:50:46
2022-12-29,1.041,1.041,eastmoney_f10,2026-07-29T23:50:46
2022-12-30,1.031,1.031,eastmoney_f10,2026-07-29T23:50:46
2022-12-31,1.031,1.031,eastmoney_f10,2026-07-29T23:50:46
2023-01-03,1.049,1.049,eastmoney_f10,2026-07-29T23:50:46
2023-01-04,1.054,1.054,eastmoney_f10,2026-07-29T23:50:46
2023-01-05,1.054,1.054,eastmoney_f10,2026-07-29T23:50:46
2023-01-06,1.058,1.058,eastmoney_f10,2026-07-29T23:50:46
2023-01-09,1.074,1.074,eastmoney_f10,2026-07-29T23:50:46
2023-01-10,1.069,1.069,eastmoney_f10,2026-07-29T23:50:46
2023-01-11,1.085,1.085,eastmoney_f10,2026-07-29T23:50:46
2023-01-12,1.095,1.095,eastmoney_f10,2026-07-29T23:50:46
2023-01-13,1.1,1.1,eastmoney_f10,2026-07-29T23:50:46
2023-01-16,1.098,1.098,eastmoney_f10,2026-07-29T23:50:46
2023-01-17,1.103,1.103,eastmoney_f10,2026-07-29T23:50:46
2023-01-18,1.104,1.104,eastmoney_f10,2026-07-29T23:50:46
2023-01-19,1.087,1.087,eastmoney_f10,2026-07-29T23:50:46
2023-01-20,1.1,1.1,eastmoney_f10,2026-07-29T23:50:46
2023-01-30,1.109,1.109,eastmoney_f10,2026-07-29T23:50:46
2023-01-31,1.106,1.106,eastmoney_f10,2026-07-29T23:50:46
2023-02-01,1.109,1.109,eastmoney_f10,2026-07-29T23:50:46
2023-02-02,1.143,1.143,eastmoney_f10,2026-07-29T23:50:46
2023-02-03,1.134,1.134,eastmoney_f10,2026-07-29T23:50:46
2023-02-06,1.118,1.118,eastmoney_f10,2026-07-29T23:50:46
2023-02-07,1.113,1.113,eastmoney_f10,2026-07-29T23:50:46
2023-02-08,1.116,1.116,eastmoney_f10,2026-07-29T23:50:46
2023-02-09,1.125,1.125,eastmoney_f10,2026-07-29T23:50:46
2023-02-10,1.111,1.111,eastmoney_f10,2026-07-29T23:50:46
2023-02-13,1.115,1.115,eastmoney_f10,2026-07-29T23:50:46
2023-02-14,1.119,1.119,eastmoney_f10,2026-07-29T23:50:46
2023-02-15,1.13,1.13,eastmoney_f10,2026-07-29T23:50:46
2023-02-16,1.132,1.132,eastmoney_f10,2026-07-29T23:50:46
2023-02-17,1.128,1.128,eastmoney_f10,2026-07-29T23:50:46
2023-02-20,1.13,1.13,eastmoney_f10,2026-07-29T23:50:46
2023-02-21,1.123,1.123,eastmoney_f10,2026-07-29T23:50:46
2023-02-22,1.122,1.122,eastmoney_f10,2026-07-29T23:50:46
2023-02-23,1.128,1.128,eastmoney_f10,2026-07-29T23:50:46
2023-02-24,1.106,1.106,eastmoney_f10,2026-07-29T23:50:46
2023-02-27,1.125,1.125,eastmoney_f10,2026-07-29T23:50:46
2023-02-28,1.129,1.129,eastmoney_f10,2026-07-29T23:50:46
2023-03-01,1.119,1.119,eastmoney_f10,2026-07-29T23:50:46
2023-03-02,1.12,1.12,eastmoney_f10,2026-07-29T23:50:46
2023-03-03,1.136,1.136,eastmoney_f10,2026-07-29T23:50:46
2023-03-06,1.142,1.142,eastmoney_f10,2026-07-29T23:50:46
2023-03-07,1.144,1.144,eastmoney_f10,2026-07-29T23:50:46
2023-03-08,1.142,1.142,eastmoney_f10,2026-07-29T23:50:46
2023-03-09,1.144,1.144,eastmoney_f10,2026-07-29T23:50:46
2023-03-10,1.132,1.132,eastmoney_f10,2026-07-29T23:50:46
2023-03-13,1.104,1.104,eastmoney_f10,2026-07-29T23:50:46
2023-03-14,1.121,1.121,eastmoney_f10,2026-07-29T23:50:46
2023-03-15,1.081,1.081,eastmoney_f10,2026-07-29T23:50:46
2023-03-16,1.091,1.091,eastmoney_f10,2026-07-29T23:50:46
2023-03-17,1.079,1.079,eastmoney_f10,2026-07-29T23:50:46
2023-03-20,1.091,1.091,eastmoney_f10,2026-07-29T23:50:46
2023-03-21,1.117,1.117,eastmoney_f10,2026-07-29T23:50:46
2023-03-22,1.124,1.124,eastmoney_f10,2026-07-29T23:50:46
2023-03-23,1.133,1.133,eastmoney_f10,2026-07-29T23:50:46
2023-03-24,1.105,1.105,eastmoney_f10,2026-07-29T23:50:46
2023-03-27,1.117,1.117,eastmoney_f10,2026-07-29T23:50:46
2023-03-28,1.122,1.122,eastmoney_f10,2026-07-29T23:50:46
2023-03-29,1.139,1.139,eastmoney_f10,2026-07-29T23:50:46
2023-03-30,1.156,1.156,eastmoney_f10,2026-07-29T23:50:46
2023-03-31,1.168,1.168,eastmoney_f10,2026-07-29T23:50:46
2023-04-03,1.155,1.155,eastmoney_f10,2026-07-29T23:50:46
2023-04-04,1.165,1.165,eastmoney_f10,2026-07-29T23:50:46
2023-04-06,1.166,1.166,eastmoney_f10,2026-07-29T23:50:46
2023-04-07,1.168,1.168,eastmoney_f10,2026-07-29T23:50:46
2023-04-10,1.166,1.166,eastmoney_f10,2026-07-29T23:50:46
2023-04-11,1.168,1.168,eastmoney_f10,2026-07-29T23:50:46
2023-04-12,1.176,1.176,eastmoney_f10,2026-07-29T23:50:46
2023-04-13,1.183,1.183,eastmoney_f10,2026-07-29T23:50:46
2023-04-14,1.194,1.194,eastmoney_f10,2026-07-29T23:50:46
2023-04-17,1.186,1.186,eastmoney_f10,2026-07-29T23:50:46
2023-04-18,1.189,1.189,eastmoney_f10,2026-07-29T23:50:46
2023-04-19,1.194,1.194,eastmoney_f10,2026-07-29T23:50:46
2023-04-20,1.188,1.188,eastmoney_f10,2026-07-29T23:50:46
2023-04-21,1.192,1.192,eastmoney_f10,2026-07-29T23:50:46
2023-04-24,1.194,1.194,eastmoney_f10,2026-07-29T23:50:46
2023-04-25,1.202,1.202,eastmoney_f10,2026-07-29T23:50:46
2023-04-26,1.194,1.194,eastmoney_f10,2026-07-29T23:50:46
2023-04-27,1.201,1.201,eastmoney_f10,2026-07-29T23:50:46
2023-04-28,1.208,1.208,eastmoney_f10,2026-07-29T23:50:46
2023-05-04,1.194,1.194,eastmoney_f10,2026-07-29T23:50:46
2023-05-05,1.205,1.205,eastmoney_f10,2026-07-29T23:50:46
2023-05-08,1.204,1.204,eastmoney_f10,2026-07-29T23:50:46
2023-05-09,1.203,1.203,eastmoney_f10,2026-07-29T23:50:46
2023-05-10,1.196,1.196,eastmoney_f10,2026-07-29T23:50:46
2023-05-11,1.19,1.19,eastmoney_f10,2026-07-29T23:50:46
2023-05-12,1.193,1.193,eastmoney_f10,2026-07-29T23:50:46
2023-05-15,1.189,1.189,eastmoney_f10,2026-07-29T23:50:46
2023-05-16,1.188,1.188,eastmoney_f10,2026-07-29T23:50:46
2023-05-17,1.195,1.195,eastmoney_f10,2026-07-29T23:50:46
2023-05-18,1.211,1.211,eastmoney_f10,2026-07-29T23:50:46
2023-05-19,1.219,1.219,eastmoney_f10,2026-07-29T23:50:46
2023-05-22,1.216,1.216,eastmoney_f10,2026-07-29T23:50:46
2023-05-23,1.213,1.213,eastmoney_f10,2026-07-29T23:50:46
2023-05-24,1.189,1.189,eastmoney_f10,2026-07-29T23:50:46
2023-05-25,1.183,1.183,eastmoney_f10,2026-07-29T23:50:46
2023-05-26,1.198,1.198,eastmoney_f10,2026-07-29T23:50:46
2023-05-29,1.192,1.192,eastmoney_f10,2026-07-29T23:50:46
2023-05-30,1.191,1.191,eastmoney_f10,2026-07-29T23:50:46
2023-05-31,1.175,1.175,eastmoney_f10,2026-07-29T23:50:46
2023-06-01,1.188,1.188,eastmoney_f10,2026-07-29T23:50:46
2023-06-02,1.209,1.209,eastmoney_f10,2026-07-29T23:50:46
2023-06-05,1.195,1.195,eastmoney_f10,2026-07-29T23:50:46
2023-06-06,1.201,1.201,eastmoney_f10,2026-07-29T23:50:46
2023-06-07,1.199,1.199,eastmoney_f10,2026-07-29T23:50:46
2023-06-08,1.203,1.203,eastmoney_f10,2026-07-29T23:50:46
2023-06-09,1.207,1.207,eastmoney_f10,2026-07-29T23:50:46
2023-06-12,1.215,1.215,eastmoney_f10,2026-07-29T23:50:46
2023-06-13,1.232,1.232,eastmoney_f10,2026-07-29T23:50:46
2023-06-14,1.242,1.242,eastmoney_f10,2026-07-29T23:50:46
2023-06-15,1.244,1.244,eastmoney_f10,2026-07-29T23:50:46
2023-06-16,1.258,1.258,eastmoney_f10,2026-07-29T23:50:46
2023-06-19,1.243,1.243,eastmoney_f10,2026-07-29T23:50:46
2023-06-20,1.241,1.241,eastmoney_f10,2026-07-29T23:50:46
2023-06-21,1.237,1.237,eastmoney_f10,2026-07-29T23:50:46
2023-06-26,1.224,1.224,eastmoney_f10,2026-07-29T23:50:46
2023-06-27,1.229,1.229,eastmoney_f10,2026-07-29T23:50:46
2023-06-28,1.24,1.24,eastmoney_f10,2026-07-29T23:50:46
2023-06-29,1.242,1.242,eastmoney_f10,2026-07-29T23:50:46
2023-06-30,1.252,1.252,eastmoney_f10,2026-07-29T23:50:46
2023-07-03,1.249,1.249,eastmoney_f10,2026-07-29T23:50:46
2023-07-04,1.245,1.245,eastmoney_f10,2026-07-29T23:50:46
2023-07-05,1.231,1.231,eastmoney_f10,2026-07-29T23:50:46
2023-07-06,1.201,1.201,eastmoney_f10,2026-07-29T23:50:46
2023-07-07,1.21,1.21,eastmoney_f10,2026-07-29T23:50:46
2023-07-10,1.218,1.218,eastmoney_f10,2026-07-29T23:50:46
2023-07-11,1.232,1.232,eastmoney_f10,2026-07-29T23:50:46
2023-07-12,1.248,1.248,eastmoney_f10,2026-07-29T23:50:46
2023-07-13,1.265,1.265,eastmoney_f10,2026-07-29T23:50:46
2023-07-14,1.269,1.269,eastmoney_f10,2026-07-29T23:50:46
2023-07-17,1.265,1.265,eastmoney_f10,2026-07-29T23:50:46
2023-07-18,1.276,1.276,eastmoney_f10,2026-07-29T23:50:46
2023-07-19,1.275,1.275,eastmoney_f10,2026-07-29T23:50:46
2023-07-20,1.287,1.287,eastmoney_f10,2026-07-29T23:50:46
2023-07-21,1.272,1.272,eastmoney_f10,2026-07-29T23:50:46
2023-07-24,1.27,1.27,eastmoney_f10,2026-07-29T23:50:46
2023-07-25,1.268,1.268,eastmoney_f10,2026-07-29T23:50:46
2023-07-26,1.25,1.25,eastmoney_f10,2026-07-29T23:50:46
2023-07-27,1.276,1.276,eastmoney_f10,2026-07-29T23:50:46
2023-07-28,1.272,1.272,eastmoney_f10,2026-07-29T23:50:46
2023-07-31,1.273,1.273,eastmoney_f10,2026-07-29T23:50:46
2023-08-01,1.253,1.253,eastmoney_f10,2026-07-29T23:50:46
2023-08-02,1.24,1.24,eastmoney_f10,2026-07-29T23:50:46
2023-08-03,1.227,1.227,eastmoney_f10,2026-07-29T23:50:46
2023-08-04,1.23,1.23,eastmoney_f10,2026-07-29T23:50:46
2023-08-07,1.233,1.233,eastmoney_f10,2026-07-29T23:50:46
2023-08-08,1.222,1.222,eastmoney_f10,2026-07-29T23:50:46
2023-08-09,1.229,1.229,eastmoney_f10,2026-07-29T23:50:46
2023-08-10,1.239,1.239,eastmoney_f10,2026-07-29T23:50:46
2023-08-11,1.23,1.23,eastmoney_f10,2026-07-29T23:50:46
2023-08-14,1.232,1.232,eastmoney_f10,2026-07-29T23:50:46
2023-08-15,1.222,1.222,eastmoney_f10,2026-07-29T23:50:46
2023-08-16,1.227,1.227,eastmoney_f10,2026-07-29T23:50:46
2023-08-17,1.217,1.217,eastmoney_f10,2026-07-29T23:50:46
2023-08-18,1.208,1.208,eastmoney_f10,2026-07-29T23:50:46
2023-08-21,1.21,1.21,eastmoney_f10,2026-07-29T23:50:46
2023-08-22,1.222,1.222,eastmoney_f10,2026-07-29T23:50:46
2023-08-23,1.218,1.218,eastmoney_f10,2026-07-29T23:50:46
2023-08-24,1.209,1.209,eastmoney_f10,2026-07-29T23:50:46
2023-08-25,1.204,1.204,eastmoney_f10,2026-07-29T23:50:46
2023-08-28,1.215,1.215,eastmoney_f10,2026-07-29T23:50:46
2023-08-29,1.228,1.228,eastmoney_f10,2026-07-29T23:50:46
2023-08-30,1.231,1.231,eastmoney_f10,2026-07-29T23:50:46
2023-08-31,1.24,1.24,eastmoney_f10,2026-07-29T23:50:46
2023-09-01,1.224,1.224,eastmoney_f10,2026-07-29T23:50:46
2023-09-04,1.213,1.213,eastmoney_f10,2026-07-29T23:50:46
2023-09-05,1.208,1.208,eastmoney_f10,2026-07-29T23:50:46
2023-09-06,1.206,1.206,eastmoney_f10,2026-07-29T23:50:46
2023-09-07,1.204,1.204,eastmoney_f10,2026-07-29T23:50:46
2023-09-08,1.205,1.205,eastmoney_f10,2026-07-29T23:50:46
2023-09-11,1.211,1.211,eastmoney_f10,2026-07-29T23:50:46
2023-09-12,1.201,1.201,eastmoney_f10,2026-07-29T23:50:46
2023-09-13,1.196,1.196,eastmoney_f10,2026-07-29T23:50:46
2023-09-14,1.203,1.203,eastmoney_f10,2026-07-29T23:50:46
2023-09-15,1.198,1.198,eastmoney_f10,2026-07-29T23:50:46
2023-09-18,1.188,1.188,eastmoney_f10,2026-07-29T23:50:46
2023-09-19,1.186,1.186,eastmoney_f10,2026-07-29T23:50:46
2023-09-20,1.193,1.193,eastmoney_f10,2026-07-29T23:50:46
2023-09-21,1.174,1.174,eastmoney_f10,2026-07-29T23:50:46
2023-09-22,1.173,1.173,eastmoney_f10,2026-07-29T23:50:46
2023-09-25,1.16,1.16,eastmoney_f10,2026-07-29T23:50:46
2023-09-26,1.142,1.142,eastmoney_f10,2026-07-29T23:50:46
2023-09-27,1.139,1.139,eastmoney_f10,2026-07-29T23:50:46
2023-09-28,1.14,1.14,eastmoney_f10,2026-07-29T23:50:46
2023-10-09,1.131,1.131,eastmoney_f10,2026-07-29T23:50:46
2023-10-10,1.152,1.152,eastmoney_f10,2026-07-29T23:50:46
2023-10-11,1.159,1.159,eastmoney_f10,2026-07-29T23:50:46
2023-10-12,1.158,1.158,eastmoney_f10,2026-07-29T23:50:46
2023-10-13,1.132,1.132,eastmoney_f10,2026-07-29T23:50:46
2023-10-16,1.134,1.134,eastmoney_f10,2026-07-29T23:50:46
2023-10-17,1.136,1.136,eastmoney_f10,2026-07-29T23:50:46
2023-10-18,1.129,1.129,eastmoney_f10,2026-07-29T23:50:46
2023-10-19,1.122,1.122,eastmoney_f10,2026-07-29T23:50:46
2023-10-20,1.107,1.107,eastmoney_f10,2026-07-29T23:50:46
2023-10-23,1.108,1.108,eastmoney_f10,2026-07-29T23:50:46
2023-10-24,1.121,1.121,eastmoney_f10,2026-07-29T23:50:46
2023-10-25,1.116,1.116,eastmoney_f10,2026-07-29T23:50:46
2023-10-26,1.101,1.101,eastmoney_f10,2026-07-29T23:50:46
2023-10-27,1.097,1.097,eastmoney_f10,2026-07-29T23:50:46
2023-10-30,1.099,1.099,eastmoney_f10,2026-07-29T23:50:46
2023-10-31,1.11,1.11,eastmoney_f10,2026-07-29T23:50:46
2023-11-01,1.117,1.117,eastmoney_f10,2026-07-29T23:50:46
2023-11-02,1.133,1.133,eastmoney_f10,2026-07-29T23:50:46
2023-11-03,1.14,1.14,eastmoney_f10,2026-07-29T23:50:46
2023-11-06,1.145,1.145,eastmoney_f10,2026-07-29T23:50:46
2023-11-07,1.146,1.146,eastmoney_f10,2026-07-29T23:50:46
2023-11-08,1.15,1.15,eastmoney_f10,2026-07-29T23:50:46
2023-11-09,1.159,1.159,eastmoney_f10,2026-07-29T23:50:46
2023-11-10,1.147,1.147,eastmoney_f10,2026-07-29T23:50:46
2023-11-13,1.157,1.157,eastmoney_f10,2026-07-29T23:50:46
2023-11-14,1.178,1.178,eastmoney_f10,2026-07-29T23:50:46
2023-11-15,1.204,1.204,eastmoney_f10,2026-07-29T23:50:46
2023-11-16,1.205,1.205,eastmoney_f10,2026-07-29T23:50:46
2023-11-17,1.216,1.216,eastmoney_f10,2026-07-29T23:50:46
2023-11-20,1.219,1.219,eastmoney_f10,2026-07-29T23:50:46
2023-11-21,1.219,1.219,eastmoney_f10,2026-07-29T23:50:46
2023-11-22,1.217,1.217,eastmoney_f10,2026-07-29T23:50:46
2023-11-23,1.216,1.216,eastmoney_f10,2026-07-29T23:50:46
2023-11-24,1.218,1.218,eastmoney_f10,2026-07-29T23:50:46
2023-11-27,1.216,1.216,eastmoney_f10,2026-07-29T23:50:46
2023-11-28,1.22,1.22,eastmoney_f10,2026-07-29T23:50:46
2023-11-29,1.237,1.237,eastmoney_f10,2026-07-29T23:50:46
2023-11-30,1.237,1.237,eastmoney_f10,2026-07-29T23:50:46
2023-12-01,1.244,1.244,eastmoney_f10,2026-07-29T23:50:46
2023-12-04,1.241,1.241,eastmoney_f10,2026-07-29T23:50:46
2023-12-05,1.247,1.247,eastmoney_f10,2026-07-29T23:50:46
2023-12-06,1.253,1.253,eastmoney_f10,2026-07-29T23:50:46
2023-12-07,1.248,1.248,eastmoney_f10,2026-07-29T23:50:46
2023-12-08,1.258,1.258,eastmoney_f10,2026-07-29T23:50:46
2023-12-11,1.26,1.26,eastmoney_f10,2026-07-29T23:50:46
2023-12-12,1.261,1.261,eastmoney_f10,2026-07-29T23:50:46
2023-12-13,1.261,1.261,eastmoney_f10,2026-07-29T23:50:46
2023-12-14,1.266,1.266,eastmoney_f10,2026-07-29T23:50:46
2023-12-15,1.276,1.276,eastmoney_f10,2026-07-29T23:50:46
2023-12-18,1.259,1.259,eastmoney_f10,2026-07-29T23:50:46
2023-12-19,1.269,1.269,eastmoney_f10,2026-07-29T23:50:46
2023-12-20,1.274,1.274,eastmoney_f10,2026-07-29T23:50:46
2023-12-21,1.268,1.268,eastmoney_f10,2026-07-29T23:50:46
2023-12-22,1.275,1.275,eastmoney_f10,2026-07-29T23:50:46
2023-12-25,1.276,1.276,eastmoney_f10,2026-07-29T23:50:46
2023-12-26,1.278,1.278,eastmoney_f10,2026-07-29T23:50:46
2023-12-27,1.282,1.282,eastmoney_f10,2026-07-29T23:50:46
2023-12-28,1.286,1.286,eastmoney_f10,2026-07-29T23:50:46
2023-12-29,1.285,1.285,eastmoney_f10,2026-07-29T23:50:46
2023-12-31,1.285,1.285,eastmoney_f10,2026-07-29T23:50:46
2024-01-02,1.28,1.28,eastmoney_f10,2026-07-29T23:50:46
2024-01-03,1.256,1.256,eastmoney_f10,2026-07-29T23:50:46
2024-01-04,1.261,1.261,eastmoney_f10,2026-07-29T23:50:46
2024-01-05,1.261,1.261,eastmoney_f10,2026-07-29T23:50:46
2024-01-08,1.269,1.269,eastmoney_f10,2026-07-29T23:50:46
2024-01-09,1.268,1.268,eastmoney_f10,2026-07-29T23:50:46
2024-01-10,1.266,1.266,eastmoney_f10,2026-07-29T23:50:46
2024-01-11,1.261,1.261,eastmoney_f10,2026-07-29T23:50:46
2024-01-12,1.273,1.273,eastmoney_f10,2026-07-29T23:50:46
2024-01-15,1.263,1.263,eastmoney_f10,2026-07-29T23:50:46
2024-01-16,1.26,1.26,eastmoney_f10,2026-07-29T23:50:46
2024-01-17,1.245,1.245,eastmoney_f10,2026-07-29T23:50:46
2024-01-18,1.255,1.255,eastmoney_f10,2026-07-29T23:50:46
2024-01-19,1.251,1.251,eastmoney_f10,2026-07-29T23:50:46
2024-01-22,1.263,1.263,eastmoney_f10,2026-07-29T23:50:46
2024-01-23,1.257,1.257,eastmoney_f10,2026-07-29T23:50:46
2024-01-24,1.273,1.273,eastmoney_f10,2026-07-29T23:50:46
2024-01-25,1.275,1.275,eastmoney_f10,2026-07-29T23:50:46
2024-01-26,1.276,1.276,eastmoney_f10,2026-07-29T23:50:46
2024-01-29,1.273,1.273,eastmoney_f10,2026-07-29T23:50:46
2024-01-30,1.275,1.275,eastmoney_f10,2026-07-29T23:50:46
2024-01-31,1.269,1.269,eastmoney_f10,2026-07-29T23:50:46
2024-02-01,1.262,1.262,eastmoney_f10,2026-07-29T23:50:46
2024-02-02,1.273,1.273,eastmoney_f10,2026-07-29T23:50:46
2024-02-05,1.262,1.262,eastmoney_f10,2026-07-29T23:50:46
2024-02-06,1.27,1.27,eastmoney_f10,2026-07-29T23:50:46
2024-02-07,1.261,1.261,eastmoney_f10,2026-07-29T23:50:46
2024-02-08,1.267,1.267,eastmoney_f10,2026-07-29T23:50:46
2024-02-19,1.275,1.275,eastmoney_f10,2026-07-29T23:50:46
2024-02-20,1.273,1.273,eastmoney_f10,2026-07-29T23:50:46
2024-02-21,1.28,1.28,eastmoney_f10,2026-07-29T23:50:46
2024-02-22,1.301,1.301,eastmoney_f10,2026-07-29T23:50:46
2024-02-23,1.305,1.305,eastmoney_f10,2026-07-29T23:50:46
2024-02-26,1.306,1.306,eastmoney_f10,2026-07-29T23:50:46
2024-02-27,1.318,1.318,eastmoney_f10,2026-07-29T23:50:46
2024-02-28,1.321,1.321,eastmoney_f10,2026-07-29T23:50:46
2024-02-29,1.325,1.325,eastmoney_f10,2026-07-29T23:50:46
2024-03-01,1.325,1.325,eastmoney_f10,2026-07-29T23:50:46
2024-03-04,1.327,1.327,eastmoney_f10,2026-07-29T23:50:46
2024-03-05,1.328,1.328,eastmoney_f10,2026-07-29T23:50:46
2024-03-06,1.329,1.329,eastmoney_f10,2026-07-29T23:50:46
2024-03-07,1.343,1.343,eastmoney_f10,2026-07-29T23:50:46
2024-03-08,1.346,1.346,eastmoney_f10,2026-07-29T23:50:46
2024-03-11,1.341,1.341,eastmoney_f10,2026-07-29T23:50:46
2024-03-12,1.356,1.356,eastmoney_f10,2026-07-29T23:50:46
2024-03-13,1.355,1.355,eastmoney_f10,2026-07-29T23:50:46
2024-03-14,1.355,1.355,eastmoney_f10,2026-07-29T23:50:46
2024-03-15,1.349,1.349,eastmoney_f10,2026-07-29T23:50:46
2024-03-18,1.348,1.348,eastmoney_f10,2026-07-29T23:50:46
2024-03-19,1.35,1.35,eastmoney_f10,2026-07-29T23:50:46
2024-03-20,1.352,1.352,eastmoney_f10,2026-07-29T23:50:46
2024-03-21,1.369,1.369,eastmoney_f10,2026-07-29T23:50:46
2024-03-22,1.365,1.365,eastmoney_f10,2026-07-29T23:50:46
2024-03-25,1.364,1.364,eastmoney_f10,2026-07-29T23:50:46
2024-03-26,1.374,1.374,eastmoney_f10,2026-07-29T23:50:46
2024-03-27,1.38,1.38,eastmoney_f10,2026-07-29T23:50:46
2024-03-28,1.379,1.379,eastmoney_f10,2026-07-29T23:50:46
2024-03-29,1.374,1.374,eastmoney_f10,2026-07-29T23:50:46
2024-04-01,1.376,1.376,eastmoney_f10,2026-07-29T23:50:46
2024-04-02,1.356,1.356,eastmoney_f10,2026-07-29T23:50:46
2024-04-03,1.365,1.365,eastmoney_f10,2026-07-29T23:50:46
2024-04-08,1.367,1.367,eastmoney_f10,2026-07-29T23:50:46
2024-04-09,1.353,1.353,eastmoney_f10,2026-07-29T23:50:46
2024-04-10,1.355,1.355,eastmoney_f10,2026-07-29T23:50:46
2024-04-11,1.332,1.332,eastmoney_f10,2026-07-29T23:50:46
2024-04-12,1.328,1.328,eastmoney_f10,2026-07-29T23:50:46
2024-04-15,1.329,1.329,eastmoney_f10,2026-07-29T23:50:46
2024-04-16,1.306,1.306,eastmoney_f10,2026-07-29T23:50:46
2024-04-17,1.307,1.307,eastmoney_f10,2026-07-29T23:50:46
2024-04-18,1.312,1.312,eastmoney_f10,2026-07-29T23:50:46
2024-04-19,1.302,1.302,eastmoney_f10,2026-07-29T23:50:46
2024-04-22,1.312,1.312,eastmoney_f10,2026-07-29T23:50:46
2024-04-23,1.334,1.334,eastmoney_f10,2026-07-29T23:50:46
2024-04-24,1.335,1.335,eastmoney_f10,2026-07-29T23:50:46
2024-04-25,1.323,1.323,eastmoney_f10,2026-07-29T23:50:46
2024-04-26,1.343,1.343,eastmoney_f10,2026-07-29T23:50:46
2024-04-29,1.338,1.338,eastmoney_f10,2026-07-29T23:50:46
2024-04-30,1.324,1.324,eastmoney_f10,2026-07-29T23:50:46
2024-05-06,1.343,1.343,eastmoney_f10,2026-07-29T23:50:46
2024-05-07,1.363,1.363,eastmoney_f10,2026-07-29T23:50:46
2024-05-08,1.367,1.367,eastmoney_f10,2026-07-29T23:50:46
2024-05-09,1.378,1.378,eastmoney_f10,2026-07-29T23:50:46
2024-05-10,1.387,1.387,eastmoney_f10,2026-07-29T23:50:46
2024-05-13,1.385,1.385,eastmoney_f10,2026-07-29T23:50:46
2024-05-14,1.385,1.385,eastmoney_f10,2026-07-29T23:50:46
2024-05-15,1.399,1.399,eastmoney_f10,2026-07-29T23:50:46
2024-05-16,1.395,1.395,eastmoney_f10,2026-07-29T23:50:46
2024-05-17,1.39,1.39,eastmoney_f10,2026-07-29T23:50:46
2024-05-20,1.396,1.396,eastmoney_f10,2026-07-29T23:50:46
2024-05-21,1.392,1.392,eastmoney_f10,2026-07-29T23:50:46
2024-05-22,1.388,1.388,eastmoney_f10,2026-07-29T23:50:46
2024-05-23,1.386,1.386,eastmoney_f10,2026-07-29T23:50:46
2024-05-24,1.385,1.385,eastmoney_f10,2026-07-29T23:50:46
2024-05-27,1.393,1.393,eastmoney_f10,2026-07-29T23:50:46
2024-05-28,1.388,1.388,eastmoney_f10,2026-07-29T23:50:46
2024-05-29,1.373,1.373,eastmoney_f10,2026-07-29T23:50:46
2024-05-30,1.369,1.369,eastmoney_f10,2026-07-29T23:50:46
2024-05-31,1.371,1.371,eastmoney_f10,2026-07-29T23:50:46
2024-06-03,1.381,1.381,eastmoney_f10,2026-07-29T23:50:46
2024-06-04,1.372,1.372,eastmoney_f10,2026-07-29T23:50:46
2024-06-05,1.383,1.383,eastmoney_f10,2026-07-29T23:50:46
2024-06-06,1.388,1.388,eastmoney_f10,2026-07-29T23:50:46
2024-06-07,1.383,1.383,eastmoney_f10,2026-07-29T23:50:46
2024-06-11,1.355,1.355,eastmoney_f10,2026-07-29T23:50:46
2024-06-12,1.371,1.371,eastmoney_f10,2026-07-29T23:50:46
2024-06-13,1.351,1.351,eastmoney_f10,2026-07-29T23:50:46
2024-06-14,1.325,1.325,eastmoney_f10,2026-07-29T23:50:46
2024-06-17,1.325,1.325,eastmoney_f10,2026-07-29T23:50:46
2024-06-18,1.334,1.334,eastmoney_f10,2026-07-29T23:50:46
2024-06-19,1.328,1.328,eastmoney_f10,2026-07-29T23:50:46
2024-06-20,1.343,1.343,eastmoney_f10,2026-07-29T23:50:46
2024-06-21,1.333,1.333,eastmoney_f10,2026-07-29T23:50:46
2024-06-24,1.343,1.343,eastmoney_f10,2026-07-29T23:50:46
2024-06-25,1.336,1.336,eastmoney_f10,2026-07-29T23:50:46
2024-06-26,1.332,1.332,eastmoney_f10,2026-07-29T23:50:46
2024-06-27,1.334,1.334,eastmoney_f10,2026-07-29T23:50:46
2024-06-28,1.338,1.338,eastmoney_f10,2026-07-29T23:50:46
2024-06-30,1.337,1.337,eastmoney_f10,2026-07-29T23:50:46
2024-07-01,1.345,1.345,eastmoney_f10,2026-07-29T23:50:46
2024-07-02,1.337,1.337,eastmoney_f10,2026-07-29T23:50:46
2024-07-03,1.353,1.353,eastmoney_f10,2026-07-29T23:50:46
2024-07-04,1.364,1.364,eastmoney_f10,2026-07-29T23:50:46
2024-07-05,1.368,1.368,eastmoney_f10,2026-07-29T23:50:46
2024-07-08,1.369,1.369,eastmoney_f10,2026-07-29T23:50:46
2024-07-09,1.353,1.353,eastmoney_f10,2026-07-29T23:50:46
2024-07-10,1.365,1.365,eastmoney_f10,2026-07-29T23:50:46
2024-07-11,1.377,1.377,eastmoney_f10,2026-07-29T23:50:46
2024-07-12,1.394,1.394,eastmoney_f10,2026-07-29T23:50:46
2024-07-15,1.386,1.386,eastmoney_f10,2026-07-29T23:50:46
2024-07-16,1.382,1.382,eastmoney_f10,2026-07-29T23:50:46
2024-07-17,1.377,1.377,eastmoney_f10,2026-07-29T23:50:46
2024-07-18,1.373,1.373,eastmoney_f10,2026-07-29T23:50:46
2024-07-19,1.357,1.357,eastmoney_f10,2026-07-29T23:50:46
2024-07-22,1.374,1.374,eastmoney_f10,2026-07-29T23:50:46
2024-07-23,1.385,1.385,eastmoney_f10,2026-07-29T23:50:46
2024-07-24,1.367,1.367,eastmoney_f10,2026-07-29T23:50:46
2024-07-25,1.359,1.359,eastmoney_f10,2026-07-29T23:50:46
2024-07-26,1.367,1.367,eastmoney_f10,2026-07-29T23:50:46
2024-07-29,1.361,1.361,eastmoney_f10,2026-07-29T23:50:46
2024-07-30,1.365,1.365,eastmoney_f10,2026-07-29T23:50:46
2024-07-31,1.371,1.371,eastmoney_f10,2026-07-29T23:50:46
2024-08-01,1.338,1.338,eastmoney_f10,2026-07-29T23:50:46
2024-08-02,1.305,1.305,eastmoney_f10,2026-07-29T23:50:46
2024-08-05,1.291,1.291,eastmoney_f10,2026-07-29T23:50:46
2024-08-06,1.296,1.296,eastmoney_f10,2026-07-29T23:50:46
2024-08-07,1.313,1.313,eastmoney_f10,2026-07-29T23:50:46
2024-08-08,1.32,1.32,eastmoney_f10,2026-07-29T23:50:46
2024-08-09,1.322,1.322,eastmoney_f10,2026-07-29T23:50:46
2024-08-12,1.322,1.322,eastmoney_f10,2026-07-29T23:50:46
2024-08-13,1.331,1.331,eastmoney_f10,2026-07-29T23:50:46
2024-08-14,1.341,1.341,eastmoney_f10,2026-07-29T23:50:46
2024-08-15,1.365,1.365,eastmoney_f10,2026-07-29T23:50:46
2024-08-16,1.373,1.373,eastmoney_f10,2026-07-29T23:50:46
2024-08-19,1.385,1.385,eastmoney_f10,2026-07-29T23:50:46
2024-08-20,1.384,1.384,eastmoney_f10,2026-07-29T23:50:46
2024-08-21,1.396,1.396,eastmoney_f10,2026-07-29T23:50:46
2024-08-22,1.402,1.402,eastmoney_f10,2026-07-29T23:50:46
2024-08-23,1.41,1.41,eastmoney_f10,2026-07-29T23:50:46
2024-08-26,1.413,1.413,eastmoney_f10,2026-07-29T23:50:46
2024-08-27,1.417,1.417,eastmoney_f10,2026-07-29T23:50:46
2024-08-28,1.426,1.426,eastmoney_f10,2026-07-29T23:50:46
2024-08-29,1.431,1.431,eastmoney_f10,2026-07-29T23:50:46
2024-08-30,1.421,1.421,eastmoney_f10,2026-07-29T23:50:46
2024-09-02,1.417,1.417,eastmoney_f10,2026-07-29T23:50:46
2024-09-03,1.407,1.407,eastmoney_f10,2026-07-29T23:50:46
2024-09-04,1.394,1.394,eastmoney_f10,2026-07-29T23:50:46
2024-09-05,1.394,1.394,eastmoney_f10,2026-07-29T23:50:46
2024-09-06,1.375,1.375,eastmoney_f10,2026-07-29T23:50:46
2024-09-09,1.384,1.384,eastmoney_f10,2026-07-29T23:50:46
2024-09-10,1.368,1.368,eastmoney_f10,2026-07-29T23:50:46
2024-09-11,1.371,1.371,eastmoney_f10,2026-07-29T23:50:46
2024-09-12,1.385,1.385,eastmoney_f10,2026-07-29T23:50:46
2024-09-13,1.403,1.403,eastmoney_f10,2026-07-29T23:50:46
2024-09-18,1.406,1.406,eastmoney_f10,2026-07-29T23:50:46
2024-09-19,1.429,1.429,eastmoney_f10,2026-07-29T23:50:46
2024-09-20,1.407,1.407,eastmoney_f10,2026-07-29T23:50:46
2024-09-23,1.414,1.414,eastmoney_f10,2026-07-29T23:50:46
2024-09-24,1.419,1.419,eastmoney_f10,2026-07-29T23:50:46
2024-09-25,1.4159,1.4159,eastmoney_f10,2026-07-29T23:50:46
2024-09-26,1.4358,1.4358,eastmoney_f10,2026-07-29T23:50:46
2024-09-27,1.4536,1.4536,eastmoney_f10,2026-07-29T23:50:46
2024-09-30,1.4414,1.4414,eastmoney_f10,2026-07-29T23:50:46
2024-10-08,1.411,1.411,eastmoney_f10,2026-07-29T23:50:46
2024-10-09,1.4214,1.4214,eastmoney_f10,2026-07-29T23:50:46
2024-10-10,1.4167,1.4167,eastmoney_f10,2026-07-29T23:50:46
2024-10-11,1.4268,1.4268,eastmoney_f10,2026-07-29T23:50:46
2024-10-14,1.435,1.435,eastmoney_f10,2026-07-29T23:50:46
2024-10-15,1.4336,1.4336,eastmoney_f10,2026-07-29T23:50:46
2024-10-16,1.434,1.434,eastmoney_f10,2026-07-29T23:50:46
2024-10-17,1.4418,1.4418,eastmoney_f10,2026-07-29T23:50:46
2024-10-18,1.4442,1.4442,eastmoney_f10,2026-07-29T23:50:46
2024-10-21,1.4288,1.4288,eastmoney_f10,2026-07-29T23:50:46
2024-10-22,1.424,1.424,eastmoney_f10,2026-07-29T23:50:46
2024-10-23,1.4188,1.4188,eastmoney_f10,2026-07-29T23:50:46
2024-10-24,1.4227,1.4227,eastmoney_f10,2026-07-29T23:50:46
2024-10-25,1.4253,1.4253,eastmoney_f10,2026-07-29T23:50:46
2024-10-28,1.4311,1.4311,eastmoney_f10,2026-07-29T23:50:46
2024-10-29,1.4287,1.4287,eastmoney_f10,2026-07-29T23:50:46
2024-10-30,1.4156,1.4156,eastmoney_f10,2026-07-29T23:50:46
2024-10-31,1.4039,1.4039,eastmoney_f10,2026-07-29T23:50:46
2024-11-01,1.4183,1.4183,eastmoney_f10,2026-07-29T23:50:46
2024-11-04,1.4103,1.4103,eastmoney_f10,2026-07-29T23:50:46
2024-11-05,1.4149,1.4149,eastmoney_f10,2026-07-29T23:50:46
2024-11-06,1.402,1.402,eastmoney_f10,2026-07-29T23:50:46
2024-11-07,1.4158,1.4158,eastmoney_f10,2026-07-29T23:50:46
2024-11-08,1.409,1.409,eastmoney_f10,2026-07-29T23:50:46
2024-11-11,1.4227,1.4227,eastmoney_f10,2026-07-29T23:50:46
2024-11-12,1.3875,1.3875,eastmoney_f10,2026-07-29T23:50:46
2024-11-13,1.3892,1.3892,eastmoney_f10,2026-07-29T23:50:46
2024-11-14,1.3983,1.3983,eastmoney_f10,2026-07-29T23:50:46
2024-11-15,1.3912,1.3912,eastmoney_f10,2026-07-29T23:50:46
2024-11-18,1.3876,1.3876,eastmoney_f10,2026-07-29T23:50:46
2024-11-19,1.3846,1.3846,eastmoney_f10,2026-07-29T23:50:46
2024-11-20,1.3828,1.3828,eastmoney_f10,2026-07-29T23:50:46
2024-11-21,1.387,1.387,eastmoney_f10,2026-07-29T23:50:46
2024-11-22,1.3898,1.3898,eastmoney_f10,2026-07-29T23:50:46
2024-11-25,1.3958,1.3958,eastmoney_f10,2026-07-29T23:50:46
2024-11-26,1.3873,1.3873,eastmoney_f10,2026-07-29T23:50:46
2024-11-27,1.387,1.387,eastmoney_f10,2026-07-29T23:50:46
2024-11-28,1.4067,1.4067,eastmoney_f10,2026-07-29T23:50:46
2024-11-29,1.4197,1.4197,eastmoney_f10,2026-07-29T23:50:46
2024-12-02,1.4381,1.4381,eastmoney_f10,2026-07-29T23:50:46
2024-12-03,1.4423,1.4423,eastmoney_f10,2026-07-29T23:50:46
2024-12-04,1.4601,1.4601,eastmoney_f10,2026-07-29T23:50:46
2024-12-05,1.4682,1.4682,eastmoney_f10,2026-07-29T23:50:46
2024-12-06,1.4766,1.4766,eastmoney_f10,2026-07-29T23:50:46
2024-12-09,1.4726,1.4726,eastmoney_f10,2026-07-29T23:50:46
2024-12-10,1.4718,1.4718,eastmoney_f10,2026-07-29T23:50:46
2024-12-11,1.4727,1.4727,eastmoney_f10,2026-07-29T23:50:46
2024-12-12,1.4704,1.4704,eastmoney_f10,2026-07-29T23:50:46
2024-12-13,1.4666,1.4666,eastmoney_f10,2026-07-29T23:50:46
2024-12-16,1.4638,1.4638,eastmoney_f10,2026-07-29T23:50:46
2024-12-17,1.4604,1.4604,eastmoney_f10,2026-07-29T23:50:46
2024-12-18,1.4576,1.4576,eastmoney_f10,2026-07-29T23:50:46
2024-12-19,1.4227,1.4227,eastmoney_f10,2026-07-29T23:50:46
2024-12-20,1.4164,1.4164,eastmoney_f10,2026-07-29T23:50:46
2024-12-23,1.4195,1.4195,eastmoney_f10,2026-07-29T23:50:46
2024-12-24,1.418,1.418,eastmoney_f10,2026-07-29T23:50:46
2024-12-25,1.4169,1.4169,eastmoney_f10,2026-07-29T23:50:46
2024-12-26,1.4165,1.4165,eastmoney_f10,2026-07-29T23:50:46
2024-12-27,1.429,1.429,eastmoney_f10,2026-07-29T23:50:46
2024-12-30,1.425,1.425,eastmoney_f10,2026-07-29T23:50:46
2024-12-31,1.4222,1.4222,eastmoney_f10,2026-07-29T23:50:46
2025-01-02,1.4238,1.4238,eastmoney_f10,2026-07-29T23:50:46
2025-01-03,1.4038,1.4038,eastmoney_f10,2026-07-29T23:50:46
2025-01-06,1.4287,1.4287,eastmoney_f10,2026-07-29T23:50:46
2025-01-07,1.4485,1.4485,eastmoney_f10,2026-07-29T23:50:46
2025-01-08,1.4452,1.4452,eastmoney_f10,2026-07-29T23:50:46
2025-01-09,1.4404,1.4404,eastmoney_f10,2026-07-29T23:50:46
2025-01-10,1.4302,1.4302,eastmoney_f10,2026-07-29T23:50:46
2025-01-13,1.4187,1.4187,eastmoney_f10,2026-07-29T23:50:46
2025-01-14,1.428,1.428,eastmoney_f10,2026-07-29T23:50:46
2025-01-15,1.4555,1.4555,eastmoney_f10,2026-07-29T23:50:46
2025-01-16,1.459,1.459,eastmoney_f10,2026-07-29T23:50:46
2025-01-17,1.4786,1.4786,eastmoney_f10,2026-07-29T23:50:46
2025-01-20,1.4783,1.4783,eastmoney_f10,2026-07-29T23:50:46
2025-01-21,1.4965,1.4965,eastmoney_f10,2026-07-29T23:50:46
2025-01-22,1.5103,1.5103,eastmoney_f10,2026-07-29T23:50:46
2025-01-23,1.5223,1.5223,eastmoney_f10,2026-07-29T23:50:46
2025-01-24,1.5216,1.5216,eastmoney_f10,2026-07-29T23:50:46
2025-01-27,1.5184,1.5184,eastmoney_f10,2026-07-29T23:50:46
2025-02-05,1.5291,1.5291,eastmoney_f10,2026-07-29T23:50:46
2025-02-06,1.5524,1.5524,eastmoney_f10,2026-07-29T23:50:46
2025-02-07,1.5437,1.5437,eastmoney_f10,2026-07-29T23:50:46
2025-02-10,1.5424,1.5424,eastmoney_f10,2026-07-29T23:50:46
2025-02-11,1.5519,1.5519,eastmoney_f10,2026-07-29T23:50:46
2025-02-12,1.5667,1.5667,eastmoney_f10,2026-07-29T23:50:46
2025-02-13,1.6061,1.6061,eastmoney_f10,2026-07-29T23:50:46
2025-02-14,1.6033,1.6033,eastmoney_f10,2026-07-29T23:50:46
2025-02-17,1.6249,1.6249,eastmoney_f10,2026-07-29T23:50:46
2025-02-18,1.6267,1.6267,eastmoney_f10,2026-07-29T23:50:46
2025-02-19,1.5946,1.5946,eastmoney_f10,2026-07-29T23:50:46
2025-02-20,1.583,1.583,eastmoney_f10,2026-07-29T23:50:46
2025-02-21,1.5877,1.5877,eastmoney_f10,2026-07-29T23:50:46
2025-02-24,1.5991,1.5991,eastmoney_f10,2026-07-29T23:50:46
2025-02-25,1.5948,1.5948,eastmoney_f10,2026-07-29T23:50:46
2025-02-26,1.6303,1.6303,eastmoney_f10,2026-07-29T23:50:46
2025-02-27,1.6093,1.6093,eastmoney_f10,2026-07-29T23:50:46
2025-02-28,1.5988,1.5988,eastmoney_f10,2026-07-29T23:50:46
2025-03-03,1.6428,1.6428,eastmoney_f10,2026-07-29T23:50:46
2025-03-04,1.5938,1.5938,eastmoney_f10,2026-07-29T23:50:46
2025-03-05,1.6654,1.6654,eastmoney_f10,2026-07-29T23:50:46
2025-03-06,1.7132,1.7132,eastmoney_f10,2026-07-29T23:50:46
2025-03-07,1.6837,1.6837,eastmoney_f10,2026-07-29T23:50:46
2025-03-10,1.665,1.665,eastmoney_f10,2026-07-29T23:50:46
2025-03-11,1.6439,1.6439,eastmoney_f10,2026-07-29T23:50:46
2025-03-12,1.6758,1.6758,eastmoney_f10,2026-07-29T23:50:46
2025-03-13,1.6655,1.6655,eastmoney_f10,2026-07-29T23:50:46
2025-03-14,1.6916,1.6916,eastmoney_f10,2026-07-29T23:50:46
2025-03-17,1.7051,1.7051,eastmoney_f10,2026-07-29T23:50:46
2025-03-18,1.7269,1.7269,eastmoney_f10,2026-07-29T23:50:46
2025-03-19,1.7241,1.7241,eastmoney_f10,2026-07-29T23:50:46
2025-03-20,1.699,1.699,eastmoney_f10,2026-07-29T23:50:46
2025-03-21,1.6859,1.6859,eastmoney_f10,2026-07-29T23:50:46
2025-03-24,1.6783,1.6783,eastmoney_f10,2026-07-29T23:50:46
2025-03-25,1.6942,1.6942,eastmoney_f10,2026-07-29T23:50:46
2025-03-26,1.6714,1.6714,eastmoney_f10,2026-07-29T23:50:46
2025-03-27,1.6552,1.6552,eastmoney_f10,2026-07-29T23:50:46
2025-03-28,1.6448,1.6448,eastmoney_f10,2026-07-29T23:50:46
2025-03-31,1.6268,1.6268,eastmoney_f10,2026-07-29T23:50:46
2025-04-01,1.6533,1.6533,eastmoney_f10,2026-07-29T23:50:46
2025-04-02,1.6404,1.6404,eastmoney_f10,2026-07-29T23:50:46
2025-04-03,1.6026,1.6026,eastmoney_f10,2026-07-29T23:50:46
2025-04-07,1.476,1.476,eastmoney_f10,2026-07-29T23:50:46
2025-04-08,1.5094,1.5094,eastmoney_f10,2026-07-29T23:50:46
2025-04-09,1.4724,1.4724,eastmoney_f10,2026-07-29T23:50:46
2025-04-10,1.5353,1.5353,eastmoney_f10,2026-07-29T23:50:46
2025-04-11,1.5556,1.5556,eastmoney_f10,2026-07-29T23:50:46
2025-04-14,1.6161,1.6161,eastmoney_f10,2026-07-29T23:50:46
2025-04-15,1.6365,1.6365,eastmoney_f10,2026-07-29T23:50:46
2025-04-16,1.6352,1.6352,eastmoney_f10,2026-07-29T23:50:46
2025-04-17,1.6407,1.6407,eastmoney_f10,2026-07-29T23:50:46
2025-04-18,1.6378,1.6378,eastmoney_f10,2026-07-29T23:50:46
2025-04-21,1.6469,1.6469,eastmoney_f10,2026-07-29T23:50:46
2025-04-22,1.6629,1.6629,eastmoney_f10,2026-07-29T23:50:46
2025-04-23,1.6977,1.6977,eastmoney_f10,2026-07-29T23:50:46
2025-04-24,1.6986,1.6986,eastmoney_f10,2026-07-29T23:50:46
2025-04-25,1.7142,1.7142,eastmoney_f10,2026-07-29T23:50:46
2025-04-28,1.7133,1.7133,eastmoney_f10,2026-07-29T23:50:46
2025-04-29,1.7294,1.7294,eastmoney_f10,2026-07-29T23:50:46
2025-04-30,1.732,1.732,eastmoney_f10,2026-07-29T23:50:46
2025-05-06,1.772,1.772,eastmoney_f10,2026-07-29T23:50:46
2025-05-07,1.7645,1.7645,eastmoney_f10,2026-07-29T23:50:46
2025-05-08,1.7803,1.7803,eastmoney_f10,2026-07-29T23:50:46
2025-05-09,1.7798,1.7798,eastmoney_f10,2026-07-29T23:50:46
2025-05-12,1.7838,1.7838,eastmoney_f10,2026-07-29T23:50:46
2025-05-13,1.7668,1.7668,eastmoney_f10,2026-07-29T23:50:46
2025-05-14,1.7652,1.7652,eastmoney_f10,2026-07-29T23:50:46
2025-05-15,1.7808,1.7808,eastmoney_f10,2026-07-29T23:50:46
2025-05-16,1.7851,1.7851,eastmoney_f10,2026-07-29T23:50:46
2025-05-19,1.7968,1.7968,eastmoney_f10,2026-07-29T23:50:46
2025-05-20,1.8099,1.8099,eastmoney_f10,2026-07-29T23:50:46
2025-05-21,1.8262,1.8262,eastmoney_f10,2026-07-29T23:50:46
2025-05-22,1.821,1.821,eastmoney_f10,2026-07-29T23:50:46
2025-05-23,1.7887,1.7887,eastmoney_f10,2026-07-29T23:50:46
2025-05-26,1.827,1.827,eastmoney_f10,2026-07-29T23:50:46
2025-05-27,1.8457,1.8457,eastmoney_f10,2026-07-29T23:50:46
2025-05-28,1.8249,1.8249,eastmoney_f10,2026-07-29T23:50:46
2025-05-29,1.8056,1.8056,eastmoney_f10,2026-07-29T23:50:46
2025-05-30,1.8226,1.8226,eastmoney_f10,2026-07-29T23:50:46
2025-06-03,1.8409,1.8409,eastmoney_f10,2026-07-29T23:50:46
2025-06-04,1.8479,1.8479,eastmoney_f10,2026-07-29T23:50:46
2025-06-05,1.8557,1.8557,eastmoney_f10,2026-07-29T23:50:46
2025-06-06,1.8569,1.8569,eastmoney_f10,2026-07-29T23:50:46
2025-06-09,1.8432,1.8432,eastmoney_f10,2026-07-29T23:50:46
2025-06-10,1.8318,1.8318,eastmoney_f10,2026-07-29T23:50:46
2025-06-11,1.8289,1.8289,eastmoney_f10,2026-07-29T23:50:46
2025-06-12,1.8259,1.8259,eastmoney_f10,2026-07-29T23:50:46
2025-06-13,1.8174,1.8174,eastmoney_f10,2026-07-29T23:50:46
2025-06-16,1.8267,1.8267,eastmoney_f10,2026-07-29T23:50:46
2025-06-17,1.8079,1.8079,eastmoney_f10,2026-07-29T23:50:46
2025-06-18,1.7914,1.7914,eastmoney_f10,2026-07-29T23:50:46
2025-06-19,1.7684,1.7684,eastmoney_f10,2026-07-29T23:50:46
2025-06-20,1.7947,1.7947,eastmoney_f10,2026-07-29T23:50:46
2025-06-23,1.7865,1.7865,eastmoney_f10,2026-07-29T23:50:46
2025-06-24,1.8274,1.8274,eastmoney_f10,2026-07-29T23:50:46
2025-06-25,1.8188,1.8188,eastmoney_f10,2026-07-29T23:50:46
2025-06-26,1.838,1.838,eastmoney_f10,2026-07-29T23:50:46
2025-06-27,1.871,1.871,eastmoney_f10,2026-07-29T23:50:46
2025-06-30,1.8668,1.8668,eastmoney_f10,2026-07-29T23:50:46
2025-07-01,1.8549,1.8549,eastmoney_f10,2026-07-29T23:50:46
2025-07-02,1.8667,1.8667,eastmoney_f10,2026-07-29T23:50:46
2025-07-03,1.8781,1.8781,eastmoney_f10,2026-07-29T23:50:46
2025-07-04,1.8615,1.8615,eastmoney_f10,2026-07-29T23:50:46
2025-07-07,1.8849,1.8849,eastmoney_f10,2026-07-29T23:50:46
2025-07-08,1.8913,1.8913,eastmoney_f10,2026-07-29T23:50:46
2025-07-09,1.9147,1.9147,eastmoney_f10,2026-07-29T23:50:46
2025-07-10,1.9087,1.9087,eastmoney_f10,2026-07-29T23:50:46
2025-07-11,1.8858,1.8858,eastmoney_f10,2026-07-29T23:50:46
2025-07-14,1.8766,1.8766,eastmoney_f10,2026-07-29T23:50:46
2025-07-15,1.867,1.867,eastmoney_f10,2026-07-29T23:50:46
2025-07-16,1.8551,1.8551,eastmoney_f10,2026-07-29T23:50:46
2025-07-17,1.8832,1.8832,eastmoney_f10,2026-07-29T23:50:46
2025-07-18,1.8759,1.8759,eastmoney_f10,2026-07-29T23:50:46
2025-07-21,1.8784,1.8784,eastmoney_f10,2026-07-29T23:50:46
2025-07-22,1.8663,1.8663,eastmoney_f10,2026-07-29T23:50:46
2025-07-23,1.8887,1.8887,eastmoney_f10,2026-07-29T23:50:46
2025-07-24,1.8964,1.8964,eastmoney_f10,2026-07-29T23:50:46
2025-07-25,1.8886,1.8886,eastmoney_f10,2026-07-29T23:50:46
2025-07-28,1.871,1.871,eastmoney_f10,2026-07-29T23:50:46
2025-07-29,1.8676,1.8676,eastmoney_f10,2026-07-29T23:50:46
2025-07-30,1.8634,1.8634,eastmoney_f10,2026-07-29T23:50:46
2025-07-31,1.8315,1.8315,eastmoney_f10,2026-07-29T23:50:46
2025-08-01,1.7827,1.7827,eastmoney_f10,2026-07-29T23:50:46
2025-08-04,1.8245,1.8245,eastmoney_f10,2026-07-29T23:50:46
2025-08-05,1.8325,1.8325,eastmoney_f10,2026-07-29T23:50:46
2025-08-06,1.8388,1.8388,eastmoney_f10,2026-07-29T23:50:46
2025-08-07,1.8707,1.8707,eastmoney_f10,2026-07-29T23:50:46
2025-08-08,1.8704,1.8704,eastmoney_f10,2026-07-29T23:50:46
2025-08-11,1.8631,1.8631,eastmoney_f10,2026-07-29T23:50:46
2025-08-12,1.8545,1.8545,eastmoney_f10,2026-07-29T23:50:46
2025-08-13,1.8737,1.8737,eastmoney_f10,2026-07-29T23:50:46
2025-08-14,1.8922,1.8922,eastmoney_f10,2026-07-29T23:50:46
2025-08-15,1.8828,1.8828,eastmoney_f10,2026-07-29T23:50:46
2025-08-18,1.8876,1.8876,eastmoney_f10,2026-07-29T23:50:46
2025-08-19,1.8903,1.8903,eastmoney_f10,2026-07-29T23:50:46
2025-08-20,1.8748,1.8748,eastmoney_f10,2026-07-29T23:50:46
2025-08-21,1.877,1.877,eastmoney_f10,2026-07-29T23:50:46
2025-08-22,1.8755,1.8755,eastmoney_f10,2026-07-29T23:50:46
2025-08-25,1.8787,1.8787,eastmoney_f10,2026-07-29T23:50:46
2025-08-26,1.8594,1.8594,eastmoney_f10,2026-07-29T23:50:46
2025-08-27,1.8496,1.8496,eastmoney_f10,2026-07-29T23:50:46
2025-08-28,1.8488,1.8488,eastmoney_f10,2026-07-29T23:50:46
2025-08-29,1.8404,1.8404,eastmoney_f10,2026-07-29T23:50:46
2025-09-01,1.853,1.853,eastmoney_f10,2026-07-29T23:50:46
2025-09-02,1.8144,1.8144,eastmoney_f10,2026-07-29T23:50:46
2025-09-03,1.8135,1.8135,eastmoney_f10,2026-07-29T23:50:46
2025-09-04,1.8294,1.8294,eastmoney_f10,2026-07-29T23:50:46
2025-09-05,1.8154,1.8154,eastmoney_f10,2026-07-29T23:50:46
2025-09-08,1.8383,1.8383,eastmoney_f10,2026-07-29T23:50:46
2025-09-09,1.8386,1.8386,eastmoney_f10,2026-07-29T23:50:46
2025-09-10,1.8233,1.8233,eastmoney_f10,2026-07-29T23:50:46
2025-09-11,1.8273,1.8273,eastmoney_f10,2026-07-29T23:50:46
2025-09-12,1.8303,1.8303,eastmoney_f10,2026-07-29T23:50:46
2025-09-15,1.8341,1.8341,eastmoney_f10,2026-07-29T23:50:46
2025-09-16,1.8065,1.8065,eastmoney_f10,2026-07-29T23:50:46
2025-09-17,1.8231,1.8231,eastmoney_f10,2026-07-29T23:50:46
2025-09-18,1.8429,1.8429,eastmoney_f10,2026-07-29T23:50:46
2025-09-19,1.8362,1.8362,eastmoney_f10,2026-07-29T23:50:46
2025-09-22,1.8196,1.8196,eastmoney_f10,2026-07-29T23:50:46
2025-09-23,1.8336,1.8336,eastmoney_f10,2026-07-29T23:50:46
2025-09-24,1.8391,1.8391,eastmoney_f10,2026-07-29T23:50:46
2025-09-25,1.8216,1.8216,eastmoney_f10,2026-07-29T23:50:46
2025-09-26,1.8267,1.8267,eastmoney_f10,2026-07-29T23:50:46
2025-09-29,1.8314,1.8314,eastmoney_f10,2026-07-29T23:50:46
2025-09-30,1.8425,1.8425,eastmoney_f10,2026-07-29T23:50:46
2025-10-09,1.8868,1.8868,eastmoney_f10,2026-07-29T23:50:46
2025-10-10,1.8478,1.8478,eastmoney_f10,2026-07-29T23:50:46
2025-10-13,1.8627,1.8627,eastmoney_f10,2026-07-29T23:50:46
2025-10-14,1.8451,1.8451,eastmoney_f10,2026-07-29T23:50:46
2025-10-15,1.8463,1.8463,eastmoney_f10,2026-07-29T23:50:46
2025-10-16,1.8584,1.8584,eastmoney_f10,2026-07-29T23:50:46
2025-10-17,1.8316,1.8316,eastmoney_f10,2026-07-29T23:50:46
2025-10-20,1.8604,1.8604,eastmoney_f10,2026-07-29T23:50:46
2025-10-21,1.8622,1.8622,eastmoney_f10,2026-07-29T23:50:46
2025-10-22,1.8422,1.8422,eastmoney_f10,2026-07-29T23:50:46
2025-10-23,1.8461,1.8461,eastmoney_f10,2026-07-29T23:50:46
2025-10-24,1.8496,1.8496,eastmoney_f10,2026-07-29T23:50:46
2025-10-27,1.856,1.856,eastmoney_f10,2026-07-29T23:50:46
2025-10-28,1.8554,1.8554,eastmoney_f10,2026-07-29T23:50:46
2025-10-29,1.8426,1.8426,eastmoney_f10,2026-07-29T23:50:46
2025-10-30,1.8369,1.8369,eastmoney_f10,2026-07-29T23:50:46
2025-10-31,1.8203,1.8203,eastmoney_f10,2026-07-29T23:50:46
2025-11-03,1.827,1.827,eastmoney_f10,2026-07-29T23:50:46
2025-11-04,1.8113,1.8113,eastmoney_f10,2026-07-29T23:50:46
2025-11-05,1.8152,1.8152,eastmoney_f10,2026-07-29T23:50:46
2025-11-06,1.7921,1.7921,eastmoney_f10,2026-07-29T23:50:46
2025-11-07,1.7851,1.7851,eastmoney_f10,2026-07-29T23:50:46
2025-11-10,1.8158,1.8158,eastmoney_f10,2026-07-29T23:50:46
2025-11-11,1.8262,1.8262,eastmoney_f10,2026-07-29T23:50:46
2025-11-12,1.852,1.852,eastmoney_f10,2026-07-29T23:50:46
2025-11-13,1.8276,1.8276,eastmoney_f10,2026-07-29T23:50:46
2025-11-14,1.8188,1.8188,eastmoney_f10,2026-07-29T23:50:46
2025-11-17,1.7945,1.7945,eastmoney_f10,2026-07-29T23:50:46
2025-11-18,1.7618,1.7618,eastmoney_f10,2026-07-29T23:50:46
2025-11-19,1.7595,1.7595,eastmoney_f10,2026-07-29T23:50:46
2025-11-20,1.7632,1.7632,eastmoney_f10,2026-07-29T23:50:46
2025-11-21,1.7469,1.7469,eastmoney_f10,2026-07-29T23:50:46
2025-11-24,1.7541,1.7541,eastmoney_f10,2026-07-29T23:50:46
2025-11-25,1.7719,1.7719,eastmoney_f10,2026-07-29T23:50:46
2025-11-26,1.7959,1.7959,eastmoney_f10,2026-07-29T23:50:46
2025-11-27,1.8024,1.8024,eastmoney_f10,2026-07-29T23:50:46
2025-11-28,1.8079,1.8079,eastmoney_f10,2026-07-29T23:50:46
2025-12-01,1.7886,1.7886,eastmoney_f10,2026-07-29T23:50:46
2025-12-02,1.799,1.799,eastmoney_f10,2026-07-29T23:50:46
2025-12-03,1.7995,1.7995,eastmoney_f10,2026-07-29T23:50:46
2025-12-04,1.8173,1.8173,eastmoney_f10,2026-07-29T23:50:46
2025-12-05,1.8284,1.8284,eastmoney_f10,2026-07-29T23:50:46
2025-12-08,1.8295,1.8295,eastmoney_f10,2026-07-29T23:50:46
2025-12-09,1.8383,1.8383,eastmoney_f10,2026-07-29T23:50:46
2025-12-10,1.8331,1.8331,eastmoney_f10,2026-07-29T23:50:46
2025-12-11,1.8526,1.8526,eastmoney_f10,2026-07-29T23:50:46
2025-12-12,1.8499,1.8499,eastmoney_f10,2026-07-29T23:50:46
2025-12-15,1.8534,1.8534,eastmoney_f10,2026-07-29T23:50:46
2025-12-16,1.8424,1.8424,eastmoney_f10,2026-07-29T23:50:46
2025-12-17,1.8314,1.8314,eastmoney_f10,2026-07-29T23:50:46
2025-12-18,1.8487,1.8487,eastmoney_f10,2026-07-29T23:50:46
2025-12-19,1.8524,1.8524,eastmoney_f10,2026-07-29T23:50:46
2025-12-22,1.8502,1.8502,eastmoney_f10,2026-07-29T23:50:46
2025-12-23,1.8606,1.8606,eastmoney_f10,2026-07-29T23:50:46
2025-12-24,1.8636,1.8636,eastmoney_f10,2026-07-29T23:50:46
2025-12-25,1.8604,1.8604,eastmoney_f10,2026-07-29T23:50:46
2025-12-26,1.8587,1.8587,eastmoney_f10,2026-07-29T23:50:46
2025-12-29,1.857,1.857,eastmoney_f10,2026-07-29T23:50:46
2025-12-30,1.8688,1.8688,eastmoney_f10,2026-07-29T23:50:46
2025-12-31,1.8618,1.8618,eastmoney_f10,2026-07-29T23:50:46
2026-01-05,1.8826,1.8826,eastmoney_f10,2026-07-29T23:50:46
2026-01-06,1.8821,1.8821,eastmoney_f10,2026-07-29T23:50:46
2026-01-07,1.897,1.897,eastmoney_f10,2026-07-29T23:50:46
2026-01-08,1.8963,1.8963,eastmoney_f10,2026-07-29T23:50:46
2026-01-09,1.9016,1.9016,eastmoney_f10,2026-07-29T23:50:46
2026-01-12,1.9087,1.9087,eastmoney_f10,2026-07-29T23:50:46
2026-01-13,1.9112,1.9112,eastmoney_f10,2026-07-29T23:50:46
2026-01-14,1.9004,1.9004,eastmoney_f10,2026-07-29T23:50:46
2026-01-15,1.9028,1.9028,eastmoney_f10,2026-07-29T23:50:46
2026-01-16,1.8929,1.8929,eastmoney_f10,2026-07-29T23:50:46
2026-01-19,1.8682,1.8682,eastmoney_f10,2026-07-29T23:50:46
2026-01-20,1.8509,1.8509,eastmoney_f10,2026-07-29T23:50:46
2026-01-21,1.8524,1.8524,eastmoney_f10,2026-07-29T23:50:46
2026-01-22,1.8701,1.8701,eastmoney_f10,2026-07-29T23:50:46
2026-01-23,1.8807,1.8807,eastmoney_f10,2026-07-29T23:50:46
2026-01-26,1.8963,1.8963,eastmoney_f10,2026-07-29T23:50:46
2026-01-27,1.899,1.899,eastmoney_f10,2026-07-29T23:50:46
2026-01-28,1.9081,1.9081,eastmoney_f10,2026-07-29T23:50:46
2026-01-29,1.8666,1.8666,eastmoney_f10,2026-07-29T23:50:46
2026-01-30,1.8819,1.8819,eastmoney_f10,2026-07-29T23:50:46
2026-02-02,1.8889,1.8889,eastmoney_f10,2026-07-29T23:50:46
2026-02-03,1.8773,1.8773,eastmoney_f10,2026-07-29T23:50:46
2026-02-04,1.8629,1.8629,eastmoney_f10,2026-07-29T23:50:46
2026-02-05,1.8521,1.8521,eastmoney_f10,2026-07-29T23:50:46
2026-02-06,1.8671,1.8671,eastmoney_f10,2026-07-29T23:50:46
2026-02-09,1.8917,1.8917,eastmoney_f10,2026-07-29T23:50:46
2026-02-10,1.8998,1.8998,eastmoney_f10,2026-07-29T23:50:46
2026-02-11,1.8873,1.8873,eastmoney_f10,2026-07-29T23:50:46
2026-02-12,1.8835,1.8835,eastmoney_f10,2026-07-29T23:50:46
2026-02-13,1.8859,1.8859,eastmoney_f10,2026-07-29T23:50:46
2026-02-24,1.8807,1.8807,eastmoney_f10,2026-07-29T23:50:46
2026-02-25,1.8864,1.8864,eastmoney_f10,2026-07-29T23:50:46
2026-02-26,1.8972,1.8972,eastmoney_f10,2026-07-29T23:50:46
2026-02-27,1.8913,1.8913,eastmoney_f10,2026-07-29T23:50:46
2026-03-02,1.8414,1.8414,eastmoney_f10,2026-07-29T23:50:46
2026-03-03,1.7693,1.7693,eastmoney_f10,2026-07-29T23:50:46
2026-03-04,1.7895,1.7895,eastmoney_f10,2026-07-29T23:50:46
2026-03-05,1.7635,1.7635,eastmoney_f10,2026-07-29T23:50:46
2026-03-06,1.7421,1.7421,eastmoney_f10,2026-07-29T23:50:46
2026-03-09,1.7197,1.7197,eastmoney_f10,2026-07-29T23:50:46
2026-03-10,1.7711,1.7711,eastmoney_f10,2026-07-29T23:50:46
2026-03-11,1.7424,1.7424,eastmoney_f10,2026-07-29T23:50:46
2026-03-12,1.7303,1.7303,eastmoney_f10,2026-07-29T23:50:46
2026-03-13,1.7164,1.7164,eastmoney_f10,2026-07-29T23:50:46
2026-03-16,1.7158,1.7158,eastmoney_f10,2026-07-29T23:50:46
2026-03-17,1.7335,1.7335,eastmoney_f10,2026-07-29T23:50:46
2026-03-18,1.7209,1.7209,eastmoney_f10,2026-07-29T23:50:46
2026-03-19,1.6655,1.6655,eastmoney_f10,2026-07-29T23:50:46
2026-03-20,1.6434,1.6434,eastmoney_f10,2026-07-29T23:50:46
2026-03-23,1.6631,1.6631,eastmoney_f10,2026-07-29T23:50:46
2026-03-24,1.6669,1.6669,eastmoney_f10,2026-07-29T23:50:46
2026-03-25,1.6916,1.6916,eastmoney_f10,2026-07-29T23:50:46
2026-03-26,1.662,1.662,eastmoney_f10,2026-07-29T23:50:46
2026-03-27,1.6371,1.6371,eastmoney_f10,2026-07-29T23:50:46
2026-03-30,1.653,1.653,eastmoney_f10,2026-07-29T23:50:46
2026-03-31,1.6568,1.6568,eastmoney_f10,2026-07-29T23:50:46
2026-04-01,1.7121,1.7121,eastmoney_f10,2026-07-29T23:50:46
2026-04-02,1.7021,1.7021,eastmoney_f10,2026-07-29T23:50:46
2026-04-03,1.6963,1.6963,eastmoney_f10,2026-07-29T23:50:46
2026-04-07,1.6761,1.6761,eastmoney_f10,2026-07-29T23:50:46
2026-04-08,1.7727,1.7727,eastmoney_f10,2026-07-29T23:50:46
2026-04-09,1.7477,1.7477,eastmoney_f10,2026-07-29T23:50:46
2026-04-10,1.7539,1.7539,eastmoney_f10,2026-07-29T23:50:46
2026-04-13,1.7485,1.7485,eastmoney_f10,2026-07-29T23:50:46
2026-04-14,1.7798,1.7798,eastmoney_f10,2026-07-29T23:50:46
2026-04-15,1.7845,1.7845,eastmoney_f10,2026-07-29T23:50:46
2026-04-16,1.7935,1.7935,eastmoney_f10,2026-07-29T23:50:46
2026-04-17,1.8311,1.8311,eastmoney_f10,2026-07-29T23:50:46
2026-04-20,1.8053,1.8053,eastmoney_f10,2026-07-29T23:50:46
2026-04-21,1.7977,1.7977,eastmoney_f10,2026-07-29T23:50:46
2026-04-22,1.7876,1.7876,eastmoney_f10,2026-07-29T23:50:46
2026-04-23,1.7808,1.7808,eastmoney_f10,2026-07-29T23:50:46
2026-04-24,1.7762,1.7762,eastmoney_f10,2026-07-29T23:50:46
2026-04-27,1.7746,1.7746,eastmoney_f10,2026-07-29T23:50:46
2026-04-28,1.7705,1.7705,eastmoney_f10,2026-07-29T23:50:46
2026-04-29,1.7658,1.7658,eastmoney_f10,2026-07-29T23:50:46
2026-04-30,1.7861,1.7861,eastmoney_f10,2026-07-29T23:50:46
2026-05-06,1.8306,1.8306,eastmoney_f10,2026-07-29T23:50:46
2026-05-07,1.8146,1.8146,eastmoney_f10,2026-07-29T23:50:46
2026-05-08,1.7863,1.7863,eastmoney_f10,2026-07-29T23:50:46
2026-05-11,1.7898,1.7898,eastmoney_f10,2026-07-29T23:50:46
2026-05-12,1.7624,1.7624,eastmoney_f10,2026-07-29T23:50:46
2026-05-13,1.769,1.769,eastmoney_f10,2026-07-29T23:50:46
2026-05-14,1.7879,1.7879,eastmoney_f10,2026-07-29T23:50:46
2026-05-15,1.7442,1.7442,eastmoney_f10,2026-07-29T23:50:46
2026-05-18,1.7644,1.7644,eastmoney_f10,2026-07-29T23:50:46
2026-05-19,1.7747,1.7747,eastmoney_f10,2026-07-29T23:50:46
2026-05-20,1.7937,1.7937,eastmoney_f10,2026-07-29T23:50:46
2026-05-21,1.7849,1.7849,eastmoney_f10,2026-07-29T23:50:46
2026-05-22,1.8041,1.8041,eastmoney_f10,2026-07-29T23:50:46
2026-05-25,1.8422,1.8422,eastmoney_f10,2026-07-29T23:50:46
2026-05-26,1.8259,1.8259,eastmoney_f10,2026-07-29T23:50:46
2026-05-27,1.8254,1.8254,eastmoney_f10,2026-07-29T23:50:46
2026-05-28,1.8164,1.8164,eastmoney_f10,2026-07-29T23:50:46
2026-05-29,1.8178,1.8178,eastmoney_f10,2026-07-29T23:50:46
2026-06-01,1.8093,1.8093,eastmoney_f10,2026-07-29T23:50:46
2026-06-02,1.8169,1.8169,eastmoney_f10,2026-07-29T23:50:46
2026-06-03,1.7914,1.7914,eastmoney_f10,2026-07-29T23:50:46
2026-06-04,1.8003,1.8003,eastmoney_f10,2026-07-29T23:50:46
2026-06-05,1.787,1.787,eastmoney_f10,2026-07-29T23:50:46
2026-06-08,1.767,1.767,eastmoney_f10,2026-07-29T23:50:46
2026-06-09,1.7519,1.7519,eastmoney_f10,2026-07-29T23:50:46
2026-06-10,1.7348,1.7348,eastmoney_f10,2026-07-29T23:50:46
2026-06-11,1.7364,1.7364,eastmoney_f10,2026-07-29T23:50:46
2026-06-12,1.7699,1.7699,eastmoney_f10,2026-07-29T23:50:46
2026-06-15,1.7909,1.7909,eastmoney_f10,2026-07-29T23:50:46
2026-06-16,1.7908,1.7908,eastmoney_f10,2026-07-29T23:50:46
2026-06-17,1.7956,1.7956,eastmoney_f10,2026-07-29T23:50:46
2026-06-18,1.7888,1.7888,eastmoney_f10,2026-07-29T23:50:46
2026-06-22,1.7893,1.7893,eastmoney_f10,2026-07-29T23:50:46
2026-06-23,1.7675,1.7675,eastmoney_f10,2026-07-29T23:50:46
2026-06-24,1.7512,1.7512,eastmoney_f10,2026-07-29T23:50:46
2026-06-25,1.7672,1.7672,eastmoney_f10,2026-07-29T23:50:46
2026-06-26,1.7455,1.7455,eastmoney_f10,2026-07-29T23:50:46
2026-06-29,1.7457,1.7457,eastmoney_f10,2026-07-29T23:50:46
2026-06-30,1.774,1.774,eastmoney_f10,2026-07-29T23:50:46
2026-07-01,1.7753,1.7753,eastmoney_f10,2026-07-29T23:50:46
2026-07-02,1.8085,1.8085,eastmoney_f10,2026-07-29T23:50:46
2026-07-03,1.8284,1.8284,eastmoney_f10,2026-07-29T23:50:46
2026-07-06,1.8331,1.8331,eastmoney_f10,2026-07-29T23:50:46
2026-07-07,1.8096,1.8096,eastmoney_f10,2026-07-29T23:50:46
2026-07-08,1.7655,1.7655,eastmoney_f10,2026-07-29T23:50:46
2026-07-09,1.7829,1.7829,eastmoney_f10,2026-07-29T23:50:46
2026-07-10,1.7799,1.7799,eastmoney_f10,2026-07-29T23:50:46
2026-07-13,1.7759,1.7759,eastmoney_f10,2026-07-29T23:50:46
2026-07-14,1.7775,1.7775,eastmoney_f10,2026-07-29T23:50:46
2026-07-15,1.77,1.77,eastmoney_f10,2026-07-29T23:50:46
2026-07-16,1.7681,1.7681,eastmoney_f10,2026-07-29T23:50:46
2026-07-17,1.7612,1.7612,eastmoney_f10,2026-07-29T23:50:46
2026-07-20,1.7607,1.7607,eastmoney_f10,2026-07-29T23:50:46
2026-07-21,1.7685,1.7685,eastmoney_f10,2026-07-29T23:50:46
2026-07-22,1.7774,1.7774,eastmoney_f10,2026-07-29T23:50:46
2026-07-23,1.7504,1.7504,eastmoney_f10,2026-07-29T23:50:46
2026-07-24,1.7709,1.7709,eastmoney_f10,2026-07-29T23:50:46
2026-07-27,1.7905,1.7905,eastmoney_f10,2026-07-29T23:50:46
2026-07-28,1.7944,1.7944,eastmoney_f10,2026-07-29T23:50:46
