trade_date,unit_nav,cum_nav,source,updated_at
2013-04-25,1.0,1.0,eastmoney_f10,2026-07-29T23:50:46
2013-04-26,1.0,1.0,eastmoney_f10,2026-07-29T23:50:46
2013-05-03,1.0,1.0,eastmoney_f10,2026-07-29T23:50:46
2013-05-08,1.0,1.0,eastmoney_f10,2026-07-29T23:50:46
2013-05-10,1.001,1.001,eastmoney_f10,2026-07-29T23:50:46
2013-05-14,1.001,1.001,eastmoney_f10,2026-07-29T23:50:46
2013-05-15,1.001,1.001,eastmoney_f10,2026-07-29T23:50:46
2013-05-16,1.003,1.003,eastmoney_f10,2026-07-29T23:50:46
2013-05-17,1.004,1.004,eastmoney_f10,2026-07-29T23:50:46
2013-05-20,1.006,1.006,eastmoney_f10,2026-07-29T23:50:46
2013-05-21,1.006,1.006,eastmoney_f10,2026-07-29T23:50:46
2013-05-22,0.999,0.999,eastmoney_f10,2026-07-29T23:50:46
2013-05-23,0.998,0.998,eastmoney_f10,2026-07-29T23:50:46
2013-05-24,0.997,0.997,eastmoney_f10,2026-07-29T23:50:46
2013-05-28,1.002,1.002,eastmoney_f10,2026-07-29T23:50:46
2013-05-29,0.998,0.998,eastmoney_f10,2026-07-29T23:50:46
2013-05-30,1.002,1.002,eastmoney_f10,2026-07-29T23:50:46
2013-05-31,0.994,0.994,eastmoney_f10,2026-07-29T23:50:46
2013-06-03,0.996,0.996,eastmoney_f10,2026-07-29T23:50:46
2013-06-04,0.99,0.99,eastmoney_f10,2026-07-29T23:50:46
2013-06-05,0.98,0.98,eastmoney_f10,2026-07-29T23:50:46
2013-06-06,0.983,0.983,eastmoney_f10,2026-07-29T23:50:46
2013-06-07,0.993,0.993,eastmoney_f10,2026-07-29T23:50:46
2013-06-13,0.985,0.985,eastmoney_f10,2026-07-29T23:50:46
2013-06-14,0.979,0.979,eastmoney_f10,2026-07-29T23:50:46
2013-06-17,0.987,0.987,eastmoney_f10,2026-07-29T23:50:46
2013-06-18,0.996,0.996,eastmoney_f10,2026-07-29T23:50:46
2013-06-19,0.985,0.985,eastmoney_f10,2026-07-29T23:50:46
2013-06-20,0.961,0.961,eastmoney_f10,2026-07-29T23:50:46
2013-06-21,0.958,0.958,eastmoney_f10,2026-07-29T23:50:46
2013-06-24,0.949,0.949,eastmoney_f10,2026-07-29T23:50:46
2013-06-25,0.955,0.955,eastmoney_f10,2026-07-29T23:50:46
2013-06-26,0.964,0.964,eastmoney_f10,2026-07-29T23:50:46
2013-06-27,0.968,0.968,eastmoney_f10,2026-07-29T23:50:46
2013-06-28,0.969,0.969,eastmoney_f10,2026-07-29T23:50:46
2013-06-30,0.969,0.969,eastmoney_f10,2026-07-29T23:50:46
2013-07-01,0.975,0.975,eastmoney_f10,2026-07-29T23:50:46
2013-07-02,0.975,0.975,eastmoney_f10,2026-07-29T23:50:46
2013-07-03,0.98,0.98,eastmoney_f10,2026-07-29T23:50:46
2013-07-05,0.987,0.987,eastmoney_f10,2026-07-29T23:50:46
2013-07-08,0.988,0.988,eastmoney_f10,2026-07-29T23:50:46
2013-07-09,0.993,0.993,eastmoney_f10,2026-07-29T23:50:46
2013-07-10,0.997,0.997,eastmoney_f10,2026-07-29T23:50:46
2013-07-11,1.016,1.016,eastmoney_f10,2026-07-29T23:50:46
2013-07-12,1.022,1.022,eastmoney_f10,2026-07-29T23:50:46
2013-07-15,1.024,1.024,eastmoney_f10,2026-07-29T23:50:46
2013-07-16,1.024,1.024,eastmoney_f10,2026-07-29T23:50:46
2013-07-17,1.026,1.026,eastmoney_f10,2026-07-29T23:50:46
2013-07-18,1.024,1.024,eastmoney_f10,2026-07-29T23:50:46
2013-07-19,1.013,1.013,eastmoney_f10,2026-07-29T23:50:46
2013-07-22,1.016,1.016,eastmoney_f10,2026-07-29T23:50:46
2013-07-23,1.008,1.008,eastmoney_f10,2026-07-29T23:50:46
2013-07-24,1.011,1.011,eastmoney_f10,2026-07-29T23:50:46
2013-07-25,1.019,1.019,eastmoney_f10,2026-07-29T23:50:46
2013-07-26,1.023,1.023,eastmoney_f10,2026-07-29T23:50:46
2013-07-29,1.021,1.021,eastmoney_f10,2026-07-29T23:50:46
2013-07-30,1.027,1.027,eastmoney_f10,2026-07-29T23:50:46
2013-07-31,1.029,1.029,eastmoney_f10,2026-07-29T23:50:46
2013-08-01,1.04,1.04,eastmoney_f10,2026-07-29T23:50:46
2013-08-02,1.046,1.046,eastmoney_f10,2026-07-29T23:50:46
2013-08-05,1.046,1.046,eastmoney_f10,2026-07-29T23:50:46
2013-08-06,1.039,1.039,eastmoney_f10,2026-07-29T23:50:46
2013-08-07,1.037,1.037,eastmoney_f10,2026-07-29T23:50:46
2013-08-08,1.042,1.042,eastmoney_f10,2026-07-29T23:50:46
2013-08-09,1.037,1.037,eastmoney_f10,2026-07-29T23:50:46
2013-08-12,1.039,1.039,eastmoney_f10,2026-07-29T23:50:46
2013-08-13,1.045,1.045,eastmoney_f10,2026-07-29T23:50:46
2013-08-14,1.041,1.041,eastmoney_f10,2026-07-29T23:50:46
2013-08-15,1.023,1.023,eastmoney_f10,2026-07-29T23:50:46
2013-08-16,1.021,1.021,eastmoney_f10,2026-07-29T23:50:46
2013-08-19,1.02,1.02,eastmoney_f10,2026-07-29T23:50:46
2013-08-20,1.025,1.025,eastmoney_f10,2026-07-29T23:50:46
2013-08-21,1.021,1.021,eastmoney_f10,2026-07-29T23:50:46
2013-08-22,1.031,1.031,eastmoney_f10,2026-07-29T23:50:46
2013-08-23,1.039,1.039,eastmoney_f10,2026-07-29T23:50:46
2013-08-26,1.037,1.037,eastmoney_f10,2026-07-29T23:50:46
2013-08-27,1.017,1.017,eastmoney_f10,2026-07-29T23:50:46
2013-08-28,1.02,1.02,eastmoney_f10,2026-07-29T23:50:46
2013-08-29,1.027,1.027,eastmoney_f10,2026-07-29T23:50:46
2013-08-30,1.021,1.021,eastmoney_f10,2026-07-29T23:50:46
2013-09-03,1.027,1.027,eastmoney_f10,2026-07-29T23:50:46
2013-09-04,1.038,1.038,eastmoney_f10,2026-07-29T23:50:46
2013-09-05,1.039,1.039,eastmoney_f10,2026-07-29T23:50:46
2013-09-06,1.041,1.041,eastmoney_f10,2026-07-29T23:50:46
2013-09-09,1.052,1.052,eastmoney_f10,2026-07-29T23:50:46
2013-09-10,1.057,1.057,eastmoney_f10,2026-07-29T23:50:46
2013-09-11,1.055,1.055,eastmoney_f10,2026-07-29T23:50:46
2013-09-12,1.053,1.053,eastmoney_f10,2026-07-29T23:50:46
2013-09-13,1.054,1.054,eastmoney_f10,2026-07-29T23:50:46
2013-09-16,1.051,1.051,eastmoney_f10,2026-07-29T23:50:46
2013-09-17,1.059,1.059,eastmoney_f10,2026-07-29T23:50:46
2013-09-18,1.072,1.072,eastmoney_f10,2026-07-29T23:50:46
2013-09-23,1.067,1.067,eastmoney_f10,2026-07-29T23:50:46
2013-09-24,1.067,1.067,eastmoney_f10,2026-07-29T23:50:46
2013-09-25,1.063,1.063,eastmoney_f10,2026-07-29T23:50:46
2013-09-26,1.071,1.071,eastmoney_f10,2026-07-29T23:50:46
2013-09-27,1.07,1.07,eastmoney_f10,2026-07-29T23:50:46
2013-09-30,1.066,1.066,eastmoney_f10,2026-07-29T23:50:46
2013-10-08,1.045,1.045,eastmoney_f10,2026-07-29T23:50:46
2013-10-09,1.042,1.042,eastmoney_f10,2026-07-29T23:50:46
2013-10-10,1.064,1.064,eastmoney_f10,2026-07-29T23:50:46
2013-10-11,1.072,1.072,eastmoney_f10,2026-07-29T23:50:46
2013-10-14,1.079,1.079,eastmoney_f10,2026-07-29T23:50:46
2013-10-15,1.075,1.075,eastmoney_f10,2026-07-29T23:50:46
2013-10-16,1.087,1.087,eastmoney_f10,2026-07-29T23:50:46
2013-10-17,1.093,1.093,eastmoney_f10,2026-07-29T23:50:46
2013-10-18,1.109,1.109,eastmoney_f10,2026-07-29T23:50:46
2013-10-21,1.111,1.111,eastmoney_f10,2026-07-29T23:50:46
2013-10-22,1.113,1.113,eastmoney_f10,2026-07-29T23:50:46
2013-10-23,1.106,1.106,eastmoney_f10,2026-07-29T23:50:46
2013-10-24,1.111,1.111,eastmoney_f10,2026-07-29T23:50:46
2013-10-25,1.118,1.118,eastmoney_f10,2026-07-29T23:50:46
2013-10-28,1.118,1.118,eastmoney_f10,2026-07-29T23:50:46
2013-10-29,1.121,1.121,eastmoney_f10,2026-07-29T23:50:46
2013-10-30,1.12,1.12,eastmoney_f10,2026-07-29T23:50:46
2013-10-31,1.118,1.118,eastmoney_f10,2026-07-29T23:50:46
2013-11-01,1.119,1.119,eastmoney_f10,2026-07-29T23:50:46
2013-11-04,1.121,1.121,eastmoney_f10,2026-07-29T23:50:46
2013-11-05,1.122,1.122,eastmoney_f10,2026-07-29T23:50:46
2013-11-06,1.122,1.122,eastmoney_f10,2026-07-29T23:50:46
2013-11-07,1.101,1.101,eastmoney_f10,2026-07-29T23:50:46
2013-11-08,1.114,1.114,eastmoney_f10,2026-07-29T23:50:46
2013-11-11,1.112,1.112,eastmoney_f10,2026-07-29T23:50:46
2013-11-12,1.113,1.113,eastmoney_f10,2026-07-29T23:50:46
2013-11-13,1.126,1.126,eastmoney_f10,2026-07-29T23:50:46
2013-11-14,1.129,1.129,eastmoney_f10,2026-07-29T23:50:46
2013-11-15,1.131,1.131,eastmoney_f10,2026-07-29T23:50:46
2013-11-18,1.12,1.12,eastmoney_f10,2026-07-29T23:50:46
2013-11-19,1.117,1.117,eastmoney_f10,2026-07-29T23:50:46
2013-11-20,1.113,1.113,eastmoney_f10,2026-07-29T23:50:46
2013-11-21,1.128,1.128,eastmoney_f10,2026-07-29T23:50:46
2013-11-22,1.134,1.134,eastmoney_f10,2026-07-29T23:50:46
2013-11-25,1.135,1.135,eastmoney_f10,2026-07-29T23:50:46
2013-11-26,1.142,1.142,eastmoney_f10,2026-07-29T23:50:46
2013-11-27,1.146,1.146,eastmoney_f10,2026-07-29T23:50:46
2013-11-29,1.152,1.152,eastmoney_f10,2026-07-29T23:50:46
2013-12-02,1.149,1.149,eastmoney_f10,2026-07-29T23:50:46
2013-12-03,1.149,1.149,eastmoney_f10,2026-07-29T23:50:46
2013-12-04,1.15,1.15,eastmoney_f10,2026-07-29T23:50:46
2013-12-05,1.148,1.148,eastmoney_f10,2026-07-29T23:50:46
2013-12-06,1.155,1.155,eastmoney_f10,2026-07-29T23:50:46
2013-12-09,1.157,1.157,eastmoney_f10,2026-07-29T23:50:46
2013-12-10,1.156,1.156,eastmoney_f10,2026-07-29T23:50:46
2013-12-11,1.141,1.141,eastmoney_f10,2026-07-29T23:50:46
2013-12-12,1.138,1.138,eastmoney_f10,2026-07-29T23:50:46
2013-12-13,1.137,1.137,eastmoney_f10,2026-07-29T23:50:46
2013-12-16,1.143,1.143,eastmoney_f10,2026-07-29T23:50:46
2013-12-17,1.141,1.141,eastmoney_f10,2026-07-29T23:50:46
2013-12-18,1.154,1.154,eastmoney_f10,2026-07-29T23:50:46
2013-12-19,1.152,1.152,eastmoney_f10,2026-07-29T23:50:46
2013-12-20,1.164,1.164,eastmoney_f10,2026-07-29T23:50:46
2013-12-23,1.175,1.175,eastmoney_f10,2026-07-29T23:50:46
2013-12-24,1.176,1.176,eastmoney_f10,2026-07-29T23:50:46
2013-12-26,1.18,1.18,eastmoney_f10,2026-07-29T23:50:46
2013-12-27,1.174,1.174,eastmoney_f10,2026-07-29T23:50:46
2013-12-30,1.172,1.172,eastmoney_f10,2026-07-29T23:50:46
2013-12-31,1.178,1.178,eastmoney_f10,2026-07-29T23:50:46
2014-01-02,1.17,1.17,eastmoney_f10,2026-07-29T23:50:46
2014-01-03,1.163,1.163,eastmoney_f10,2026-07-29T23:50:46
2014-01-06,1.16,1.16,eastmoney_f10,2026-07-29T23:50:46
2014-01-07,1.17,1.17,eastmoney_f10,2026-07-29T23:50:46
2014-01-08,1.173,1.173,eastmoney_f10,2026-07-29T23:50:46
2014-01-09,1.169,1.169,eastmoney_f10,2026-07-29T23:50:46
2014-01-10,1.171,1.171,eastmoney_f10,2026-07-29T23:50:46
2014-01-13,1.153,1.153,eastmoney_f10,2026-07-29T23:50:46
2014-01-14,1.174,1.174,eastmoney_f10,2026-07-29T23:50:46
2014-01-15,1.184,1.184,eastmoney_f10,2026-07-29T23:50:46
2014-01-16,1.186,1.186,eastmoney_f10,2026-07-29T23:50:46
2014-01-17,1.179,1.179,eastmoney_f10,2026-07-29T23:50:46
2014-01-21,1.188,1.188,eastmoney_f10,2026-07-29T23:50:46
2014-01-22,1.191,1.191,eastmoney_f10,2026-07-29T23:50:46
2014-01-23,1.187,1.187,eastmoney_f10,2026-07-29T23:50:46
2014-01-24,1.163,1.163,eastmoney_f10,2026-07-29T23:50:46
2014-01-27,1.153,1.153,eastmoney_f10,2026-07-29T23:50:46
2014-01-28,1.151,1.151,eastmoney_f10,2026-07-29T23:50:46
2014-01-29,1.139,1.139,eastmoney_f10,2026-07-29T23:50:46
2014-01-30,1.16,1.16,eastmoney_f10,2026-07-29T23:50:46
2014-02-07,1.169,1.169,eastmoney_f10,2026-07-29T23:50:46
2014-02-10,1.176,1.176,eastmoney_f10,2026-07-29T23:50:46
2014-02-11,1.188,1.188,eastmoney_f10,2026-07-29T23:50:46
2014-02-12,1.19,1.19,eastmoney_f10,2026-07-29T23:50:46
2014-02-13,1.2,1.2,eastmoney_f10,2026-07-29T23:50:46
2014-02-14,1.201,1.201,eastmoney_f10,2026-07-29T23:50:46
2014-02-18,1.206,1.206,eastmoney_f10,2026-07-29T23:50:46
2014-02-19,1.199,1.199,eastmoney_f10,2026-07-29T23:50:46
2014-02-20,1.205,1.205,eastmoney_f10,2026-07-29T23:50:46
2014-02-21,1.203,1.203,eastmoney_f10,2026-07-29T23:50:46
2014-02-24,1.21,1.21,eastmoney_f10,2026-07-29T23:50:46
2014-02-25,1.208,1.208,eastmoney_f10,2026-07-29T23:50:46
2014-02-26,1.207,1.207,eastmoney_f10,2026-07-29T23:50:46
2014-02-27,1.215,1.215,eastmoney_f10,2026-07-29T23:50:46
2014-02-28,1.214,1.214,eastmoney_f10,2026-07-29T23:50:46
2014-03-03,1.205,1.205,eastmoney_f10,2026-07-29T23:50:46
2014-03-04,1.221,1.221,eastmoney_f10,2026-07-29T23:50:46
2014-03-05,1.224,1.224,eastmoney_f10,2026-07-29T23:50:46
2014-03-06,1.222,1.222,eastmoney_f10,2026-07-29T23:50:46
2014-03-07,1.216,1.216,eastmoney_f10,2026-07-29T23:50:46
2014-03-10,1.219,1.219,eastmoney_f10,2026-07-29T23:50:46
2014-03-11,1.215,1.215,eastmoney_f10,2026-07-29T23:50:46
2014-03-12,1.22,1.22,eastmoney_f10,2026-07-29T23:50:46
2014-03-13,1.202,1.202,eastmoney_f10,2026-07-29T23:50:46
2014-03-14,1.195,1.195,eastmoney_f10,2026-07-29T23:50:46
2014-03-17,1.205,1.205,eastmoney_f10,2026-07-29T23:50:46
2014-03-18,1.219,1.219,eastmoney_f10,2026-07-29T23:50:46
2014-03-19,1.212,1.212,eastmoney_f10,2026-07-29T23:50:46
2014-03-20,1.217,1.217,eastmoney_f10,2026-07-29T23:50:46
2014-03-21,1.204,1.204,eastmoney_f10,2026-07-29T23:50:46
2014-03-24,1.193,1.193,eastmoney_f10,2026-07-29T23:50:46
2014-03-25,1.196,1.196,eastmoney_f10,2026-07-29T23:50:46
2014-03-26,1.182,1.182,eastmoney_f10,2026-07-29T23:50:46
2014-03-27,1.176,1.176,eastmoney_f10,2026-07-29T23:50:46
2014-03-28,1.178,1.178,eastmoney_f10,2026-07-29T23:50:46
2014-03-31,1.186,1.186,eastmoney_f10,2026-07-29T23:50:46
2014-04-01,1.207,1.207,eastmoney_f10,2026-07-29T23:50:46
2014-04-02,1.209,1.209,eastmoney_f10,2026-07-29T23:50:46
2014-04-03,1.2,1.2,eastmoney_f10,2026-07-29T23:50:46
2014-04-04,1.169,1.169,eastmoney_f10,2026-07-29T23:50:46
2014-04-08,1.168,1.168,eastmoney_f10,2026-07-29T23:50:46
2014-04-09,1.187,1.187,eastmoney_f10,2026-07-29T23:50:46
2014-04-10,1.151,1.151,eastmoney_f10,2026-07-29T23:50:46
2014-04-11,1.138,1.138,eastmoney_f10,2026-07-29T23:50:46
2014-04-14,1.147,1.147,eastmoney_f10,2026-07-29T23:50:46
2014-04-15,1.152,1.152,eastmoney_f10,2026-07-29T23:50:46
2014-04-16,1.167,1.167,eastmoney_f10,2026-07-29T23:50:46
2014-04-17,1.167,1.167,eastmoney_f10,2026-07-29T23:50:46
2014-04-21,1.176,1.176,eastmoney_f10,2026-07-29T23:50:46
2014-04-22,1.185,1.185,eastmoney_f10,2026-07-29T23:50:46
2014-04-23,1.175,1.175,eastmoney_f10,2026-07-29T23:50:46
2014-04-24,1.185,1.185,eastmoney_f10,2026-07-29T23:50:46
2014-04-25,1.166,1.166,eastmoney_f10,2026-07-29T23:50:46
2014-04-28,1.17,1.17,eastmoney_f10,2026-07-29T23:50:46
2014-04-29,1.179,1.179,eastmoney_f10,2026-07-29T23:50:46
2014-04-30,1.182,1.182,eastmoney_f10,2026-07-29T23:50:46
2014-05-05,1.189,1.189,eastmoney_f10,2026-07-29T23:50:46
2014-05-06,1.173,1.173,eastmoney_f10,2026-07-29T23:50:46
2014-05-07,1.17,1.17,eastmoney_f10,2026-07-29T23:50:46
2014-05-08,1.169,1.169,eastmoney_f10,2026-07-29T23:50:46
2014-05-09,1.174,1.174,eastmoney_f10,2026-07-29T23:50:46
2014-05-12,1.194,1.194,eastmoney_f10,2026-07-29T23:50:46
2014-05-13,1.194,1.194,eastmoney_f10,2026-07-29T23:50:46
2014-05-14,1.189,1.189,eastmoney_f10,2026-07-29T23:50:46
2014-05-15,1.179,1.179,eastmoney_f10,2026-07-29T23:50:46
2014-05-16,1.186,1.186,eastmoney_f10,2026-07-29T23:50:46
2014-05-19,1.196,1.196,eastmoney_f10,2026-07-29T23:50:46
2014-05-20,1.191,1.191,eastmoney_f10,2026-07-29T23:50:46
2014-05-21,1.202,1.202,eastmoney_f10,2026-07-29T23:50:46
2014-05-22,1.208,1.208,eastmoney_f10,2026-07-29T23:50:46
2014-05-23,1.217,1.217,eastmoney_f10,2026-07-29T23:50:46
2014-05-27,1.232,1.232,eastmoney_f10,2026-07-29T23:50:46
2014-05-28,1.229,1.229,eastmoney_f10,2026-07-29T23:50:46
2014-05-29,1.236,1.236,eastmoney_f10,2026-07-29T23:50:46
2014-05-30,1.237,1.237,eastmoney_f10,2026-07-29T23:50:46
2014-06-03,1.235,1.235,eastmoney_f10,2026-07-29T23:50:46
2014-06-04,1.238,1.238,eastmoney_f10,2026-07-29T23:50:46
2014-06-05,1.25,1.25,eastmoney_f10,2026-07-29T23:50:46
2014-06-06,1.254,1.254,eastmoney_f10,2026-07-29T23:50:46
2014-06-09,1.252,1.252,eastmoney_f10,2026-07-29T23:50:46
2014-06-10,1.253,1.253,eastmoney_f10,2026-07-29T23:50:46
2014-06-11,1.253,1.253,eastmoney_f10,2026-07-29T23:50:46
2014-06-12,1.243,1.243,eastmoney_f10,2026-07-29T23:50:46
2014-06-13,1.246,1.246,eastmoney_f10,2026-07-29T23:50:46
2014-06-16,1.248,1.248,eastmoney_f10,2026-07-29T23:50:46
2014-06-17,1.248,1.248,eastmoney_f10,2026-07-29T23:50:46
2014-06-18,1.256,1.256,eastmoney_f10,2026-07-29T23:50:46
2014-06-19,1.254,1.254,eastmoney_f10,2026-07-29T23:50:46
2014-06-20,1.255,1.255,eastmoney_f10,2026-07-29T23:50:46
2014-06-23,1.256,1.256,eastmoney_f10,2026-07-29T23:50:46
2014-06-24,1.254,1.254,eastmoney_f10,2026-07-29T23:50:46
2014-06-25,1.263,1.263,eastmoney_f10,2026-07-29T23:50:46
2014-06-26,1.262,1.262,eastmoney_f10,2026-07-29T23:50:46
2014-06-27,1.268,1.268,eastmoney_f10,2026-07-29T23:50:46
2014-06-30,1.269,1.269,eastmoney_f10,2026-07-29T23:50:46
2014-07-01,1.284,1.284,eastmoney_f10,2026-07-29T23:50:46
2014-07-02,1.286,1.286,eastmoney_f10,2026-07-29T23:50:46
2014-07-03,1.295,1.295,eastmoney_f10,2026-07-29T23:50:46
2014-07-07,1.292,1.292,eastmoney_f10,2026-07-29T23:50:46
2014-07-08,1.276,1.276,eastmoney_f10,2026-07-29T23:50:46
2014-07-09,1.285,1.285,eastmoney_f10,2026-07-29T23:50:46
2014-07-10,1.278,1.278,eastmoney_f10,2026-07-29T23:50:46
2014-07-11,1.286,1.286,eastmoney_f10,2026-07-29T23:50:46
2014-07-14,1.294,1.294,eastmoney_f10,2026-07-29T23:50:46
2014-07-15,1.289,1.289,eastmoney_f10,2026-07-29T23:50:46
2014-07-16,1.295,1.295,eastmoney_f10,2026-07-29T23:50:46
2014-07-17,1.279,1.279,eastmoney_f10,2026-07-29T23:50:46
2014-07-18,1.298,1.298,eastmoney_f10,2026-07-29T23:50:46
2014-07-21,1.296,1.296,eastmoney_f10,2026-07-29T23:50:46
2014-07-22,1.305,1.305,eastmoney_f10,2026-07-29T23:50:46
2014-07-23,1.313,1.313,eastmoney_f10,2026-07-29T23:50:46
2014-07-24,1.312,1.312,eastmoney_f10,2026-07-29T23:50:46
2014-07-25,1.307,1.307,eastmoney_f10,2026-07-29T23:50:46
2014-07-28,1.308,1.308,eastmoney_f10,2026-07-29T23:50:46
2014-07-29,1.305,1.305,eastmoney_f10,2026-07-29T23:50:46
2014-07-30,1.311,1.311,eastmoney_f10,2026-07-29T23:50:46
2014-07-31,1.286,1.286,eastmoney_f10,2026-07-29T23:50:46
2014-08-01,1.282,1.282,eastmoney_f10,2026-07-29T23:50:46
2014-08-04,1.29,1.29,eastmoney_f10,2026-07-29T23:50:46
2014-08-05,1.279,1.279,eastmoney_f10,2026-07-29T23:50:46
2014-08-06,1.28,1.28,eastmoney_f10,2026-07-29T23:50:46
2014-08-07,1.275,1.275,eastmoney_f10,2026-07-29T23:50:46
2014-08-08,1.283,1.283,eastmoney_f10,2026-07-29T23:50:46
2014-08-11,1.289,1.289,eastmoney_f10,2026-07-29T23:50:46
2014-08-12,1.287,1.287,eastmoney_f10,2026-07-29T23:50:46
2014-08-13,1.302,1.302,eastmoney_f10,2026-07-29T23:50:46
2014-08-14,1.309,1.309,eastmoney_f10,2026-07-29T23:50:46
2014-08-15,1.315,1.315,eastmoney_f10,2026-07-29T23:50:46
2014-08-18,1.325,1.325,eastmoney_f10,2026-07-29T23:50:46
2014-08-19,1.332,1.332,eastmoney_f10,2026-07-29T23:50:46
2014-08-20,1.333,1.333,eastmoney_f10,2026-07-29T23:50:46
2014-08-21,1.336,1.336,eastmoney_f10,2026-07-29T23:50:46
2014-08-22,1.338,1.338,eastmoney_f10,2026-07-29T23:50:46
2014-08-25,1.344,1.344,eastmoney_f10,2026-07-29T23:50:46
2014-08-26,1.345,1.345,eastmoney_f10,2026-07-29T23:50:46
2014-08-27,1.346,1.346,eastmoney_f10,2026-07-29T23:50:46
2014-08-28,1.343,1.343,eastmoney_f10,2026-07-29T23:50:46
2014-08-29,1.349,1.349,eastmoney_f10,2026-07-29T23:50:46
2014-09-02,1.354,1.354,eastmoney_f10,2026-07-29T23:50:46
2014-09-03,1.346,1.346,eastmoney_f10,2026-07-29T23:50:46
2014-09-04,1.343,1.343,eastmoney_f10,2026-07-29T23:50:46
2014-09-05,1.352,1.352,eastmoney_f10,2026-07-29T23:50:46
2014-09-09,1.339,1.339,eastmoney_f10,2026-07-29T23:50:46
2014-09-10,1.348,1.348,eastmoney_f10,2026-07-29T23:50:46
2014-09-11,1.348,1.348,eastmoney_f10,2026-07-29T23:50:46
2014-09-12,1.34,1.34,eastmoney_f10,2026-07-29T23:50:46
2014-09-15,1.327,1.327,eastmoney_f10,2026-07-29T23:50:46
2014-09-16,1.339,1.339,eastmoney_f10,2026-07-29T23:50:46
2014-09-17,1.341,1.341,eastmoney_f10,2026-07-29T23:50:46
2014-09-18,1.351,1.351,eastmoney_f10,2026-07-29T23:50:46
2014-09-19,1.349,1.349,eastmoney_f10,2026-07-29T23:50:46
2014-09-22,1.337,1.337,eastmoney_f10,2026-07-29T23:50:46
2014-09-23,1.334,1.334,eastmoney_f10,2026-07-29T23:50:46
2014-09-24,1.348,1.348,eastmoney_f10,2026-07-29T23:50:46
2014-09-25,1.32,1.32,eastmoney_f10,2026-07-29T23:50:46
2014-09-26,1.335,1.335,eastmoney_f10,2026-07-29T23:50:46
2014-09-29,1.334,1.334,eastmoney_f10,2026-07-29T23:50:46
2014-09-30,1.335,1.335,eastmoney_f10,2026-07-29T23:50:46
2014-10-08,1.331,1.331,eastmoney_f10,2026-07-29T23:50:46
2014-10-09,1.307,1.307,eastmoney_f10,2026-07-29T23:50:46
2014-10-10,1.275,1.275,eastmoney_f10,2026-07-29T23:50:46
2014-10-13,1.255,1.255,eastmoney_f10,2026-07-29T23:50:46
2014-10-14,1.255,1.255,eastmoney_f10,2026-07-29T23:50:46
2014-10-15,1.248,1.248,eastmoney_f10,2026-07-29T23:50:46
2014-10-16,1.239,1.239,eastmoney_f10,2026-07-29T23:50:46
2014-10-17,1.256,1.256,eastmoney_f10,2026-07-29T23:50:46
2014-10-20,1.273,1.273,eastmoney_f10,2026-07-29T23:50:46
2014-10-21,1.304,1.304,eastmoney_f10,2026-07-29T23:50:46
2014-10-22,1.297,1.297,eastmoney_f10,2026-07-29T23:50:46
2014-10-23,1.317,1.317,eastmoney_f10,2026-07-29T23:50:46
2014-10-24,1.326,1.326,eastmoney_f10,2026-07-29T23:50:46
2014-10-27,1.326,1.326,eastmoney_f10,2026-07-29T23:50:46
2014-10-28,1.344,1.344,eastmoney_f10,2026-07-29T23:50:46
2014-10-29,1.339,1.339,eastmoney_f10,2026-07-29T23:50:46
2014-10-30,1.343,1.343,eastmoney_f10,2026-07-29T23:50:46
2014-10-31,1.361,1.361,eastmoney_f10,2026-07-29T23:50:46
2014-11-03,1.366,1.366,eastmoney_f10,2026-07-29T23:50:46
2014-11-04,1.363,1.363,eastmoney_f10,2026-07-29T23:50:46
2014-11-05,1.361,1.361,eastmoney_f10,2026-07-29T23:50:46
2014-11-06,1.367,1.367,eastmoney_f10,2026-07-29T23:50:46
2014-11-07,1.366,1.366,eastmoney_f10,2026-07-29T23:50:46
2014-11-10,1.366,1.366,eastmoney_f10,2026-07-29T23:50:46
2014-11-11,1.37,1.37,eastmoney_f10,2026-07-29T23:50:46
2014-11-12,1.373,1.373,eastmoney_f10,2026-07-29T23:50:46
2014-11-13,1.379,1.379,eastmoney_f10,2026-07-29T23:50:46
2014-11-14,1.383,1.383,eastmoney_f10,2026-07-29T23:50:46
2014-11-17,1.379,1.379,eastmoney_f10,2026-07-29T23:50:46
2014-11-18,1.389,1.389,eastmoney_f10,2026-07-29T23:50:46
2014-11-19,1.382,1.382,eastmoney_f10,2026-07-29T23:50:46
2014-11-20,1.389,1.389,eastmoney_f10,2026-07-29T23:50:46
2014-11-21,1.391,1.391,eastmoney_f10,2026-07-29T23:50:46
2014-11-24,1.402,1.402,eastmoney_f10,2026-07-29T23:50:46
2014-11-25,1.402,1.402,eastmoney_f10,2026-07-29T23:50:46
2014-11-26,1.411,1.411,eastmoney_f10,2026-07-29T23:50:46
2014-11-28,1.417,1.417,eastmoney_f10,2026-07-29T23:50:46
2014-12-01,1.401,1.401,eastmoney_f10,2026-07-29T23:50:46
2014-12-02,1.406,1.406,eastmoney_f10,2026-07-29T23:50:46
2014-12-03,1.41,1.41,eastmoney_f10,2026-07-29T23:50:46
2014-12-04,1.41,1.41,eastmoney_f10,2026-07-29T23:50:46
2014-12-05,1.409,1.409,eastmoney_f10,2026-07-29T23:50:46
2014-12-08,1.395,1.395,eastmoney_f10,2026-07-29T23:50:46
2014-12-09,1.4,1.4,eastmoney_f10,2026-07-29T23:50:46
2014-12-10,1.376,1.376,eastmoney_f10,2026-07-29T23:50:46
2014-12-11,1.381,1.381,eastmoney_f10,2026-07-29T23:50:46
2014-12-12,1.367,1.367,eastmoney_f10,2026-07-29T23:50:46
2014-12-15,1.352,1.352,eastmoney_f10,2026-07-29T23:50:46
2014-12-16,1.331,1.331,eastmoney_f10,2026-07-29T23:50:46
2014-12-17,1.354,1.354,eastmoney_f10,2026-07-29T23:50:46
2014-12-18,1.39,1.39,eastmoney_f10,2026-07-29T23:50:46
2014-12-19,1.394,1.394,eastmoney_f10,2026-07-29T23:50:46
2014-12-22,1.398,1.398,eastmoney_f10,2026-07-29T23:50:46
2014-12-23,1.394,1.394,eastmoney_f10,2026-07-29T23:50:46
2014-12-24,1.396,1.396,eastmoney_f10,2026-07-29T23:50:46
2014-12-26,1.405,1.405,eastmoney_f10,2026-07-29T23:50:46
2014-12-29,1.405,1.405,eastmoney_f10,2026-07-29T23:50:46
2014-12-30,1.395,1.395,eastmoney_f10,2026-07-29T23:50:46
2014-12-31,1.38,1.38,eastmoney_f10,2026-07-29T23:50:46
2015-01-05,1.357,1.357,eastmoney_f10,2026-07-29T23:50:46
2015-01-06,1.341,1.341,eastmoney_f10,2026-07-29T23:50:46
2015-01-07,1.358,1.358,eastmoney_f10,2026-07-29T23:50:46
2015-01-08,1.384,1.384,eastmoney_f10,2026-07-29T23:50:46
2015-01-09,1.375,1.375,eastmoney_f10,2026-07-29T23:50:46
2015-01-12,1.359,1.359,eastmoney_f10,2026-07-29T23:50:46
2015-01-13,1.356,1.356,eastmoney_f10,2026-07-29T23:50:46
2015-01-14,1.35,1.35,eastmoney_f10,2026-07-29T23:50:46
2015-01-15,1.332,1.332,eastmoney_f10,2026-07-29T23:50:46
2015-01-16,1.349,1.349,eastmoney_f10,2026-07-29T23:50:46
2015-01-20,1.359,1.359,eastmoney_f10,2026-07-29T23:50:46
2015-01-21,1.367,1.367,eastmoney_f10,2026-07-29T23:50:46
2015-01-22,1.392,1.392,eastmoney_f10,2026-07-29T23:50:46
2015-01-23,1.396,1.396,eastmoney_f10,2026-07-29T23:50:46
2015-01-26,1.396,1.396,eastmoney_f10,2026-07-29T23:50:46
2015-01-27,1.36,1.36,eastmoney_f10,2026-07-29T23:50:46
2015-01-28,1.349,1.349,eastmoney_f10,2026-07-29T23:50:46
2015-01-29,1.362,1.362,eastmoney_f10,2026-07-29T23:50:46
2015-01-30,1.353,1.353,eastmoney_f10,2026-07-29T23:50:46
2015-02-02,1.366,1.366,eastmoney_f10,2026-07-29T23:50:46
2015-02-03,1.379,1.379,eastmoney_f10,2026-07-29T23:50:46
2015-02-04,1.377,1.377,eastmoney_f10,2026-07-29T23:50:46
2015-02-05,1.39,1.39,eastmoney_f10,2026-07-29T23:50:46
2015-02-06,1.379,1.379,eastmoney_f10,2026-07-29T23:50:46
2015-02-09,1.376,1.376,eastmoney_f10,2026-07-29T23:50:46
2015-02-10,1.396,1.396,eastmoney_f10,2026-07-29T23:50:46
2015-02-11,1.402,1.402,eastmoney_f10,2026-07-29T23:50:46
2015-02-12,1.419,1.419,eastmoney_f10,2026-07-29T23:50:46
2015-02-13,1.429,1.429,eastmoney_f10,2026-07-29T23:50:46
2015-02-17,1.431,1.431,eastmoney_f10,2026-07-29T23:50:46
2015-02-25,1.45,1.45,eastmoney_f10,2026-07-29T23:50:46
2015-02-26,1.456,1.456,eastmoney_f10,2026-07-29T23:50:46
2015-02-27,1.452,1.452,eastmoney_f10,2026-07-29T23:50:46
2015-03-02,1.467,1.467,eastmoney_f10,2026-07-29T23:50:46
2015-03-03,1.459,1.459,eastmoney_f10,2026-07-29T23:50:46
2015-03-04,1.454,1.454,eastmoney_f10,2026-07-29T23:50:46
2015-03-05,1.457,1.457,eastmoney_f10,2026-07-29T23:50:46
2015-03-06,1.439,1.439,eastmoney_f10,2026-07-29T23:50:46
2015-03-09,1.444,1.444,eastmoney_f10,2026-07-29T23:50:46
2015-03-10,1.417,1.417,eastmoney_f10,2026-07-29T23:50:46
2015-03-11,1.412,1.412,eastmoney_f10,2026-07-29T23:50:46
2015-03-12,1.422,1.422,eastmoney_f10,2026-07-29T23:50:46
2015-03-13,1.414,1.414,eastmoney_f10,2026-07-29T23:50:46
2015-03-16,1.432,1.432,eastmoney_f10,2026-07-29T23:50:46
2015-03-17,1.433,1.433,eastmoney_f10,2026-07-29T23:50:46
2015-03-18,1.448,1.448,eastmoney_f10,2026-07-29T23:50:46
2015-03-19,1.447,1.447,eastmoney_f10,2026-07-29T23:50:46
2015-03-20,1.459,1.459,eastmoney_f10,2026-07-29T23:50:46
2015-03-23,1.453,1.453,eastmoney_f10,2026-07-29T23:50:46
2015-03-24,1.447,1.447,eastmoney_f10,2026-07-29T23:50:46
2015-03-25,1.413,1.413,eastmoney_f10,2026-07-29T23:50:46
2015-03-26,1.407,1.407,eastmoney_f10,2026-07-29T23:50:46
2015-03-27,1.414,1.414,eastmoney_f10,2026-07-29T23:50:46
2015-03-30,1.431,1.431,eastmoney_f10,2026-07-29T23:50:46
2015-03-31,1.416,1.416,eastmoney_f10,2026-07-29T23:50:46
2015-04-01,1.409,1.409,eastmoney_f10,2026-07-29T23:50:46
2015-04-02,1.41,1.41,eastmoney_f10,2026-07-29T23:50:46
2015-04-07,1.416,1.416,eastmoney_f10,2026-07-29T23:50:46
2015-04-08,1.427,1.427,eastmoney_f10,2026-07-29T23:50:46
2015-04-09,1.436,1.436,eastmoney_f10,2026-07-29T23:50:46
2015-04-10,1.442,1.442,eastmoney_f10,2026-07-29T23:50:46
2015-04-13,1.439,1.439,eastmoney_f10,2026-07-29T23:50:46
2015-04-14,1.435,1.435,eastmoney_f10,2026-07-29T23:50:46
2015-04-15,1.443,1.443,eastmoney_f10,2026-07-29T23:50:46
2015-04-16,1.438,1.438,eastmoney_f10,2026-07-29T23:50:46
2015-04-17,1.414,1.414,eastmoney_f10,2026-07-29T23:50:46
2015-04-20,1.436,1.436,eastmoney_f10,2026-07-29T23:50:46
2015-04-21,1.442,1.442,eastmoney_f10,2026-07-29T23:50:46
2015-04-22,1.45,1.45,eastmoney_f10,2026-07-29T23:50:46
2015-04-23,1.457,1.457,eastmoney_f10,2026-07-29T23:50:46
2015-04-24,1.476,1.476,eastmoney_f10,2026-07-29T23:50:46
2015-04-27,1.471,1.471,eastmoney_f10,2026-07-29T23:50:46
2015-04-28,1.467,1.467,eastmoney_f10,2026-07-29T23:50:46
2015-04-29,1.457,1.457,eastmoney_f10,2026-07-29T23:50:46
2015-04-30,1.431,1.431,eastmoney_f10,2026-07-29T23:50:46
2015-05-04,1.455,1.455,eastmoney_f10,2026-07-29T23:50:46
2015-05-05,1.432,1.432,eastmoney_f10,2026-07-29T23:50:46
2015-05-06,1.422,1.422,eastmoney_f10,2026-07-29T23:50:46
2015-05-07,1.429,1.429,eastmoney_f10,2026-07-29T23:50:46
2015-05-08,1.448,1.448,eastmoney_f10,2026-07-29T23:50:46
2015-05-11,1.441,1.441,eastmoney_f10,2026-07-29T23:50:46
2015-05-12,1.436,1.436,eastmoney_f10,2026-07-29T23:50:46
2015-05-13,1.437,1.437,eastmoney_f10,2026-07-29T23:50:46
2015-05-14,1.458,1.458,eastmoney_f10,2026-07-29T23:50:46
2015-05-15,1.458,1.458,eastmoney_f10,2026-07-29T23:50:46
2015-05-18,1.465,1.465,eastmoney_f10,2026-07-29T23:50:46
2015-05-19,1.462,1.462,eastmoney_f10,2026-07-29T23:50:46
2015-05-20,1.463,1.463,eastmoney_f10,2026-07-29T23:50:46
2015-05-21,1.471,1.471,eastmoney_f10,2026-07-29T23:50:46
2015-05-22,1.47,1.47,eastmoney_f10,2026-07-29T23:50:46
2015-05-26,1.453,1.453,eastmoney_f10,2026-07-29T23:50:46
2015-05-27,1.477,1.477,eastmoney_f10,2026-07-29T23:50:46
2015-05-28,1.472,1.472,eastmoney_f10,2026-07-29T23:50:46
2015-05-29,1.463,1.463,eastmoney_f10,2026-07-29T23:50:46
2015-06-01,1.466,1.466,eastmoney_f10,2026-07-29T23:50:46
2015-06-02,1.461,1.461,eastmoney_f10,2026-07-29T23:50:46
2015-06-03,1.464,1.464,eastmoney_f10,2026-07-29T23:50:46
2015-06-04,1.455,1.455,eastmoney_f10,2026-07-29T23:50:46
2015-06-05,1.453,1.453,eastmoney_f10,2026-07-29T23:50:46
2015-06-08,1.441,1.441,eastmoney_f10,2026-07-29T23:50:46
2015-06-09,1.44,1.44,eastmoney_f10,2026-07-29T23:50:46
2015-06-10,1.458,1.458,eastmoney_f10,2026-07-29T23:50:46
2015-06-11,1.458,1.458,eastmoney_f10,2026-07-29T23:50:46
2015-06-12,1.448,1.448,eastmoney_f10,2026-07-29T23:50:46
2015-06-15,1.442,1.442,eastmoney_f10,2026-07-29T23:50:46
2015-06-16,1.448,1.448,eastmoney_f10,2026-07-29T23:50:46
2015-06-17,1.453,1.453,eastmoney_f10,2026-07-29T23:50:46
2015-06-18,1.471,1.471,eastmoney_f10,2026-07-29T23:50:46
2015-06-19,1.465,1.465,eastmoney_f10,2026-07-29T23:50:46
2015-06-23,1.476,1.476,eastmoney_f10,2026-07-29T23:50:46
2015-06-24,1.468,1.468,eastmoney_f10,2026-07-29T23:50:46
2015-06-25,1.465,1.465,eastmoney_f10,2026-07-29T23:50:46
2015-06-26,1.456,1.456,eastmoney_f10,2026-07-29T23:50:46
2015-06-29,1.424,1.424,eastmoney_f10,2026-07-29T23:50:46
2015-06-30,1.428,1.428,eastmoney_f10,2026-07-29T23:50:46
2015-07-01,1.439,1.439,eastmoney_f10,2026-07-29T23:50:46
2015-07-02,1.441,1.441,eastmoney_f10,2026-07-29T23:50:46
2015-07-06,1.436,1.436,eastmoney_f10,2026-07-29T23:50:46
2015-07-07,1.439,1.439,eastmoney_f10,2026-07-29T23:50:46
2015-07-08,1.414,1.414,eastmoney_f10,2026-07-29T23:50:46
2015-07-09,1.414,1.414,eastmoney_f10,2026-07-29T23:50:46
2015-07-10,1.435,1.435,eastmoney_f10,2026-07-29T23:50:46
2015-07-13,1.458,1.458,eastmoney_f10,2026-07-29T23:50:46
2015-07-14,1.468,1.468,eastmoney_f10,2026-07-29T23:50:46
2015-07-15,1.47,1.47,eastmoney_f10,2026-07-29T23:50:46
2015-07-16,1.49,1.49,eastmoney_f10,2026-07-29T23:50:46
2015-07-17,1.511,1.511,eastmoney_f10,2026-07-29T23:50:46
2015-07-20,1.517,1.517,eastmoney_f10,2026-07-29T23:50:46
2015-07-21,1.514,1.514,eastmoney_f10,2026-07-29T23:50:46
2015-07-22,1.497,1.497,eastmoney_f10,2026-07-29T23:50:46
2015-07-23,1.493,1.493,eastmoney_f10,2026-07-29T23:50:46
2015-07-24,1.478,1.478,eastmoney_f10,2026-07-29T23:50:46
2015-07-27,1.466,1.466,eastmoney_f10,2026-07-29T23:50:46
2015-07-28,1.479,1.479,eastmoney_f10,2026-07-29T23:50:46
2015-07-29,1.485,1.485,eastmoney_f10,2026-07-29T23:50:46
2015-07-30,1.492,1.492,eastmoney_f10,2026-07-29T23:50:46
2015-07-31,1.489,1.489,eastmoney_f10,2026-07-29T23:50:46
2015-08-03,1.486,1.486,eastmoney_f10,2026-07-29T23:50:46
2015-08-04,1.483,1.483,eastmoney_f10,2026-07-29T23:50:46
2015-08-05,1.494,1.494,eastmoney_f10,2026-07-29T23:50:46
2015-08-06,1.473,1.473,eastmoney_f10,2026-07-29T23:50:46
2015-08-07,1.47,1.47,eastmoney_f10,2026-07-29T23:50:46
2015-08-10,1.487,1.487,eastmoney_f10,2026-07-29T23:50:46
2015-08-11,1.495,1.495,eastmoney_f10,2026-07-29T23:50:46
2015-08-12,1.521,1.521,eastmoney_f10,2026-07-29T23:50:46
2015-08-13,1.534,1.534,eastmoney_f10,2026-07-29T23:50:46
2015-08-14,1.537,1.537,eastmoney_f10,2026-07-29T23:50:46
2015-08-17,1.548,1.548,eastmoney_f10,2026-07-29T23:50:46
2015-08-18,1.541,1.541,eastmoney_f10,2026-07-29T23:50:46
2015-08-19,1.53,1.53,eastmoney_f10,2026-07-29T23:50:46
2015-08-20,1.487,1.487,eastmoney_f10,2026-07-29T23:50:46
2015-08-21,1.426,1.426,eastmoney_f10,2026-07-29T23:50:46
2015-08-24,1.374,1.374,eastmoney_f10,2026-07-29T23:50:46
2015-08-25,1.37,1.37,eastmoney_f10,2026-07-29T23:50:46
2015-08-26,1.438,1.438,eastmoney_f10,2026-07-29T23:50:46
2015-08-27,1.473,1.473,eastmoney_f10,2026-07-29T23:50:46
2015-08-28,1.473,1.473,eastmoney_f10,2026-07-29T23:50:46
2015-08-31,1.453,1.453,eastmoney_f10,2026-07-29T23:50:46
2015-09-01,1.405,1.405,eastmoney_f10,2026-07-29T23:50:46
2015-09-02,1.44,1.44,eastmoney_f10,2026-07-29T23:50:46
2015-09-08,1.456,1.456,eastmoney_f10,2026-07-29T23:50:46
2015-09-09,1.439,1.439,eastmoney_f10,2026-07-29T23:50:46
2015-09-10,1.456,1.456,eastmoney_f10,2026-07-29T23:50:46
2015-09-11,1.464,1.464,eastmoney_f10,2026-07-29T23:50:46
2015-09-14,1.459,1.459,eastmoney_f10,2026-07-29T23:50:46
2015-09-15,1.475,1.475,eastmoney_f10,2026-07-29T23:50:46
2015-09-16,1.484,1.484,eastmoney_f10,2026-07-29T23:50:46
2015-09-17,1.484,1.484,eastmoney_f10,2026-07-29T23:50:46
2015-09-18,1.462,1.462,eastmoney_f10,2026-07-29T23:50:46
2015-09-21,1.467,1.467,eastmoney_f10,2026-07-29T23:50:46
2015-09-22,1.448,1.448,eastmoney_f10,2026-07-29T23:50:46
2015-09-23,1.449,1.449,eastmoney_f10,2026-07-29T23:50:46
2015-09-24,1.445,1.445,eastmoney_f10,2026-07-29T23:50:46
2015-09-25,1.433,1.433,eastmoney_f10,2026-07-29T23:50:46
2015-09-28,1.391,1.391,eastmoney_f10,2026-07-29T23:50:46
2015-09-29,1.383,1.383,eastmoney_f10,2026-07-29T23:50:46
2015-09-30,1.414,1.414,eastmoney_f10,2026-07-29T23:50:46
2015-10-08,1.468,1.468,eastmoney_f10,2026-07-29T23:50:46
2015-10-09,1.475,1.475,eastmoney_f10,2026-07-29T23:50:46
2015-10-12,1.477,1.477,eastmoney_f10,2026-07-29T23:50:46
2015-10-13,1.463,1.463,eastmoney_f10,2026-07-29T23:50:46
2015-10-14,1.465,1.465,eastmoney_f10,2026-07-29T23:50:46
2015-10-15,1.488,1.488,eastmoney_f10,2026-07-29T23:50:46
2015-10-16,1.496,1.496,eastmoney_f10,2026-07-29T23:50:46
2015-10-19,1.505,1.505,eastmoney_f10,2026-07-29T23:50:46
2015-10-20,1.5,1.5,eastmoney_f10,2026-07-29T23:50:46
2015-10-21,1.488,1.488,eastmoney_f10,2026-07-29T23:50:46
2015-10-22,1.517,1.517,eastmoney_f10,2026-07-29T23:50:46
2015-10-23,1.558,1.558,eastmoney_f10,2026-07-29T23:50:46
2015-10-26,1.559,1.559,eastmoney_f10,2026-07-29T23:50:46
2015-10-27,1.561,1.561,eastmoney_f10,2026-07-29T23:50:46
2015-10-28,1.574,1.574,eastmoney_f10,2026-07-29T23:50:46
2015-10-29,1.573,1.573,eastmoney_f10,2026-07-29T23:50:46
2015-10-30,1.564,1.564,eastmoney_f10,2026-07-29T23:50:46
2015-11-02,1.573,1.573,eastmoney_f10,2026-07-29T23:50:46
2015-11-03,1.581,1.581,eastmoney_f10,2026-07-29T23:50:46
2015-11-04,1.582,1.582,eastmoney_f10,2026-07-29T23:50:46
2015-11-05,1.579,1.579,eastmoney_f10,2026-07-29T23:50:46
2015-11-06,1.582,1.582,eastmoney_f10,2026-07-29T23:50:46
2015-11-09,1.567,1.567,eastmoney_f10,2026-07-29T23:50:46
2015-11-10,1.564,1.564,eastmoney_f10,2026-07-29T23:50:46
2015-11-11,1.563,1.563,eastmoney_f10,2026-07-29T23:50:46
2015-11-12,1.548,1.548,eastmoney_f10,2026-07-29T23:50:46
2015-11-13,1.521,1.521,eastmoney_f10,2026-07-29T23:50:46
2015-11-16,1.544,1.544,eastmoney_f10,2026-07-29T23:50:46
2015-11-17,1.544,1.544,eastmoney_f10,2026-07-29T23:50:46
2015-11-18,1.574,1.574,eastmoney_f10,2026-07-29T23:50:46
2015-11-19,1.574,1.574,eastmoney_f10,2026-07-29T23:50:46
2015-11-20,1.584,1.584,eastmoney_f10,2026-07-29T23:50:46
2015-11-23,1.582,1.582,eastmoney_f10,2026-07-29T23:50:46
2015-11-24,1.581,1.581,eastmoney_f10,2026-07-29T23:50:46
2015-11-25,1.582,1.582,eastmoney_f10,2026-07-29T23:50:46
2015-11-27,1.586,1.586,eastmoney_f10,2026-07-29T23:50:46
2015-11-30,1.582,1.582,eastmoney_f10,2026-07-29T23:50:46
2015-12-01,1.6,1.6,eastmoney_f10,2026-07-29T23:50:46
2015-12-02,1.589,1.589,eastmoney_f10,2026-07-29T23:50:46
2015-12-03,1.563,1.563,eastmoney_f10,2026-07-29T23:50:46
2015-12-04,1.596,1.596,eastmoney_f10,2026-07-29T23:50:46
2015-12-07,1.592,1.592,eastmoney_f10,2026-07-29T23:50:46
2015-12-08,1.595,1.595,eastmoney_f10,2026-07-29T23:50:46
2015-12-09,1.572,1.572,eastmoney_f10,2026-07-29T23:50:46
2015-12-10,1.581,1.581,eastmoney_f10,2026-07-29T23:50:46
2015-12-11,1.549,1.549,eastmoney_f10,2026-07-29T23:50:46
2015-12-14,1.563,1.563,eastmoney_f10,2026-07-29T23:50:46
2015-12-15,1.574,1.574,eastmoney_f10,2026-07-29T23:50:46
2015-12-16,1.598,1.598,eastmoney_f10,2026-07-29T23:50:46
2015-12-17,1.579,1.579,eastmoney_f10,2026-07-29T23:50:46
2015-12-18,1.552,1.552,eastmoney_f10,2026-07-29T23:50:46
2015-12-21,1.566,1.566,eastmoney_f10,2026-07-29T23:50:46
2015-12-22,1.576,1.576,eastmoney_f10,2026-07-29T23:50:46
2015-12-23,1.588,1.588,eastmoney_f10,2026-07-29T23:50:46
2015-12-24,1.587,1.587,eastmoney_f10,2026-07-29T23:50:46
2015-12-28,1.586,1.586,eastmoney_f10,2026-07-29T23:50:46
2015-12-29,1.613,1.613,eastmoney_f10,2026-07-29T23:50:46
2015-12-30,1.6,1.6,eastmoney_f10,2026-07-29T23:50:46
2015-12-31,1.581,1.581,eastmoney_f10,2026-07-29T23:50:46
2016-01-04,1.551,1.551,eastmoney_f10,2026-07-29T23:50:46
2016-01-05,1.549,1.549,eastmoney_f10,2026-07-29T23:50:46
2016-01-06,1.539,1.539,eastmoney_f10,2026-07-29T23:50:46
2016-01-07,1.499,1.499,eastmoney_f10,2026-07-29T23:50:46
2016-01-08,1.487,1.487,eastmoney_f10,2026-07-29T23:50:46
2016-01-11,1.491,1.491,eastmoney_f10,2026-07-29T23:50:46
2016-01-12,1.508,1.508,eastmoney_f10,2026-07-29T23:50:46
2016-01-13,1.457,1.457,eastmoney_f10,2026-07-29T23:50:46
2016-01-14,1.486,1.486,eastmoney_f10,2026-07-29T23:50:46
2016-01-15,1.444,1.444,eastmoney_f10,2026-07-29T23:50:46
2016-01-19,1.443,1.443,eastmoney_f10,2026-07-29T23:50:46
2016-01-20,1.439,1.439,eastmoney_f10,2026-07-29T23:50:46
2016-01-21,1.441,1.441,eastmoney_f10,2026-07-29T23:50:46
2016-01-22,1.482,1.482,eastmoney_f10,2026-07-29T23:50:46
2016-01-25,1.459,1.459,eastmoney_f10,2026-07-29T23:50:46
2016-01-26,1.473,1.473,eastmoney_f10,2026-07-29T23:50:46
2016-01-27,1.434,1.434,eastmoney_f10,2026-07-29T23:50:46
2016-01-28,1.454,1.454,eastmoney_f10,2026-07-29T23:50:46
2016-01-29,1.487,1.487,eastmoney_f10,2026-07-29T23:50:46
2016-02-01,1.49,1.49,eastmoney_f10,2026-07-29T23:50:46
2016-02-02,1.456,1.456,eastmoney_f10,2026-07-29T23:50:46
2016-02-03,1.45,1.45,eastmoney_f10,2026-07-29T23:50:46
2016-02-04,1.447,1.447,eastmoney_f10,2026-07-29T23:50:46
2016-02-05,1.394,1.394,eastmoney_f10,2026-07-29T23:50:46
2016-02-16,1.419,1.419,eastmoney_f10,2026-07-29T23:50:46
2016-02-17,1.455,1.455,eastmoney_f10,2026-07-29T23:50:46
2016-02-18,1.436,1.436,eastmoney_f10,2026-07-29T23:50:46
2016-02-19,1.441,1.441,eastmoney_f10,2026-07-29T23:50:46
2016-02-22,1.464,1.464,eastmoney_f10,2026-07-29T23:50:46
2016-02-23,1.442,1.442,eastmoney_f10,2026-07-29T23:50:46
2016-02-24,1.456,1.456,eastmoney_f10,2026-07-29T23:50:46
2016-02-25,1.471,1.471,eastmoney_f10,2026-07-29T23:50:46
2016-02-26,1.469,1.469,eastmoney_f10,2026-07-29T23:50:46
2016-02-29,1.46,1.46,eastmoney_f10,2026-07-29T23:50:46
2016-03-01,1.505,1.505,eastmoney_f10,2026-07-29T23:50:46
2016-03-02,1.508,1.508,eastmoney_f10,2026-07-29T23:50:46
2016-03-03,1.503,1.503,eastmoney_f10,2026-07-29T23:50:46
2016-03-04,1.501,1.501,eastmoney_f10,2026-07-29T23:50:46
2016-03-07,1.488,1.488,eastmoney_f10,2026-07-29T23:50:46
2016-03-08,1.473,1.473,eastmoney_f10,2026-07-29T23:50:46
2016-03-09,1.485,1.485,eastmoney_f10,2026-07-29T23:50:46
2016-03-10,1.483,1.483,eastmoney_f10,2026-07-29T23:50:46
2016-03-11,1.504,1.504,eastmoney_f10,2026-07-29T23:50:46
2016-03-14,1.506,1.506,eastmoney_f10,2026-07-29T23:50:46
2016-03-15,1.509,1.509,eastmoney_f10,2026-07-29T23:50:46
2016-03-16,1.524,1.524,eastmoney_f10,2026-07-29T23:50:46
2016-03-17,1.518,1.518,eastmoney_f10,2026-07-29T23:50:46
2016-03-18,1.514,1.514,eastmoney_f10,2026-07-29T23:50:46
2016-03-21,1.524,1.524,eastmoney_f10,2026-07-29T23:50:46
2016-03-22,1.531,1.531,eastmoney_f10,2026-07-29T23:50:46
2016-03-23,1.518,1.518,eastmoney_f10,2026-07-29T23:50:46
2016-03-24,1.524,1.524,eastmoney_f10,2026-07-29T23:50:46
2016-03-28,1.523,1.523,eastmoney_f10,2026-07-29T23:50:46
2016-03-29,1.543,1.543,eastmoney_f10,2026-07-29T23:50:46
2016-03-30,1.546,1.546,eastmoney_f10,2026-07-29T23:50:46
2016-03-31,1.538,1.538,eastmoney_f10,2026-07-29T23:50:46
2016-04-01,1.554,1.554,eastmoney_f10,2026-07-29T23:50:46
2016-04-05,1.535,1.535,eastmoney_f10,2026-07-29T23:50:46
2016-04-06,1.562,1.562,eastmoney_f10,2026-07-29T23:50:46
2016-04-07,1.537,1.537,eastmoney_f10,2026-07-29T23:50:46
2016-04-08,1.538,1.538,eastmoney_f10,2026-07-29T23:50:46
2016-04-11,1.53,1.53,eastmoney_f10,2026-07-29T23:50:46
2016-04-12,1.542,1.542,eastmoney_f10,2026-07-29T23:50:46
2016-04-13,1.562,1.562,eastmoney_f10,2026-07-29T23:50:46
2016-04-14,1.569,1.569,eastmoney_f10,2026-07-29T23:50:46
2016-04-15,1.565,1.565,eastmoney_f10,2026-07-29T23:50:46
2016-04-18,1.57,1.57,eastmoney_f10,2026-07-29T23:50:46
2016-04-19,1.559,1.559,eastmoney_f10,2026-07-29T23:50:46
2016-04-20,1.557,1.557,eastmoney_f10,2026-07-29T23:50:46
2016-04-21,1.562,1.562,eastmoney_f10,2026-07-29T23:50:46
2016-04-22,1.541,1.541,eastmoney_f10,2026-07-29T23:50:46
2016-04-25,1.546,1.546,eastmoney_f10,2026-07-29T23:50:46
2016-04-26,1.533,1.533,eastmoney_f10,2026-07-29T23:50:46
2016-04-27,1.52,1.52,eastmoney_f10,2026-07-29T23:50:46
2016-04-28,1.505,1.505,eastmoney_f10,2026-07-29T23:50:46
2016-04-29,1.489,1.489,eastmoney_f10,2026-07-29T23:50:46
2016-05-03,1.488,1.488,eastmoney_f10,2026-07-29T23:50:46
2016-05-04,1.487,1.487,eastmoney_f10,2026-07-29T23:50:46
2016-05-05,1.491,1.491,eastmoney_f10,2026-07-29T23:50:46
2016-05-06,1.499,1.499,eastmoney_f10,2026-07-29T23:50:46
2016-05-09,1.501,1.501,eastmoney_f10,2026-07-29T23:50:46
2016-05-10,1.525,1.525,eastmoney_f10,2026-07-29T23:50:46
2016-05-11,1.509,1.509,eastmoney_f10,2026-07-29T23:50:46
2016-05-12,1.497,1.497,eastmoney_f10,2026-07-29T23:50:46
2016-05-13,1.498,1.498,eastmoney_f10,2026-07-29T23:50:46
2016-05-16,1.519,1.519,eastmoney_f10,2026-07-29T23:50:46
2016-05-17,1.497,1.497,eastmoney_f10,2026-07-29T23:50:46
2016-05-18,1.503,1.503,eastmoney_f10,2026-07-29T23:50:46
2016-05-19,1.502,1.502,eastmoney_f10,2026-07-29T23:50:46
2016-05-20,1.518,1.518,eastmoney_f10,2026-07-29T23:50:46
2016-05-23,1.514,1.514,eastmoney_f10,2026-07-29T23:50:46
2016-05-24,1.545,1.545,eastmoney_f10,2026-07-29T23:50:46
2016-05-25,1.562,1.562,eastmoney_f10,2026-07-29T23:50:46
2016-05-26,1.562,1.562,eastmoney_f10,2026-07-29T23:50:46
2016-05-27,1.57,1.57,eastmoney_f10,2026-07-29T23:50:46
2016-05-31,1.58,1.58,eastmoney_f10,2026-07-29T23:50:46
2016-06-01,1.581,1.581,eastmoney_f10,2026-07-29T23:50:46
2016-06-02,1.58,1.58,eastmoney_f10,2026-07-29T23:50:46
2016-06-03,1.575,1.575,eastmoney_f10,2026-07-29T23:50:46
2016-06-06,1.572,1.572,eastmoney_f10,2026-07-29T23:50:46
2016-06-07,1.572,1.572,eastmoney_f10,2026-07-29T23:50:46
2016-06-08,1.574,1.574,eastmoney_f10,2026-07-29T23:50:46
2016-06-13,1.545,1.545,eastmoney_f10,2026-07-29T23:50:46
2016-06-14,1.545,1.545,eastmoney_f10,2026-07-29T23:50:46
2016-06-15,1.545,1.545,eastmoney_f10,2026-07-29T23:50:46
2016-06-16,1.544,1.544,eastmoney_f10,2026-07-29T23:50:46
2016-06-17,1.528,1.528,eastmoney_f10,2026-07-29T23:50:46
2016-06-20,1.535,1.535,eastmoney_f10,2026-07-29T23:50:46
2016-06-21,1.538,1.538,eastmoney_f10,2026-07-29T23:50:46
2016-06-22,1.541,1.541,eastmoney_f10,2026-07-29T23:50:46
2016-06-23,1.557,1.557,eastmoney_f10,2026-07-29T23:50:46
2016-06-24,1.496,1.496,eastmoney_f10,2026-07-29T23:50:46
2016-06-27,1.479,1.479,eastmoney_f10,2026-07-29T23:50:46
2016-06-28,1.514,1.514,eastmoney_f10,2026-07-29T23:50:46
2016-06-29,1.535,1.535,eastmoney_f10,2026-07-29T23:50:46
2016-06-30,1.554,1.554,eastmoney_f10,2026-07-29T23:50:46
2016-07-01,1.565,1.565,eastmoney_f10,2026-07-29T23:50:46
2016-07-05,1.557,1.557,eastmoney_f10,2026-07-29T23:50:46
2016-07-06,1.575,1.575,eastmoney_f10,2026-07-29T23:50:46
2016-07-07,1.58,1.58,eastmoney_f10,2026-07-29T23:50:46
2016-07-08,1.605,1.605,eastmoney_f10,2026-07-29T23:50:46
2016-07-11,1.614,1.614,eastmoney_f10,2026-07-29T23:50:46
2016-07-12,1.624,1.624,eastmoney_f10,2026-07-29T23:50:46
2016-07-13,1.619,1.619,eastmoney_f10,2026-07-29T23:50:46
2016-07-14,1.629,1.629,eastmoney_f10,2026-07-29T23:50:46
2016-07-15,1.625,1.625,eastmoney_f10,2026-07-29T23:50:46
2016-07-18,1.639,1.639,eastmoney_f10,2026-07-29T23:50:46
2016-07-19,1.634,1.634,eastmoney_f10,2026-07-29T23:50:46
2016-07-20,1.652,1.652,eastmoney_f10,2026-07-29T23:50:46
2016-07-21,1.647,1.647,eastmoney_f10,2026-07-29T23:50:46
2016-07-22,1.648,1.648,eastmoney_f10,2026-07-29T23:50:46
2016-07-25,1.653,1.653,eastmoney_f10,2026-07-29T23:50:46
2016-07-26,1.653,1.653,eastmoney_f10,2026-07-29T23:50:46
2016-07-27,1.661,1.661,eastmoney_f10,2026-07-29T23:50:46
2016-07-28,1.666,1.666,eastmoney_f10,2026-07-29T23:50:46
2016-07-29,1.667,1.667,eastmoney_f10,2026-07-29T23:50:46
2016-08-01,1.67,1.67,eastmoney_f10,2026-07-29T23:50:46
2016-08-02,1.661,1.661,eastmoney_f10,2026-07-29T23:50:46
2016-08-03,1.66,1.66,eastmoney_f10,2026-07-29T23:50:46
2016-08-04,1.67,1.67,eastmoney_f10,2026-07-29T23:50:46
2016-08-05,1.686,1.686,eastmoney_f10,2026-07-29T23:50:46
2016-08-08,1.689,1.689,eastmoney_f10,2026-07-29T23:50:46
2016-08-09,1.691,1.691,eastmoney_f10,2026-07-29T23:50:46
2016-08-10,1.686,1.686,eastmoney_f10,2026-07-29T23:50:46
2016-08-11,1.686,1.686,eastmoney_f10,2026-07-29T23:50:46
2016-08-12,1.694,1.694,eastmoney_f10,2026-07-29T23:50:46
2016-08-15,1.698,1.698,eastmoney_f10,2026-07-29T23:50:46
2016-08-16,1.685,1.685,eastmoney_f10,2026-07-29T23:50:46
2016-08-17,1.682,1.682,eastmoney_f10,2026-07-29T23:50:46
2016-08-18,1.689,1.689,eastmoney_f10,2026-07-29T23:50:46
2016-08-19,1.686,1.686,eastmoney_f10,2026-07-29T23:50:46
2016-08-22,1.698,1.698,eastmoney_f10,2026-07-29T23:50:46
2016-08-23,1.699,1.699,eastmoney_f10,2026-07-29T23:50:46
2016-08-24,1.683,1.683,eastmoney_f10,2026-07-29T23:50:46
2016-08-25,1.685,1.685,eastmoney_f10,2026-07-29T23:50:46
2016-08-26,1.685,1.685,eastmoney_f10,2026-07-29T23:50:46
2016-08-29,1.697,1.697,eastmoney_f10,2026-07-29T23:50:46
2016-08-30,1.691,1.691,eastmoney_f10,2026-07-29T23:50:46
2016-08-31,1.691,1.691,eastmoney_f10,2026-07-29T23:50:46
2016-09-01,1.692,1.692,eastmoney_f10,2026-07-29T23:50:46
2016-09-02,1.696,1.696,eastmoney_f10,2026-07-29T23:50:46
2016-09-06,1.706,1.706,eastmoney_f10,2026-07-29T23:50:46
2016-09-07,1.704,1.704,eastmoney_f10,2026-07-29T23:50:46
2016-09-08,1.695,1.695,eastmoney_f10,2026-07-29T23:50:46
2016-09-09,1.654,1.654,eastmoney_f10,2026-07-29T23:50:46
2016-09-12,1.688,1.688,eastmoney_f10,2026-07-29T23:50:46
2016-09-13,1.669,1.669,eastmoney_f10,2026-07-29T23:50:46
2016-09-14,1.681,1.681,eastmoney_f10,2026-07-29T23:50:46
2016-09-19,1.696,1.696,eastmoney_f10,2026-07-29T23:50:46
2016-09-20,1.694,1.694,eastmoney_f10,2026-07-29T23:50:46
2016-09-21,1.715,1.715,eastmoney_f10,2026-07-29T23:50:46
2016-09-22,1.722,1.722,eastmoney_f10,2026-07-29T23:50:46
2016-09-23,1.715,1.715,eastmoney_f10,2026-07-29T23:50:46
2016-09-26,1.702,1.702,eastmoney_f10,2026-07-29T23:50:46
2016-09-27,1.717,1.717,eastmoney_f10,2026-07-29T23:50:46
2016-09-28,1.72,1.72,eastmoney_f10,2026-07-29T23:50:46
2016-09-29,1.708,1.708,eastmoney_f10,2026-07-29T23:50:46
2016-09-30,1.723,1.723,eastmoney_f10,2026-07-29T23:50:46
2016-10-10,1.735,1.735,eastmoney_f10,2026-07-29T23:50:46
2016-10-11,1.712,1.712,eastmoney_f10,2026-07-29T23:50:46
2016-10-12,1.715,1.715,eastmoney_f10,2026-07-29T23:50:46
2016-10-13,1.71,1.71,eastmoney_f10,2026-07-29T23:50:46
2016-10-14,1.708,1.708,eastmoney_f10,2026-07-29T23:50:46
2016-10-17,1.709,1.709,eastmoney_f10,2026-07-29T23:50:46
2016-10-18,1.722,1.722,eastmoney_f10,2026-07-29T23:50:46
2016-10-19,1.721,1.721,eastmoney_f10,2026-07-29T23:50:46
2016-10-20,1.72,1.72,eastmoney_f10,2026-07-29T23:50:46
2016-10-21,1.733,1.733,eastmoney_f10,2026-07-29T23:50:46
2016-10-24,1.757,1.757,eastmoney_f10,2026-07-29T23:50:46
2016-10-25,1.751,1.751,eastmoney_f10,2026-07-29T23:50:46
2016-10-26,1.739,1.739,eastmoney_f10,2026-07-29T23:50:46
2016-10-27,1.731,1.731,eastmoney_f10,2026-07-29T23:50:46
2016-10-28,1.723,1.723,eastmoney_f10,2026-07-29T23:50:46
2016-10-31,1.716,1.716,eastmoney_f10,2026-07-29T23:50:46
2016-11-01,1.707,1.707,eastmoney_f10,2026-07-29T23:50:46
2016-11-02,1.688,1.688,eastmoney_f10,2026-07-29T23:50:46
2016-11-03,1.671,1.671,eastmoney_f10,2026-07-29T23:50:46
2016-11-04,1.665,1.665,eastmoney_f10,2026-07-29T23:50:46
2016-11-07,1.71,1.71,eastmoney_f10,2026-07-29T23:50:46
2016-11-08,1.723,1.723,eastmoney_f10,2026-07-29T23:50:46
2016-11-09,1.731,1.731,eastmoney_f10,2026-07-29T23:50:46
2016-11-10,1.705,1.705,eastmoney_f10,2026-07-29T23:50:46
2016-11-11,1.711,1.711,eastmoney_f10,2026-07-29T23:50:46
2016-11-14,1.697,1.697,eastmoney_f10,2026-07-29T23:50:46
2016-11-15,1.726,1.726,eastmoney_f10,2026-07-29T23:50:46
2016-11-16,1.738,1.738,eastmoney_f10,2026-07-29T23:50:46
2016-11-17,1.753,1.753,eastmoney_f10,2026-07-29T23:50:46
2016-11-18,1.749,1.749,eastmoney_f10,2026-07-29T23:50:46
2016-11-21,1.772,1.772,eastmoney_f10,2026-07-29T23:50:46
2016-11-22,1.772,1.772,eastmoney_f10,2026-07-29T23:50:46
2016-11-23,1.768,1.768,eastmoney_f10,2026-07-29T23:50:46
2016-11-25,1.78,1.78,eastmoney_f10,2026-07-29T23:50:46
2016-11-28,1.773,1.773,eastmoney_f10,2026-07-29T23:50:46
2016-11-29,1.775,1.775,eastmoney_f10,2026-07-29T23:50:46
2016-11-30,1.752,1.752,eastmoney_f10,2026-07-29T23:50:46
2016-12-01,1.726,1.726,eastmoney_f10,2026-07-29T23:50:46
2016-12-02,1.724,1.724,eastmoney_f10,2026-07-29T23:50:46
2016-12-05,1.739,1.739,eastmoney_f10,2026-07-29T23:50:46
2016-12-06,1.736,1.736,eastmoney_f10,2026-07-29T23:50:46
2016-12-07,1.764,1.764,eastmoney_f10,2026-07-29T23:50:46
2016-12-08,1.765,1.765,eastmoney_f10,2026-07-29T23:50:46
2016-12-09,1.784,1.784,eastmoney_f10,2026-07-29T23:50:46
2016-12-12,1.78,1.78,eastmoney_f10,2026-07-29T23:50:46
2016-12-13,1.799,1.799,eastmoney_f10,2026-07-29T23:50:46
2016-12-14,1.796,1.796,eastmoney_f10,2026-07-29T23:50:46
2016-12-15,1.806,1.806,eastmoney_f10,2026-07-29T23:50:46
2016-12-16,1.805,1.805,eastmoney_f10,2026-07-29T23:50:46
2016-12-19,1.807,1.807,eastmoney_f10,2026-07-29T23:50:46
2016-12-20,1.817,1.817,eastmoney_f10,2026-07-29T23:50:46
2016-12-21,1.816,1.816,eastmoney_f10,2026-07-29T23:50:46
2016-12-22,1.809,1.809,eastmoney_f10,2026-07-29T23:50:46
2016-12-23,1.812,1.812,eastmoney_f10,2026-07-29T23:50:46
2016-12-27,1.82,1.82,eastmoney_f10,2026-07-29T23:50:46
2016-12-28,1.807,1.807,eastmoney_f10,2026-07-29T23:50:46
2016-12-29,1.804,1.804,eastmoney_f10,2026-07-29T23:50:46
2016-12-30,1.782,1.782,eastmoney_f10,2026-07-29T23:50:46
2016-12-31,1.782,1.782,eastmoney_f10,2026-07-29T23:50:46
2017-01-03,1.802,1.802,eastmoney_f10,2026-07-29T23:50:46
2017-01-04,1.812,1.812,eastmoney_f10,2026-07-29T23:50:46
2017-01-05,1.816,1.816,eastmoney_f10,2026-07-29T23:50:46
2017-01-06,1.815,1.815,eastmoney_f10,2026-07-29T23:50:46
2017-01-09,1.836,1.836,eastmoney_f10,2026-07-29T23:50:46
2017-01-10,1.839,1.839,eastmoney_f10,2026-07-29T23:50:46
2017-01-11,1.844,1.844,eastmoney_f10,2026-07-29T23:50:46
2017-01-12,1.839,1.839,eastmoney_f10,2026-07-29T23:50:46
2017-01-13,1.839,1.839,eastmoney_f10,2026-07-29T23:50:46
2017-01-17,1.836,1.836,eastmoney_f10,2026-07-29T23:50:46
2017-01-18,1.827,1.827,eastmoney_f10,2026-07-29T23:50:46
2017-01-19,1.827,1.827,eastmoney_f10,2026-07-29T23:50:46
2017-01-20,1.834,1.834,eastmoney_f10,2026-07-29T23:50:46
2017-01-23,1.832,1.832,eastmoney_f10,2026-07-29T23:50:46
2017-01-24,1.838,1.838,eastmoney_f10,2026-07-29T23:50:46
2017-01-25,1.862,1.862,eastmoney_f10,2026-07-29T23:50:46
2017-01-26,1.864,1.864,eastmoney_f10,2026-07-29T23:50:46
2017-02-03,1.865,1.865,eastmoney_f10,2026-07-29T23:50:46
2017-02-06,1.868,1.868,eastmoney_f10,2026-07-29T23:50:46
2017-02-07,1.875,1.875,eastmoney_f10,2026-07-29T23:50:46
2017-02-08,1.885,1.885,eastmoney_f10,2026-07-29T23:50:46
2017-02-09,1.887,1.887,eastmoney_f10,2026-07-29T23:50:46
2017-02-10,1.895,1.895,eastmoney_f10,2026-07-29T23:50:46
2017-02-13,1.908,1.908,eastmoney_f10,2026-07-29T23:50:46
2017-02-14,1.912,1.912,eastmoney_f10,2026-07-29T23:50:46
2017-02-15,1.918,1.918,eastmoney_f10,2026-07-29T23:50:46
2017-02-16,1.917,1.917,eastmoney_f10,2026-07-29T23:50:46
2017-02-17,1.921,1.921,eastmoney_f10,2026-07-29T23:50:46
2017-02-21,1.938,1.938,eastmoney_f10,2026-07-29T23:50:46
2017-02-22,1.94,1.94,eastmoney_f10,2026-07-29T23:50:46
2017-02-23,1.93,1.93,eastmoney_f10,2026-07-29T23:50:46
2017-02-24,1.932,1.932,eastmoney_f10,2026-07-29T23:50:46
2017-02-27,1.938,1.938,eastmoney_f10,2026-07-29T23:50:46
2017-02-28,1.93,1.93,eastmoney_f10,2026-07-29T23:50:46
2017-03-01,1.952,1.952,eastmoney_f10,2026-07-29T23:50:46
2017-03-02,1.943,1.943,eastmoney_f10,2026-07-29T23:50:46
2017-03-03,1.949,1.949,eastmoney_f10,2026-07-29T23:50:46
2017-03-06,1.941,1.941,eastmoney_f10,2026-07-29T23:50:46
2017-03-07,1.942,1.942,eastmoney_f10,2026-07-29T23:50:46
2017-03-08,1.947,1.947,eastmoney_f10,2026-07-29T23:50:46
2017-03-09,1.951,1.951,eastmoney_f10,2026-07-29T23:50:46
2017-03-10,1.959,1.959,eastmoney_f10,2026-07-29T23:50:46
2017-03-13,1.958,1.958,eastmoney_f10,2026-07-29T23:50:46
2017-03-14,1.957,1.957,eastmoney_f10,2026-07-29T23:50:46
2017-03-15,1.969,1.969,eastmoney_f10,2026-07-29T23:50:46
2017-03-16,1.961,1.961,eastmoney_f10,2026-07-29T23:50:46
2017-03-17,1.96,1.96,eastmoney_f10,2026-07-29T23:50:46
2017-03-20,1.965,1.965,eastmoney_f10,2026-07-29T23:50:46
2017-03-21,1.938,1.938,eastmoney_f10,2026-07-29T23:50:46
2017-03-22,1.945,1.945,eastmoney_f10,2026-07-29T23:50:46
2017-03-23,1.94,1.94,eastmoney_f10,2026-07-29T23:50:46
2017-03-24,1.943,1.943,eastmoney_f10,2026-07-29T23:50:46
2017-03-27,1.942,1.942,eastmoney_f10,2026-07-29T23:50:46
2017-03-28,1.956,1.956,eastmoney_f10,2026-07-29T23:50:46
2017-03-29,1.968,1.968,eastmoney_f10,2026-07-29T23:50:46
2017-03-30,1.971,1.971,eastmoney_f10,2026-07-29T23:50:46
2017-03-31,1.972,1.972,eastmoney_f10,2026-07-29T23:50:46
2017-04-05,1.964,1.964,eastmoney_f10,2026-07-29T23:50:46
2017-04-06,1.965,1.965,eastmoney_f10,2026-07-29T23:50:46
2017-04-07,1.965,1.965,eastmoney_f10,2026-07-29T23:50:46
2017-04-10,1.968,1.968,eastmoney_f10,2026-07-29T23:50:46
2017-04-11,1.958,1.958,eastmoney_f10,2026-07-29T23:50:46
2017-04-12,1.949,1.949,eastmoney_f10,2026-07-29T23:50:46
2017-04-13,1.933,1.933,eastmoney_f10,2026-07-29T23:50:46
2017-04-17,1.953,1.953,eastmoney_f10,2026-07-29T23:50:46
2017-04-18,1.952,1.952,eastmoney_f10,2026-07-29T23:50:46
2017-04-19,1.949,1.949,eastmoney_f10,2026-07-29T23:50:46
2017-04-20,1.968,1.968,eastmoney_f10,2026-07-29T23:50:46
2017-04-21,1.969,1.969,eastmoney_f10,2026-07-29T23:50:46
2017-04-24,1.988,1.988,eastmoney_f10,2026-07-29T23:50:46
2017-04-25,2.007,2.007,eastmoney_f10,2026-07-29T23:50:46
2017-04-26,2.005,2.005,eastmoney_f10,2026-07-29T23:50:46
2017-04-27,2.017,2.017,eastmoney_f10,2026-07-29T23:50:46
2017-04-28,2.022,2.022,eastmoney_f10,2026-07-29T23:50:46
2017-05-02,2.045,2.045,eastmoney_f10,2026-07-29T23:50:46
2017-05-03,2.036,2.036,eastmoney_f10,2026-07-29T23:50:46
2017-05-04,2.039,2.039,eastmoney_f10,2026-07-29T23:50:46
2017-05-05,2.044,2.044,eastmoney_f10,2026-07-29T23:50:46
2017-05-08,2.05,2.05,eastmoney_f10,2026-07-29T23:50:46
2017-05-09,2.06,2.06,eastmoney_f10,2026-07-29T23:50:46
2017-05-10,2.062,2.062,eastmoney_f10,2026-07-29T23:50:46
2017-05-11,2.06,2.06,eastmoney_f10,2026-07-29T23:50:46
2017-05-12,2.061,2.061,eastmoney_f10,2026-07-29T23:50:46
2017-05-15,2.065,2.065,eastmoney_f10,2026-07-29T23:50:46
2017-05-16,2.071,2.071,eastmoney_f10,2026-07-29T23:50:46
2017-05-17,2.015,2.015,eastmoney_f10,2026-07-29T23:50:46
2017-05-18,2.03,2.03,eastmoney_f10,2026-07-29T23:50:46
2017-05-19,2.045,2.045,eastmoney_f10,2026-07-29T23:50:46
2017-05-22,2.058,2.058,eastmoney_f10,2026-07-29T23:50:46
2017-05-23,2.059,2.059,eastmoney_f10,2026-07-29T23:50:46
2017-05-24,2.072,2.072,eastmoney_f10,2026-07-29T23:50:46
2017-05-25,2.087,2.087,eastmoney_f10,2026-07-29T23:50:46
2017-05-26,2.091,2.091,eastmoney_f10,2026-07-29T23:50:46
2017-05-31,2.088,2.088,eastmoney_f10,2026-07-29T23:50:46
2017-06-01,2.082,2.082,eastmoney_f10,2026-07-29T23:50:46
2017-06-02,2.105,2.105,eastmoney_f10,2026-07-29T23:50:46
2017-06-05,2.099,2.099,eastmoney_f10,2026-07-29T23:50:46
2017-06-06,2.091,2.091,eastmoney_f10,2026-07-29T23:50:46
2017-06-07,2.096,2.096,eastmoney_f10,2026-07-29T23:50:46
2017-06-08,2.101,2.101,eastmoney_f10,2026-07-29T23:50:46
2017-06-09,2.052,2.052,eastmoney_f10,2026-07-29T23:50:46
2017-06-12,2.04,2.04,eastmoney_f10,2026-07-29T23:50:46
2017-06-13,2.055,2.055,eastmoney_f10,2026-07-29T23:50:46
2017-06-14,2.046,2.046,eastmoney_f10,2026-07-29T23:50:46
2017-06-15,2.034,2.034,eastmoney_f10,2026-07-29T23:50:46
2017-06-16,2.03,2.03,eastmoney_f10,2026-07-29T23:50:46
2017-06-19,2.062,2.062,eastmoney_f10,2026-07-29T23:50:46
2017-06-20,2.049,2.049,eastmoney_f10,2026-07-29T23:50:46
2017-06-21,2.072,2.072,eastmoney_f10,2026-07-29T23:50:46
2017-06-22,2.071,2.071,eastmoney_f10,2026-07-29T23:50:46
2017-06-23,2.081,2.081,eastmoney_f10,2026-07-29T23:50:46
2017-06-26,2.072,2.072,eastmoney_f10,2026-07-29T23:50:46
2017-06-27,2.036,2.036,eastmoney_f10,2026-07-29T23:50:46
2017-06-28,2.059,2.059,eastmoney_f10,2026-07-29T23:50:46
2017-06-29,2.02,2.02,eastmoney_f10,2026-07-29T23:50:46
2017-06-30,2.013,2.013,eastmoney_f10,2026-07-29T23:50:46
2017-07-03,1.996,1.996,eastmoney_f10,2026-07-29T23:50:46
2017-07-05,2.019,2.019,eastmoney_f10,2026-07-29T23:50:46
2017-07-06,2.001,2.001,eastmoney_f10,2026-07-29T23:50:46
2017-07-07,2.021,2.021,eastmoney_f10,2026-07-29T23:50:46
2017-07-10,2.036,2.036,eastmoney_f10,2026-07-29T23:50:46
2017-07-11,2.042,2.042,eastmoney_f10,2026-07-29T23:50:46
2017-07-12,2.064,2.064,eastmoney_f10,2026-07-29T23:50:46
2017-07-13,2.067,2.067,eastmoney_f10,2026-07-29T23:50:46
2017-07-14,2.082,2.082,eastmoney_f10,2026-07-29T23:50:46
2017-07-17,2.076,2.076,eastmoney_f10,2026-07-29T23:50:46
2017-07-18,2.091,2.091,eastmoney_f10,2026-07-29T23:50:46
2017-07-19,2.099,2.099,eastmoney_f10,2026-07-29T23:50:46
2017-07-20,2.101,2.101,eastmoney_f10,2026-07-29T23:50:46
2017-07-21,2.099,2.099,eastmoney_f10,2026-07-29T23:50:46
2017-07-24,2.106,2.106,eastmoney_f10,2026-07-29T23:50:46
2017-07-25,2.105,2.105,eastmoney_f10,2026-07-29T23:50:46
2017-07-26,2.113,2.113,eastmoney_f10,2026-07-29T23:50:46
2017-07-27,2.094,2.094,eastmoney_f10,2026-07-29T23:50:46
2017-07-28,2.093,2.093,eastmoney_f10,2026-07-29T23:50:46
2017-07-31,2.081,2.081,eastmoney_f10,2026-07-29T23:50:46
2017-08-01,2.082,2.082,eastmoney_f10,2026-07-29T23:50:46
2017-08-02,2.09,2.09,eastmoney_f10,2026-07-29T23:50:46
2017-08-03,2.083,2.083,eastmoney_f10,2026-07-29T23:50:46
2017-08-04,2.083,2.083,eastmoney_f10,2026-07-29T23:50:46
2017-08-07,2.098,2.098,eastmoney_f10,2026-07-29T23:50:46
2017-08-08,2.094,2.094,eastmoney_f10,2026-07-29T23:50:46
2017-08-09,2.088,2.088,eastmoney_f10,2026-07-29T23:50:46
2017-08-10,2.034,2.034,eastmoney_f10,2026-07-29T23:50:46
2017-08-11,2.045,2.045,eastmoney_f10,2026-07-29T23:50:46
2017-08-14,2.07,2.07,eastmoney_f10,2026-07-29T23:50:46
2017-08-15,2.074,2.074,eastmoney_f10,2026-07-29T23:50:46
2017-08-16,2.08,2.08,eastmoney_f10,2026-07-29T23:50:46
2017-08-17,2.036,2.036,eastmoney_f10,2026-07-29T23:50:46
2017-08-18,2.035,2.035,eastmoney_f10,2026-07-29T23:50:46
2017-08-21,2.032,2.032,eastmoney_f10,2026-07-29T23:50:46
2017-08-22,2.059,2.059,eastmoney_f10,2026-07-29T23:50:46
2017-08-23,2.052,2.052,eastmoney_f10,2026-07-29T23:50:46
2017-08-24,2.043,2.043,eastmoney_f10,2026-07-29T23:50:46
2017-08-25,2.041,2.041,eastmoney_f10,2026-07-29T23:50:46
2017-08-28,2.039,2.039,eastmoney_f10,2026-07-29T23:50:46
2017-08-29,2.046,2.046,eastmoney_f10,2026-07-29T23:50:46
2017-08-30,2.065,2.065,eastmoney_f10,2026-07-29T23:50:46
2017-08-31,2.082,2.082,eastmoney_f10,2026-07-29T23:50:46
2017-09-01,2.078,2.078,eastmoney_f10,2026-07-29T23:50:46
2017-09-05,2.042,2.042,eastmoney_f10,2026-07-29T23:50:46
2017-09-06,2.047,2.047,eastmoney_f10,2026-07-29T23:50:46
2017-09-07,2.05,2.05,eastmoney_f10,2026-07-29T23:50:46
2017-09-08,2.026,2.026,eastmoney_f10,2026-07-29T23:50:46
2017-09-11,2.047,2.047,eastmoney_f10,2026-07-29T23:50:46
2017-09-12,2.061,2.061,eastmoney_f10,2026-07-29T23:50:46
2017-09-13,2.068,2.068,eastmoney_f10,2026-07-29T23:50:46
2017-09-14,2.058,2.058,eastmoney_f10,2026-07-29T23:50:46
2017-09-15,2.063,2.063,eastmoney_f10,2026-07-29T23:50:46
2017-09-18,2.06,2.06,eastmoney_f10,2026-07-29T23:50:46
2017-09-19,2.067,2.067,eastmoney_f10,2026-07-29T23:50:46
2017-09-20,2.066,2.066,eastmoney_f10,2026-07-29T23:50:46
2017-09-21,2.059,2.059,eastmoney_f10,2026-07-29T23:50:46
2017-09-22,2.058,2.058,eastmoney_f10,2026-07-29T23:50:46
2017-09-25,2.039,2.039,eastmoney_f10,2026-07-29T23:50:46
2017-09-26,2.047,2.047,eastmoney_f10,2026-07-29T23:50:46
2017-09-27,2.07,2.07,eastmoney_f10,2026-07-29T23:50:46
2017-09-28,2.071,2.071,eastmoney_f10,2026-07-29T23:50:46
2017-09-29,2.09,2.09,eastmoney_f10,2026-07-29T23:50:46
2017-10-09,2.121,2.121,eastmoney_f10,2026-07-29T23:50:46
2017-10-10,2.116,2.116,eastmoney_f10,2026-07-29T23:50:46
2017-10-11,2.109,2.109,eastmoney_f10,2026-07-29T23:50:46
2017-10-12,2.104,2.104,eastmoney_f10,2026-07-29T23:50:46
2017-10-13,2.113,2.113,eastmoney_f10,2026-07-29T23:50:46
2017-10-16,2.12,2.12,eastmoney_f10,2026-07-29T23:50:46
2017-10-17,2.124,2.124,eastmoney_f10,2026-07-29T23:50:46
2017-10-18,2.125,2.125,eastmoney_f10,2026-07-29T23:50:46
2017-10-19,2.12,2.12,eastmoney_f10,2026-07-29T23:50:46
2017-10-20,2.126,2.126,eastmoney_f10,2026-07-29T23:50:46
2017-10-23,2.115,2.115,eastmoney_f10,2026-07-29T23:50:46
2017-10-24,2.121,2.121,eastmoney_f10,2026-07-29T23:50:46
2017-10-25,2.114,2.114,eastmoney_f10,2026-07-29T23:50:46
2017-10-26,2.106,2.106,eastmoney_f10,2026-07-29T23:50:46
2017-10-27,2.171,2.171,eastmoney_f10,2026-07-29T23:50:46
2017-10-30,2.177,2.177,eastmoney_f10,2026-07-29T23:50:46
2017-10-31,2.181,2.181,eastmoney_f10,2026-07-29T23:50:46
2017-11-01,2.178,2.178,eastmoney_f10,2026-07-29T23:50:46
2017-11-02,2.169,2.169,eastmoney_f10,2026-07-29T23:50:46
2017-11-03,2.186,2.186,eastmoney_f10,2026-07-29T23:50:46
2017-11-06,2.198,2.198,eastmoney_f10,2026-07-29T23:50:46
2017-11-07,2.199,2.199,eastmoney_f10,2026-07-29T23:50:46
2017-11-08,2.209,2.209,eastmoney_f10,2026-07-29T23:50:46
2017-11-09,2.2,2.2,eastmoney_f10,2026-07-29T23:50:46
2017-11-10,2.198,2.198,eastmoney_f10,2026-07-29T23:50:46
2017-11-13,2.203,2.203,eastmoney_f10,2026-07-29T23:50:46
2017-11-14,2.196,2.196,eastmoney_f10,2026-07-29T23:50:46
2017-11-15,2.181,2.181,eastmoney_f10,2026-07-29T23:50:46
2017-11-16,2.211,2.211,eastmoney_f10,2026-07-29T23:50:46
2017-11-17,2.202,2.202,eastmoney_f10,2026-07-29T23:50:46
2017-11-20,2.2,2.2,eastmoney_f10,2026-07-29T23:50:46
2017-11-21,2.227,2.227,eastmoney_f10,2026-07-29T23:50:46
2017-11-22,2.227,2.227,eastmoney_f10,2026-07-29T23:50:46
2017-11-24,2.219,2.219,eastmoney_f10,2026-07-29T23:50:46
2017-11-27,2.22,2.22,eastmoney_f10,2026-07-29T23:50:46
2017-11-28,2.228,2.228,eastmoney_f10,2026-07-29T23:50:46
2017-11-29,2.193,2.193,eastmoney_f10,2026-07-29T23:50:46
2017-11-30,2.212,2.212,eastmoney_f10,2026-07-29T23:50:46
2017-12-01,2.203,2.203,eastmoney_f10,2026-07-29T23:50:46
2017-12-04,2.179,2.179,eastmoney_f10,2026-07-29T23:50:46
2017-12-05,2.18,2.18,eastmoney_f10,2026-07-29T23:50:46
2017-12-06,2.191,2.191,eastmoney_f10,2026-07-29T23:50:46
2017-12-07,2.2,2.2,eastmoney_f10,2026-07-29T23:50:46
2017-12-08,2.211,2.211,eastmoney_f10,2026-07-29T23:50:46
2017-12-11,2.226,2.226,eastmoney_f10,2026-07-29T23:50:46
2017-12-12,2.223,2.223,eastmoney_f10,2026-07-29T23:50:46
2017-12-13,2.229,2.229,eastmoney_f10,2026-07-29T23:50:46
2017-12-14,2.221,2.221,eastmoney_f10,2026-07-29T23:50:46
2017-12-15,2.25,2.25,eastmoney_f10,2026-07-29T23:50:46
2017-12-18,2.269,2.269,eastmoney_f10,2026-07-29T23:50:46
2017-12-19,2.255,2.255,eastmoney_f10,2026-07-29T23:50:46
2017-12-20,2.251,2.251,eastmoney_f10,2026-07-29T23:50:46
2017-12-21,2.243,2.243,eastmoney_f10,2026-07-29T23:50:46
2017-12-22,2.241,2.241,eastmoney_f10,2026-07-29T23:50:46
2017-12-26,2.216,2.216,eastmoney_f10,2026-07-29T23:50:46
2017-12-27,2.217,2.217,eastmoney_f10,2026-07-29T23:50:46
2017-12-28,2.218,2.218,eastmoney_f10,2026-07-29T23:50:46
2017-12-29,2.201,2.201,eastmoney_f10,2026-07-29T23:50:46
2017-12-31,2.201,2.201,eastmoney_f10,2026-07-29T23:50:46
2018-01-02,2.23,2.23,eastmoney_f10,2026-07-29T23:50:46
2018-01-03,2.246,2.246,eastmoney_f10,2026-07-29T23:50:46
2018-01-04,2.253,2.253,eastmoney_f10,2026-07-29T23:50:46
2018-01-05,2.272,2.272,eastmoney_f10,2026-07-29T23:50:46
2018-01-08,2.276,2.276,eastmoney_f10,2026-07-29T23:50:46
2018-01-09,2.281,2.281,eastmoney_f10,2026-07-29T23:50:46
2018-01-10,2.284,2.284,eastmoney_f10,2026-07-29T23:50:46
2018-01-11,2.298,2.298,eastmoney_f10,2026-07-29T23:50:46
2018-01-12,2.307,2.307,eastmoney_f10,2026-07-29T23:50:46
2018-01-16,2.28,2.28,eastmoney_f10,2026-07-29T23:50:46
2018-01-17,2.304,2.304,eastmoney_f10,2026-07-29T23:50:46
2018-01-18,2.307,2.307,eastmoney_f10,2026-07-29T23:50:46
2018-01-19,2.307,2.307,eastmoney_f10,2026-07-29T23:50:46
2018-01-22,2.329,2.329,eastmoney_f10,2026-07-29T23:50:46
2018-01-23,2.345,2.345,eastmoney_f10,2026-07-29T23:50:46
2018-01-24,2.327,2.327,eastmoney_f10,2026-07-29T23:50:46
2018-01-25,2.318,2.318,eastmoney_f10,2026-07-29T23:50:46
2018-01-26,2.344,2.344,eastmoney_f10,2026-07-29T23:50:46
2018-01-29,2.326,2.326,eastmoney_f10,2026-07-29T23:50:46
2018-01-30,2.308,2.308,eastmoney_f10,2026-07-29T23:50:46
2018-01-31,2.316,2.316,eastmoney_f10,2026-07-29T23:50:46
2018-02-01,2.29,2.29,eastmoney_f10,2026-07-29T23:50:46
2018-02-02,2.237,2.237,eastmoney_f10,2026-07-29T23:50:46
2018-02-05,2.154,2.154,eastmoney_f10,2026-07-29T23:50:46
2018-02-06,2.213,2.213,eastmoney_f10,2026-07-29T23:50:46
2018-02-07,2.179,2.179,eastmoney_f10,2026-07-29T23:50:46
2018-02-08,2.085,2.085,eastmoney_f10,2026-07-29T23:50:46
2018-02-09,2.133,2.133,eastmoney_f10,2026-07-29T23:50:46
2018-02-12,2.163,2.163,eastmoney_f10,2026-07-29T23:50:46
2018-02-13,2.181,2.181,eastmoney_f10,2026-07-29T23:50:46
2018-02-14,2.229,2.229,eastmoney_f10,2026-07-29T23:50:46
2018-02-22,2.262,2.262,eastmoney_f10,2026-07-29T23:50:46
2018-02-23,2.307,2.307,eastmoney_f10,2026-07-29T23:50:46
2018-02-26,2.334,2.334,eastmoney_f10,2026-07-29T23:50:46
2018-02-27,2.295,2.295,eastmoney_f10,2026-07-29T23:50:46
2018-02-28,2.285,2.285,eastmoney_f10,2026-07-29T23:50:46
2018-03-01,2.251,2.251,eastmoney_f10,2026-07-29T23:50:46
2018-03-02,2.271,2.271,eastmoney_f10,2026-07-29T23:50:46
2018-03-05,2.299,2.299,eastmoney_f10,2026-07-29T23:50:46
2018-03-06,2.308,2.308,eastmoney_f10,2026-07-29T23:50:46
2018-03-07,2.31,2.31,eastmoney_f10,2026-07-29T23:50:46
2018-03-08,2.321,2.321,eastmoney_f10,2026-07-29T23:50:46
2018-03-09,2.375,2.375,eastmoney_f10,2026-07-29T23:50:46
2018-03-12,2.38,2.38,eastmoney_f10,2026-07-29T23:50:46
2018-03-13,2.347,2.347,eastmoney_f10,2026-07-29T23:50:46
2018-03-14,2.344,2.344,eastmoney_f10,2026-07-29T23:50:46
2018-03-15,2.339,2.339,eastmoney_f10,2026-07-29T23:50:46
2018-03-16,2.342,2.342,eastmoney_f10,2026-07-29T23:50:46
2018-03-19,2.288,2.288,eastmoney_f10,2026-07-29T23:50:46
2018-03-20,2.292,2.292,eastmoney_f10,2026-07-29T23:50:46
2018-03-21,2.286,2.286,eastmoney_f10,2026-07-29T23:50:46
2018-03-22,2.22,2.22,eastmoney_f10,2026-07-29T23:50:46
2018-03-23,2.166,2.166,eastmoney_f10,2026-07-29T23:50:46
2018-03-26,2.244,2.244,eastmoney_f10,2026-07-29T23:50:46
2018-03-27,2.157,2.157,eastmoney_f10,2026-07-29T23:50:46
2018-03-28,2.135,2.135,eastmoney_f10,2026-07-29T23:50:46
2018-03-29,2.183,2.183,eastmoney_f10,2026-07-29T23:50:46
2018-04-02,2.111,2.111,eastmoney_f10,2026-07-29T23:50:46
2018-04-03,2.135,2.135,eastmoney_f10,2026-07-29T23:50:46
2018-04-04,2.172,2.172,eastmoney_f10,2026-07-29T23:50:46
2018-04-09,2.15,2.15,eastmoney_f10,2026-07-29T23:50:46
2018-04-10,2.196,2.196,eastmoney_f10,2026-07-29T23:50:46
2018-04-11,2.179,2.179,eastmoney_f10,2026-07-29T23:50:46
2018-04-12,2.2,2.2,eastmoney_f10,2026-07-29T23:50:46
2018-04-13,2.192,2.192,eastmoney_f10,2026-07-29T23:50:46
2018-04-16,2.207,2.207,eastmoney_f10,2026-07-29T23:50:46
2018-04-17,2.249,2.249,eastmoney_f10,2026-07-29T23:50:46
2018-04-18,2.257,2.257,eastmoney_f10,2026-07-29T23:50:46
2018-04-19,2.239,2.239,eastmoney_f10,2026-07-29T23:50:46
2018-04-20,2.205,2.205,eastmoney_f10,2026-07-29T23:50:46
2018-04-23,2.204,2.204,eastmoney_f10,2026-07-29T23:50:46
2018-04-24,2.163,2.163,eastmoney_f10,2026-07-29T23:50:46
2018-04-25,2.16,2.16,eastmoney_f10,2026-07-29T23:50:46
2018-04-26,2.213,2.213,eastmoney_f10,2026-07-29T23:50:46
2018-04-27,2.218,2.218,eastmoney_f10,2026-07-29T23:50:46
2018-05-02,2.222,2.222,eastmoney_f10,2026-07-29T23:50:46
2018-05-03,2.224,2.224,eastmoney_f10,2026-07-29T23:50:46
2018-05-04,2.26,2.26,eastmoney_f10,2026-07-29T23:50:46
2018-05-07,2.279,2.279,eastmoney_f10,2026-07-29T23:50:46
2018-05-08,2.279,2.279,eastmoney_f10,2026-07-29T23:50:46
2018-05-09,2.307,2.307,eastmoney_f10,2026-07-29T23:50:46
2018-05-10,2.332,2.332,eastmoney_f10,2026-07-29T23:50:46
2018-05-11,2.322,2.322,eastmoney_f10,2026-07-29T23:50:46
2018-05-14,2.32,2.32,eastmoney_f10,2026-07-29T23:50:46
2018-05-15,2.299,2.299,eastmoney_f10,2026-07-29T23:50:46
2018-05-16,2.323,2.323,eastmoney_f10,2026-07-29T23:50:46
2018-05-17,2.312,2.312,eastmoney_f10,2026-07-29T23:50:46
2018-05-18,2.304,2.304,eastmoney_f10,2026-07-29T23:50:46
2018-05-21,2.319,2.319,eastmoney_f10,2026-07-29T23:50:46
2018-05-22,2.313,2.313,eastmoney_f10,2026-07-29T23:50:46
2018-05-23,2.331,2.331,eastmoney_f10,2026-07-29T23:50:46
2018-05-24,2.33,2.33,eastmoney_f10,2026-07-29T23:50:46
2018-05-25,2.335,2.335,eastmoney_f10,2026-07-29T23:50:46
2018-05-29,2.329,2.329,eastmoney_f10,2026-07-29T23:50:46
2018-05-30,2.352,2.352,eastmoney_f10,2026-07-29T23:50:46
2018-05-31,2.347,2.347,eastmoney_f10,2026-07-29T23:50:46
2018-06-01,2.382,2.382,eastmoney_f10,2026-07-29T23:50:46
2018-06-04,2.407,2.407,eastmoney_f10,2026-07-29T23:50:46
2018-06-05,2.413,2.413,eastmoney_f10,2026-07-29T23:50:46
2018-06-06,2.424,2.424,eastmoney_f10,2026-07-29T23:50:46
2018-06-07,2.4,2.4,eastmoney_f10,2026-07-29T23:50:46
2018-06-08,2.404,2.404,eastmoney_f10,2026-07-29T23:50:46
2018-06-11,2.412,2.412,eastmoney_f10,2026-07-29T23:50:46
2018-06-12,2.428,2.428,eastmoney_f10,2026-07-29T23:50:46
2018-06-13,2.427,2.427,eastmoney_f10,2026-07-29T23:50:46
2018-06-14,2.447,2.447,eastmoney_f10,2026-07-29T23:50:46
2018-06-15,2.452,2.452,eastmoney_f10,2026-07-29T23:50:46
2018-06-19,2.439,2.439,eastmoney_f10,2026-07-29T23:50:46
2018-06-20,2.47,2.47,eastmoney_f10,2026-07-29T23:50:46
2018-06-21,2.453,2.453,eastmoney_f10,2026-07-29T23:50:46
2018-06-22,2.451,2.451,eastmoney_f10,2026-07-29T23:50:46
2018-06-25,2.401,2.401,eastmoney_f10,2026-07-29T23:50:46
2018-06-26,2.421,2.421,eastmoney_f10,2026-07-29T23:50:46
2018-06-27,2.4,2.4,eastmoney_f10,2026-07-29T23:50:46
2018-06-28,2.434,2.434,eastmoney_f10,2026-07-29T23:50:46
2018-06-29,2.445,2.445,eastmoney_f10,2026-07-29T23:50:46
2018-06-30,2.445,2.445,eastmoney_f10,2026-07-29T23:50:46
2018-07-02,2.464,2.464,eastmoney_f10,2026-07-29T23:50:46
2018-07-03,2.448,2.448,eastmoney_f10,2026-07-29T23:50:46
2018-07-05,2.467,2.467,eastmoney_f10,2026-07-29T23:50:46
2018-07-06,2.511,2.511,eastmoney_f10,2026-07-29T23:50:46
2018-07-09,2.536,2.536,eastmoney_f10,2026-07-29T23:50:46
2018-07-10,2.533,2.533,eastmoney_f10,2026-07-29T23:50:46
2018-07-11,2.518,2.518,eastmoney_f10,2026-07-29T23:50:46
2018-07-12,2.578,2.578,eastmoney_f10,2026-07-29T23:50:46
2018-07-13,2.581,2.581,eastmoney_f10,2026-07-29T23:50:46
2018-07-16,2.573,2.573,eastmoney_f10,2026-07-29T23:50:46
2018-07-17,2.594,2.594,eastmoney_f10,2026-07-29T23:50:46
2018-07-18,2.591,2.591,eastmoney_f10,2026-07-29T23:50:46
2018-07-19,2.584,2.584,eastmoney_f10,2026-07-29T23:50:46
2018-07-20,2.605,2.605,eastmoney_f10,2026-07-29T23:50:46
2018-07-23,2.613,2.613,eastmoney_f10,2026-07-29T23:50:46
2018-07-24,2.634,2.634,eastmoney_f10,2026-07-29T23:50:46
2018-07-25,2.674,2.674,eastmoney_f10,2026-07-29T23:50:46
2018-07-26,2.627,2.627,eastmoney_f10,2026-07-29T23:50:46
2018-07-27,2.598,2.598,eastmoney_f10,2026-07-29T23:50:46
2018-07-30,2.57,2.57,eastmoney_f10,2026-07-29T23:50:46
2018-07-31,2.586,2.586,eastmoney_f10,2026-07-29T23:50:46
2018-08-01,2.604,2.604,eastmoney_f10,2026-07-29T23:50:46
2018-08-02,2.625,2.625,eastmoney_f10,2026-07-29T23:50:46
2018-08-03,2.649,2.649,eastmoney_f10,2026-07-29T23:50:46
2018-08-06,2.672,2.672,eastmoney_f10,2026-07-29T23:50:46
2018-08-07,2.678,2.678,eastmoney_f10,2026-07-29T23:50:46
2018-08-08,2.674,2.674,eastmoney_f10,2026-07-29T23:50:46
2018-08-09,2.673,2.673,eastmoney_f10,2026-07-29T23:50:46
2018-08-10,2.658,2.658,eastmoney_f10,2026-07-29T23:50:46
2018-08-13,2.663,2.663,eastmoney_f10,2026-07-29T23:50:46
2018-08-14,2.681,2.681,eastmoney_f10,2026-07-29T23:50:46
2018-08-15,2.654,2.654,eastmoney_f10,2026-07-29T23:50:46
2018-08-16,2.664,2.664,eastmoney_f10,2026-07-29T23:50:46
2018-08-17,2.663,2.663,eastmoney_f10,2026-07-29T23:50:46
2018-08-20,2.655,2.655,eastmoney_f10,2026-07-29T23:50:46
2018-08-21,2.651,2.651,eastmoney_f10,2026-07-29T23:50:46
2018-08-22,2.658,2.658,eastmoney_f10,2026-07-29T23:50:46
2018-08-23,2.658,2.658,eastmoney_f10,2026-07-29T23:50:46
2018-08-24,2.697,2.697,eastmoney_f10,2026-07-29T23:50:46
2018-08-27,2.716,2.716,eastmoney_f10,2026-07-29T23:50:46
2018-08-28,2.702,2.702,eastmoney_f10,2026-07-29T23:50:46
2018-08-29,2.735,2.735,eastmoney_f10,2026-07-29T23:50:46
2018-08-30,2.73,2.73,eastmoney_f10,2026-07-29T23:50:46
2018-08-31,2.74,2.74,eastmoney_f10,2026-07-29T23:50:46
2018-09-04,2.726,2.726,eastmoney_f10,2026-07-29T23:50:46
2018-09-05,2.693,2.693,eastmoney_f10,2026-07-29T23:50:46
2018-09-06,2.666,2.666,eastmoney_f10,2026-07-29T23:50:46
2018-09-07,2.658,2.658,eastmoney_f10,2026-07-29T23:50:46
2018-09-10,2.671,2.671,eastmoney_f10,2026-07-29T23:50:46
2018-09-11,2.696,2.696,eastmoney_f10,2026-07-29T23:50:46
2018-09-12,2.691,2.691,eastmoney_f10,2026-07-29T23:50:46
2018-09-13,2.715,2.715,eastmoney_f10,2026-07-29T23:50:46
2018-09-14,2.705,2.705,eastmoney_f10,2026-07-29T23:50:46
2018-09-17,2.671,2.671,eastmoney_f10,2026-07-29T23:50:46
2018-09-18,2.694,2.694,eastmoney_f10,2026-07-29T23:50:46
2018-09-19,2.693,2.693,eastmoney_f10,2026-07-29T23:50:46
2018-09-20,2.721,2.721,eastmoney_f10,2026-07-29T23:50:46
2018-09-21,2.699,2.699,eastmoney_f10,2026-07-29T23:50:46
2018-09-25,2.715,2.715,eastmoney_f10,2026-07-29T23:50:46
2018-09-26,2.719,2.719,eastmoney_f10,2026-07-29T23:50:46
2018-09-27,2.746,2.746,eastmoney_f10,2026-07-29T23:50:46
2018-09-28,2.751,2.751,eastmoney_f10,2026-07-29T23:50:46
2018-10-08,2.66,2.66,eastmoney_f10,2026-07-29T23:50:46
2018-10-09,2.668,2.668,eastmoney_f10,2026-07-29T23:50:46
2018-10-10,2.55,2.55,eastmoney_f10,2026-07-29T23:50:46
2018-10-11,2.524,2.524,eastmoney_f10,2026-07-29T23:50:46
2018-10-12,2.592,2.592,eastmoney_f10,2026-07-29T23:50:46
2018-10-15,2.561,2.561,eastmoney_f10,2026-07-29T23:50:46
2018-10-16,2.637,2.637,eastmoney_f10,2026-07-29T23:50:46
2018-10-17,2.636,2.636,eastmoney_f10,2026-07-29T23:50:46
2018-10-18,2.583,2.583,eastmoney_f10,2026-07-29T23:50:46
2018-10-19,2.583,2.583,eastmoney_f10,2026-07-29T23:50:46
2018-10-22,2.59,2.59,eastmoney_f10,2026-07-29T23:50:46
2018-10-23,2.584,2.584,eastmoney_f10,2026-07-29T23:50:46
2018-10-24,2.467,2.467,eastmoney_f10,2026-07-29T23:50:46
2018-10-25,2.547,2.547,eastmoney_f10,2026-07-29T23:50:46
2018-10-26,2.493,2.493,eastmoney_f10,2026-07-29T23:50:46
2018-10-29,2.436,2.436,eastmoney_f10,2026-07-29T23:50:46
2018-10-30,2.478,2.478,eastmoney_f10,2026-07-29T23:50:46
2018-10-31,2.538,2.538,eastmoney_f10,2026-07-29T23:50:46
2018-11-01,2.578,2.578,eastmoney_f10,2026-07-29T23:50:46
2018-11-02,2.53,2.53,eastmoney_f10,2026-07-29T23:50:46
2018-11-05,2.504,2.504,eastmoney_f10,2026-07-29T23:50:46
2018-11-06,2.527,2.527,eastmoney_f10,2026-07-29T23:50:46
2018-11-07,2.603,2.603,eastmoney_f10,2026-07-29T23:50:46
2018-11-08,2.591,2.591,eastmoney_f10,2026-07-29T23:50:46
2018-11-09,2.554,2.554,eastmoney_f10,2026-07-29T23:50:46
2018-11-12,2.484,2.484,eastmoney_f10,2026-07-29T23:50:46
2018-11-13,2.49,2.49,eastmoney_f10,2026-07-29T23:50:46
2018-11-14,2.46,2.46,eastmoney_f10,2026-07-29T23:50:46
2018-11-15,2.504,2.504,eastmoney_f10,2026-07-29T23:50:46
2018-11-16,2.493,2.493,eastmoney_f10,2026-07-29T23:50:46
2018-11-19,2.406,2.406,eastmoney_f10,2026-07-29T23:50:46
2018-11-20,2.368,2.368,eastmoney_f10,2026-07-29T23:50:46
2018-11-21,2.391,2.391,eastmoney_f10,2026-07-29T23:50:46
2018-11-23,2.368,2.368,eastmoney_f10,2026-07-29T23:50:46
2018-11-26,2.428,2.428,eastmoney_f10,2026-07-29T23:50:46
2018-11-27,2.436,2.436,eastmoney_f10,2026-07-29T23:50:46
2018-11-28,2.515,2.515,eastmoney_f10,2026-07-29T23:50:46
2018-11-29,2.502,2.502,eastmoney_f10,2026-07-29T23:50:46
2018-11-30,2.522,2.522,eastmoney_f10,2026-07-29T23:50:46
2018-12-03,2.568,2.568,eastmoney_f10,2026-07-29T23:50:46
2018-12-04,2.453,2.453,eastmoney_f10,2026-07-29T23:50:46
2018-12-06,2.456,2.456,eastmoney_f10,2026-07-29T23:50:46
2018-12-07,2.378,2.378,eastmoney_f10,2026-07-29T23:50:46
2018-12-10,2.404,2.404,eastmoney_f10,2026-07-29T23:50:46
2018-12-11,2.422,2.422,eastmoney_f10,2026-07-29T23:50:46
2018-12-12,2.446,2.446,eastmoney_f10,2026-07-29T23:50:46
2018-12-13,2.437,2.437,eastmoney_f10,2026-07-29T23:50:46
2018-12-14,2.375,2.375,eastmoney_f10,2026-07-29T23:50:46
2018-12-17,2.329,2.329,eastmoney_f10,2026-07-29T23:50:46
2018-12-18,2.342,2.342,eastmoney_f10,2026-07-29T23:50:46
2018-12-19,2.29,2.29,eastmoney_f10,2026-07-29T23:50:46
2018-12-20,2.258,2.258,eastmoney_f10,2026-07-29T23:50:46
2018-12-21,2.184,2.184,eastmoney_f10,2026-07-29T23:50:46
2018-12-24,2.137,2.137,eastmoney_f10,2026-07-29T23:50:46
2018-12-26,2.261,2.261,eastmoney_f10,2026-07-29T23:50:46
2018-12-27,2.272,2.272,eastmoney_f10,2026-07-29T23:50:46
2018-12-28,2.261,2.261,eastmoney_f10,2026-07-29T23:50:46
2018-12-31,2.277,2.277,eastmoney_f10,2026-07-29T23:50:46
2019-01-02,2.284,2.284,eastmoney_f10,2026-07-29T23:50:46
2019-01-03,2.21,2.21,eastmoney_f10,2026-07-29T23:50:46
2019-01-04,2.305,2.305,eastmoney_f10,2026-07-29T23:50:46
2019-01-07,2.325,2.325,eastmoney_f10,2026-07-29T23:50:46
2019-01-08,2.343,2.343,eastmoney_f10,2026-07-29T23:50:46
2019-01-09,2.364,2.364,eastmoney_f10,2026-07-29T23:50:46
2019-01-10,2.358,2.358,eastmoney_f10,2026-07-29T23:50:46
2019-01-11,2.342,2.342,eastmoney_f10,2026-07-29T23:50:46
2019-01-14,2.309,2.309,eastmoney_f10,2026-07-29T23:50:46
2019-01-15,2.353,2.353,eastmoney_f10,2026-07-29T23:50:46
2019-01-16,2.355,2.355,eastmoney_f10,2026-07-29T23:50:46
2019-01-17,2.372,2.372,eastmoney_f10,2026-07-29T23:50:46
2019-01-18,2.398,2.398,eastmoney_f10,2026-07-29T23:50:46
2019-01-21,2.401,2.401,eastmoney_f10,2026-07-29T23:50:46
2019-01-22,2.356,2.356,eastmoney_f10,2026-07-29T23:50:46
2019-01-23,2.363,2.363,eastmoney_f10,2026-07-29T23:50:46
2019-01-24,2.373,2.373,eastmoney_f10,2026-07-29T23:50:46
2019-01-25,2.408,2.408,eastmoney_f10,2026-07-29T23:50:46
2019-01-28,2.36,2.36,eastmoney_f10,2026-07-29T23:50:46
2019-01-29,2.333,2.333,eastmoney_f10,2026-07-29T23:50:46
2019-01-30,2.395,2.395,eastmoney_f10,2026-07-29T23:50:46
2019-01-31,2.418,2.418,eastmoney_f10,2026-07-29T23:50:46
2019-02-01,2.409,2.409,eastmoney_f10,2026-07-29T23:50:46
2019-02-11,2.436,2.436,eastmoney_f10,2026-07-29T23:50:46
2019-02-12,2.483,2.483,eastmoney_f10,2026-07-29T23:50:46
2019-02-13,2.48,2.48,eastmoney_f10,2026-07-29T23:50:46
2019-02-14,2.486,2.486,eastmoney_f10,2026-07-29T23:50:46
2019-02-15,2.493,2.493,eastmoney_f10,2026-07-29T23:50:46
2019-02-18,2.494,2.494,eastmoney_f10,2026-07-29T23:50:46
2019-02-19,2.497,2.497,eastmoney_f10,2026-07-29T23:50:46
2019-02-20,2.494,2.494,eastmoney_f10,2026-07-29T23:50:46
2019-02-21,2.472,2.472,eastmoney_f10,2026-07-29T23:50:46
2019-02-22,2.488,2.488,eastmoney_f10,2026-07-29T23:50:46
2019-02-25,2.496,2.496,eastmoney_f10,2026-07-29T23:50:46
2019-02-26,2.492,2.492,eastmoney_f10,2026-07-29T23:50:46
2019-02-27,2.486,2.486,eastmoney_f10,2026-07-29T23:50:46
2019-02-28,2.481,2.481,eastmoney_f10,2026-07-29T23:50:46
2019-03-01,2.502,2.502,eastmoney_f10,2026-07-29T23:50:46
2019-03-04,2.504,2.504,eastmoney_f10,2026-07-29T23:50:46
2019-03-05,2.504,2.504,eastmoney_f10,2026-07-29T23:50:46
2019-03-06,2.491,2.491,eastmoney_f10,2026-07-29T23:50:46
2019-03-07,2.463,2.463,eastmoney_f10,2026-07-29T23:50:46
2019-03-08,2.464,2.464,eastmoney_f10,2026-07-29T23:50:46
2019-03-11,2.515,2.515,eastmoney_f10,2026-07-29T23:50:46
2019-03-12,2.525,2.525,eastmoney_f10,2026-07-29T23:50:46
2019-03-13,2.544,2.544,eastmoney_f10,2026-07-29T23:50:46
2019-03-14,2.535,2.535,eastmoney_f10,2026-07-29T23:50:46
2019-03-15,2.564,2.564,eastmoney_f10,2026-07-29T23:50:46
2019-03-18,2.567,2.567,eastmoney_f10,2026-07-29T23:50:46
2019-03-19,2.574,2.574,eastmoney_f10,2026-07-29T23:50:46
2019-03-20,2.586,2.586,eastmoney_f10,2026-07-29T23:50:46
2019-03-21,2.615,2.615,eastmoney_f10,2026-07-29T23:50:46
2019-03-22,2.561,2.561,eastmoney_f10,2026-07-29T23:50:46
2019-03-25,2.563,2.563,eastmoney_f10,2026-07-29T23:50:46
2019-03-26,2.573,2.573,eastmoney_f10,2026-07-29T23:50:46
2019-03-27,2.562,2.562,eastmoney_f10,2026-07-29T23:50:46
2019-03-28,2.571,2.571,eastmoney_f10,2026-07-29T23:50:46
2019-03-29,2.594,2.594,eastmoney_f10,2026-07-29T23:50:46
2019-04-01,2.623,2.623,eastmoney_f10,2026-07-29T23:50:46
2019-04-02,2.629,2.629,eastmoney_f10,2026-07-29T23:50:46
2019-04-03,2.647,2.647,eastmoney_f10,2026-07-29T23:50:46
2019-04-04,2.64,2.64,eastmoney_f10,2026-07-29T23:50:46
2019-04-08,2.666,2.666,eastmoney_f10,2026-07-29T23:50:46
2019-04-09,2.653,2.653,eastmoney_f10,2026-07-29T23:50:46
2019-04-10,2.666,2.666,eastmoney_f10,2026-07-29T23:50:46
2019-04-11,2.659,2.659,eastmoney_f10,2026-07-29T23:50:46
2019-04-12,2.678,2.678,eastmoney_f10,2026-07-29T23:50:46
2019-04-15,2.673,2.673,eastmoney_f10,2026-07-29T23:50:46
2019-04-16,2.682,2.682,eastmoney_f10,2026-07-29T23:50:46
2019-04-17,2.691,2.691,eastmoney_f10,2026-07-29T23:50:46
2019-04-18,2.687,2.687,eastmoney_f10,2026-07-29T23:50:46
2019-04-19,2.692,2.692,eastmoney_f10,2026-07-29T23:50:46
2019-04-22,2.699,2.699,eastmoney_f10,2026-07-29T23:50:46
2019-04-23,2.735,2.735,eastmoney_f10,2026-07-29T23:50:46
2019-04-24,2.732,2.732,eastmoney_f10,2026-07-29T23:50:46
2019-04-25,2.745,2.745,eastmoney_f10,2026-07-29T23:50:46
2019-04-26,2.749,2.749,eastmoney_f10,2026-07-29T23:50:46
2019-04-29,2.752,2.752,eastmoney_f10,2026-07-29T23:50:46
2019-04-30,2.733,2.733,eastmoney_f10,2026-07-29T23:50:46
2019-05-06,2.74,2.74,eastmoney_f10,2026-07-29T23:50:46
2019-05-07,2.698,2.698,eastmoney_f10,2026-07-29T23:50:46
2019-05-08,2.69,2.69,eastmoney_f10,2026-07-29T23:50:46
2019-05-09,2.68,2.68,eastmoney_f10,2026-07-29T23:50:46
2019-05-10,2.692,2.692,eastmoney_f10,2026-07-29T23:50:46
2019-05-13,2.597,2.597,eastmoney_f10,2026-07-29T23:50:46
2019-05-14,2.639,2.639,eastmoney_f10,2026-07-29T23:50:46
2019-05-15,2.686,2.686,eastmoney_f10,2026-07-29T23:50:46
2019-05-16,2.714,2.714,eastmoney_f10,2026-07-29T23:50:46
2019-05-17,2.692,2.692,eastmoney_f10,2026-07-29T23:50:46
2019-05-20,2.651,2.651,eastmoney_f10,2026-07-29T23:50:46
2019-05-21,2.677,2.677,eastmoney_f10,2026-07-29T23:50:46
2019-05-22,2.666,2.666,eastmoney_f10,2026-07-29T23:50:46
2019-05-23,2.626,2.626,eastmoney_f10,2026-07-29T23:50:46
2019-05-24,2.624,2.624,eastmoney_f10,2026-07-29T23:50:46
2019-05-27,2.621,2.621,eastmoney_f10,2026-07-29T23:50:46
2019-05-28,2.615,2.615,eastmoney_f10,2026-07-29T23:50:46
2019-05-29,2.593,2.593,eastmoney_f10,2026-07-29T23:50:46
2019-05-30,2.604,2.604,eastmoney_f10,2026-07-29T23:50:46
2019-05-31,2.562,2.562,eastmoney_f10,2026-07-29T23:50:46
2019-06-03,2.504,2.504,eastmoney_f10,2026-07-29T23:50:46
2019-06-04,2.567,2.567,eastmoney_f10,2026-07-29T23:50:46
2019-06-05,2.589,2.589,eastmoney_f10,2026-07-29T23:50:46
2019-06-06,2.611,2.611,eastmoney_f10,2026-07-29T23:50:46
2019-06-10,2.691,2.691,eastmoney_f10,2026-07-29T23:50:46
2019-06-11,2.695,2.695,eastmoney_f10,2026-07-29T23:50:46
2019-06-12,2.68,2.68,eastmoney_f10,2026-07-29T23:50:46
2019-06-13,2.695,2.695,eastmoney_f10,2026-07-29T23:50:46
2019-06-14,2.683,2.683,eastmoney_f10,2026-07-29T23:50:46
2019-06-17,2.7,2.7,eastmoney_f10,2026-07-29T23:50:46
2019-06-18,2.739,2.739,eastmoney_f10,2026-07-29T23:50:46
2019-06-19,2.749,2.749,eastmoney_f10,2026-07-29T23:50:46
2019-06-20,2.771,2.771,eastmoney_f10,2026-07-29T23:50:46
2019-06-21,2.754,2.754,eastmoney_f10,2026-07-29T23:50:46
2019-06-24,2.753,2.753,eastmoney_f10,2026-07-29T23:50:46
2019-06-25,2.709,2.709,eastmoney_f10,2026-07-29T23:50:46
2019-06-26,2.726,2.726,eastmoney_f10,2026-07-29T23:50:46
2019-06-27,2.74,2.74,eastmoney_f10,2026-07-29T23:50:46
2019-06-28,2.743,2.743,eastmoney_f10,2026-07-29T23:50:46
2019-06-30,2.743,2.743,eastmoney_f10,2026-07-29T23:50:46
2019-07-01,2.776,2.776,eastmoney_f10,2026-07-29T23:50:46
2019-07-02,2.78,2.78,eastmoney_f10,2026-07-29T23:50:46
2019-07-03,2.806,2.806,eastmoney_f10,2026-07-29T23:50:46
2019-07-04,2.809,2.809,eastmoney_f10,2026-07-29T23:50:46
2019-07-05,2.802,2.802,eastmoney_f10,2026-07-29T23:50:46
2019-07-08,2.789,2.789,eastmoney_f10,2026-07-29T23:50:46
2019-07-09,2.803,2.803,eastmoney_f10,2026-07-29T23:50:46
2019-07-10,2.83,2.83,eastmoney_f10,2026-07-29T23:50:46
2019-07-11,2.821,2.821,eastmoney_f10,2026-07-29T23:50:46
2019-07-12,2.836,2.836,eastmoney_f10,2026-07-29T23:50:46
2019-07-15,2.845,2.845,eastmoney_f10,2026-07-29T23:50:46
2019-07-16,2.832,2.832,eastmoney_f10,2026-07-29T23:50:46
2019-07-17,2.823,2.823,eastmoney_f10,2026-07-29T23:50:46
2019-07-18,2.826,2.826,eastmoney_f10,2026-07-29T23:50:46
2019-07-19,2.796,2.796,eastmoney_f10,2026-07-29T23:50:46
2019-07-22,2.826,2.826,eastmoney_f10,2026-07-29T23:50:46
2019-07-23,2.846,2.846,eastmoney_f10,2026-07-29T23:50:46
2019-07-24,2.867,2.867,eastmoney_f10,2026-07-29T23:50:46
2019-07-25,2.834,2.834,eastmoney_f10,2026-07-29T23:50:46
2019-07-26,2.866,2.866,eastmoney_f10,2026-07-29T23:50:46
2019-07-29,2.857,2.857,eastmoney_f10,2026-07-29T23:50:46
2019-07-30,2.846,2.846,eastmoney_f10,2026-07-29T23:50:46
2019-07-31,2.808,2.808,eastmoney_f10,2026-07-29T23:50:46
2019-08-01,2.794,2.794,eastmoney_f10,2026-07-29T23:50:46
2019-08-02,2.758,2.758,eastmoney_f10,2026-07-29T23:50:46
2019-08-05,2.666,2.666,eastmoney_f10,2026-07-29T23:50:46
2019-08-06,2.722,2.722,eastmoney_f10,2026-07-29T23:50:46
2019-08-07,2.745,2.745,eastmoney_f10,2026-07-29T23:50:46
2019-08-08,2.81,2.81,eastmoney_f10,2026-07-29T23:50:46
2019-08-09,2.786,2.786,eastmoney_f10,2026-07-29T23:50:46
2019-08-12,2.758,2.758,eastmoney_f10,2026-07-29T23:50:46
2019-08-13,2.823,2.823,eastmoney_f10,2026-07-29T23:50:46
2019-08-14,2.736,2.736,eastmoney_f10,2026-07-29T23:50:46
2019-08-15,2.733,2.733,eastmoney_f10,2026-07-29T23:50:46
2019-08-16,2.778,2.778,eastmoney_f10,2026-07-29T23:50:46
2019-08-19,2.822,2.822,eastmoney_f10,2026-07-29T23:50:46
2019-08-20,2.805,2.805,eastmoney_f10,2026-07-29T23:50:46
2019-08-21,2.83,2.83,eastmoney_f10,2026-07-29T23:50:46
2019-08-22,2.822,2.822,eastmoney_f10,2026-07-29T23:50:46
2019-08-23,2.737,2.737,eastmoney_f10,2026-07-29T23:50:46
2019-08-26,2.777,2.777,eastmoney_f10,2026-07-29T23:50:46
2019-08-27,2.782,2.782,eastmoney_f10,2026-07-29T23:50:46
2019-08-28,2.791,2.791,eastmoney_f10,2026-07-29T23:50:46
2019-08-29,2.834,2.834,eastmoney_f10,2026-07-29T23:50:46
2019-08-30,2.831,2.831,eastmoney_f10,2026-07-29T23:50:46
2019-09-02,2.831,2.831,eastmoney_f10,2026-07-29T23:50:46
2019-09-03,2.801,2.801,eastmoney_f10,2026-07-29T23:50:46
2019-09-04,2.841,2.841,eastmoney_f10,2026-07-29T23:50:46
2019-09-05,2.892,2.892,eastmoney_f10,2026-07-29T23:50:46
2019-09-06,2.889,2.889,eastmoney_f10,2026-07-29T23:50:46
2019-09-09,2.881,2.881,eastmoney_f10,2026-07-29T23:50:46
2019-09-10,2.874,2.874,eastmoney_f10,2026-07-29T23:50:46
2019-09-11,2.901,2.901,eastmoney_f10,2026-07-29T23:50:46
2019-09-12,2.912,2.912,eastmoney_f10,2026-07-29T23:50:46
2019-09-16,2.881,2.881,eastmoney_f10,2026-07-29T23:50:46
2019-09-17,2.897,2.897,eastmoney_f10,2026-07-29T23:50:46
2019-09-18,2.897,2.897,eastmoney_f10,2026-07-29T23:50:46
2019-09-19,2.901,2.901,eastmoney_f10,2026-07-29T23:50:46
2019-09-20,2.872,2.872,eastmoney_f10,2026-07-29T23:50:46
2019-09-23,2.871,2.871,eastmoney_f10,2026-07-29T23:50:46
2019-09-24,2.831,2.831,eastmoney_f10,2026-07-29T23:50:46
2019-09-25,2.865,2.865,eastmoney_f10,2026-07-29T23:50:46
2019-09-26,2.853,2.853,eastmoney_f10,2026-07-29T23:50:46
2019-09-27,2.821,2.821,eastmoney_f10,2026-07-29T23:50:46
2019-09-30,2.845,2.845,eastmoney_f10,2026-07-29T23:50:46
2019-10-08,2.792,2.792,eastmoney_f10,2026-07-29T23:50:46
2019-10-09,2.824,2.824,eastmoney_f10,2026-07-29T23:50:46
2019-10-10,2.842,2.842,eastmoney_f10,2026-07-29T23:50:46
2019-10-11,2.88,2.88,eastmoney_f10,2026-07-29T23:50:46
2019-10-14,2.879,2.879,eastmoney_f10,2026-07-29T23:50:46
2019-10-15,2.915,2.915,eastmoney_f10,2026-07-29T23:50:46
2019-10-16,2.909,2.909,eastmoney_f10,2026-07-29T23:50:46
2019-10-17,2.918,2.918,eastmoney_f10,2026-07-29T23:50:46
2019-10-18,2.887,2.887,eastmoney_f10,2026-07-29T23:50:46
2019-10-21,2.912,2.912,eastmoney_f10,2026-07-29T23:50:46
2019-10-22,2.887,2.887,eastmoney_f10,2026-07-29T23:50:46
2019-10-23,2.897,2.897,eastmoney_f10,2026-07-29T23:50:46
2019-10-24,2.923,2.923,eastmoney_f10,2026-07-29T23:50:46
2019-10-25,2.948,2.948,eastmoney_f10,2026-07-29T23:50:46
2019-10-28,2.978,2.978,eastmoney_f10,2026-07-29T23:50:46
2019-10-29,2.949,2.949,eastmoney_f10,2026-07-29T23:50:46
2019-10-30,2.961,2.961,eastmoney_f10,2026-07-29T23:50:46
2019-10-31,2.96,2.96,eastmoney_f10,2026-07-29T23:50:46
2019-11-01,2.984,2.984,eastmoney_f10,2026-07-29T23:50:46
2019-11-04,2.999,2.999,eastmoney_f10,2026-07-29T23:50:46
2019-11-05,2.999,2.999,eastmoney_f10,2026-07-29T23:50:46
2019-11-06,2.982,2.982,eastmoney_f10,2026-07-29T23:50:46
2019-11-07,2.988,2.988,eastmoney_f10,2026-07-29T23:50:46
2019-11-08,2.999,2.999,eastmoney_f10,2026-07-29T23:50:46
2019-11-11,2.993,2.993,eastmoney_f10,2026-07-29T23:50:46
2019-11-12,3.004,3.004,eastmoney_f10,2026-07-29T23:50:46
2019-11-13,3.004,3.004,eastmoney_f10,2026-07-29T23:50:46
2019-11-14,3.006,3.006,eastmoney_f10,2026-07-29T23:50:46
2019-11-15,3.027,3.027,eastmoney_f10,2026-07-29T23:50:46
2019-11-18,3.029,3.029,eastmoney_f10,2026-07-29T23:50:46
2019-11-19,3.032,3.032,eastmoney_f10,2026-07-29T23:50:46
2019-11-20,3.017,3.017,eastmoney_f10,2026-07-29T23:50:46
2019-11-21,3.015,3.015,eastmoney_f10,2026-07-29T23:50:46
2019-11-22,3.021,3.021,eastmoney_f10,2026-07-29T23:50:46
2019-11-25,3.061,3.061,eastmoney_f10,2026-07-29T23:50:46
2019-11-26,3.064,3.064,eastmoney_f10,2026-07-29T23:50:46
2019-11-27,3.086,3.086,eastmoney_f10,2026-07-29T23:50:46
2019-11-28,3.083,3.083,eastmoney_f10,2026-07-29T23:50:46
2019-11-29,3.069,3.069,eastmoney_f10,2026-07-29T23:50:46
2019-12-02,3.032,3.032,eastmoney_f10,2026-07-29T23:50:46
2019-12-03,3.01,3.01,eastmoney_f10,2026-07-29T23:50:46
2019-12-04,3.032,3.032,eastmoney_f10,2026-07-29T23:50:46
2019-12-05,3.043,3.043,eastmoney_f10,2026-07-29T23:50:46
2019-12-06,3.069,3.069,eastmoney_f10,2026-07-29T23:50:46
2019-12-09,3.057,3.057,eastmoney_f10,2026-07-29T23:50:46
2019-12-10,3.054,3.054,eastmoney_f10,2026-07-29T23:50:46
2019-12-11,3.071,3.071,eastmoney_f10,2026-07-29T23:50:46
2019-12-12,3.089,3.089,eastmoney_f10,2026-07-29T23:50:46
2019-12-13,3.093,3.093,eastmoney_f10,2026-07-29T23:50:46
2019-12-16,3.112,3.112,eastmoney_f10,2026-07-29T23:50:46
2019-12-17,3.116,3.116,eastmoney_f10,2026-07-29T23:50:46
2019-12-18,3.118,3.118,eastmoney_f10,2026-07-29T23:50:46
2019-12-19,3.142,3.142,eastmoney_f10,2026-07-29T23:50:46
2019-12-20,3.156,3.156,eastmoney_f10,2026-07-29T23:50:46
2019-12-23,3.167,3.167,eastmoney_f10,2026-07-29T23:50:46
2019-12-24,3.168,3.168,eastmoney_f10,2026-07-29T23:50:46
2019-12-25,3.166,3.166,eastmoney_f10,2026-07-29T23:50:46
2019-12-26,3.184,3.184,eastmoney_f10,2026-07-29T23:50:46
2019-12-27,3.185,3.185,eastmoney_f10,2026-07-29T23:50:46
2019-12-30,3.16,3.16,eastmoney_f10,2026-07-29T23:50:46
2019-12-31,3.166,3.166,eastmoney_f10,2026-07-29T23:50:46
2020-01-02,3.21,3.21,eastmoney_f10,2026-07-29T23:50:46
2020-01-03,3.185,3.185,eastmoney_f10,2026-07-29T23:50:46
2020-01-06,3.206,3.206,eastmoney_f10,2026-07-29T23:50:46
2020-01-07,3.204,3.204,eastmoney_f10,2026-07-29T23:50:46
2020-01-08,3.218,3.218,eastmoney_f10,2026-07-29T23:50:46
2020-01-09,3.247,3.247,eastmoney_f10,2026-07-29T23:50:46
2020-01-10,3.232,3.232,eastmoney_f10,2026-07-29T23:50:46
2020-01-13,3.266,3.266,eastmoney_f10,2026-07-29T23:50:46
2020-01-14,3.239,3.239,eastmoney_f10,2026-07-29T23:50:46
2020-01-15,3.235,3.235,eastmoney_f10,2026-07-29T23:50:46
2020-01-16,3.265,3.265,eastmoney_f10,2026-07-29T23:50:46
2020-01-17,3.285,3.285,eastmoney_f10,2026-07-29T23:50:46
2020-01-20,3.275,3.275,eastmoney_f10,2026-07-29T23:50:46
2020-01-21,3.271,3.271,eastmoney_f10,2026-07-29T23:50:46
2020-01-22,3.29,3.29,eastmoney_f10,2026-07-29T23:50:46
2020-01-23,3.302,3.302,eastmoney_f10,2026-07-29T23:50:46
2020-02-03,3.284,3.284,eastmoney_f10,2026-07-29T23:50:46
2020-02-04,3.38,3.38,eastmoney_f10,2026-07-29T23:50:46
2020-02-05,3.394,3.394,eastmoney_f10,2026-07-29T23:50:46
2020-02-06,3.43,3.43,eastmoney_f10,2026-07-29T23:50:46
2020-02-07,3.405,3.405,eastmoney_f10,2026-07-29T23:50:46
2020-02-10,3.452,3.452,eastmoney_f10,2026-07-29T23:50:46
2020-02-11,3.453,3.453,eastmoney_f10,2026-07-29T23:50:46
2020-02-12,3.48,3.48,eastmoney_f10,2026-07-29T23:50:46
2020-02-13,3.477,3.477,eastmoney_f10,2026-07-29T23:50:46
2020-02-14,3.489,3.489,eastmoney_f10,2026-07-29T23:50:46
2020-02-17,3.487,3.487,eastmoney_f10,2026-07-29T23:50:46
2020-02-18,3.49,3.49,eastmoney_f10,2026-07-29T23:50:46
2020-02-19,3.532,3.532,eastmoney_f10,2026-07-29T23:50:46
2020-02-20,3.499,3.499,eastmoney_f10,2026-07-29T23:50:46
2020-02-21,3.442,3.442,eastmoney_f10,2026-07-29T23:50:46
2020-02-24,3.309,3.309,eastmoney_f10,2026-07-29T23:50:46
2020-02-25,3.22,3.22,eastmoney_f10,2026-07-29T23:50:46
2020-02-26,3.228,3.228,eastmoney_f10,2026-07-29T23:50:46
2020-02-27,3.071,3.071,eastmoney_f10,2026-07-29T23:50:46
2020-02-28,3.075,3.075,eastmoney_f10,2026-07-29T23:50:46
2020-03-02,3.208,3.208,eastmoney_f10,2026-07-29T23:50:46
2020-03-03,3.096,3.096,eastmoney_f10,2026-07-29T23:50:46
2020-03-04,3.223,3.223,eastmoney_f10,2026-07-29T23:50:46
2020-03-05,3.119,3.119,eastmoney_f10,2026-07-29T23:50:46
2020-03-06,3.065,3.065,eastmoney_f10,2026-07-29T23:50:46
2020-03-09,2.856,2.856,eastmoney_f10,2026-07-29T23:50:46
2020-03-10,3.007,3.007,eastmoney_f10,2026-07-29T23:50:46
2020-03-11,2.889,2.889,eastmoney_f10,2026-07-29T23:50:46
2020-03-12,2.628,2.628,eastmoney_f10,2026-07-29T23:50:46
2020-03-13,2.903,2.903,eastmoney_f10,2026-07-29T23:50:46
2020-03-16,2.548,2.548,eastmoney_f10,2026-07-29T23:50:46
2020-03-17,2.71,2.71,eastmoney_f10,2026-07-29T23:50:46
2020-03-18,2.615,2.615,eastmoney_f10,2026-07-29T23:50:46
2020-03-19,2.661,2.661,eastmoney_f10,2026-07-29T23:50:46
2020-03-20,2.574,2.574,eastmoney_f10,2026-07-29T23:50:46
2020-03-23,2.575,2.575,eastmoney_f10,2026-07-29T23:50:46
2020-03-24,2.769,2.769,eastmoney_f10,2026-07-29T23:50:46
2020-03-25,2.729,2.729,eastmoney_f10,2026-07-29T23:50:46
2020-03-26,2.878,2.878,eastmoney_f10,2026-07-29T23:50:46
2020-03-27,2.759,2.759,eastmoney_f10,2026-07-29T23:50:46
2020-03-30,2.867,2.867,eastmoney_f10,2026-07-29T23:50:46
2020-03-31,2.856,2.856,eastmoney_f10,2026-07-29T23:50:46
2020-04-01,2.733,2.733,eastmoney_f10,2026-07-29T23:50:46
2020-04-02,2.796,2.796,eastmoney_f10,2026-07-29T23:50:46
2020-04-03,2.761,2.761,eastmoney_f10,2026-07-29T23:50:46
2020-04-07,2.945,2.945,eastmoney_f10,2026-07-29T23:50:46
2020-04-08,2.992,2.992,eastmoney_f10,2026-07-29T23:50:46
2020-04-09,2.997,2.997,eastmoney_f10,2026-07-29T23:50:46
2020-04-10,2.99,2.99,eastmoney_f10,2026-07-29T23:50:46
2020-04-13,3.022,3.022,eastmoney_f10,2026-07-29T23:50:46
2020-04-14,3.158,3.158,eastmoney_f10,2026-07-29T23:50:46
2020-04-15,3.121,3.121,eastmoney_f10,2026-07-29T23:50:46
2020-04-16,3.195,3.195,eastmoney_f10,2026-07-29T23:50:46
2020-04-17,3.221,3.221,eastmoney_f10,2026-07-29T23:50:46
2020-04-20,3.18,3.18,eastmoney_f10,2026-07-29T23:50:46
2020-04-21,3.066,3.066,eastmoney_f10,2026-07-29T23:50:46
2020-04-22,3.167,3.167,eastmoney_f10,2026-07-29T23:50:46
2020-04-23,3.158,3.158,eastmoney_f10,2026-07-29T23:50:46
2020-04-24,3.207,3.207,eastmoney_f10,2026-07-29T23:50:46
2020-04-27,3.22,3.22,eastmoney_f10,2026-07-29T23:50:46
2020-04-28,3.162,3.162,eastmoney_f10,2026-07-29T23:50:46
2020-04-29,3.273,3.273,eastmoney_f10,2026-07-29T23:50:46
2020-04-30,3.275,3.275,eastmoney_f10,2026-07-29T23:50:46
2020-05-06,3.274,3.274,eastmoney_f10,2026-07-29T23:50:46
2020-05-07,3.328,3.328,eastmoney_f10,2026-07-29T23:50:46
2020-05-08,3.365,3.365,eastmoney_f10,2026-07-29T23:50:46
2020-05-11,3.393,3.393,eastmoney_f10,2026-07-29T23:50:46
2020-05-12,3.331,3.331,eastmoney_f10,2026-07-29T23:50:46
2020-05-13,3.288,3.288,eastmoney_f10,2026-07-29T23:50:46
2020-05-14,3.326,3.326,eastmoney_f10,2026-07-29T23:50:46
2020-05-15,3.347,3.347,eastmoney_f10,2026-07-29T23:50:46
2020-05-18,3.416,3.416,eastmoney_f10,2026-07-29T23:50:46
2020-05-19,3.399,3.399,eastmoney_f10,2026-07-29T23:50:46
2020-05-20,3.47,3.47,eastmoney_f10,2026-07-29T23:50:46
2020-05-21,3.427,3.427,eastmoney_f10,2026-07-29T23:50:46
2020-05-22,3.444,3.444,eastmoney_f10,2026-07-29T23:50:46
2020-05-25,3.456,3.456,eastmoney_f10,2026-07-29T23:50:46
2020-05-26,3.451,3.451,eastmoney_f10,2026-07-29T23:50:46
2020-05-27,3.46,3.46,eastmoney_f10,2026-07-29T23:50:46
2020-05-28,3.459,3.459,eastmoney_f10,2026-07-29T23:50:46
2020-05-29,3.511,3.511,eastmoney_f10,2026-07-29T23:50:46
2020-06-01,3.527,3.527,eastmoney_f10,2026-07-29T23:50:46
2020-06-02,3.541,3.541,eastmoney_f10,2026-07-29T23:50:46
2020-06-03,3.553,3.553,eastmoney_f10,2026-07-29T23:50:46
2020-06-04,3.524,3.524,eastmoney_f10,2026-07-29T23:50:46
2020-06-05,3.592,3.592,eastmoney_f10,2026-07-29T23:50:46
2020-06-08,3.616,3.616,eastmoney_f10,2026-07-29T23:50:46
2020-06-09,3.633,3.633,eastmoney_f10,2026-07-29T23:50:46
2020-06-10,3.678,3.678,eastmoney_f10,2026-07-29T23:50:46
2020-06-11,3.49,3.49,eastmoney_f10,2026-07-29T23:50:46
2020-06-12,3.529,3.529,eastmoney_f10,2026-07-29T23:50:46
2020-06-15,3.571,3.571,eastmoney_f10,2026-07-29T23:50:46
2020-06-16,3.627,3.627,eastmoney_f10,2026-07-29T23:50:46
2020-06-17,3.645,3.645,eastmoney_f10,2026-07-29T23:50:46
2020-06-18,3.656,3.656,eastmoney_f10,2026-07-29T23:50:46
2020-06-19,3.656,3.656,eastmoney_f10,2026-07-29T23:50:46
2020-06-22,3.697,3.697,eastmoney_f10,2026-07-29T23:50:46
2020-06-23,3.717,3.717,eastmoney_f10,2026-07-29T23:50:46
2020-06-24,3.636,3.636,eastmoney_f10,2026-07-29T23:50:46
2020-06-29,3.632,3.632,eastmoney_f10,2026-07-29T23:50:46
2020-06-30,3.703,3.703,eastmoney_f10,2026-07-29T23:50:46
2020-07-01,3.743,3.743,eastmoney_f10,2026-07-29T23:50:46
2020-07-02,3.758,3.758,eastmoney_f10,2026-07-29T23:50:46
2020-07-03,3.762,3.762,eastmoney_f10,2026-07-29T23:50:46
2020-07-06,3.858,3.858,eastmoney_f10,2026-07-29T23:50:46
2020-07-07,3.811,3.811,eastmoney_f10,2026-07-29T23:50:46
2020-07-08,3.857,3.857,eastmoney_f10,2026-07-29T23:50:46
2020-07-09,3.883,3.883,eastmoney_f10,2026-07-29T23:50:46
2020-07-10,3.904,3.904,eastmoney_f10,2026-07-29T23:50:46
2020-07-13,3.821,3.821,eastmoney_f10,2026-07-29T23:50:46
2020-07-14,3.854,3.854,eastmoney_f10,2026-07-29T23:50:46
2020-07-15,3.857,3.857,eastmoney_f10,2026-07-29T23:50:46
2020-07-16,3.826,3.826,eastmoney_f10,2026-07-29T23:50:46
2020-07-17,3.84,3.84,eastmoney_f10,2026-07-29T23:50:46
2020-07-20,3.945,3.945,eastmoney_f10,2026-07-29T23:50:46
2020-07-21,3.899,3.899,eastmoney_f10,2026-07-29T23:50:46
2020-07-22,3.904,3.904,eastmoney_f10,2026-07-29T23:50:46
2020-07-23,3.81,3.81,eastmoney_f10,2026-07-29T23:50:46
2020-07-24,3.776,3.776,eastmoney_f10,2026-07-29T23:50:46
2020-07-27,3.849,3.849,eastmoney_f10,2026-07-29T23:50:46
2020-07-28,3.791,3.791,eastmoney_f10,2026-07-29T23:50:46
2020-07-29,3.841,3.841,eastmoney_f10,2026-07-29T23:50:46
2020-07-30,3.857,3.857,eastmoney_f10,2026-07-29T23:50:46
2020-07-31,3.923,3.923,eastmoney_f10,2026-07-29T23:50:46
2020-08-03,3.984,3.984,eastmoney_f10,2026-07-29T23:50:46
2020-08-04,3.989,3.989,eastmoney_f10,2026-07-29T23:50:46
2020-08-05,3.996,3.996,eastmoney_f10,2026-07-29T23:50:46
2020-08-06,4.03,4.03,eastmoney_f10,2026-07-29T23:50:46
2020-08-07,3.983,3.983,eastmoney_f10,2026-07-29T23:50:46
2020-08-10,3.977,3.977,eastmoney_f10,2026-07-29T23:50:46
2020-08-11,3.906,3.906,eastmoney_f10,2026-07-29T23:50:46
2020-08-12,4.0,4.0,eastmoney_f10,2026-07-29T23:50:46
2020-08-13,3.998,3.998,eastmoney_f10,2026-07-29T23:50:46
2020-08-14,3.992,3.992,eastmoney_f10,2026-07-29T23:50:46
2020-08-17,4.034,4.034,eastmoney_f10,2026-07-29T23:50:46
2020-08-18,4.072,4.072,eastmoney_f10,2026-07-29T23:50:46
2020-08-19,4.035,4.035,eastmoney_f10,2026-07-29T23:50:46
2020-08-20,4.097,4.097,eastmoney_f10,2026-07-29T23:50:46
2020-08-21,4.115,4.115,eastmoney_f10,2026-07-29T23:50:46
2020-08-24,4.146,4.146,eastmoney_f10,2026-07-29T23:50:46
2020-08-25,4.179,4.179,eastmoney_f10,2026-07-29T23:50:46
2020-08-26,4.262,4.262,eastmoney_f10,2026-07-29T23:50:46
2020-08-27,4.235,4.235,eastmoney_f10,2026-07-29T23:50:46
2020-08-28,4.259,4.259,eastmoney_f10,2026-07-29T23:50:46
2020-08-31,4.281,4.281,eastmoney_f10,2026-07-29T23:50:46
2020-09-01,4.339,4.339,eastmoney_f10,2026-07-29T23:50:46
2020-09-02,4.377,4.377,eastmoney_f10,2026-07-29T23:50:46
2020-09-03,4.145,4.145,eastmoney_f10,2026-07-29T23:50:46
2020-09-04,4.095,4.095,eastmoney_f10,2026-07-29T23:50:46
2020-09-07,4.097,4.097,eastmoney_f10,2026-07-29T23:50:46
2020-09-08,3.902,3.902,eastmoney_f10,2026-07-29T23:50:46
2020-09-09,4.018,4.018,eastmoney_f10,2026-07-29T23:50:46
2020-09-10,3.93,3.93,eastmoney_f10,2026-07-29T23:50:46
2020-09-11,3.909,3.909,eastmoney_f10,2026-07-29T23:50:46
2020-09-14,3.974,3.974,eastmoney_f10,2026-07-29T23:50:46
2020-09-15,4.022,4.022,eastmoney_f10,2026-07-29T23:50:46
2020-09-16,3.932,3.932,eastmoney_f10,2026-07-29T23:50:46
2020-09-17,3.865,3.865,eastmoney_f10,2026-07-29T23:50:46
2020-09-18,3.81,3.81,eastmoney_f10,2026-07-29T23:50:46
2020-09-21,3.825,3.825,eastmoney_f10,2026-07-29T23:50:46
2020-09-22,3.912,3.912,eastmoney_f10,2026-07-29T23:50:46
2020-09-23,3.795,3.795,eastmoney_f10,2026-07-29T23:50:46
2020-09-24,3.82,3.82,eastmoney_f10,2026-07-29T23:50:46
2020-09-25,3.914,3.914,eastmoney_f10,2026-07-29T23:50:46
2020-09-28,3.996,3.996,eastmoney_f10,2026-07-29T23:50:46
2020-09-29,3.977,3.977,eastmoney_f10,2026-07-29T23:50:46
2020-09-30,4.006,4.006,eastmoney_f10,2026-07-29T23:50:46
2020-10-09,4.094,4.094,eastmoney_f10,2026-07-29T23:50:46
2020-10-12,4.18,4.18,eastmoney_f10,2026-07-29T23:50:46
2020-10-13,4.188,4.188,eastmoney_f10,2026-07-29T23:50:46
2020-10-14,4.165,4.165,eastmoney_f10,2026-07-29T23:50:46
2020-10-15,4.129,4.129,eastmoney_f10,2026-07-29T23:50:46
2020-10-16,4.109,4.109,eastmoney_f10,2026-07-29T23:50:46
2020-10-19,4.015,4.015,eastmoney_f10,2026-07-29T23:50:46
2020-10-20,4.025,4.025,eastmoney_f10,2026-07-29T23:50:46
2020-10-21,4.012,4.012,eastmoney_f10,2026-07-29T23:50:46
2020-10-22,3.997,3.997,eastmoney_f10,2026-07-29T23:50:46
2020-10-23,4.016,4.016,eastmoney_f10,2026-07-29T23:50:46
2020-10-26,3.953,3.953,eastmoney_f10,2026-07-29T23:50:46
2020-10-27,4.001,4.001,eastmoney_f10,2026-07-29T23:50:46
2020-10-28,3.854,3.854,eastmoney_f10,2026-07-29T23:50:46
2020-10-29,3.93,3.93,eastmoney_f10,2026-07-29T23:50:46
2020-10-30,3.826,3.826,eastmoney_f10,2026-07-29T23:50:46
2020-11-02,3.825,3.825,eastmoney_f10,2026-07-29T23:50:46
2020-11-03,3.887,3.887,eastmoney_f10,2026-07-29T23:50:46
2020-11-04,4.047,4.047,eastmoney_f10,2026-07-29T23:50:46
2020-11-05,4.159,4.159,eastmoney_f10,2026-07-29T23:50:46
2020-11-06,4.127,4.127,eastmoney_f10,2026-07-29T23:50:46
2020-11-09,4.028,4.028,eastmoney_f10,2026-07-29T23:50:46
2020-11-10,3.944,3.944,eastmoney_f10,2026-07-29T23:50:46
2020-11-11,4.045,4.045,eastmoney_f10,2026-07-29T23:50:46
2020-11-12,4.032,4.032,eastmoney_f10,2026-07-29T23:50:46
2020-11-13,4.073,4.073,eastmoney_f10,2026-07-29T23:50:46
2020-11-16,4.085,4.085,eastmoney_f10,2026-07-29T23:50:46
2020-11-17,4.056,4.056,eastmoney_f10,2026-07-29T23:50:46
2020-11-18,4.019,4.019,eastmoney_f10,2026-07-29T23:50:46
2020-11-19,4.043,4.043,eastmoney_f10,2026-07-29T23:50:46
2020-11-20,4.034,4.034,eastmoney_f10,2026-07-29T23:50:46
2020-11-23,4.029,4.029,eastmoney_f10,2026-07-29T23:50:46
2020-11-24,4.092,4.092,eastmoney_f10,2026-07-29T23:50:46
2020-11-25,4.114,4.114,eastmoney_f10,2026-07-29T23:50:46
2020-11-26,4.115,4.115,eastmoney_f10,2026-07-29T23:50:46
2020-11-27,4.15,4.15,eastmoney_f10,2026-07-29T23:50:46
2020-11-30,4.155,4.155,eastmoney_f10,2026-07-29T23:50:46
2020-12-01,4.226,4.226,eastmoney_f10,2026-07-29T23:50:46
2020-12-02,4.207,4.207,eastmoney_f10,2026-07-29T23:50:46
2020-12-03,4.21,4.21,eastmoney_f10,2026-07-29T23:50:46
2020-12-04,4.225,4.225,eastmoney_f10,2026-07-29T23:50:46
2020-12-07,4.239,4.239,eastmoney_f10,2026-07-29T23:50:46
2020-12-08,4.249,4.249,eastmoney_f10,2026-07-29T23:50:46
2020-12-09,4.157,4.157,eastmoney_f10,2026-07-29T23:50:46
2020-12-10,4.18,4.18,eastmoney_f10,2026-07-29T23:50:46
2020-12-11,4.167,4.167,eastmoney_f10,2026-07-29T23:50:46
2020-12-14,4.193,4.193,eastmoney_f10,2026-07-29T23:50:46
2020-12-15,4.243,4.243,eastmoney_f10,2026-07-29T23:50:46
2020-12-16,4.262,4.262,eastmoney_f10,2026-07-29T23:50:46
2020-12-17,4.29,4.29,eastmoney_f10,2026-07-29T23:50:46
2020-12-18,4.282,4.282,eastmoney_f10,2026-07-29T23:50:46
2020-12-21,4.279,4.279,eastmoney_f10,2026-07-29T23:50:46
2020-12-22,4.281,4.281,eastmoney_f10,2026-07-29T23:50:46
2020-12-23,4.269,4.269,eastmoney_f10,2026-07-29T23:50:46
2020-12-24,4.276,4.276,eastmoney_f10,2026-07-29T23:50:46
2020-12-25,4.274,4.274,eastmoney_f10,2026-07-29T23:50:46
2020-12-28,4.312,4.312,eastmoney_f10,2026-07-29T23:50:46
2020-12-29,4.327,4.327,eastmoney_f10,2026-07-29T23:50:46
2020-12-30,4.319,4.319,eastmoney_f10,2026-07-29T23:50:46
2020-12-31,4.329,,eastmoney_f10,2026-07-29T23:50:46
2021-01-04,4.273,4.273,eastmoney_f10,2026-07-29T23:50:46
2021-01-05,4.268,4.268,eastmoney_f10,2026-07-29T23:50:46
2021-01-06,4.198,4.198,eastmoney_f10,2026-07-29T23:50:46
2021-01-07,4.303,4.303,eastmoney_f10,2026-07-29T23:50:46
2021-01-08,4.364,4.364,eastmoney_f10,2026-07-29T23:50:46
2021-01-11,4.3,4.3,eastmoney_f10,2026-07-29T23:50:46
2021-01-12,4.299,4.299,eastmoney_f10,2026-07-29T23:50:46
2021-01-13,4.313,4.313,eastmoney_f10,2026-07-29T23:50:46
2021-01-14,4.297,4.297,eastmoney_f10,2026-07-29T23:50:46
2021-01-15,4.258,4.258,eastmoney_f10,2026-07-29T23:50:46
2021-01-18,4.271,4.271,eastmoney_f10,2026-07-29T23:50:46
2021-01-19,4.337,4.337,eastmoney_f10,2026-07-29T23:50:46
2021-01-20,4.435,4.435,eastmoney_f10,2026-07-29T23:50:46
2021-01-21,4.462,4.462,eastmoney_f10,2026-07-29T23:50:46
2021-01-22,4.443,4.443,eastmoney_f10,2026-07-29T23:50:46
2021-01-25,4.496,4.496,eastmoney_f10,2026-07-29T23:50:46
2021-01-26,4.5,4.5,eastmoney_f10,2026-07-29T23:50:46
2021-01-27,4.362,4.362,eastmoney_f10,2026-07-29T23:50:46
2021-01-28,4.403,4.403,eastmoney_f10,2026-07-29T23:50:46
2021-01-29,4.303,4.303,eastmoney_f10,2026-07-29T23:50:46
2021-02-01,4.404,4.404,eastmoney_f10,2026-07-29T23:50:46
2021-02-02,4.48,4.48,eastmoney_f10,2026-07-29T23:50:46
2021-02-03,4.458,4.458,eastmoney_f10,2026-07-29T23:50:46
2021-02-04,4.507,4.507,eastmoney_f10,2026-07-29T23:50:46
2021-02-05,4.529,4.529,eastmoney_f10,2026-07-29T23:50:46
2021-02-08,4.557,4.557,eastmoney_f10,2026-07-29T23:50:46
2021-02-09,4.545,4.545,eastmoney_f10,2026-07-29T23:50:46
2021-02-10,4.524,,eastmoney_f10,2026-07-29T23:50:46
2021-02-18,4.529,4.529,eastmoney_f10,2026-07-29T23:50:46
2021-02-19,4.516,4.516,eastmoney_f10,2026-07-29T23:50:46
2021-02-22,4.393,4.393,eastmoney_f10,2026-07-29T23:50:46
2021-02-23,4.379,4.379,eastmoney_f10,2026-07-29T23:50:46
2021-02-24,4.422,4.422,eastmoney_f10,2026-07-29T23:50:46
2021-02-25,4.258,4.258,eastmoney_f10,2026-07-29T23:50:46
2021-02-26,4.297,4.297,eastmoney_f10,2026-07-29T23:50:46
2021-03-01,4.423,4.423,eastmoney_f10,2026-07-29T23:50:46
2021-03-02,4.34,4.34,eastmoney_f10,2026-07-29T23:50:46
2021-03-03,4.212,4.212,eastmoney_f10,2026-07-29T23:50:46
2021-03-04,4.152,4.152,eastmoney_f10,2026-07-29T23:50:46
2021-03-05,4.229,4.229,eastmoney_f10,2026-07-29T23:50:46
2021-03-08,4.099,4.099,eastmoney_f10,2026-07-29T23:50:46
2021-03-09,4.296,4.296,eastmoney_f10,2026-07-29T23:50:46
2021-03-10,4.267,4.267,eastmoney_f10,2026-07-29T23:50:46
2021-03-11,4.358,4.358,eastmoney_f10,2026-07-29T23:50:46
2021-03-12,4.312,4.312,eastmoney_f10,2026-07-29T23:50:46
2021-03-15,4.37,4.37,eastmoney_f10,2026-07-29T23:50:46
2021-03-16,4.395,4.395,eastmoney_f10,2026-07-29T23:50:46
2021-03-17,4.409,4.409,eastmoney_f10,2026-07-29T23:50:46
2021-03-18,4.262,4.262,eastmoney_f10,2026-07-29T23:50:46
2021-03-19,4.303,4.303,eastmoney_f10,2026-07-29T23:50:46
2021-03-22,4.382,4.382,eastmoney_f10,2026-07-29T23:50:46
2021-03-23,4.35,4.35,eastmoney_f10,2026-07-29T23:50:46
2021-03-24,4.289,4.289,eastmoney_f10,2026-07-29T23:50:46
2021-03-25,4.286,4.286,eastmoney_f10,2026-07-29T23:50:46
2021-03-26,4.358,4.358,eastmoney_f10,2026-07-29T23:50:46
2021-03-29,4.356,4.356,eastmoney_f10,2026-07-29T23:50:46
2021-03-30,4.347,4.347,eastmoney_f10,2026-07-29T23:50:46
2021-03-31,4.417,4.417,eastmoney_f10,2026-07-29T23:50:46
2021-04-01,4.488,4.488,eastmoney_f10,2026-07-29T23:50:46
2021-04-02,4.492,4.492,eastmoney_f10,2026-07-29T23:50:46
2021-04-06,4.569,4.569,eastmoney_f10,2026-07-29T23:50:46
2021-04-07,4.573,4.573,eastmoney_f10,2026-07-29T23:50:46
2021-04-08,4.625,4.625,eastmoney_f10,2026-07-29T23:50:46
2021-04-09,4.651,4.651,eastmoney_f10,2026-07-29T23:50:46
2021-04-12,4.654,4.654,eastmoney_f10,2026-07-29T23:50:46
2021-04-13,4.7,4.7,eastmoney_f10,2026-07-29T23:50:46
2021-04-14,4.633,4.633,eastmoney_f10,2026-07-29T23:50:46
2021-04-15,4.703,4.703,eastmoney_f10,2026-07-29T23:50:46
2021-04-16,4.708,4.708,eastmoney_f10,2026-07-29T23:50:46
2021-04-19,4.658,4.658,eastmoney_f10,2026-07-29T23:50:46
2021-04-20,4.616,4.616,eastmoney_f10,2026-07-29T23:50:46
2021-04-21,4.654,4.654,eastmoney_f10,2026-07-29T23:50:46
2021-04-22,4.586,4.586,eastmoney_f10,2026-07-29T23:50:46
2021-04-23,4.647,4.647,eastmoney_f10,2026-07-29T23:50:46
2021-04-26,4.674,4.674,eastmoney_f10,2026-07-29T23:50:46
2021-04-27,4.653,4.653,eastmoney_f10,2026-07-29T23:50:46
2021-04-28,4.628,4.628,eastmoney_f10,2026-07-29T23:50:46
2021-04-29,4.641,4.641,eastmoney_f10,2026-07-29T23:50:46
2021-04-30,4.602,4.602,eastmoney_f10,2026-07-29T23:50:46
2021-05-06,4.535,4.535,eastmoney_f10,2026-07-29T23:50:46
2021-05-07,4.556,4.556,eastmoney_f10,2026-07-29T23:50:46
2021-05-10,4.419,4.419,eastmoney_f10,2026-07-29T23:50:46
2021-05-11,4.405,4.405,eastmoney_f10,2026-07-29T23:50:46
2021-05-12,4.291,4.291,eastmoney_f10,2026-07-29T23:50:46
2021-05-13,4.349,4.349,eastmoney_f10,2026-07-29T23:50:46
2021-05-14,4.436,4.436,eastmoney_f10,2026-07-29T23:50:46
2021-05-17,4.395,4.395,eastmoney_f10,2026-07-29T23:50:46
2021-05-18,4.367,4.367,eastmoney_f10,2026-07-29T23:50:46
2021-05-19,4.368,4.368,eastmoney_f10,2026-07-29T23:50:46
2021-05-20,4.466,4.466,eastmoney_f10,2026-07-29T23:50:46
2021-05-21,4.428,4.428,eastmoney_f10,2026-07-29T23:50:46
2021-05-24,4.511,4.511,eastmoney_f10,2026-07-29T23:50:46
2021-05-25,4.508,4.508,eastmoney_f10,2026-07-29T23:50:46
2021-05-26,4.51,4.51,eastmoney_f10,2026-07-29T23:50:46
2021-05-27,4.49,4.49,eastmoney_f10,2026-07-29T23:50:46
2021-05-28,4.488,4.488,eastmoney_f10,2026-07-29T23:50:46
2021-05-31,4.476,4.476,eastmoney_f10,2026-07-29T23:50:46
2021-06-01,4.458,4.458,eastmoney_f10,2026-07-29T23:50:46
2021-06-02,4.478,4.478,eastmoney_f10,2026-07-29T23:50:46
2021-06-03,4.433,4.433,eastmoney_f10,2026-07-29T23:50:46
2021-06-04,4.53,4.53,eastmoney_f10,2026-07-29T23:50:46
2021-06-07,4.533,4.533,eastmoney_f10,2026-07-29T23:50:46
2021-06-08,4.532,4.532,eastmoney_f10,2026-07-29T23:50:46
2021-06-09,4.536,4.536,eastmoney_f10,2026-07-29T23:50:46
2021-06-10,4.585,4.585,eastmoney_f10,2026-07-29T23:50:46
2021-06-11,4.589,4.589,eastmoney_f10,2026-07-29T23:50:46
2021-06-15,4.615,4.615,eastmoney_f10,2026-07-29T23:50:46
2021-06-16,4.6,4.6,eastmoney_f10,2026-07-29T23:50:46
2021-06-17,4.674,4.674,eastmoney_f10,2026-07-29T23:50:46
2021-06-18,4.641,4.641,eastmoney_f10,2026-07-29T23:50:46
2021-06-21,4.683,4.683,eastmoney_f10,2026-07-29T23:50:46
2021-06-22,4.732,4.732,eastmoney_f10,2026-07-29T23:50:46
2021-06-23,4.734,4.734,eastmoney_f10,2026-07-29T23:50:46
2021-06-24,4.779,4.779,eastmoney_f10,2026-07-29T23:50:46
2021-06-25,4.766,4.766,eastmoney_f10,2026-07-29T23:50:46
2021-06-28,4.813,4.813,eastmoney_f10,2026-07-29T23:50:46
2021-06-29,4.828,4.828,eastmoney_f10,2026-07-29T23:50:46
2021-06-30,4.825,4.825,eastmoney_f10,2026-07-29T23:50:46
2021-07-01,4.834,4.834,eastmoney_f10,2026-07-29T23:50:46
2021-07-02,4.891,4.891,eastmoney_f10,2026-07-29T23:50:46
2021-07-05,4.889,4.889,eastmoney_f10,2026-07-29T23:50:46
2021-07-06,4.903,4.903,eastmoney_f10,2026-07-29T23:50:46
2021-07-07,4.922,4.922,eastmoney_f10,2026-07-29T23:50:46
2021-07-08,4.888,4.888,eastmoney_f10,2026-07-29T23:50:46
2021-07-09,4.926,4.926,eastmoney_f10,2026-07-29T23:50:46
2021-07-12,4.945,4.945,eastmoney_f10,2026-07-29T23:50:46
2021-07-13,4.942,4.942,eastmoney_f10,2026-07-29T23:50:46
2021-07-14,4.954,4.954,eastmoney_f10,2026-07-29T23:50:46
2021-07-15,4.907,4.907,eastmoney_f10,2026-07-29T23:50:46
2021-07-16,4.874,4.874,eastmoney_f10,2026-07-29T23:50:46
2021-07-19,4.83,4.83,eastmoney_f10,2026-07-29T23:50:46
2021-07-20,4.9,4.9,eastmoney_f10,2026-07-29T23:50:46
2021-07-21,4.936,4.936,eastmoney_f10,2026-07-29T23:50:46
2021-07-22,4.955,4.955,eastmoney_f10,2026-07-29T23:50:46
2021-07-23,5.013,5.013,eastmoney_f10,2026-07-29T23:50:46
2021-07-26,5.026,5.026,eastmoney_f10,2026-07-29T23:50:46
2021-07-27,4.968,4.968,eastmoney_f10,2026-07-29T23:50:46
2021-07-28,5.002,5.002,eastmoney_f10,2026-07-29T23:50:46
2021-07-29,5.013,5.013,eastmoney_f10,2026-07-29T23:50:46
2021-07-30,4.959,4.959,eastmoney_f10,2026-07-29T23:50:46
2021-08-02,4.963,4.963,eastmoney_f10,2026-07-29T23:50:46
2021-08-03,4.992,4.992,eastmoney_f10,2026-07-29T23:50:46
2021-08-04,5.003,5.003,eastmoney_f10,2026-07-29T23:50:46
2021-08-05,5.039,5.039,eastmoney_f10,2026-07-29T23:50:46
2021-08-06,5.01,5.01,eastmoney_f10,2026-07-29T23:50:46
2021-08-09,5.035,5.035,eastmoney_f10,2026-07-29T23:50:46
2021-08-10,5.008,5.008,eastmoney_f10,2026-07-29T23:50:46
2021-08-11,4.999,4.999,eastmoney_f10,2026-07-29T23:50:46
2021-08-12,5.013,5.013,eastmoney_f10,2026-07-29T23:50:46
2021-08-13,5.033,5.033,eastmoney_f10,2026-07-29T23:50:46
2021-08-16,5.028,5.028,eastmoney_f10,2026-07-29T23:50:46
2021-08-17,4.986,4.986,eastmoney_f10,2026-07-29T23:50:46
2021-08-18,4.95,4.95,eastmoney_f10,2026-07-29T23:50:46
2021-08-19,4.97,4.97,eastmoney_f10,2026-07-29T23:50:46
2021-08-20,5.033,5.033,eastmoney_f10,2026-07-29T23:50:46
2021-08-23,5.105,5.105,eastmoney_f10,2026-07-29T23:50:46
2021-08-24,5.107,5.107,eastmoney_f10,2026-07-29T23:50:46
2021-08-25,5.104,5.104,eastmoney_f10,2026-07-29T23:50:46
2021-08-26,5.074,5.074,eastmoney_f10,2026-07-29T23:50:46
2021-08-27,5.135,5.135,eastmoney_f10,2026-07-29T23:50:46
2021-08-30,5.178,5.178,eastmoney_f10,2026-07-29T23:50:46
2021-08-31,5.171,5.171,eastmoney_f10,2026-07-29T23:50:46
2021-09-01,5.18,5.18,eastmoney_f10,2026-07-29T23:50:46
2021-09-02,5.171,5.171,eastmoney_f10,2026-07-29T23:50:46
2021-09-03,5.186,5.186,eastmoney_f10,2026-07-29T23:50:46
2021-09-06,5.181,5.181,eastmoney_f10,2026-07-29T23:50:46
2021-09-07,5.189,5.189,eastmoney_f10,2026-07-29T23:50:46
2021-09-08,5.182,5.182,eastmoney_f10,2026-07-29T23:50:46
2021-09-09,5.157,5.157,eastmoney_f10,2026-07-29T23:50:46
2021-09-10,5.113,5.113,eastmoney_f10,2026-07-29T23:50:46
2021-09-13,5.106,5.106,eastmoney_f10,2026-07-29T23:50:46
2021-09-14,5.089,5.089,eastmoney_f10,2026-07-29T23:50:46
2021-09-15,5.128,5.128,eastmoney_f10,2026-07-29T23:50:46
2021-09-16,5.119,5.119,eastmoney_f10,2026-07-29T23:50:46
2021-09-17,5.074,5.074,eastmoney_f10,2026-07-29T23:50:46
2021-09-22,5.035,5.035,eastmoney_f10,2026-07-29T23:50:46
2021-09-23,5.085,5.085,eastmoney_f10,2026-07-29T23:50:46
2021-09-24,5.078,5.078,eastmoney_f10,2026-07-29T23:50:46
2021-09-27,5.043,5.043,eastmoney_f10,2026-07-29T23:50:46
2021-09-28,4.893,4.893,eastmoney_f10,2026-07-29T23:50:46
2021-09-29,4.891,4.891,eastmoney_f10,2026-07-29T23:50:46
2021-09-30,4.884,4.884,eastmoney_f10,2026-07-29T23:50:46
2021-10-08,4.908,4.908,eastmoney_f10,2026-07-29T23:50:46
2021-10-11,4.863,4.863,eastmoney_f10,2026-07-29T23:50:46
2021-10-12,4.843,4.843,eastmoney_f10,2026-07-29T23:50:46
2021-10-13,4.893,4.893,eastmoney_f10,2026-07-29T23:50:46
2021-10-14,4.969,4.969,eastmoney_f10,2026-07-29T23:50:46
2021-10-15,4.999,4.999,eastmoney_f10,2026-07-29T23:50:46
2021-10-18,5.043,5.043,eastmoney_f10,2026-07-29T23:50:46
2021-10-19,5.079,5.079,eastmoney_f10,2026-07-29T23:50:46
2021-10-20,5.054,5.054,eastmoney_f10,2026-07-29T23:50:46
2021-10-21,5.072,5.072,eastmoney_f10,2026-07-29T23:50:46
2021-10-22,5.038,5.038,eastmoney_f10,2026-07-29T23:50:46
2021-10-25,5.083,5.083,eastmoney_f10,2026-07-29T23:50:46
2021-10-26,5.096,5.096,eastmoney_f10,2026-07-29T23:50:46
2021-10-27,5.106,5.106,eastmoney_f10,2026-07-29T23:50:46
2021-10-28,5.173,5.173,eastmoney_f10,2026-07-29T23:50:46
2021-10-29,5.193,5.193,eastmoney_f10,2026-07-29T23:50:46
2021-11-01,5.234,5.234,eastmoney_f10,2026-07-29T23:50:46
2021-11-02,5.241,5.241,eastmoney_f10,2026-07-29T23:50:46
2021-11-03,5.303,5.303,eastmoney_f10,2026-07-29T23:50:46
2021-11-04,5.358,5.358,eastmoney_f10,2026-07-29T23:50:46
2021-11-05,5.367,5.367,eastmoney_f10,2026-07-29T23:50:46
2021-11-08,5.357,5.357,eastmoney_f10,2026-07-29T23:50:46
2021-11-09,5.314,5.314,eastmoney_f10,2026-07-29T23:50:46
2021-11-10,5.241,5.241,eastmoney_f10,2026-07-29T23:50:46
2021-11-11,5.272,5.272,eastmoney_f10,2026-07-29T23:50:46
2021-11-12,5.321,5.321,eastmoney_f10,2026-07-29T23:50:46
2021-11-15,5.303,5.303,eastmoney_f10,2026-07-29T23:50:46
2021-11-16,5.345,5.345,eastmoney_f10,2026-07-29T23:50:46
2021-11-17,5.346,5.346,eastmoney_f10,2026-07-29T23:50:46
2021-11-18,5.392,5.392,eastmoney_f10,2026-07-29T23:50:46
2021-11-19,5.424,5.424,eastmoney_f10,2026-07-29T23:50:46
2021-11-22,5.371,5.371,eastmoney_f10,2026-07-29T23:50:46
2021-11-23,5.345,5.345,eastmoney_f10,2026-07-29T23:50:46
2021-11-24,5.362,5.362,eastmoney_f10,2026-07-29T23:50:46
2021-11-25,5.369,5.369,eastmoney_f10,2026-07-29T23:50:46
2021-11-26,5.253,5.253,eastmoney_f10,2026-07-29T23:50:46
2021-11-29,5.369,5.369,eastmoney_f10,2026-07-29T23:50:46
2021-11-30,5.277,5.277,eastmoney_f10,2026-07-29T23:50:46
2021-12-01,5.183,5.183,eastmoney_f10,2026-07-29T23:50:46
2021-12-02,5.222,5.222,eastmoney_f10,2026-07-29T23:50:46
2021-12-03,5.133,5.133,eastmoney_f10,2026-07-29T23:50:46
2021-12-06,5.173,5.173,eastmoney_f10,2026-07-29T23:50:46
2021-12-07,5.333,5.333,eastmoney_f10,2026-07-29T23:50:46
2021-12-08,5.35,5.35,eastmoney_f10,2026-07-29T23:50:46
2021-12-09,5.256,5.256,eastmoney_f10,2026-07-29T23:50:46
2021-12-10,5.331,5.331,eastmoney_f10,2026-07-29T23:50:46
2021-12-13,5.247,5.247,eastmoney_f10,2026-07-29T23:50:46
2021-12-14,5.193,5.193,eastmoney_f10,2026-07-29T23:50:46
2021-12-15,5.318,5.318,eastmoney_f10,2026-07-29T23:50:46
2021-12-16,5.172,5.172,eastmoney_f10,2026-07-29T23:50:46
2021-12-17,5.152,5.152,eastmoney_f10,2026-07-29T23:50:46
2021-12-20,5.119,5.119,eastmoney_f10,2026-07-29T23:50:46
2021-12-21,5.221,5.221,eastmoney_f10,2026-07-29T23:50:46
2021-12-22,5.283,5.283,eastmoney_f10,2026-07-29T23:50:46
2021-12-23,5.32,5.32,eastmoney_f10,2026-07-29T23:50:46
2021-12-24,5.324,5.324,eastmoney_f10,2026-07-29T23:50:46
2021-12-27,5.408,5.408,eastmoney_f10,2026-07-29T23:50:46
2021-12-28,5.386,5.386,eastmoney_f10,2026-07-29T23:50:46
2021-12-29,5.387,5.387,eastmoney_f10,2026-07-29T23:50:46
2021-12-30,5.362,5.362,eastmoney_f10,2026-07-29T23:50:46
2021-12-31,5.333,5.333,eastmoney_f10,2026-07-29T23:50:46
2022-01-04,5.323,5.323,eastmoney_f10,2026-07-29T23:50:46
2022-01-05,5.156,5.156,eastmoney_f10,2026-07-29T23:50:46
2022-01-06,5.15,5.15,eastmoney_f10,2026-07-29T23:50:46
2022-01-07,5.094,5.094,eastmoney_f10,2026-07-29T23:50:46
2022-01-10,5.094,5.094,eastmoney_f10,2026-07-29T23:50:46
2022-01-11,5.172,5.172,eastmoney_f10,2026-07-29T23:50:46
2022-01-12,5.189,5.189,eastmoney_f10,2026-07-29T23:50:46
2022-01-13,1.009,5.045,eastmoney_f10,2026-07-29T23:50:46
2022-01-14,1.019,5.095,eastmoney_f10,2026-07-29T23:50:46
2022-01-17,1.017,5.085,eastmoney_f10,2026-07-29T23:50:46
2022-01-18,0.99,4.95,eastmoney_f10,2026-07-29T23:50:46
2022-01-19,0.981,4.905,eastmoney_f10,2026-07-29T23:50:46
2022-01-20,0.966,4.83,eastmoney_f10,2026-07-29T23:50:46
2022-01-21,0.939,4.695,eastmoney_f10,2026-07-29T23:50:46
2022-01-24,0.943,4.715,eastmoney_f10,2026-07-29T23:50:46
2022-01-25,0.919,4.595,eastmoney_f10,2026-07-29T23:50:46
2022-01-26,0.918,4.59,eastmoney_f10,2026-07-29T23:50:46
2022-01-27,0.909,4.545,eastmoney_f10,2026-07-29T23:50:46
2022-01-28,0.944,4.72,eastmoney_f10,2026-07-29T23:50:46
2022-02-07,0.949,4.745,eastmoney_f10,2026-07-29T23:50:46
2022-02-08,0.96,4.8,eastmoney_f10,2026-07-29T23:50:46
2022-02-09,0.982,4.91,eastmoney_f10,2026-07-29T23:50:46
2022-02-10,0.958,4.79,eastmoney_f10,2026-07-29T23:50:46
2022-02-11,0.93,4.65,eastmoney_f10,2026-07-29T23:50:46
2022-02-14,0.93,4.65,eastmoney_f10,2026-07-29T23:50:46
2022-02-15,0.952,4.76,eastmoney_f10,2026-07-29T23:50:46
2022-02-16,0.949,4.745,eastmoney_f10,2026-07-29T23:50:46
2022-02-17,0.919,4.595,eastmoney_f10,2026-07-29T23:50:46
2022-02-18,0.909,4.545,eastmoney_f10,2026-07-29T23:50:46
2022-02-21,0.91,4.55,eastmoney_f10,2026-07-29T23:50:46
2022-02-22,0.902,4.51,eastmoney_f10,2026-07-29T23:50:46
2022-02-23,0.877,4.385,eastmoney_f10,2026-07-29T23:50:46
2022-02-24,0.906,4.53,eastmoney_f10,2026-07-29T23:50:46
2022-02-25,0.92,4.6,eastmoney_f10,2026-07-29T23:50:46
2022-02-28,0.922,4.61,eastmoney_f10,2026-07-29T23:50:46
2022-03-01,0.904,4.52,eastmoney_f10,2026-07-29T23:50:46
2022-03-02,0.924,4.62,eastmoney_f10,2026-07-29T23:50:46
2022-03-03,0.906,4.53,eastmoney_f10,2026-07-29T23:50:46
2022-03-04,0.897,4.485,eastmoney_f10,2026-07-29T23:50:46
2022-03-07,0.866,4.33,eastmoney_f10,2026-07-29T23:50:46
2022-03-08,0.858,4.29,eastmoney_f10,2026-07-29T23:50:46
2022-03-09,0.889,4.445,eastmoney_f10,2026-07-29T23:50:46
2022-03-10,0.878,4.39,eastmoney_f10,2026-07-29T23:50:46
2022-03-11,0.862,4.31,eastmoney_f10,2026-07-29T23:50:46
2022-03-14,0.848,4.24,eastmoney_f10,2026-07-29T23:50:46
2022-03-15,0.878,4.39,eastmoney_f10,2026-07-29T23:50:46
2022-03-16,0.911,4.555,eastmoney_f10,2026-07-29T23:50:46
2022-03-17,0.916,4.58,eastmoney_f10,2026-07-29T23:50:46
2022-03-18,0.936,4.68,eastmoney_f10,2026-07-29T23:50:46
2022-03-21,0.937,4.685,eastmoney_f10,2026-07-29T23:50:46
2022-03-22,0.955,4.775,eastmoney_f10,2026-07-29T23:50:46
2022-03-23,0.94,4.7,eastmoney_f10,2026-07-29T23:50:46
2022-03-24,0.962,4.81,eastmoney_f10,2026-07-29T23:50:46
2022-03-25,0.962,4.81,eastmoney_f10,2026-07-29T23:50:46
2022-03-28,0.977,4.885,eastmoney_f10,2026-07-29T23:50:46
2022-03-29,0.993,4.965,eastmoney_f10,2026-07-29T23:50:46
2022-03-30,0.981,4.905,eastmoney_f10,2026-07-29T23:50:46
2022-03-31,0.964,4.82,eastmoney_f10,2026-07-29T23:50:46
2022-04-01,0.966,4.83,eastmoney_f10,2026-07-29T23:50:46
2022-04-06,0.947,4.735,eastmoney_f10,2026-07-29T23:50:46
2022-04-07,0.947,4.735,eastmoney_f10,2026-07-29T23:50:46
2022-04-08,0.933,4.665,eastmoney_f10,2026-07-29T23:50:46
2022-04-11,0.911,4.555,eastmoney_f10,2026-07-29T23:50:46
2022-04-12,0.91,4.55,eastmoney_f10,2026-07-29T23:50:46
2022-04-13,0.927,4.635,eastmoney_f10,2026-07-29T23:50:46
2022-04-14,0.903,4.515,eastmoney_f10,2026-07-29T23:50:46
2022-04-15,0.908,4.54,eastmoney_f10,2026-07-29T23:50:46
2022-04-18,0.908,4.54,eastmoney_f10,2026-07-29T23:50:46
2022-04-19,0.926,4.63,eastmoney_f10,2026-07-29T23:50:46
2022-04-20,0.916,4.58,eastmoney_f10,2026-07-29T23:50:46
2022-04-21,0.899,4.495,eastmoney_f10,2026-07-29T23:50:46
2022-04-22,0.882,4.41,eastmoney_f10,2026-07-29T23:50:46
2022-04-25,0.898,4.49,eastmoney_f10,2026-07-29T23:50:46
2022-04-26,0.872,4.36,eastmoney_f10,2026-07-29T23:50:46
2022-04-27,0.872,4.36,eastmoney_f10,2026-07-29T23:50:46
2022-04-28,0.902,4.51,eastmoney_f10,2026-07-29T23:50:46
2022-04-29,0.869,4.345,eastmoney_f10,2026-07-29T23:50:46
2022-05-05,0.862,4.31,eastmoney_f10,2026-07-29T23:50:46
2022-05-06,0.86,4.3,eastmoney_f10,2026-07-29T23:50:46
2022-05-09,0.833,4.165,eastmoney_f10,2026-07-29T23:50:46
2022-05-10,0.846,4.23,eastmoney_f10,2026-07-29T23:50:46
2022-05-11,0.823,4.115,eastmoney_f10,2026-07-29T23:50:46
2022-05-12,0.821,4.105,eastmoney_f10,2026-07-29T23:50:46
2022-05-13,0.859,4.295,eastmoney_f10,2026-07-29T23:50:46
2022-05-16,0.848,4.24,eastmoney_f10,2026-07-29T23:50:46
2022-05-17,0.87,4.35,eastmoney_f10,2026-07-29T23:50:46
2022-05-18,0.82,4.1,eastmoney_f10,2026-07-29T23:50:46
2022-05-19,0.817,4.085,eastmoney_f10,2026-07-29T23:50:46
2022-05-20,0.814,4.07,eastmoney_f10,2026-07-29T23:50:46
2022-05-23,0.819,4.095,eastmoney_f10,2026-07-29T23:50:46
2022-05-24,0.799,3.995,eastmoney_f10,2026-07-29T23:50:46
2022-05-25,0.811,4.055,eastmoney_f10,2026-07-29T23:50:46
2022-05-26,0.836,4.18,eastmoney_f10,2026-07-29T23:50:46
2022-05-27,0.871,4.355,eastmoney_f10,2026-07-29T23:50:46
2022-05-30,0.867,4.335,eastmoney_f10,2026-07-29T23:50:46
2022-05-31,0.859,4.295,eastmoney_f10,2026-07-29T23:50:46
2022-06-01,0.853,4.265,eastmoney_f10,2026-07-29T23:50:46
2022-06-02,0.882,4.41,eastmoney_f10,2026-07-29T23:50:46
2022-06-06,0.857,4.285,eastmoney_f10,2026-07-29T23:50:46
2022-06-07,0.864,4.32,eastmoney_f10,2026-07-29T23:50:46
2022-06-08,0.857,4.285,eastmoney_f10,2026-07-29T23:50:46
2022-06-09,0.836,4.18,eastmoney_f10,2026-07-29T23:50:46
2022-06-10,0.809,4.045,eastmoney_f10,2026-07-29T23:50:46
2022-06-13,0.774,3.87,eastmoney_f10,2026-07-29T23:50:46
2022-06-14,0.779,3.895,eastmoney_f10,2026-07-29T23:50:46
2022-06-15,0.798,3.99,eastmoney_f10,2026-07-29T23:50:46
2022-06-16,0.762,3.81,eastmoney_f10,2026-07-29T23:50:46
2022-06-17,0.769,3.845,eastmoney_f10,2026-07-29T23:50:46
2022-06-20,0.771,3.855,eastmoney_f10,2026-07-29T23:50:46
2022-06-21,0.787,3.935,eastmoney_f10,2026-07-29T23:50:46
2022-06-22,0.789,3.945,eastmoney_f10,2026-07-29T23:50:46
2022-06-23,0.8,4.0,eastmoney_f10,2026-07-29T23:50:46
2022-06-24,0.827,4.135,eastmoney_f10,2026-07-29T23:50:46
2022-06-27,0.819,4.095,eastmoney_f10,2026-07-29T23:50:46
2022-06-28,0.794,3.97,eastmoney_f10,2026-07-29T23:50:46
2022-06-29,0.796,3.98,eastmoney_f10,2026-07-29T23:50:46
2022-06-30,0.787,3.935,eastmoney_f10,2026-07-29T23:50:46
2022-07-01,0.79,3.95,eastmoney_f10,2026-07-29T23:50:46
2022-07-04,0.792,3.96,eastmoney_f10,2026-07-29T23:50:46
2022-07-05,0.804,4.02,eastmoney_f10,2026-07-29T23:50:46
2022-07-06,0.812,4.06,eastmoney_f10,2026-07-29T23:50:46
2022-07-07,0.828,4.14,eastmoney_f10,2026-07-29T23:50:46
2022-07-08,0.829,4.145,eastmoney_f10,2026-07-29T23:50:46
2022-07-11,0.809,4.045,eastmoney_f10,2026-07-29T23:50:46
2022-07-12,0.805,4.025,eastmoney_f10,2026-07-29T23:50:46
2022-07-13,0.804,4.02,eastmoney_f10,2026-07-29T23:50:46
2022-07-14,0.806,4.03,eastmoney_f10,2026-07-29T23:50:46
2022-07-15,0.824,4.12,eastmoney_f10,2026-07-29T23:50:46
2022-07-18,0.816,4.08,eastmoney_f10,2026-07-29T23:50:46
2022-07-19,0.841,4.205,eastmoney_f10,2026-07-29T23:50:46
2022-07-20,0.855,4.275,eastmoney_f10,2026-07-29T23:50:46
2022-07-21,0.869,4.345,eastmoney_f10,2026-07-29T23:50:46
2022-07-22,0.852,4.26,eastmoney_f10,2026-07-29T23:50:46
2022-07-25,0.848,4.24,eastmoney_f10,2026-07-29T23:50:46
2022-07-26,0.831,4.155,eastmoney_f10,2026-07-29T23:50:46
2022-07-27,0.869,4.345,eastmoney_f10,2026-07-29T23:50:46
2022-07-28,0.873,4.365,eastmoney_f10,2026-07-29T23:50:46
2022-07-29,0.889,4.445,eastmoney_f10,2026-07-29T23:50:46
2022-08-01,0.889,4.445,eastmoney_f10,2026-07-29T23:50:46
2022-08-02,0.886,4.43,eastmoney_f10,2026-07-29T23:50:46
2022-08-03,0.915,4.575,eastmoney_f10,2026-07-29T23:50:46
2022-08-04,0.916,4.58,eastmoney_f10,2026-07-29T23:50:46
2022-08-05,0.906,4.53,eastmoney_f10,2026-07-29T23:50:46
2022-08-08,0.907,4.535,eastmoney_f10,2026-07-29T23:50:46
2022-08-09,0.895,4.475,eastmoney_f10,2026-07-29T23:50:46
2022-08-10,0.921,4.605,eastmoney_f10,2026-07-29T23:50:46
2022-08-11,0.911,4.555,eastmoney_f10,2026-07-29T23:50:46
2022-08-12,0.931,4.655,eastmoney_f10,2026-07-29T23:50:46
2022-08-15,0.938,4.69,eastmoney_f10,2026-07-29T23:50:46
2022-08-16,0.94,4.7,eastmoney_f10,2026-07-29T23:50:46
2022-08-17,0.931,4.655,eastmoney_f10,2026-07-29T23:50:46
2022-08-18,0.932,4.66,eastmoney_f10,2026-07-29T23:50:46
2022-08-19,0.918,4.59,eastmoney_f10,2026-07-29T23:50:46
2022-08-22,0.895,4.475,eastmoney_f10,2026-07-29T23:50:46
2022-08-23,0.898,4.49,eastmoney_f10,2026-07-29T23:50:46
2022-08-24,0.899,4.495,eastmoney_f10,2026-07-29T23:50:46
2022-08-25,0.917,4.585,eastmoney_f10,2026-07-29T23:50:46
2022-08-26,0.879,4.395,eastmoney_f10,2026-07-29T23:50:46
2022-08-29,0.873,4.365,eastmoney_f10,2026-07-29T23:50:46
2022-08-30,0.864,4.32,eastmoney_f10,2026-07-29T23:50:46
2022-08-31,0.861,4.305,eastmoney_f10,2026-07-29T23:50:46
2022-09-01,0.86,4.3,eastmoney_f10,2026-07-29T23:50:46
2022-09-02,0.849,4.245,eastmoney_f10,2026-07-29T23:50:46
2022-09-05,0.85,4.25,eastmoney_f10,2026-07-29T23:50:46
2022-09-06,0.845,4.225,eastmoney_f10,2026-07-29T23:50:46
2022-09-07,0.863,4.315,eastmoney_f10,2026-07-29T23:50:46
2022-09-08,0.867,4.335,eastmoney_f10,2026-07-29T23:50:46
2022-09-09,0.885,4.425,eastmoney_f10,2026-07-29T23:50:46
2022-09-13,0.844,4.22,eastmoney_f10,2026-07-29T23:50:46
2022-09-14,0.853,4.265,eastmoney_f10,2026-07-29T23:50:46
2022-09-15,0.839,4.195,eastmoney_f10,2026-07-29T23:50:46
2022-09-16,0.836,4.18,eastmoney_f10,2026-07-29T23:50:46
2022-09-19,0.844,4.22,eastmoney_f10,2026-07-29T23:50:46
2022-09-20,0.838,4.19,eastmoney_f10,2026-07-29T23:50:46
2022-09-21,0.823,4.115,eastmoney_f10,2026-07-29T23:50:46
2022-09-22,0.817,4.085,eastmoney_f10,2026-07-29T23:50:46
2022-09-23,0.805,4.025,eastmoney_f10,2026-07-29T23:50:46
2022-09-26,0.805,4.025,eastmoney_f10,2026-07-29T23:50:46
2022-09-27,0.811,4.055,eastmoney_f10,2026-07-29T23:50:46
2022-09-28,0.831,4.155,eastmoney_f10,2026-07-29T23:50:46
2022-09-29,0.807,4.035,eastmoney_f10,2026-07-29T23:50:46
2022-09-30,0.792,3.96,eastmoney_f10,2026-07-29T23:50:46
2022-10-10,0.789,3.945,eastmoney_f10,2026-07-29T23:50:46
2022-10-11,0.78,3.9,eastmoney_f10,2026-07-29T23:50:46
2022-10-12,0.78,3.9,eastmoney_f10,2026-07-29T23:50:46
2022-10-13,0.798,3.99,eastmoney_f10,2026-07-29T23:50:46
2022-10-14,0.773,3.865,eastmoney_f10,2026-07-29T23:50:46
2022-10-17,0.8,4.0,eastmoney_f10,2026-07-29T23:50:46
2022-10-18,0.806,4.03,eastmoney_f10,2026-07-29T23:50:46
2022-10-19,0.803,4.015,eastmoney_f10,2026-07-29T23:50:46
2022-10-20,0.8,4.0,eastmoney_f10,2026-07-29T23:50:46
2022-10-21,0.818,4.09,eastmoney_f10,2026-07-29T23:50:46
2022-10-24,0.827,4.135,eastmoney_f10,2026-07-29T23:50:46
2022-10-25,0.85,4.25,eastmoney_f10,2026-07-29T23:50:46
2022-10-26,0.83,4.15,eastmoney_f10,2026-07-29T23:50:46
2022-10-27,0.814,4.07,eastmoney_f10,2026-07-29T23:50:46
2022-10-28,0.841,4.205,eastmoney_f10,2026-07-29T23:50:46
2022-10-31,0.831,4.155,eastmoney_f10,2026-07-29T23:50:46
2022-11-01,0.826,4.13,eastmoney_f10,2026-07-29T23:50:46
2022-11-02,0.8,4.0,eastmoney_f10,2026-07-29T23:50:46
2022-11-03,0.787,3.935,eastmoney_f10,2026-07-29T23:50:46
2022-11-04,0.8,4.0,eastmoney_f10,2026-07-29T23:50:46
2022-11-07,0.806,4.03,eastmoney_f10,2026-07-29T23:50:46
2022-11-08,0.811,4.055,eastmoney_f10,2026-07-29T23:50:46
2022-11-09,0.792,3.96,eastmoney_f10,2026-07-29T23:50:46
2022-11-10,0.854,4.27,eastmoney_f10,2026-07-29T23:50:46
2022-11-11,0.864,4.32,eastmoney_f10,2026-07-29T23:50:46
2022-11-14,0.844,4.22,eastmoney_f10,2026-07-29T23:50:46
2022-11-15,0.851,4.255,eastmoney_f10,2026-07-29T23:50:46
2022-11-16,0.838,4.19,eastmoney_f10,2026-07-29T23:50:46
2022-11-17,0.84,4.2,eastmoney_f10,2026-07-29T23:50:46
2022-11-18,0.845,4.225,eastmoney_f10,2026-07-29T23:50:46
2022-11-21,0.838,4.19,eastmoney_f10,2026-07-29T23:50:46
2022-11-22,0.854,4.27,eastmoney_f10,2026-07-29T23:50:46
2022-11-23,0.858,4.29,eastmoney_f10,2026-07-29T23:50:46
2022-11-24,0.857,4.285,eastmoney_f10,2026-07-29T23:50:46
2022-11-25,0.853,4.265,eastmoney_f10,2026-07-29T23:50:46
2022-11-28,0.844,4.22,eastmoney_f10,2026-07-29T23:50:46
2022-11-29,0.842,4.21,eastmoney_f10,2026-07-29T23:50:46
2022-11-30,0.878,4.39,eastmoney_f10,2026-07-29T23:50:46
2022-12-01,0.873,4.365,eastmoney_f10,2026-07-29T23:50:46
2022-12-02,0.861,4.305,eastmoney_f10,2026-07-29T23:50:46
2022-12-05,0.845,4.225,eastmoney_f10,2026-07-29T23:50:46
2022-12-06,0.821,4.105,eastmoney_f10,2026-07-29T23:50:46
2022-12-07,0.819,4.095,eastmoney_f10,2026-07-29T23:50:46
2022-12-08,0.825,4.125,eastmoney_f10,2026-07-29T23:50:46
2022-12-09,0.82,4.1,eastmoney_f10,2026-07-29T23:50:46
2022-12-12,0.83,4.15,eastmoney_f10,2026-07-29T23:50:46
2022-12-13,0.841,4.205,eastmoney_f10,2026-07-29T23:50:46
2022-12-14,0.832,4.16,eastmoney_f10,2026-07-29T23:50:46
2022-12-15,0.802,4.01,eastmoney_f10,2026-07-29T23:50:46
2022-12-16,0.799,3.995,eastmoney_f10,2026-07-29T23:50:46
2022-12-19,0.788,3.94,eastmoney_f10,2026-07-29T23:50:46
2022-12-20,0.789,3.945,eastmoney_f10,2026-07-29T23:50:46
2022-12-21,0.798,3.99,eastmoney_f10,2026-07-29T23:50:46
2022-12-22,0.78,3.9,eastmoney_f10,2026-07-29T23:50:46
2022-12-23,0.783,3.915,eastmoney_f10,2026-07-29T23:50:46
2022-12-26,0.783,3.915,eastmoney_f10,2026-07-29T23:50:46
2022-12-27,0.77,3.85,eastmoney_f10,2026-07-29T23:50:46
2022-12-28,0.761,3.805,eastmoney_f10,2026-07-29T23:50:46
2022-12-29,0.781,3.905,eastmoney_f10,2026-07-29T23:50:46
2022-12-30,0.778,3.89,eastmoney_f10,2026-07-29T23:50:46
2022-12-31,0.778,3.89,eastmoney_f10,2026-07-29T23:50:46
2023-01-03,0.771,3.855,eastmoney_f10,2026-07-29T23:50:46
2023-01-04,0.773,3.865,eastmoney_f10,2026-07-29T23:50:46
2023-01-05,0.759,3.795,eastmoney_f10,2026-07-29T23:50:46
2023-01-06,0.78,3.9,eastmoney_f10,2026-07-29T23:50:46
2023-01-09,0.777,3.885,eastmoney_f10,2026-07-29T23:50:46
2023-01-10,0.777,3.885,eastmoney_f10,2026-07-29T23:50:46
2023-01-11,0.791,3.955,eastmoney_f10,2026-07-29T23:50:46
2023-01-12,0.794,3.97,eastmoney_f10,2026-07-29T23:50:46
2023-01-13,0.795,3.975,eastmoney_f10,2026-07-29T23:50:46
2023-01-16,0.793,3.965,eastmoney_f10,2026-07-29T23:50:46
2023-01-17,0.795,3.975,eastmoney_f10,2026-07-29T23:50:46
2023-01-18,0.789,3.945,eastmoney_f10,2026-07-29T23:50:46
2023-01-19,0.782,3.91,eastmoney_f10,2026-07-29T23:50:46
2023-01-20,0.804,4.02,eastmoney_f10,2026-07-29T23:50:46
2023-01-30,0.822,4.11,eastmoney_f10,2026-07-29T23:50:46
2023-01-31,0.835,4.175,eastmoney_f10,2026-07-29T23:50:46
2023-02-01,0.851,4.255,eastmoney_f10,2026-07-29T23:50:46
2023-02-02,0.876,4.38,eastmoney_f10,2026-07-29T23:50:46
2023-02-03,0.865,4.325,eastmoney_f10,2026-07-29T23:50:46
2023-02-06,0.861,4.305,eastmoney_f10,2026-07-29T23:50:46
2023-02-07,0.882,4.41,eastmoney_f10,2026-07-29T23:50:46
2023-02-08,0.863,4.315,eastmoney_f10,2026-07-29T23:50:46
2023-02-09,0.857,4.285,eastmoney_f10,2026-07-29T23:50:46
2023-02-10,0.852,4.26,eastmoney_f10,2026-07-29T23:50:46
2023-02-13,0.868,4.34,eastmoney_f10,2026-07-29T23:50:46
2023-02-14,0.874,4.37,eastmoney_f10,2026-07-29T23:50:46
2023-02-15,0.881,4.405,eastmoney_f10,2026-07-29T23:50:46
2023-02-16,0.869,4.345,eastmoney_f10,2026-07-29T23:50:46
2023-02-17,0.865,4.325,eastmoney_f10,2026-07-29T23:50:46
2023-02-20,0.865,4.325,eastmoney_f10,2026-07-29T23:50:46
2023-02-21,0.843,4.215,eastmoney_f10,2026-07-29T23:50:46
2023-02-22,0.846,4.23,eastmoney_f10,2026-07-29T23:50:46
2023-02-23,0.856,4.28,eastmoney_f10,2026-07-29T23:50:46
2023-02-24,0.841,4.205,eastmoney_f10,2026-07-29T23:50:46
2023-02-27,0.854,4.27,eastmoney_f10,2026-07-29T23:50:46
2023-02-28,0.852,4.26,eastmoney_f10,2026-07-29T23:50:46
2023-03-01,0.844,4.22,eastmoney_f10,2026-07-29T23:50:46
2023-03-02,0.845,4.225,eastmoney_f10,2026-07-29T23:50:46
2023-03-03,0.866,4.33,eastmoney_f10,2026-07-29T23:50:46
2023-03-06,0.865,4.325,eastmoney_f10,2026-07-29T23:50:46
2023-03-07,0.856,4.28,eastmoney_f10,2026-07-29T23:50:46
2023-03-08,0.865,4.325,eastmoney_f10,2026-07-29T23:50:46
2023-03-09,0.852,4.26,eastmoney_f10,2026-07-29T23:50:46
2023-03-10,0.84,4.2,eastmoney_f10,2026-07-29T23:50:46
2023-03-13,0.843,4.215,eastmoney_f10,2026-07-29T23:50:46
2023-03-14,0.857,4.285,eastmoney_f10,2026-07-29T23:50:46
2023-03-15,0.858,4.29,eastmoney_f10,2026-07-29T23:50:46
2023-03-16,0.886,4.43,eastmoney_f10,2026-07-29T23:50:46
2023-03-17,0.88,4.4,eastmoney_f10,2026-07-29T23:50:46
2023-03-20,0.879,4.395,eastmoney_f10,2026-07-29T23:50:46
2023-03-21,0.892,4.46,eastmoney_f10,2026-07-29T23:50:46
2023-03-22,0.879,4.395,eastmoney_f10,2026-07-29T23:50:46
2023-03-23,0.89,4.45,eastmoney_f10,2026-07-29T23:50:46
2023-03-24,0.889,4.445,eastmoney_f10,2026-07-29T23:50:46
2023-03-27,0.887,4.435,eastmoney_f10,2026-07-29T23:50:46
2023-03-28,0.883,4.415,eastmoney_f10,2026-07-29T23:50:46
2023-03-29,0.899,4.495,eastmoney_f10,2026-07-29T23:50:46
2023-03-30,0.909,4.545,eastmoney_f10,2026-07-29T23:50:46
2023-03-31,0.922,4.61,eastmoney_f10,2026-07-29T23:50:46
2023-04-03,0.921,4.605,eastmoney_f10,2026-07-29T23:50:46
2023-04-04,0.916,4.58,eastmoney_f10,2026-07-29T23:50:46
2023-04-06,0.914,4.57,eastmoney_f10,2026-07-29T23:50:46
2023-04-07,0.915,4.575,eastmoney_f10,2026-07-29T23:50:46
2023-04-10,0.913,4.565,eastmoney_f10,2026-07-29T23:50:46
2023-04-11,0.909,4.545,eastmoney_f10,2026-07-29T23:50:46
2023-04-12,0.901,4.505,eastmoney_f10,2026-07-29T23:50:46
2023-04-13,0.916,4.58,eastmoney_f10,2026-07-29T23:50:46
2023-04-14,0.913,4.565,eastmoney_f10,2026-07-29T23:50:46
2023-04-17,0.915,4.575,eastmoney_f10,2026-07-29T23:50:46
2023-04-18,0.917,4.585,eastmoney_f10,2026-07-29T23:50:46
2023-04-19,0.915,4.575,eastmoney_f10,2026-07-29T23:50:46
2023-04-20,0.912,4.56,eastmoney_f10,2026-07-29T23:50:46
2023-04-21,0.91,4.55,eastmoney_f10,2026-07-29T23:50:46
2023-04-24,0.909,4.545,eastmoney_f10,2026-07-29T23:50:46
2023-04-25,0.892,4.46,eastmoney_f10,2026-07-29T23:50:46
2023-04-26,0.902,4.51,eastmoney_f10,2026-07-29T23:50:46
2023-04-27,0.926,4.63,eastmoney_f10,2026-07-29T23:50:46
2023-04-28,0.933,4.665,eastmoney_f10,2026-07-29T23:50:46
2023-05-04,0.912,4.56,eastmoney_f10,2026-07-29T23:50:46
2023-05-05,0.932,4.66,eastmoney_f10,2026-07-29T23:50:46
2023-05-08,0.934,4.67,eastmoney_f10,2026-07-29T23:50:46
2023-05-09,0.929,4.645,eastmoney_f10,2026-07-29T23:50:46
2023-05-10,0.94,4.7,eastmoney_f10,2026-07-29T23:50:46
2023-05-11,0.94,4.7,eastmoney_f10,2026-07-29T23:50:46
2023-05-12,0.941,4.705,eastmoney_f10,2026-07-29T23:50:46
2023-05-15,0.949,4.745,eastmoney_f10,2026-07-29T23:50:46
2023-05-16,0.947,4.735,eastmoney_f10,2026-07-29T23:50:46
2023-05-17,0.962,4.81,eastmoney_f10,2026-07-29T23:50:46
2023-05-18,0.982,4.91,eastmoney_f10,2026-07-29T23:50:46
2023-05-19,0.985,4.925,eastmoney_f10,2026-07-29T23:50:46
2023-05-22,0.986,4.93,eastmoney_f10,2026-07-29T23:50:46
2023-05-23,0.975,4.875,eastmoney_f10,2026-07-29T23:50:46
2023-05-24,0.974,4.87,eastmoney_f10,2026-07-29T23:50:46
2023-05-25,0.997,4.985,eastmoney_f10,2026-07-29T23:50:46
2023-05-26,1.026,5.13,eastmoney_f10,2026-07-29T23:50:46
2023-05-29,1.023,5.115,eastmoney_f10,2026-07-29T23:50:46
2023-05-30,1.031,5.155,eastmoney_f10,2026-07-29T23:50:46
2023-05-31,1.024,5.12,eastmoney_f10,2026-07-29T23:50:46
2023-06-01,1.039,5.195,eastmoney_f10,2026-07-29T23:50:46
2023-06-02,1.046,5.23,eastmoney_f10,2026-07-29T23:50:46
2023-06-05,1.046,5.23,eastmoney_f10,2026-07-29T23:50:46
2023-06-06,1.049,5.245,eastmoney_f10,2026-07-29T23:50:46
2023-06-07,1.032,5.16,eastmoney_f10,2026-07-29T23:50:46
2023-06-08,1.047,5.235,eastmoney_f10,2026-07-29T23:50:46
2023-06-09,1.047,5.235,eastmoney_f10,2026-07-29T23:50:46
2023-06-12,1.067,5.335,eastmoney_f10,2026-07-29T23:50:46
2023-06-13,1.08,5.4,eastmoney_f10,2026-07-29T23:50:46
2023-06-14,1.088,5.44,eastmoney_f10,2026-07-29T23:50:46
2023-06-15,1.1,5.5,eastmoney_f10,2026-07-29T23:50:46
2023-06-16,1.09,5.45,eastmoney_f10,2026-07-29T23:50:46
2023-06-19,1.088,5.44,eastmoney_f10,2026-07-29T23:50:46
2023-06-20,1.093,5.465,eastmoney_f10,2026-07-29T23:50:46
2023-06-21,1.081,5.405,eastmoney_f10,2026-07-29T23:50:46
2023-06-26,1.072,5.36,eastmoney_f10,2026-07-29T23:50:46
2023-06-27,1.091,5.455,eastmoney_f10,2026-07-29T23:50:46
2023-06-28,1.093,5.465,eastmoney_f10,2026-07-29T23:50:46
2023-06-29,1.092,5.46,eastmoney_f10,2026-07-29T23:50:46
2023-06-30,1.111,5.555,eastmoney_f10,2026-07-29T23:50:46
2023-07-03,1.111,5.555,eastmoney_f10,2026-07-29T23:50:46
2023-07-04,1.11,5.55,eastmoney_f10,2026-07-29T23:50:46
2023-07-05,1.108,5.54,eastmoney_f10,2026-07-29T23:50:46
2023-07-06,1.102,5.51,eastmoney_f10,2026-07-29T23:50:46
2023-07-07,1.097,5.485,eastmoney_f10,2026-07-29T23:50:46
2023-07-10,1.096,5.48,eastmoney_f10,2026-07-29T23:50:46
2023-07-11,1.101,5.505,eastmoney_f10,2026-07-29T23:50:46
2023-07-12,1.112,5.56,eastmoney_f10,2026-07-29T23:50:46
2023-07-13,1.128,5.64,eastmoney_f10,2026-07-29T23:50:46
2023-07-14,1.124,5.62,eastmoney_f10,2026-07-29T23:50:46
2023-07-17,1.135,5.675,eastmoney_f10,2026-07-29T23:50:46
2023-07-18,1.146,5.73,eastmoney_f10,2026-07-29T23:50:46
2023-07-19,1.146,5.73,eastmoney_f10,2026-07-29T23:50:46
2023-07-20,1.119,5.595,eastmoney_f10,2026-07-29T23:50:46
2023-07-21,1.116,5.58,eastmoney_f10,2026-07-29T23:50:46
2023-07-24,1.118,5.59,eastmoney_f10,2026-07-29T23:50:46
2023-07-25,1.125,5.625,eastmoney_f10,2026-07-29T23:50:46
2023-07-26,1.119,5.595,eastmoney_f10,2026-07-29T23:50:46
2023-07-27,1.116,5.58,eastmoney_f10,2026-07-29T23:50:46
2023-07-28,1.138,5.69,eastmoney_f10,2026-07-29T23:50:46
2023-07-31,1.138,5.69,eastmoney_f10,2026-07-29T23:50:46
2023-08-01,1.134,5.67,eastmoney_f10,2026-07-29T23:50:46
2023-08-02,1.111,5.555,eastmoney_f10,2026-07-29T23:50:46
2023-08-03,1.111,5.555,eastmoney_f10,2026-07-29T23:50:46
2023-08-04,1.105,5.525,eastmoney_f10,2026-07-29T23:50:46
2023-08-07,1.113,5.565,eastmoney_f10,2026-07-29T23:50:46
2023-08-08,1.106,5.53,eastmoney_f10,2026-07-29T23:50:46
2023-08-09,1.094,5.47,eastmoney_f10,2026-07-29T23:50:46
2023-08-10,1.096,5.48,eastmoney_f10,2026-07-29T23:50:46
2023-08-11,1.089,5.445,eastmoney_f10,2026-07-29T23:50:46
2023-08-14,1.103,5.515,eastmoney_f10,2026-07-29T23:50:46
2023-08-15,1.093,5.465,eastmoney_f10,2026-07-29T23:50:46
2023-08-16,1.084,5.42,eastmoney_f10,2026-07-29T23:50:46
2023-08-17,1.074,5.37,eastmoney_f10,2026-07-29T23:50:46
2023-08-18,1.071,5.355,eastmoney_f10,2026-07-29T23:50:46
2023-08-21,1.088,5.44,eastmoney_f10,2026-07-29T23:50:46
2023-08-22,1.086,5.43,eastmoney_f10,2026-07-29T23:50:46
2023-08-23,1.104,5.52,eastmoney_f10,2026-07-29T23:50:46
2023-08-24,1.078,5.39,eastmoney_f10,2026-07-29T23:50:46
2023-08-25,1.087,5.435,eastmoney_f10,2026-07-29T23:50:46
2023-08-28,1.094,5.47,eastmoney_f10,2026-07-29T23:50:46
2023-08-29,1.118,5.59,eastmoney_f10,2026-07-29T23:50:46
2023-08-30,1.124,5.62,eastmoney_f10,2026-07-29T23:50:46
2023-08-31,1.127,5.635,eastmoney_f10,2026-07-29T23:50:46
2023-09-01,1.125,5.625,eastmoney_f10,2026-07-29T23:50:46
2023-09-04,1.125,5.625,eastmoney_f10,2026-07-29T23:50:46
2023-09-05,1.127,5.635,eastmoney_f10,2026-07-29T23:50:46
2023-09-06,1.119,5.595,eastmoney_f10,2026-07-29T23:50:46
2023-09-07,1.111,5.555,eastmoney_f10,2026-07-29T23:50:46
2023-09-08,1.115,5.575,eastmoney_f10,2026-07-29T23:50:46
2023-09-11,1.128,5.64,eastmoney_f10,2026-07-29T23:50:46
2023-09-12,1.113,5.565,eastmoney_f10,2026-07-29T23:50:46
2023-09-13,1.116,5.58,eastmoney_f10,2026-07-29T23:50:46
2023-09-14,1.125,5.625,eastmoney_f10,2026-07-29T23:50:46
2023-09-15,1.104,5.52,eastmoney_f10,2026-07-29T23:50:46
2023-09-18,1.105,5.525,eastmoney_f10,2026-07-29T23:50:46
2023-09-19,1.102,5.51,eastmoney_f10,2026-07-29T23:50:46
2023-09-20,1.087,5.435,eastmoney_f10,2026-07-29T23:50:46
2023-09-21,1.067,5.335,eastmoney_f10,2026-07-29T23:50:46
2023-09-22,1.067,5.335,eastmoney_f10,2026-07-29T23:50:46
2023-09-25,1.072,5.36,eastmoney_f10,2026-07-29T23:50:46
2023-09-26,1.056,5.28,eastmoney_f10,2026-07-29T23:50:46
2023-09-27,1.058,5.29,eastmoney_f10,2026-07-29T23:50:46
2023-09-28,1.068,5.34,eastmoney_f10,2026-07-29T23:50:46
2023-10-09,1.093,5.465,eastmoney_f10,2026-07-29T23:50:46
2023-10-10,1.099,5.495,eastmoney_f10,2026-07-29T23:50:46
2023-10-11,1.107,5.535,eastmoney_f10,2026-07-29T23:50:46
2023-10-12,1.102,5.51,eastmoney_f10,2026-07-29T23:50:46
2023-10-13,1.089,5.445,eastmoney_f10,2026-07-29T23:50:46
2023-10-16,1.102,5.51,eastmoney_f10,2026-07-29T23:50:46
2023-10-17,1.098,5.49,eastmoney_f10,2026-07-29T23:50:46
2023-10-18,1.083,5.415,eastmoney_f10,2026-07-29T23:50:46
2023-10-19,1.073,5.365,eastmoney_f10,2026-07-29T23:50:46
2023-10-20,1.057,5.285,eastmoney_f10,2026-07-29T23:50:46
2023-10-23,1.06,5.3,eastmoney_f10,2026-07-29T23:50:46
2023-10-24,1.07,5.35,eastmoney_f10,2026-07-29T23:50:46
2023-10-25,1.044,5.22,eastmoney_f10,2026-07-29T23:50:46
2023-10-26,1.024,5.12,eastmoney_f10,2026-07-29T23:50:46
2023-10-27,1.029,5.145,eastmoney_f10,2026-07-29T23:50:46
2023-10-30,1.04,5.2,eastmoney_f10,2026-07-29T23:50:46
2023-10-31,1.046,5.23,eastmoney_f10,2026-07-29T23:50:46
2023-11-01,1.064,5.32,eastmoney_f10,2026-07-29T23:50:46
2023-11-02,1.083,5.415,eastmoney_f10,2026-07-29T23:50:46
2023-11-03,1.096,5.48,eastmoney_f10,2026-07-29T23:50:46
2023-11-06,1.1,5.5,eastmoney_f10,2026-07-29T23:50:46
2023-11-07,1.11,5.55,eastmoney_f10,2026-07-29T23:50:46
2023-11-08,1.111,5.555,eastmoney_f10,2026-07-29T23:50:46
2023-11-09,1.102,5.51,eastmoney_f10,2026-07-29T23:50:46
2023-11-10,1.126,5.63,eastmoney_f10,2026-07-29T23:50:46
2023-11-13,1.123,5.615,eastmoney_f10,2026-07-29T23:50:46
2023-11-14,1.147,5.735,eastmoney_f10,2026-07-29T23:50:46
2023-11-15,1.147,5.735,eastmoney_f10,2026-07-29T23:50:46
2023-11-16,1.148,5.74,eastmoney_f10,2026-07-29T23:50:46
2023-11-17,1.148,5.74,eastmoney_f10,2026-07-29T23:50:46
2023-11-20,1.16,5.8,eastmoney_f10,2026-07-29T23:50:46
2023-11-21,1.15,5.75,eastmoney_f10,2026-07-29T23:50:46
2023-11-22,1.152,5.76,eastmoney_f10,2026-07-29T23:50:46
2023-11-23,1.152,5.76,eastmoney_f10,2026-07-29T23:50:46
2023-11-24,1.149,5.745,eastmoney_f10,2026-07-29T23:50:46
2023-11-27,1.148,5.74,eastmoney_f10,2026-07-29T23:50:46
2023-11-28,1.151,5.755,eastmoney_f10,2026-07-29T23:50:46
2023-11-29,1.148,5.74,eastmoney_f10,2026-07-29T23:50:46
2023-11-30,1.145,5.725,eastmoney_f10,2026-07-29T23:50:46
2023-12-01,1.15,5.75,eastmoney_f10,2026-07-29T23:50:46
2023-12-04,1.137,5.685,eastmoney_f10,2026-07-29T23:50:46
2023-12-05,1.142,5.71,eastmoney_f10,2026-07-29T23:50:46
2023-12-06,1.135,5.675,eastmoney_f10,2026-07-29T23:50:46
2023-12-07,1.153,5.765,eastmoney_f10,2026-07-29T23:50:46
2023-12-08,1.156,5.78,eastmoney_f10,2026-07-29T23:50:46
2023-12-11,1.167,5.835,eastmoney_f10,2026-07-29T23:50:46
2023-12-12,1.176,5.88,eastmoney_f10,2026-07-29T23:50:46
2023-12-13,1.19,5.95,eastmoney_f10,2026-07-29T23:50:46
2023-12-14,1.188,5.94,eastmoney_f10,2026-07-29T23:50:46
2023-12-15,1.192,5.96,eastmoney_f10,2026-07-29T23:50:46
2023-12-18,1.199,5.995,eastmoney_f10,2026-07-29T23:50:46
2023-12-19,1.206,6.03,eastmoney_f10,2026-07-29T23:50:46
2023-12-20,1.188,5.94,eastmoney_f10,2026-07-29T23:50:46
2023-12-21,1.203,6.015,eastmoney_f10,2026-07-29T23:50:46
2023-12-22,1.203,6.015,eastmoney_f10,2026-07-29T23:50:46
2023-12-25,1.204,6.02,eastmoney_f10,2026-07-29T23:50:46
2023-12-26,1.21,6.05,eastmoney_f10,2026-07-29T23:50:46
2023-12-27,1.213,6.065,eastmoney_f10,2026-07-29T23:50:46
2023-12-28,1.212,6.06,eastmoney_f10,2026-07-29T23:50:46
2023-12-29,1.204,6.02,eastmoney_f10,2026-07-29T23:50:46
2023-12-31,1.204,6.02,eastmoney_f10,2026-07-29T23:50:46
2024-01-02,1.183,5.915,eastmoney_f10,2026-07-29T23:50:46
2024-01-03,1.174,5.87,eastmoney_f10,2026-07-29T23:50:46
2024-01-04,1.168,5.84,eastmoney_f10,2026-07-29T23:50:46
2024-01-05,1.17,5.85,eastmoney_f10,2026-07-29T23:50:46
2024-01-08,1.195,5.975,eastmoney_f10,2026-07-29T23:50:46
2024-01-09,1.197,5.985,eastmoney_f10,2026-07-29T23:50:46
2024-01-10,1.206,6.03,eastmoney_f10,2026-07-29T23:50:46
2024-01-11,1.208,6.04,eastmoney_f10,2026-07-29T23:50:46
2024-01-12,1.208,6.04,eastmoney_f10,2026-07-29T23:50:46
2024-01-15,1.209,6.045,eastmoney_f10,2026-07-29T23:50:46
2024-01-16,1.21,6.05,eastmoney_f10,2026-07-29T23:50:46
2024-01-17,1.203,6.015,eastmoney_f10,2026-07-29T23:50:46
2024-01-18,1.221,6.105,eastmoney_f10,2026-07-29T23:50:46
2024-01-19,1.245,6.225,eastmoney_f10,2026-07-29T23:50:46
2024-01-22,1.245,6.225,eastmoney_f10,2026-07-29T23:50:46
2024-01-23,1.25,6.25,eastmoney_f10,2026-07-29T23:50:46
2024-01-24,1.256,6.28,eastmoney_f10,2026-07-29T23:50:46
2024-01-25,1.257,6.285,eastmoney_f10,2026-07-29T23:50:46
2024-01-26,1.251,6.255,eastmoney_f10,2026-07-29T23:50:46
2024-01-29,1.263,6.315,eastmoney_f10,2026-07-29T23:50:46
2024-01-30,1.254,6.27,eastmoney_f10,2026-07-29T23:50:46
2024-01-31,1.23,6.15,eastmoney_f10,2026-07-29T23:50:46
2024-02-01,1.245,6.225,eastmoney_f10,2026-07-29T23:50:46
2024-02-02,1.265,6.325,eastmoney_f10,2026-07-29T23:50:46
2024-02-05,1.264,6.32,eastmoney_f10,2026-07-29T23:50:46
2024-02-06,1.262,6.31,eastmoney_f10,2026-07-29T23:50:46
2024-02-07,1.274,6.37,eastmoney_f10,2026-07-29T23:50:46
2024-02-08,1.276,6.38,eastmoney_f10,2026-07-29T23:50:46
2024-02-19,1.269,6.345,eastmoney_f10,2026-07-29T23:50:46
2024-02-20,1.26,6.3,eastmoney_f10,2026-07-29T23:50:46
2024-02-21,1.254,6.27,eastmoney_f10,2026-07-29T23:50:46
2024-02-22,1.292,6.46,eastmoney_f10,2026-07-29T23:50:46
2024-02-23,1.288,6.44,eastmoney_f10,2026-07-29T23:50:46
2024-02-26,1.287,6.435,eastmoney_f10,2026-07-29T23:50:46
2024-02-27,1.29,6.45,eastmoney_f10,2026-07-29T23:50:46
2024-02-28,1.283,6.415,eastmoney_f10,2026-07-29T23:50:46
2024-02-29,1.295,6.475,eastmoney_f10,2026-07-29T23:50:46
2024-03-01,1.314,6.57,eastmoney_f10,2026-07-29T23:50:46
2024-03-04,1.308,6.54,eastmoney_f10,2026-07-29T23:50:46
2024-03-05,1.284,6.42,eastmoney_f10,2026-07-29T23:50:46
2024-03-06,1.292,6.46,eastmoney_f10,2026-07-29T23:50:46
2024-03-07,1.312,6.56,eastmoney_f10,2026-07-29T23:50:46
2024-03-08,1.292,6.46,eastmoney_f10,2026-07-29T23:50:46
2024-03-11,1.287,6.435,eastmoney_f10,2026-07-29T23:50:46
2024-03-12,1.306,6.53,eastmoney_f10,2026-07-29T23:50:46
2024-03-13,1.294,6.47,eastmoney_f10,2026-07-29T23:50:46
2024-03-14,1.291,6.455,eastmoney_f10,2026-07-29T23:50:46
2024-03-15,1.277,6.385,eastmoney_f10,2026-07-29T23:50:46
2024-03-18,1.289,6.445,eastmoney_f10,2026-07-29T23:50:46
2024-03-19,1.293,6.465,eastmoney_f10,2026-07-29T23:50:46
2024-03-20,1.308,6.54,eastmoney_f10,2026-07-29T23:50:46
2024-03-21,1.313,6.565,eastmoney_f10,2026-07-29T23:50:46
2024-03-22,1.315,6.575,eastmoney_f10,2026-07-29T23:50:46
2024-03-25,1.311,6.555,eastmoney_f10,2026-07-29T23:50:46
2024-03-26,1.305,6.525,eastmoney_f10,2026-07-29T23:50:46
2024-03-27,1.31,6.55,eastmoney_f10,2026-07-29T23:50:46
2024-03-28,1.308,6.54,eastmoney_f10,2026-07-29T23:50:46
2024-03-29,1.308,6.54,eastmoney_f10,2026-07-29T23:50:46
2024-04-01,1.31,6.55,eastmoney_f10,2026-07-29T23:50:46
2024-04-02,1.299,6.495,eastmoney_f10,2026-07-29T23:50:46
2024-04-03,1.301,6.505,eastmoney_f10,2026-07-29T23:50:46
2024-04-08,1.297,6.485,eastmoney_f10,2026-07-29T23:50:46
2024-04-09,1.302,6.51,eastmoney_f10,2026-07-29T23:50:46
2024-04-10,1.291,6.455,eastmoney_f10,2026-07-29T23:50:46
2024-04-11,1.312,6.56,eastmoney_f10,2026-07-29T23:50:46
2024-04-12,1.29,6.45,eastmoney_f10,2026-07-29T23:50:46
2024-04-15,1.269,6.345,eastmoney_f10,2026-07-29T23:50:46
2024-04-16,1.27,6.35,eastmoney_f10,2026-07-29T23:50:46
2024-04-17,1.254,6.27,eastmoney_f10,2026-07-29T23:50:46
2024-04-18,1.247,6.235,eastmoney_f10,2026-07-29T23:50:46
2024-04-19,1.222,6.11,eastmoney_f10,2026-07-29T23:50:46
2024-04-22,1.234,6.17,eastmoney_f10,2026-07-29T23:50:46
2024-04-23,1.253,6.265,eastmoney_f10,2026-07-29T23:50:46
2024-04-24,1.257,6.285,eastmoney_f10,2026-07-29T23:50:46
2024-04-25,1.25,6.25,eastmoney_f10,2026-07-29T23:50:46
2024-04-26,1.271,6.355,eastmoney_f10,2026-07-29T23:50:46
2024-04-29,1.275,6.375,eastmoney_f10,2026-07-29T23:50:46
2024-04-30,1.251,6.255,eastmoney_f10,2026-07-29T23:50:46
2024-05-06,1.296,6.48,eastmoney_f10,2026-07-29T23:50:46
2024-05-07,1.296,6.48,eastmoney_f10,2026-07-29T23:50:46
2024-05-08,1.296,6.48,eastmoney_f10,2026-07-29T23:50:46
2024-05-09,1.298,6.49,eastmoney_f10,2026-07-29T23:50:46
2024-05-10,1.301,6.505,eastmoney_f10,2026-07-29T23:50:46
2024-05-13,1.304,6.52,eastmoney_f10,2026-07-29T23:50:46
2024-05-14,1.313,6.565,eastmoney_f10,2026-07-29T23:50:46
2024-05-15,1.333,6.665,eastmoney_f10,2026-07-29T23:50:46
2024-05-16,1.33,6.65,eastmoney_f10,2026-07-29T23:50:46
2024-05-17,1.329,6.645,eastmoney_f10,2026-07-29T23:50:46
2024-05-20,1.338,6.69,eastmoney_f10,2026-07-29T23:50:46
2024-05-21,1.342,6.71,eastmoney_f10,2026-07-29T23:50:46
2024-05-22,1.341,6.705,eastmoney_f10,2026-07-29T23:50:46
2024-05-23,1.336,6.68,eastmoney_f10,2026-07-29T23:50:46
2024-05-24,1.349,6.745,eastmoney_f10,2026-07-29T23:50:46
2024-05-27,1.349,6.745,eastmoney_f10,2026-07-29T23:50:46
2024-05-28,1.353,6.765,eastmoney_f10,2026-07-29T23:50:46
2024-05-29,1.344,6.72,eastmoney_f10,2026-07-29T23:50:46
2024-05-30,1.329,6.645,eastmoney_f10,2026-07-29T23:50:46
2024-05-31,1.329,6.645,eastmoney_f10,2026-07-29T23:50:46
2024-06-03,1.333,6.665,eastmoney_f10,2026-07-29T23:50:46
2024-06-04,1.337,6.685,eastmoney_f10,2026-07-29T23:50:46
2024-06-05,1.364,6.82,eastmoney_f10,2026-07-29T23:50:46
2024-06-06,1.363,6.815,eastmoney_f10,2026-07-29T23:50:46
2024-06-07,1.362,6.81,eastmoney_f10,2026-07-29T23:50:46
2024-06-11,1.377,6.885,eastmoney_f10,2026-07-29T23:50:46
2024-06-12,1.396,6.98,eastmoney_f10,2026-07-29T23:50:46
2024-06-13,1.403,7.015,eastmoney_f10,2026-07-29T23:50:46
2024-06-14,1.41,7.05,eastmoney_f10,2026-07-29T23:50:46
2024-06-17,1.427,7.135,eastmoney_f10,2026-07-29T23:50:46
2024-06-18,1.427,7.135,eastmoney_f10,2026-07-29T23:50:46
2024-06-19,1.427,7.135,eastmoney_f10,2026-07-29T23:50:46
2024-06-20,1.417,7.085,eastmoney_f10,2026-07-29T23:50:46
2024-06-21,1.413,7.065,eastmoney_f10,2026-07-29T23:50:46
2024-06-24,1.397,6.985,eastmoney_f10,2026-07-29T23:50:46
2024-06-25,1.414,7.07,eastmoney_f10,2026-07-29T23:50:46
2024-06-26,1.418,7.09,eastmoney_f10,2026-07-29T23:50:46
2024-06-27,1.421,7.105,eastmoney_f10,2026-07-29T23:50:46
2024-06-28,1.413,7.065,eastmoney_f10,2026-07-29T23:50:46
2024-06-30,1.413,7.065,eastmoney_f10,2026-07-29T23:50:46
2024-07-01,1.422,7.11,eastmoney_f10,2026-07-29T23:50:46
2024-07-02,1.437,7.185,eastmoney_f10,2026-07-29T23:50:46
2024-07-03,1.45,7.25,eastmoney_f10,2026-07-29T23:50:46
2024-07-04,1.45,7.25,eastmoney_f10,2026-07-29T23:50:46
2024-07-05,1.464,7.32,eastmoney_f10,2026-07-29T23:50:46
2024-07-08,1.468,7.34,eastmoney_f10,2026-07-29T23:50:46
2024-07-09,1.469,7.345,eastmoney_f10,2026-07-29T23:50:46
2024-07-10,1.485,7.425,eastmoney_f10,2026-07-29T23:50:46
2024-07-11,1.452,7.26,eastmoney_f10,2026-07-29T23:50:46
2024-07-12,1.46,7.3,eastmoney_f10,2026-07-29T23:50:46
2024-07-15,1.464,7.32,eastmoney_f10,2026-07-29T23:50:46
2024-07-16,1.465,7.325,eastmoney_f10,2026-07-29T23:50:46
2024-07-17,1.422,7.11,eastmoney_f10,2026-07-29T23:50:46
2024-07-18,1.415,7.075,eastmoney_f10,2026-07-29T23:50:46
2024-07-19,1.402,7.01,eastmoney_f10,2026-07-29T23:50:46
2024-07-22,1.424,7.12,eastmoney_f10,2026-07-29T23:50:46
2024-07-23,1.419,7.095,eastmoney_f10,2026-07-29T23:50:46
2024-07-24,1.368,6.84,eastmoney_f10,2026-07-29T23:50:46
2024-07-25,1.353,6.765,eastmoney_f10,2026-07-29T23:50:46
2024-07-26,1.365,6.825,eastmoney_f10,2026-07-29T23:50:46
2024-07-29,1.369,6.845,eastmoney_f10,2026-07-29T23:50:46
2024-07-30,1.351,6.755,eastmoney_f10,2026-07-29T23:50:46
2024-07-31,1.391,6.955,eastmoney_f10,2026-07-29T23:50:46
2024-08-01,1.357,6.785,eastmoney_f10,2026-07-29T23:50:46
2024-08-02,1.325,6.625,eastmoney_f10,2026-07-29T23:50:46
2024-08-05,1.286,6.43,eastmoney_f10,2026-07-29T23:50:46
2024-08-06,1.298,6.49,eastmoney_f10,2026-07-29T23:50:46
2024-08-07,1.284,6.42,eastmoney_f10,2026-07-29T23:50:46
2024-08-08,1.325,6.625,eastmoney_f10,2026-07-29T23:50:46
2024-08-09,1.332,6.66,eastmoney_f10,2026-07-29T23:50:46
2024-08-12,1.334,6.67,eastmoney_f10,2026-07-29T23:50:46
2024-08-13,1.368,6.84,eastmoney_f10,2026-07-29T23:50:46
2024-08-14,1.368,6.84,eastmoney_f10,2026-07-29T23:50:46
2024-08-15,1.401,7.005,eastmoney_f10,2026-07-29T23:50:46
2024-08-16,1.404,7.02,eastmoney_f10,2026-07-29T23:50:46
2024-08-19,1.421,7.105,eastmoney_f10,2026-07-29T23:50:46
2024-08-20,1.416,7.08,eastmoney_f10,2026-07-29T23:50:46
2024-08-21,1.423,7.115,eastmoney_f10,2026-07-29T23:50:46
2024-08-22,1.398,6.99,eastmoney_f10,2026-07-29T23:50:46
2024-08-23,1.417,7.085,eastmoney_f10,2026-07-29T23:50:46
2024-08-26,1.398,6.99,eastmoney_f10,2026-07-29T23:50:46
2024-08-27,1.405,7.025,eastmoney_f10,2026-07-29T23:50:46
2024-08-28,1.387,6.935,eastmoney_f10,2026-07-29T23:50:46
2024-08-29,1.387,6.935,eastmoney_f10,2026-07-29T23:50:46
2024-08-30,1.402,7.01,eastmoney_f10,2026-07-29T23:50:46
2024-09-02,1.4,7.0,eastmoney_f10,2026-07-29T23:50:46
2024-09-03,1.358,6.79,eastmoney_f10,2026-07-29T23:50:46
2024-09-04,1.356,6.78,eastmoney_f10,2026-07-29T23:50:46
2024-09-05,1.353,6.765,eastmoney_f10,2026-07-29T23:50:46
2024-09-06,1.316,6.58,eastmoney_f10,2026-07-29T23:50:46
2024-09-09,1.334,6.67,eastmoney_f10,2026-07-29T23:50:46
2024-09-10,1.349,6.745,eastmoney_f10,2026-07-29T23:50:46
2024-09-11,1.379,6.895,eastmoney_f10,2026-07-29T23:50:46
2024-09-12,1.393,6.965,eastmoney_f10,2026-07-29T23:50:46
2024-09-13,1.396,6.98,eastmoney_f10,2026-07-29T23:50:46
2024-09-18,1.381,6.905,eastmoney_f10,2026-07-29T23:50:46
2024-09-19,1.418,7.09,eastmoney_f10,2026-07-29T23:50:46
2024-09-20,1.408,7.04,eastmoney_f10,2026-07-29T23:50:46
2024-09-23,1.41,7.05,eastmoney_f10,2026-07-29T23:50:46
2024-09-24,1.416,7.08,eastmoney_f10,2026-07-29T23:50:46
2024-09-25,1.413,7.065,eastmoney_f10,2026-07-29T23:50:46
2024-09-26,1.426,7.13,eastmoney_f10,2026-07-29T23:50:46
2024-09-27,1.413,7.065,eastmoney_f10,2026-07-29T23:50:46
2024-09-30,1.416,7.08,eastmoney_f10,2026-07-29T23:50:46
2024-10-08,1.432,7.16,eastmoney_f10,2026-07-29T23:50:46
2024-10-09,1.44,7.2,eastmoney_f10,2026-07-29T23:50:46
2024-10-10,1.442,7.21,eastmoney_f10,2026-07-29T23:50:46
2024-10-11,1.444,7.22,eastmoney_f10,2026-07-29T23:50:46
2024-10-14,1.455,7.275,eastmoney_f10,2026-07-29T23:50:46
2024-10-15,1.437,7.185,eastmoney_f10,2026-07-29T23:50:46
2024-10-16,1.445,7.225,eastmoney_f10,2026-07-29T23:50:46
2024-10-17,1.447,7.235,eastmoney_f10,2026-07-29T23:50:46
2024-10-18,1.457,7.285,eastmoney_f10,2026-07-29T23:50:46
2024-10-21,1.454,7.27,eastmoney_f10,2026-07-29T23:50:46
2024-10-22,1.46,7.3,eastmoney_f10,2026-07-29T23:50:46
2024-10-23,1.438,7.19,eastmoney_f10,2026-07-29T23:50:46
2024-10-24,1.451,7.255,eastmoney_f10,2026-07-29T23:50:46
2024-10-25,1.455,7.275,eastmoney_f10,2026-07-29T23:50:46
2024-10-28,1.459,7.295,eastmoney_f10,2026-07-29T23:50:46
2024-10-29,1.473,7.365,eastmoney_f10,2026-07-29T23:50:46
2024-10-30,1.464,7.32,eastmoney_f10,2026-07-29T23:50:46
2024-10-31,1.425,7.125,eastmoney_f10,2026-07-29T23:50:46
2024-11-01,1.433,7.165,eastmoney_f10,2026-07-29T23:50:46
2024-11-04,1.43,7.15,eastmoney_f10,2026-07-29T23:50:46
2024-11-05,1.445,7.225,eastmoney_f10,2026-07-29T23:50:46
2024-11-06,1.484,7.42,eastmoney_f10,2026-07-29T23:50:46
2024-11-07,1.52,7.6,eastmoney_f10,2026-07-29T23:50:46
2024-11-08,1.517,7.585,eastmoney_f10,2026-07-29T23:50:46
2024-11-11,1.523,7.615,eastmoney_f10,2026-07-29T23:50:46
2024-11-12,1.523,7.615,eastmoney_f10,2026-07-29T23:50:46
2024-11-13,1.522,7.61,eastmoney_f10,2026-07-29T23:50:46
2024-11-14,1.511,7.555,eastmoney_f10,2026-07-29T23:50:46
2024-11-15,1.475,7.375,eastmoney_f10,2026-07-29T23:50:46
2024-11-18,1.484,7.42,eastmoney_f10,2026-07-29T23:50:46
2024-11-19,1.495,7.475,eastmoney_f10,2026-07-29T23:50:46
2024-11-20,1.494,7.47,eastmoney_f10,2026-07-29T23:50:46
2024-11-21,1.499,7.495,eastmoney_f10,2026-07-29T23:50:46
2024-11-22,1.502,7.51,eastmoney_f10,2026-07-29T23:50:46
2024-11-25,1.504,7.52,eastmoney_f10,2026-07-29T23:50:46
2024-11-26,1.512,7.56,eastmoney_f10,2026-07-29T23:50:46
2024-11-27,1.5,7.5,eastmoney_f10,2026-07-29T23:50:46
2024-11-28,1.499,7.495,eastmoney_f10,2026-07-29T23:50:46
2024-11-29,1.512,7.56,eastmoney_f10,2026-07-29T23:50:46
2024-12-02,1.528,7.64,eastmoney_f10,2026-07-29T23:50:46
2024-12-03,1.535,7.675,eastmoney_f10,2026-07-29T23:50:46
2024-12-04,1.553,7.765,eastmoney_f10,2026-07-29T23:50:46
2024-12-05,1.547,7.735,eastmoney_f10,2026-07-29T23:50:46
2024-12-06,1.561,7.805,eastmoney_f10,2026-07-29T23:50:46
2024-12-09,1.548,7.74,eastmoney_f10,2026-07-29T23:50:46
2024-12-10,1.544,7.72,eastmoney_f10,2026-07-29T23:50:46
2024-12-11,1.571,7.855,eastmoney_f10,2026-07-29T23:50:46
2024-12-12,1.56,7.8,eastmoney_f10,2026-07-29T23:50:46
2024-12-13,1.573,7.865,eastmoney_f10,2026-07-29T23:50:46
2024-12-16,1.595,7.975,eastmoney_f10,2026-07-29T23:50:46
2024-12-17,1.589,7.945,eastmoney_f10,2026-07-29T23:50:46
2024-12-18,1.531,7.655,eastmoney_f10,2026-07-29T23:50:46
2024-12-19,1.524,7.62,eastmoney_f10,2026-07-29T23:50:46
2024-12-20,1.537,7.685,eastmoney_f10,2026-07-29T23:50:46
2024-12-23,1.552,7.76,eastmoney_f10,2026-07-29T23:50:46
2024-12-24,1.573,7.865,eastmoney_f10,2026-07-29T23:50:46
2024-12-25,1.573,7.865,eastmoney_f10,2026-07-29T23:50:46
2024-12-26,1.571,7.855,eastmoney_f10,2026-07-29T23:50:46
2024-12-27,1.55,7.75,eastmoney_f10,2026-07-29T23:50:46
2024-12-30,1.53,7.65,eastmoney_f10,2026-07-29T23:50:46
2024-12-31,1.516,7.58,eastmoney_f10,2026-07-29T23:50:46
2025-01-02,1.513,7.565,eastmoney_f10,2026-07-29T23:50:46
2025-01-03,1.539,7.695,eastmoney_f10,2026-07-29T23:50:46
2025-01-06,1.555,7.775,eastmoney_f10,2026-07-29T23:50:46
2025-01-07,1.528,7.64,eastmoney_f10,2026-07-29T23:50:46
2025-01-08,1.528,7.64,eastmoney_f10,2026-07-29T23:50:46
2025-01-09,1.528,7.64,eastmoney_f10,2026-07-29T23:50:46
2025-01-10,1.504,7.52,eastmoney_f10,2026-07-29T23:50:46
2025-01-13,1.5,7.5,eastmoney_f10,2026-07-29T23:50:46
2025-01-14,1.498,7.49,eastmoney_f10,2026-07-29T23:50:46
2025-01-15,1.532,7.66,eastmoney_f10,2026-07-29T23:50:46
2025-01-16,1.521,7.605,eastmoney_f10,2026-07-29T23:50:46
2025-01-17,1.547,7.735,eastmoney_f10,2026-07-29T23:50:46
2025-01-20,1.547,7.735,eastmoney_f10,2026-07-29T23:50:46
2025-01-21,1.552,7.76,eastmoney_f10,2026-07-29T23:50:46
2025-01-22,1.572,7.86,eastmoney_f10,2026-07-29T23:50:46
2025-01-23,1.576,7.88,eastmoney_f10,2026-07-29T23:50:46
2025-01-24,1.567,7.835,eastmoney_f10,2026-07-29T23:50:46
2025-01-27,1.52,7.6,eastmoney_f10,2026-07-29T23:50:46
2025-02-05,1.558,7.79,eastmoney_f10,2026-07-29T23:50:46
2025-02-06,1.566,7.83,eastmoney_f10,2026-07-29T23:50:46
2025-02-07,1.546,7.73,eastmoney_f10,2026-07-29T23:50:46
2025-02-10,1.565,7.825,eastmoney_f10,2026-07-29T23:50:46
2025-02-11,1.561,7.805,eastmoney_f10,2026-07-29T23:50:46
2025-02-12,1.562,7.81,eastmoney_f10,2026-07-29T23:50:46
2025-02-13,1.585,7.925,eastmoney_f10,2026-07-29T23:50:46
2025-02-14,1.591,7.955,eastmoney_f10,2026-07-29T23:50:46
2025-02-17,1.59,7.95,eastmoney_f10,2026-07-29T23:50:46
2025-02-18,1.594,7.97,eastmoney_f10,2026-07-29T23:50:46
2025-02-19,1.595,7.975,eastmoney_f10,2026-07-29T23:50:46
2025-02-20,1.587,7.935,eastmoney_f10,2026-07-29T23:50:46
2025-02-21,1.554,7.77,eastmoney_f10,2026-07-29T23:50:46
2025-02-24,1.536,7.68,eastmoney_f10,2026-07-29T23:50:46
2025-02-25,1.517,7.585,eastmoney_f10,2026-07-29T23:50:46
2025-02-26,1.521,7.605,eastmoney_f10,2026-07-29T23:50:46
2025-02-27,1.479,7.395,eastmoney_f10,2026-07-29T23:50:46
2025-02-28,1.503,7.515,eastmoney_f10,2026-07-29T23:50:46
2025-03-03,1.47,7.35,eastmoney_f10,2026-07-29T23:50:46
2025-03-04,1.465,7.325,eastmoney_f10,2026-07-29T23:50:46
2025-03-05,1.484,7.42,eastmoney_f10,2026-07-29T23:50:46
2025-03-06,1.442,7.21,eastmoney_f10,2026-07-29T23:50:46
2025-03-07,1.453,7.265,eastmoney_f10,2026-07-29T23:50:46
2025-03-10,1.399,6.995,eastmoney_f10,2026-07-29T23:50:46
2025-03-11,1.395,6.975,eastmoney_f10,2026-07-29T23:50:46
2025-03-12,1.41,7.05,eastmoney_f10,2026-07-29T23:50:46
2025-03-13,1.384,6.92,eastmoney_f10,2026-07-29T23:50:46
2025-03-14,1.418,7.09,eastmoney_f10,2026-07-29T23:50:46
2025-03-17,1.425,7.125,eastmoney_f10,2026-07-29T23:50:46
2025-03-18,1.402,7.01,eastmoney_f10,2026-07-29T23:50:46
2025-03-19,1.42,7.1,eastmoney_f10,2026-07-29T23:50:46
2025-03-20,1.417,7.085,eastmoney_f10,2026-07-29T23:50:46
2025-03-21,1.422,7.11,eastmoney_f10,2026-07-29T23:50:46
2025-03-24,1.453,7.265,eastmoney_f10,2026-07-29T23:50:46
2025-03-25,1.461,7.305,eastmoney_f10,2026-07-29T23:50:46
2025-03-26,1.434,7.17,eastmoney_f10,2026-07-29T23:50:46
2025-03-27,1.425,7.125,eastmoney_f10,2026-07-29T23:50:46
2025-03-28,1.388,6.94,eastmoney_f10,2026-07-29T23:50:46
2025-03-31,1.388,6.94,eastmoney_f10,2026-07-29T23:50:46
2025-04-01,1.399,6.995,eastmoney_f10,2026-07-29T23:50:46
2025-04-02,1.41,7.05,eastmoney_f10,2026-07-29T23:50:46
2025-04-03,1.336,6.68,eastmoney_f10,2026-07-29T23:50:46
2025-04-07,1.259,6.295,eastmoney_f10,2026-07-29T23:50:46
2025-04-08,1.235,6.175,eastmoney_f10,2026-07-29T23:50:46
2025-04-09,1.383,6.915,eastmoney_f10,2026-07-29T23:50:46
2025-04-10,1.326,6.63,eastmoney_f10,2026-07-29T23:50:46
2025-04-11,1.351,6.755,eastmoney_f10,2026-07-29T23:50:46
2025-04-14,1.359,6.795,eastmoney_f10,2026-07-29T23:50:46
2025-04-15,1.361,6.805,eastmoney_f10,2026-07-29T23:50:46
2025-04-16,1.32,6.6,eastmoney_f10,2026-07-29T23:50:46
2025-04-17,1.32,6.6,eastmoney_f10,2026-07-29T23:50:46
2025-04-18,1.319,6.595,eastmoney_f10,2026-07-29T23:50:46
2025-04-21,1.287,6.435,eastmoney_f10,2026-07-29T23:50:46
2025-04-22,1.321,6.605,eastmoney_f10,2026-07-29T23:50:46
2025-04-23,1.351,6.755,eastmoney_f10,2026-07-29T23:50:46
2025-04-24,1.388,6.94,eastmoney_f10,2026-07-29T23:50:46
2025-04-25,1.404,7.02,eastmoney_f10,2026-07-29T23:50:46
2025-04-28,1.403,7.015,eastmoney_f10,2026-07-29T23:50:46
2025-04-29,1.411,7.055,eastmoney_f10,2026-07-29T23:50:46
2025-04-30,1.412,7.06,eastmoney_f10,2026-07-29T23:50:46
2025-05-06,1.428,7.14,eastmoney_f10,2026-07-29T23:50:46
2025-05-07,1.433,7.165,eastmoney_f10,2026-07-29T23:50:46
2025-05-08,1.449,7.245,eastmoney_f10,2026-07-29T23:50:46
2025-05-09,1.449,7.245,eastmoney_f10,2026-07-29T23:50:46
2025-05-12,1.507,7.535,eastmoney_f10,2026-07-29T23:50:46
2025-05-13,1.529,7.645,eastmoney_f10,2026-07-29T23:50:46
2025-05-14,1.537,7.685,eastmoney_f10,2026-07-29T23:50:46
2025-05-15,1.538,7.69,eastmoney_f10,2026-07-29T23:50:46
2025-05-16,1.545,7.725,eastmoney_f10,2026-07-29T23:50:46
2025-05-19,1.546,7.73,eastmoney_f10,2026-07-29T23:50:46
2025-05-20,1.54,7.7,eastmoney_f10,2026-07-29T23:50:46
2025-05-21,1.52,7.6,eastmoney_f10,2026-07-29T23:50:46
2025-05-22,1.521,7.605,eastmoney_f10,2026-07-29T23:50:46
2025-05-23,1.507,7.535,eastmoney_f10,2026-07-29T23:50:46
2025-05-26,1.506,7.53,eastmoney_f10,2026-07-29T23:50:46
2025-05-27,1.542,7.71,eastmoney_f10,2026-07-29T23:50:46
2025-05-28,1.536,7.68,eastmoney_f10,2026-07-29T23:50:46
2025-05-29,1.539,7.695,eastmoney_f10,2026-07-29T23:50:46
2025-05-30,1.536,7.68,eastmoney_f10,2026-07-29T23:50:46
2025-06-03,1.56,7.8,eastmoney_f10,2026-07-29T23:50:46
2025-06-04,1.564,7.82,eastmoney_f10,2026-07-29T23:50:46
2025-06-05,1.551,7.755,eastmoney_f10,2026-07-29T23:50:46
2025-06-06,1.566,7.83,eastmoney_f10,2026-07-29T23:50:46
2025-06-09,1.569,7.845,eastmoney_f10,2026-07-29T23:50:46
2025-06-10,1.579,7.895,eastmoney_f10,2026-07-29T23:50:46
2025-06-11,1.573,7.865,eastmoney_f10,2026-07-29T23:50:46
2025-06-12,1.576,7.88,eastmoney_f10,2026-07-29T23:50:46
2025-06-13,1.555,7.775,eastmoney_f10,2026-07-29T23:50:46
2025-06-16,1.578,7.89,eastmoney_f10,2026-07-29T23:50:46
2025-06-17,1.561,7.805,eastmoney_f10,2026-07-29T23:50:46
2025-06-18,1.561,7.805,eastmoney_f10,2026-07-29T23:50:46
2025-06-19,1.561,7.805,eastmoney_f10,2026-07-29T23:50:46
2025-06-20,1.553,7.765,eastmoney_f10,2026-07-29T23:50:46
2025-06-23,1.57,7.85,eastmoney_f10,2026-07-29T23:50:46
2025-06-24,1.593,7.965,eastmoney_f10,2026-07-29T23:50:46
2025-06-25,1.596,7.98,eastmoney_f10,2026-07-29T23:50:46
2025-06-26,1.61,8.05,eastmoney_f10,2026-07-29T23:50:46
2025-06-27,1.617,8.085,eastmoney_f10,2026-07-29T23:50:46
2025-06-30,1.626,8.13,eastmoney_f10,2026-07-29T23:50:46
2025-07-01,1.611,8.055,eastmoney_f10,2026-07-29T23:50:46
2025-07-02,1.623,8.115,eastmoney_f10,2026-07-29T23:50:46
2025-07-03,1.638,8.19,eastmoney_f10,2026-07-29T23:50:46
2025-07-04,1.638,8.19,eastmoney_f10,2026-07-29T23:50:46
2025-07-07,1.625,8.125,eastmoney_f10,2026-07-29T23:50:46
2025-07-08,1.626,8.13,eastmoney_f10,2026-07-29T23:50:46
2025-07-09,1.638,8.19,eastmoney_f10,2026-07-29T23:50:46
2025-07-10,1.635,8.175,eastmoney_f10,2026-07-29T23:50:46
2025-07-11,1.631,8.155,eastmoney_f10,2026-07-29T23:50:46
2025-07-14,1.636,8.18,eastmoney_f10,2026-07-29T23:50:46
2025-07-15,1.638,8.19,eastmoney_f10,2026-07-29T23:50:46
2025-07-16,1.641,8.205,eastmoney_f10,2026-07-29T23:50:46
2025-07-17,1.651,8.255,eastmoney_f10,2026-07-29T23:50:46
2025-07-18,1.651,8.255,eastmoney_f10,2026-07-29T23:50:46
2025-07-21,1.66,8.3,eastmoney_f10,2026-07-29T23:50:46
2025-07-22,1.65,8.25,eastmoney_f10,2026-07-29T23:50:46
2025-07-23,1.656,8.28,eastmoney_f10,2026-07-29T23:50:46
2025-07-24,1.659,8.295,eastmoney_f10,2026-07-29T23:50:46
2025-07-25,1.664,8.32,eastmoney_f10,2026-07-29T23:50:46
2025-07-28,1.671,8.355,eastmoney_f10,2026-07-29T23:50:46
2025-07-29,1.668,8.34,eastmoney_f10,2026-07-29T23:50:46
2025-07-30,1.669,8.345,eastmoney_f10,2026-07-29T23:50:46
2025-07-31,1.662,8.31,eastmoney_f10,2026-07-29T23:50:46
2025-08-01,1.629,8.145,eastmoney_f10,2026-07-29T23:50:46
2025-08-04,1.657,8.285,eastmoney_f10,2026-07-29T23:50:46
2025-08-05,1.644,8.22,eastmoney_f10,2026-07-29T23:50:46
2025-08-06,1.666,8.33,eastmoney_f10,2026-07-29T23:50:46
2025-08-07,1.67,8.35,eastmoney_f10,2026-07-29T23:50:46
2025-08-08,1.687,8.435,eastmoney_f10,2026-07-29T23:50:46
2025-08-11,1.681,8.405,eastmoney_f10,2026-07-29T23:50:46
2025-08-12,1.704,8.52,eastmoney_f10,2026-07-29T23:50:46
2025-08-13,1.703,8.515,eastmoney_f10,2026-07-29T23:50:46
2025-08-14,1.702,8.51,eastmoney_f10,2026-07-29T23:50:46
2025-08-15,1.694,8.47,eastmoney_f10,2026-07-29T23:50:46
2025-08-18,1.693,8.465,eastmoney_f10,2026-07-29T23:50:46
2025-08-19,1.67,8.35,eastmoney_f10,2026-07-29T23:50:46
2025-08-20,1.661,8.305,eastmoney_f10,2026-07-29T23:50:46
2025-08-21,1.651,8.255,eastmoney_f10,2026-07-29T23:50:46
2025-08-22,1.677,8.385,eastmoney_f10,2026-07-29T23:50:46
2025-08-25,1.669,8.345,eastmoney_f10,2026-07-29T23:50:46
2025-08-26,1.676,8.38,eastmoney_f10,2026-07-29T23:50:46
2025-08-27,1.677,8.385,eastmoney_f10,2026-07-29T23:50:46
2025-08-28,1.686,8.43,eastmoney_f10,2026-07-29T23:50:46
2025-08-29,1.665,8.325,eastmoney_f10,2026-07-29T23:50:46
2025-09-01,1.666,8.33,eastmoney_f10,2026-07-29T23:50:46
2025-09-02,1.653,8.265,eastmoney_f10,2026-07-29T23:50:46
2025-09-03,1.666,8.33,eastmoney_f10,2026-07-29T23:50:46
2025-09-04,1.681,8.405,eastmoney_f10,2026-07-29T23:50:46
2025-09-05,1.683,8.415,eastmoney_f10,2026-07-29T23:50:46
2025-09-08,1.69,8.45,eastmoney_f10,2026-07-29T23:50:46
2025-09-09,1.694,8.47,eastmoney_f10,2026-07-29T23:50:46
2025-09-10,1.696,8.48,eastmoney_f10,2026-07-29T23:50:46
2025-09-11,1.706,8.53,eastmoney_f10,2026-07-29T23:50:46
2025-09-12,1.712,8.56,eastmoney_f10,2026-07-29T23:50:46
2025-09-15,1.728,8.64,eastmoney_f10,2026-07-29T23:50:46
2025-09-16,1.725,8.625,eastmoney_f10,2026-07-29T23:50:46
2025-09-17,1.721,8.605,eastmoney_f10,2026-07-29T23:50:46
2025-09-18,1.739,8.695,eastmoney_f10,2026-07-29T23:50:46
2025-09-19,1.752,8.76,eastmoney_f10,2026-07-29T23:50:46
2025-09-22,1.761,8.805,eastmoney_f10,2026-07-29T23:50:46
2025-09-23,1.747,8.735,eastmoney_f10,2026-07-29T23:50:46
2025-09-24,1.742,8.71,eastmoney_f10,2026-07-29T23:50:46
2025-09-25,1.736,8.68,eastmoney_f10,2026-07-29T23:50:46
2025-09-26,1.744,8.72,eastmoney_f10,2026-07-29T23:50:46
2025-09-29,1.75,8.75,eastmoney_f10,2026-07-29T23:50:46
2025-09-30,1.754,8.77,eastmoney_f10,2026-07-29T23:50:46
2025-10-09,1.785,8.925,eastmoney_f10,2026-07-29T23:50:46
2025-10-10,1.721,8.605,eastmoney_f10,2026-07-29T23:50:46
2025-10-13,1.757,8.785,eastmoney_f10,2026-07-29T23:50:46
2025-10-14,1.746,8.73,eastmoney_f10,2026-07-29T23:50:46
2025-10-15,1.757,8.785,eastmoney_f10,2026-07-29T23:50:46
2025-10-16,1.75,8.75,eastmoney_f10,2026-07-29T23:50:46
2025-10-17,1.761,8.805,eastmoney_f10,2026-07-29T23:50:46
2025-10-20,1.784,8.92,eastmoney_f10,2026-07-29T23:50:46
2025-10-21,1.782,8.91,eastmoney_f10,2026-07-29T23:50:46
2025-10-22,1.765,8.825,eastmoney_f10,2026-07-29T23:50:46
2025-10-23,1.779,8.895,eastmoney_f10,2026-07-29T23:50:46
2025-10-24,1.798,8.99,eastmoney_f10,2026-07-29T23:50:46
2025-10-27,1.829,9.145,eastmoney_f10,2026-07-29T23:50:46
2025-10-28,1.842,9.21,eastmoney_f10,2026-07-29T23:50:46
2025-10-29,1.85,9.25,eastmoney_f10,2026-07-29T23:50:46
2025-10-30,1.823,9.115,eastmoney_f10,2026-07-29T23:50:46
2025-10-31,1.832,9.16,eastmoney_f10,2026-07-29T23:50:46
2025-11-03,1.84,9.2,eastmoney_f10,2026-07-29T23:50:46
2025-11-04,1.802,9.01,eastmoney_f10,2026-07-29T23:50:46
2025-11-05,1.816,9.08,eastmoney_f10,2026-07-29T23:50:46
2025-11-06,1.78,8.9,eastmoney_f10,2026-07-29T23:50:46
2025-11-07,1.774,8.87,eastmoney_f10,2026-07-29T23:50:46
2025-11-10,1.814,9.07,eastmoney_f10,2026-07-29T23:50:46
2025-11-11,1.808,9.04,eastmoney_f10,2026-07-29T23:50:46
2025-11-12,1.806,9.03,eastmoney_f10,2026-07-29T23:50:46
2025-11-13,1.77,8.85,eastmoney_f10,2026-07-29T23:50:46
2025-11-14,1.77,8.85,eastmoney_f10,2026-07-29T23:50:46
2025-11-17,1.755,8.775,eastmoney_f10,2026-07-29T23:50:46
2025-11-18,1.735,8.675,eastmoney_f10,2026-07-29T23:50:46
2025-11-19,1.745,8.725,eastmoney_f10,2026-07-29T23:50:46
2025-11-20,1.705,8.525,eastmoney_f10,2026-07-29T23:50:46
2025-11-21,1.717,8.585,eastmoney_f10,2026-07-29T23:50:46
2025-11-24,1.761,8.805,eastmoney_f10,2026-07-29T23:50:46
2025-11-25,1.771,8.855,eastmoney_f10,2026-07-29T23:50:46
2025-11-26,1.786,8.93,eastmoney_f10,2026-07-29T23:50:46
2025-11-27,1.785,8.925,eastmoney_f10,2026-07-29T23:50:46
2025-11-28,1.799,8.995,eastmoney_f10,2026-07-29T23:50:46
2025-12-01,1.792,8.96,eastmoney_f10,2026-07-29T23:50:46
2025-12-02,1.808,9.04,eastmoney_f10,2026-07-29T23:50:46
2025-12-03,1.811,9.055,eastmoney_f10,2026-07-29T23:50:46
2025-12-04,1.808,9.04,eastmoney_f10,2026-07-29T23:50:46
2025-12-05,1.817,9.085,eastmoney_f10,2026-07-29T23:50:46
2025-12-08,1.813,9.065,eastmoney_f10,2026-07-29T23:50:46
2025-12-09,1.816,9.08,eastmoney_f10,2026-07-29T23:50:46
2025-12-10,1.823,9.115,eastmoney_f10,2026-07-29T23:50:46
2025-12-11,1.815,9.075,eastmoney_f10,2026-07-29T23:50:46
2025-12-12,1.779,8.895,eastmoney_f10,2026-07-29T23:50:46
2025-12-15,1.77,8.85,eastmoney_f10,2026-07-29T23:50:46
2025-12-16,1.773,8.865,eastmoney_f10,2026-07-29T23:50:46
2025-12-17,1.739,8.695,eastmoney_f10,2026-07-29T23:50:46
2025-12-18,1.765,8.825,eastmoney_f10,2026-07-29T23:50:46
2025-12-19,1.787,8.935,eastmoney_f10,2026-07-29T23:50:46
2025-12-22,1.7955,8.9775,eastmoney_f10,2026-07-29T23:50:46
2025-12-23,1.8032,9.016,eastmoney_f10,2026-07-29T23:50:46
2025-12-24,1.8067,9.0335,eastmoney_f10,2026-07-29T23:50:46
2025-12-25,1.8047,9.0235,eastmoney_f10,2026-07-29T23:50:46
2025-12-26,1.803,9.015,eastmoney_f10,2026-07-29T23:50:46
2025-12-29,1.7938,8.969,eastmoney_f10,2026-07-29T23:50:46
2025-12-30,1.7898,8.949,eastmoney_f10,2026-07-29T23:50:46
2025-12-31,1.7735,8.8675,eastmoney_f10,2026-07-29T23:50:46
2026-01-05,1.7825,8.9125,eastmoney_f10,2026-07-29T23:50:46
2026-01-06,1.7978,8.989,eastmoney_f10,2026-07-29T23:50:46
2026-01-07,1.7991,8.9955,eastmoney_f10,2026-07-29T23:50:46
2026-01-08,1.789,8.945,eastmoney_f10,2026-07-29T23:50:46
2026-01-09,1.8054,9.027,eastmoney_f10,2026-07-29T23:50:46
2026-01-12,1.8063,9.0315,eastmoney_f10,2026-07-29T23:50:46
2026-01-13,1.8029,9.0145,eastmoney_f10,2026-07-29T23:50:46
2026-01-14,1.7841,8.9205,eastmoney_f10,2026-07-29T23:50:46
2026-01-15,1.7884,8.942,eastmoney_f10,2026-07-29T23:50:46
2026-01-16,1.7874,8.937,eastmoney_f10,2026-07-29T23:50:46
2026-01-19,1.7866,8.933,eastmoney_f10,2026-07-29T23:50:46
2026-01-20,1.7476,8.738,eastmoney_f10,2026-07-29T23:50:46
2026-01-21,1.7714,8.857,eastmoney_f10,2026-07-29T23:50:46
2026-01-22,1.7849,8.9245,eastmoney_f10,2026-07-29T23:50:46
2026-01-23,1.7887,8.9435,eastmoney_f10,2026-07-29T23:50:46
2026-01-26,1.794,8.97,eastmoney_f10,2026-07-29T23:50:46
2026-01-27,1.8101,9.0505,eastmoney_f10,2026-07-29T23:50:46
2026-01-28,1.8133,9.0665,eastmoney_f10,2026-07-29T23:50:46
2026-01-29,1.804,9.02,eastmoney_f10,2026-07-29T23:50:46
2026-01-30,1.7788,8.894,eastmoney_f10,2026-07-29T23:50:46
2026-02-02,1.792,8.96,eastmoney_f10,2026-07-29T23:50:46
2026-02-03,1.7621,8.8105,eastmoney_f10,2026-07-29T23:50:46
2026-02-04,1.7292,8.646,eastmoney_f10,2026-07-29T23:50:46
2026-02-05,1.7063,8.5315,eastmoney_f10,2026-07-29T23:50:46
2026-02-06,1.7432,8.716,eastmoney_f10,2026-07-29T23:50:46
2026-02-09,1.7549,8.7745,eastmoney_f10,2026-07-29T23:50:46
2026-02-10,1.7437,8.7185,eastmoney_f10,2026-07-29T23:50:46
2026-02-11,1.7482,8.741,eastmoney_f10,2026-07-29T23:50:46
2026-02-12,1.7131,8.5655,eastmoney_f10,2026-07-29T23:50:46
2026-02-13,1.7149,8.5745,eastmoney_f10,2026-07-29T23:50:46
2026-02-24,1.732,8.66,eastmoney_f10,2026-07-29T23:50:46
2026-02-25,1.7541,8.7705,eastmoney_f10,2026-07-29T23:50:46
2026-02-26,1.7314,8.657,eastmoney_f10,2026-07-29T23:50:46
2026-02-27,1.7264,8.632,eastmoney_f10,2026-07-29T23:50:46
2026-03-02,1.7287,8.6435,eastmoney_f10,2026-07-29T23:50:46
2026-03-03,1.7065,8.5325,eastmoney_f10,2026-07-29T23:50:46
2026-03-04,1.7331,8.6655,eastmoney_f10,2026-07-29T23:50:46
2026-03-05,1.7253,8.6265,eastmoney_f10,2026-07-29T23:50:46
2026-03-06,1.6999,8.4995,eastmoney_f10,2026-07-29T23:50:46
2026-03-09,1.7253,8.6265,eastmoney_f10,2026-07-29T23:50:46
2026-03-10,1.7204,8.602,eastmoney_f10,2026-07-29T23:50:46
2026-03-11,1.7194,8.597,eastmoney_f10,2026-07-29T23:50:46
2026-03-12,1.6908,8.454,eastmoney_f10,2026-07-29T23:50:46
2026-03-13,1.6815,8.4075,eastmoney_f10,2026-07-29T23:50:46
2026-03-16,1.7015,8.5075,eastmoney_f10,2026-07-29T23:50:46
2026-03-17,1.7078,8.539,eastmoney_f10,2026-07-29T23:50:46
2026-03-18,1.6821,8.4105,eastmoney_f10,2026-07-29T23:50:46
2026-03-19,1.6788,8.394,eastmoney_f10,2026-07-29T23:50:46
2026-03-20,1.6456,8.228,eastmoney_f10,2026-07-29T23:50:46
2026-03-23,1.6688,8.344,eastmoney_f10,2026-07-29T23:50:46
2026-03-24,1.6537,8.2685,eastmoney_f10,2026-07-29T23:50:46
2026-03-25,1.664,8.32,eastmoney_f10,2026-07-29T23:50:46
2026-03-26,1.6276,8.138,eastmoney_f10,2026-07-29T23:50:46
2026-03-27,1.5981,7.9905,eastmoney_f10,2026-07-29T23:50:46
2026-03-30,1.5874,7.937,eastmoney_f10,2026-07-29T23:50:46
2026-03-31,1.641,8.205,eastmoney_f10,2026-07-29T23:50:46
2026-04-01,1.6565,8.2825,eastmoney_f10,2026-07-29T23:50:46
2026-04-02,1.6551,8.2755,eastmoney_f10,2026-07-29T23:50:46
2026-04-03,1.6561,8.2805,eastmoney_f10,2026-07-29T23:50:46
2026-04-07,1.665,8.325,eastmoney_f10,2026-07-29T23:50:46
2026-04-08,1.709,8.545,eastmoney_f10,2026-07-29T23:50:46
2026-04-09,1.7205,8.6025,eastmoney_f10,2026-07-29T23:50:46
2026-04-10,1.7229,8.6145,eastmoney_f10,2026-07-29T23:50:46
2026-04-13,1.7411,8.7055,eastmoney_f10,2026-07-29T23:50:46
2026-04-14,1.7708,8.854,eastmoney_f10,2026-07-29T23:50:46
2026-04-15,1.7953,8.9765,eastmoney_f10,2026-07-29T23:50:46
2026-04-16,1.8049,9.0245,eastmoney_f10,2026-07-29T23:50:46
2026-04-17,1.8282,9.141,eastmoney_f10,2026-07-29T23:50:46
2026-04-20,1.8232,9.116,eastmoney_f10,2026-07-29T23:50:46
2026-04-21,1.8142,9.071,eastmoney_f10,2026-07-29T23:50:46
2026-04-22,1.8464,9.232,eastmoney_f10,2026-07-29T23:50:46
2026-04-23,1.8362,9.181,eastmoney_f10,2026-07-29T23:50:46
2026-04-24,1.8723,9.3615,eastmoney_f10,2026-07-29T23:50:46
2026-04-27,1.8699,9.3495,eastmoney_f10,2026-07-29T23:50:46
2026-04-28,1.8513,9.2565,eastmoney_f10,2026-07-29T23:50:46
2026-04-29,1.8625,9.3125,eastmoney_f10,2026-07-29T23:50:46
2026-04-30,1.8812,9.406,eastmoney_f10,2026-07-29T23:50:46
2026-05-06,1.9576,9.788,eastmoney_f10,2026-07-29T23:50:46
2026-05-07,1.9531,9.7655,eastmoney_f10,2026-07-29T23:50:46
2026-05-08,1.9993,9.9965,eastmoney_f10,2026-07-29T23:50:46
2026-05-11,2.0042,10.021,eastmoney_f10,2026-07-29T23:50:46
2026-05-12,1.9856,9.928,eastmoney_f10,2026-07-29T23:50:46
2026-05-13,2.0063,10.0315,eastmoney_f10,2026-07-29T23:50:46
2026-05-14,2.02,10.1,eastmoney_f10,2026-07-29T23:50:46
2026-05-15,1.9896,9.948,eastmoney_f10,2026-07-29T23:50:46
2026-05-18,1.9811,9.9055,eastmoney_f10,2026-07-29T23:50:46
2026-05-19,1.9675,9.8375,eastmoney_f10,2026-07-29T23:50:46
2026-05-20,2.0006,10.003,eastmoney_f10,2026-07-29T23:50:46
2026-05-21,2.0035,10.0175,eastmoney_f10,2026-07-29T23:50:46
2026-05-22,2.0126,10.063,eastmoney_f10,2026-07-29T23:50:46
2026-05-25,2.0109,10.0545,eastmoney_f10,2026-07-29T23:50:46
2026-05-26,2.0453,10.2265,eastmoney_f10,2026-07-29T23:50:46
2026-05-27,2.0435,10.2175,eastmoney_f10,2026-07-29T23:50:46
2026-05-28,2.0591,10.2955,eastmoney_f10,2026-07-29T23:50:46
2026-05-29,2.0646,10.323,eastmoney_f10,2026-07-29T23:50:46
2026-06-01,2.0764,10.382,eastmoney_f10,2026-07-29T23:50:46
2026-06-02,2.087,10.435,eastmoney_f10,2026-07-29T23:50:46
2026-06-03,2.0808,10.404,eastmoney_f10,2026-07-29T23:50:46
2026-06-04,2.0707,10.3535,eastmoney_f10,2026-07-29T23:50:46
2026-06-05,1.971,9.855,eastmoney_f10,2026-07-29T23:50:46
2026-06-08,2.0029,10.0145,eastmoney_f10,2026-07-29T23:50:46
2026-06-09,1.979,9.895,eastmoney_f10,2026-07-29T23:50:46
2026-06-10,1.9394,9.697,eastmoney_f10,2026-07-29T23:50:46
2026-06-11,2.0035,10.0175,eastmoney_f10,2026-07-29T23:50:46
2026-06-12,2.0152,10.076,eastmoney_f10,2026-07-29T23:50:46
2026-06-15,2.0754,10.377,eastmoney_f10,2026-07-29T23:50:46
2026-06-16,2.037,10.185,eastmoney_f10,2026-07-29T23:50:46
2026-06-17,2.0164,10.082,eastmoney_f10,2026-07-29T23:50:46
2026-06-18,2.0671,10.3355,eastmoney_f10,2026-07-29T23:50:46
2026-06-22,2.0635,10.3175,eastmoney_f10,2026-07-29T23:50:46
2026-06-23,1.9962,9.981,eastmoney_f10,2026-07-29T23:50:46
2026-06-24,1.9881,9.9405,eastmoney_f10,2026-07-29T23:50:46
2026-06-25,2.0034,10.017,eastmoney_f10,2026-07-29T23:50:46
2026-06-26,1.9801,9.9005,eastmoney_f10,2026-07-29T23:50:46
2026-06-29,2.0249,10.1245,eastmoney_f10,2026-07-29T23:50:46
2026-06-30,2.0568,10.284,eastmoney_f10,2026-07-29T23:50:46
2026-07-01,2.0243,10.1215,eastmoney_f10,2026-07-29T23:50:46
2026-07-02,1.992,9.96,eastmoney_f10,2026-07-29T23:50:46
2026-07-03,1.9908,9.954,eastmoney_f10,2026-07-29T23:50:46
2026-07-06,2.0164,10.082,eastmoney_f10,2026-07-29T23:50:46
2026-07-07,1.9803,9.9015,eastmoney_f10,2026-07-29T23:50:46
2026-07-08,1.9863,9.9315,eastmoney_f10,2026-07-29T23:50:46
2026-07-09,2.0172,10.086,eastmoney_f10,2026-07-29T23:50:46
2026-07-10,2.0224,10.112,eastmoney_f10,2026-07-29T23:50:46
2026-07-13,1.9839,9.9195,eastmoney_f10,2026-07-29T23:50:46
2026-07-14,2.0061,10.0305,eastmoney_f10,2026-07-29T23:50:46
2026-07-15,1.9981,9.9905,eastmoney_f10,2026-07-29T23:50:46
2026-07-16,1.9659,9.8295,eastmoney_f10,2026-07-29T23:50:46
2026-07-17,1.9371,9.6855,eastmoney_f10,2026-07-29T23:50:46
2026-07-20,1.9381,9.6905,eastmoney_f10,2026-07-29T23:50:46
2026-07-21,1.9744,9.872,eastmoney_f10,2026-07-29T23:50:46
2026-07-22,1.9643,9.8215,eastmoney_f10,2026-07-29T23:50:46
2026-07-23,1.9267,9.6335,eastmoney_f10,2026-07-29T23:50:46
2026-07-24,1.9055,9.5275,eastmoney_f10,2026-07-29T23:50:46
2026-07-27,1.8986,9.493,eastmoney_f10,2026-07-29T23:50:46
2026-07-28,1.8805,9.4025,eastmoney_f10,2026-07-29T23:50:46
