trade_date,unit_nav,cum_nav,source,updated_at
2013-12-05,1.0,1.0,eastmoney_f10,2026-07-29T23:50:46
2013-12-06,1.0002,1.0002,eastmoney_f10,2026-07-29T23:50:46
2013-12-13,1.0005,1.0005,eastmoney_f10,2026-07-29T23:50:46
2013-12-20,1.0029,1.0029,eastmoney_f10,2026-07-29T23:50:46
2013-12-27,1.005,1.005,eastmoney_f10,2026-07-29T23:50:46
2013-12-31,1.006,1.006,eastmoney_f10,2026-07-29T23:50:46
2014-01-03,1.0049,1.0049,eastmoney_f10,2026-07-29T23:50:46
2014-01-08,1.0064,1.0064,eastmoney_f10,2026-07-29T23:50:46
2014-01-14,1.0068,1.0068,eastmoney_f10,2026-07-29T23:50:46
2014-01-16,1.0073,1.0073,eastmoney_f10,2026-07-29T23:50:46
2014-01-17,1.0063,1.0063,eastmoney_f10,2026-07-29T23:50:46
2014-01-22,1.0093,1.0093,eastmoney_f10,2026-07-29T23:50:46
2014-01-23,1.0025,1.0025,eastmoney_f10,2026-07-29T23:50:46
2014-01-28,0.9845,0.9845,eastmoney_f10,2026-07-29T23:50:46
2014-01-29,0.9752,0.9752,eastmoney_f10,2026-07-29T23:50:46
2014-01-30,0.9821,0.9821,eastmoney_f10,2026-07-29T23:50:46
2014-02-07,0.9882,0.9882,eastmoney_f10,2026-07-29T23:50:46
2014-02-10,0.9911,0.9911,eastmoney_f10,2026-07-29T23:50:46
2014-02-11,1.0026,1.0026,eastmoney_f10,2026-07-29T23:50:46
2014-02-12,1.0033,1.0033,eastmoney_f10,2026-07-29T23:50:46
2014-02-18,1.0151,1.0151,eastmoney_f10,2026-07-29T23:50:46
2014-02-20,1.0157,1.0157,eastmoney_f10,2026-07-29T23:50:46
2014-02-24,1.0205,1.0205,eastmoney_f10,2026-07-29T23:50:46
2014-02-27,1.0249,1.0249,eastmoney_f10,2026-07-29T23:50:46
2014-02-28,1.0277,1.0277,eastmoney_f10,2026-07-29T23:50:46
2014-03-04,1.036,1.036,eastmoney_f10,2026-07-29T23:50:46
2014-03-05,1.0365,1.0365,eastmoney_f10,2026-07-29T23:50:46
2014-03-06,1.0383,1.0383,eastmoney_f10,2026-07-29T23:50:46
2014-03-07,1.0381,1.0381,eastmoney_f10,2026-07-29T23:50:46
2014-03-10,1.0394,1.0394,eastmoney_f10,2026-07-29T23:50:46
2014-03-19,1.031,1.031,eastmoney_f10,2026-07-29T23:50:46
2014-03-20,1.0395,1.0395,eastmoney_f10,2026-07-29T23:50:46
2014-03-24,1.0311,1.0311,eastmoney_f10,2026-07-29T23:50:46
2014-03-25,1.0354,1.0354,eastmoney_f10,2026-07-29T23:50:46
2014-03-26,1.0282,1.0282,eastmoney_f10,2026-07-29T23:50:46
2014-03-27,1.0269,1.0269,eastmoney_f10,2026-07-29T23:50:46
2014-03-28,1.0321,1.0321,eastmoney_f10,2026-07-29T23:50:46
2014-03-31,1.0406,1.0406,eastmoney_f10,2026-07-29T23:50:46
2014-04-02,1.0503,1.0503,eastmoney_f10,2026-07-29T23:50:46
2014-04-03,1.0497,1.0497,eastmoney_f10,2026-07-29T23:50:46
2014-04-08,1.0295,1.0295,eastmoney_f10,2026-07-29T23:50:46
2014-04-09,1.0401,1.0401,eastmoney_f10,2026-07-29T23:50:46
2014-04-10,1.0189,1.0189,eastmoney_f10,2026-07-29T23:50:46
2014-04-11,1.0092,1.0092,eastmoney_f10,2026-07-29T23:50:46
2014-04-14,1.0178,1.0178,eastmoney_f10,2026-07-29T23:50:46
2014-04-15,1.0254,1.0254,eastmoney_f10,2026-07-29T23:50:46
2014-04-16,1.036,1.036,eastmoney_f10,2026-07-29T23:50:46
2014-04-17,1.0374,1.0374,eastmoney_f10,2026-07-29T23:50:46
2014-04-18,1.0374,1.0374,eastmoney_f10,2026-07-29T23:50:46
2014-04-21,1.0409,1.0409,eastmoney_f10,2026-07-29T23:50:46
2014-04-24,1.0447,1.0447,eastmoney_f10,2026-07-29T23:50:46
2014-04-25,1.0361,1.0361,eastmoney_f10,2026-07-29T23:50:46
2014-04-29,1.0439,1.0439,eastmoney_f10,2026-07-29T23:50:46
2014-04-30,1.0474,1.0474,eastmoney_f10,2026-07-29T23:50:46
2014-05-05,1.0473,1.0473,eastmoney_f10,2026-07-29T23:50:46
2014-05-07,1.044,1.044,eastmoney_f10,2026-07-29T23:50:46
2014-05-08,1.043,1.043,eastmoney_f10,2026-07-29T23:50:46
2014-05-09,1.045,1.045,eastmoney_f10,2026-07-29T23:50:46
2014-05-12,1.0558,1.0558,eastmoney_f10,2026-07-29T23:50:46
2014-05-13,1.0566,1.0566,eastmoney_f10,2026-07-29T23:50:46
2014-05-14,1.0521,1.0521,eastmoney_f10,2026-07-29T23:50:46
2014-05-15,1.0421,1.0421,eastmoney_f10,2026-07-29T23:50:46
2014-05-16,1.0455,1.0455,eastmoney_f10,2026-07-29T23:50:46
2014-05-19,1.0496,1.0496,eastmoney_f10,2026-07-29T23:50:46
2014-05-20,1.0425,1.0425,eastmoney_f10,2026-07-29T23:50:46
2014-05-21,1.0515,1.0515,eastmoney_f10,2026-07-29T23:50:46
2014-05-22,1.0543,1.0543,eastmoney_f10,2026-07-29T23:50:46
2014-05-23,1.0591,1.0591,eastmoney_f10,2026-07-29T23:50:46
2014-05-27,1.0654,1.0654,eastmoney_f10,2026-07-29T23:50:46
2014-05-28,1.0645,1.0645,eastmoney_f10,2026-07-29T23:50:46
2014-05-29,1.0704,1.0704,eastmoney_f10,2026-07-29T23:50:46
2014-05-30,1.0722,1.0722,eastmoney_f10,2026-07-29T23:50:46
2014-06-03,1.0728,1.0728,eastmoney_f10,2026-07-29T23:50:46
2014-06-04,1.0747,1.0747,eastmoney_f10,2026-07-29T23:50:46
2014-06-05,1.082,1.082,eastmoney_f10,2026-07-29T23:50:46
2014-06-06,1.0857,1.0857,eastmoney_f10,2026-07-29T23:50:46
2014-06-09,1.0842,1.0842,eastmoney_f10,2026-07-29T23:50:46
2014-06-10,1.0834,1.0834,eastmoney_f10,2026-07-29T23:50:46
2014-06-11,1.0806,1.0806,eastmoney_f10,2026-07-29T23:50:46
2014-06-12,1.0733,1.0733,eastmoney_f10,2026-07-29T23:50:46
2014-06-13,1.0764,1.0764,eastmoney_f10,2026-07-29T23:50:46
2014-06-16,1.0778,1.0778,eastmoney_f10,2026-07-29T23:50:46
2014-06-17,1.0793,1.0793,eastmoney_f10,2026-07-29T23:50:46
2014-06-18,1.0881,1.0881,eastmoney_f10,2026-07-29T23:50:46
2014-06-19,1.0891,1.0891,eastmoney_f10,2026-07-29T23:50:46
2014-06-20,1.0908,1.0908,eastmoney_f10,2026-07-29T23:50:46
2014-06-23,1.0911,1.0911,eastmoney_f10,2026-07-29T23:50:46
2014-06-24,1.0841,1.0841,eastmoney_f10,2026-07-29T23:50:46
2014-06-25,1.0893,1.0893,eastmoney_f10,2026-07-29T23:50:46
2014-06-26,1.0875,1.0875,eastmoney_f10,2026-07-29T23:50:46
2014-06-27,1.0896,1.0896,eastmoney_f10,2026-07-29T23:50:46
2014-06-30,1.0877,1.0877,eastmoney_f10,2026-07-29T23:50:46
2014-07-01,1.0947,1.0947,eastmoney_f10,2026-07-29T23:50:46
2014-07-02,1.0949,1.0949,eastmoney_f10,2026-07-29T23:50:46
2014-07-03,1.1017,1.1017,eastmoney_f10,2026-07-29T23:50:46
2014-07-07,1.0987,1.0987,eastmoney_f10,2026-07-29T23:50:46
2014-07-08,1.0908,1.0908,eastmoney_f10,2026-07-29T23:50:46
2014-07-09,1.0948,1.0948,eastmoney_f10,2026-07-29T23:50:46
2014-07-10,1.0881,1.0881,eastmoney_f10,2026-07-29T23:50:46
2014-07-11,1.0903,1.0903,eastmoney_f10,2026-07-29T23:50:46
2014-07-14,1.0956,1.0956,eastmoney_f10,2026-07-29T23:50:46
2014-07-15,1.0935,1.0935,eastmoney_f10,2026-07-29T23:50:46
2014-07-16,1.0989,1.0989,eastmoney_f10,2026-07-29T23:50:46
2014-07-17,1.0866,1.0866,eastmoney_f10,2026-07-29T23:50:46
2014-07-18,1.0976,1.0976,eastmoney_f10,2026-07-29T23:50:46
2014-07-21,1.0946,1.0946,eastmoney_f10,2026-07-29T23:50:46
2014-07-22,1.1,1.1,eastmoney_f10,2026-07-29T23:50:46
2014-07-23,1.1025,1.1025,eastmoney_f10,2026-07-29T23:50:46
2014-07-24,1.103,1.103,eastmoney_f10,2026-07-29T23:50:46
2014-07-25,1.098,1.098,eastmoney_f10,2026-07-29T23:50:46
2014-07-28,1.0987,1.0987,eastmoney_f10,2026-07-29T23:50:46
2014-07-29,1.0935,1.0935,eastmoney_f10,2026-07-29T23:50:46
2014-07-30,1.0943,1.0943,eastmoney_f10,2026-07-29T23:50:46
2014-07-31,1.0729,1.0729,eastmoney_f10,2026-07-29T23:50:46
2014-08-01,1.0698,1.0698,eastmoney_f10,2026-07-29T23:50:46
2014-08-04,1.0771,1.0771,eastmoney_f10,2026-07-29T23:50:46
2014-08-05,1.0666,1.0666,eastmoney_f10,2026-07-29T23:50:46
2014-08-06,1.0673,1.0673,eastmoney_f10,2026-07-29T23:50:46
2014-08-07,1.0615,1.0615,eastmoney_f10,2026-07-29T23:50:46
2014-08-08,1.0718,1.0718,eastmoney_f10,2026-07-29T23:50:46
2014-08-11,1.0743,1.0743,eastmoney_f10,2026-07-29T23:50:46
2014-08-12,1.0726,1.0726,eastmoney_f10,2026-07-29T23:50:46
2014-08-13,1.0803,1.0803,eastmoney_f10,2026-07-29T23:50:46
2014-08-14,1.0852,1.0852,eastmoney_f10,2026-07-29T23:50:46
2014-08-15,1.0851,1.0851,eastmoney_f10,2026-07-29T23:50:46
2014-08-18,1.0941,1.0941,eastmoney_f10,2026-07-29T23:50:46
2014-08-19,1.1001,1.1001,eastmoney_f10,2026-07-29T23:50:46
2014-08-20,1.1034,1.1034,eastmoney_f10,2026-07-29T23:50:46
2014-08-21,1.1076,1.1076,eastmoney_f10,2026-07-29T23:50:46
2014-08-22,1.1053,1.1053,eastmoney_f10,2026-07-29T23:50:46
2014-08-25,1.1111,1.1111,eastmoney_f10,2026-07-29T23:50:46
2014-08-26,1.1125,1.1125,eastmoney_f10,2026-07-29T23:50:46
2014-08-27,1.1125,1.1125,eastmoney_f10,2026-07-29T23:50:46
2014-08-28,1.1105,1.1105,eastmoney_f10,2026-07-29T23:50:46
2014-08-29,1.1144,1.1144,eastmoney_f10,2026-07-29T23:50:46
2014-09-02,1.1143,1.1143,eastmoney_f10,2026-07-29T23:50:46
2014-09-03,1.1139,1.1139,eastmoney_f10,2026-07-29T23:50:46
2014-09-04,1.1117,1.1117,eastmoney_f10,2026-07-29T23:50:46
2014-09-05,1.1179,1.1179,eastmoney_f10,2026-07-29T23:50:46
2014-09-09,1.1041,1.1041,eastmoney_f10,2026-07-29T23:50:46
2014-09-10,1.1065,1.1065,eastmoney_f10,2026-07-29T23:50:46
2014-09-11,1.1082,1.1082,eastmoney_f10,2026-07-29T23:50:46
2014-09-12,1.1018,1.1018,eastmoney_f10,2026-07-29T23:50:46
2014-09-15,1.1007,1.1007,eastmoney_f10,2026-07-29T23:50:46
2014-09-16,1.1091,1.1091,eastmoney_f10,2026-07-29T23:50:46
2014-09-17,1.1103,1.1103,eastmoney_f10,2026-07-29T23:50:46
2014-09-18,1.1165,1.1165,eastmoney_f10,2026-07-29T23:50:46
2014-09-19,1.1154,1.1154,eastmoney_f10,2026-07-29T23:50:46
2014-09-22,1.1068,1.1068,eastmoney_f10,2026-07-29T23:50:46
2014-09-23,1.1002,1.1002,eastmoney_f10,2026-07-29T23:50:46
2014-09-24,1.1087,1.1087,eastmoney_f10,2026-07-29T23:50:46
2014-09-25,1.0915,1.0915,eastmoney_f10,2026-07-29T23:50:46
2014-09-26,1.1011,1.1011,eastmoney_f10,2026-07-29T23:50:46
2014-09-29,1.0988,1.0988,eastmoney_f10,2026-07-29T23:50:46
2014-09-30,1.0956,1.0956,eastmoney_f10,2026-07-29T23:50:46
2014-10-08,1.0933,1.0933,eastmoney_f10,2026-07-29T23:50:46
2014-10-09,1.0702,1.0702,eastmoney_f10,2026-07-29T23:50:46
2014-10-10,1.058,1.058,eastmoney_f10,2026-07-29T23:50:46
2014-10-13,1.0401,1.0401,eastmoney_f10,2026-07-29T23:50:46
2014-10-14,1.0413,1.0413,eastmoney_f10,2026-07-29T23:50:46
2014-10-15,1.0331,1.0331,eastmoney_f10,2026-07-29T23:50:46
2014-10-16,1.0324,1.0324,eastmoney_f10,2026-07-29T23:50:46
2014-10-17,1.046,1.046,eastmoney_f10,2026-07-29T23:50:46
2014-10-20,1.056,1.056,eastmoney_f10,2026-07-29T23:50:46
2014-10-21,1.0762,1.0762,eastmoney_f10,2026-07-29T23:50:46
2014-10-22,1.0689,1.0689,eastmoney_f10,2026-07-29T23:50:46
2014-10-23,1.0823,1.0823,eastmoney_f10,2026-07-29T23:50:46
2014-10-24,1.09,1.09,eastmoney_f10,2026-07-29T23:50:46
2014-10-27,1.088,1.088,eastmoney_f10,2026-07-29T23:50:46
2014-10-28,1.1005,1.1005,eastmoney_f10,2026-07-29T23:50:46
2014-10-29,1.0986,1.0986,eastmoney_f10,2026-07-29T23:50:46
2014-10-30,1.1066,1.1066,eastmoney_f10,2026-07-29T23:50:46
2014-10-31,1.1196,1.1196,eastmoney_f10,2026-07-29T23:50:46
2014-11-03,1.1205,1.1205,eastmoney_f10,2026-07-29T23:50:46
2014-11-04,1.1176,1.1176,eastmoney_f10,2026-07-29T23:50:46
2014-11-05,1.1236,1.1236,eastmoney_f10,2026-07-29T23:50:46
2014-11-06,1.1293,1.1293,eastmoney_f10,2026-07-29T23:50:46
2014-11-07,1.1304,1.1304,eastmoney_f10,2026-07-29T23:50:46
2014-11-10,1.1299,1.1299,eastmoney_f10,2026-07-29T23:50:46
2014-11-11,1.1313,1.1313,eastmoney_f10,2026-07-29T23:50:46
2014-11-12,1.1311,1.1311,eastmoney_f10,2026-07-29T23:50:46
2014-11-13,1.1314,1.1314,eastmoney_f10,2026-07-29T23:50:46
2014-11-14,1.1314,1.1314,eastmoney_f10,2026-07-29T23:50:46
2014-11-17,1.1324,1.1324,eastmoney_f10,2026-07-29T23:50:46
2014-11-18,1.1387,1.1387,eastmoney_f10,2026-07-29T23:50:46
2014-11-19,1.1365,1.1365,eastmoney_f10,2026-07-29T23:50:46
2014-11-20,1.1391,1.1391,eastmoney_f10,2026-07-29T23:50:46
2014-11-21,1.1445,1.1445,eastmoney_f10,2026-07-29T23:50:46
2014-11-24,1.1483,1.1483,eastmoney_f10,2026-07-29T23:50:46
2014-11-25,1.1466,1.1466,eastmoney_f10,2026-07-29T23:50:46
2014-11-26,1.1493,1.1493,eastmoney_f10,2026-07-29T23:50:46
2014-11-28,1.1463,1.1463,eastmoney_f10,2026-07-29T23:50:46
2014-12-01,1.1388,1.1388,eastmoney_f10,2026-07-29T23:50:46
2014-12-02,1.1454,1.1454,eastmoney_f10,2026-07-29T23:50:46
2014-12-03,1.1508,1.1508,eastmoney_f10,2026-07-29T23:50:46
2014-12-04,1.1501,1.1501,eastmoney_f10,2026-07-29T23:50:46
2014-12-05,1.1514,1.1514,eastmoney_f10,2026-07-29T23:50:46
2014-12-08,1.1415,1.1415,eastmoney_f10,2026-07-29T23:50:46
2014-12-09,1.1405,1.1405,eastmoney_f10,2026-07-29T23:50:46
2014-12-10,1.121,1.121,eastmoney_f10,2026-07-29T23:50:46
2014-12-11,1.1254,1.1254,eastmoney_f10,2026-07-29T23:50:46
2014-12-12,1.1077,1.1077,eastmoney_f10,2026-07-29T23:50:46
2014-12-15,1.1006,1.1006,eastmoney_f10,2026-07-29T23:50:46
2014-12-16,1.0917,1.0917,eastmoney_f10,2026-07-29T23:50:46
2014-12-17,1.1132,1.1132,eastmoney_f10,2026-07-29T23:50:46
2014-12-18,1.1412,1.1412,eastmoney_f10,2026-07-29T23:50:46
2014-12-19,1.1466,1.1466,eastmoney_f10,2026-07-29T23:50:46
2014-12-22,1.1511,1.1511,eastmoney_f10,2026-07-29T23:50:46
2014-12-23,1.1535,1.1535,eastmoney_f10,2026-07-29T23:50:46
2014-12-24,1.1536,1.1536,eastmoney_f10,2026-07-29T23:50:46
2014-12-26,1.1562,1.1562,eastmoney_f10,2026-07-29T23:50:46
2014-12-29,1.1584,1.1584,eastmoney_f10,2026-07-29T23:50:46
2014-12-30,1.1532,1.1532,eastmoney_f10,2026-07-29T23:50:46
2014-12-31,1.1406,1.1406,eastmoney_f10,2026-07-29T23:50:46
2015-01-05,1.1205,1.1205,eastmoney_f10,2026-07-29T23:50:46
2015-01-06,1.1105,1.1105,eastmoney_f10,2026-07-29T23:50:46
2015-01-07,1.1239,1.1239,eastmoney_f10,2026-07-29T23:50:46
2015-01-08,1.1446,1.1446,eastmoney_f10,2026-07-29T23:50:46
2015-01-09,1.1346,1.1346,eastmoney_f10,2026-07-29T23:50:46
2015-01-12,1.1241,1.1241,eastmoney_f10,2026-07-29T23:50:46
2015-01-13,1.1206,1.1206,eastmoney_f10,2026-07-29T23:50:46
2015-01-14,1.1144,1.1144,eastmoney_f10,2026-07-29T23:50:46
2015-01-15,1.1037,1.1037,eastmoney_f10,2026-07-29T23:50:46
2015-01-16,1.1183,1.1183,eastmoney_f10,2026-07-29T23:50:46
2015-01-20,1.121,1.121,eastmoney_f10,2026-07-29T23:50:46
2015-01-21,1.1272,1.1272,eastmoney_f10,2026-07-29T23:50:46
2015-01-22,1.1439,1.1439,eastmoney_f10,2026-07-29T23:50:46
2015-01-23,1.1393,1.1393,eastmoney_f10,2026-07-29T23:50:46
2015-01-26,1.143,1.143,eastmoney_f10,2026-07-29T23:50:46
2015-01-27,1.1277,1.1277,eastmoney_f10,2026-07-29T23:50:46
2015-01-28,1.1107,1.1107,eastmoney_f10,2026-07-29T23:50:46
2015-01-29,1.1226,1.1226,eastmoney_f10,2026-07-29T23:50:46
2015-01-30,1.1084,1.1084,eastmoney_f10,2026-07-29T23:50:46
2015-02-02,1.1231,1.1231,eastmoney_f10,2026-07-29T23:50:46
2015-02-03,1.1389,1.1389,eastmoney_f10,2026-07-29T23:50:46
2015-02-04,1.1334,1.1334,eastmoney_f10,2026-07-29T23:50:46
2015-02-05,1.1462,1.1462,eastmoney_f10,2026-07-29T23:50:46
2015-02-06,1.1409,1.1409,eastmoney_f10,2026-07-29T23:50:46
2015-02-09,1.1367,1.1367,eastmoney_f10,2026-07-29T23:50:46
2015-02-10,1.1485,1.1485,eastmoney_f10,2026-07-29T23:50:46
2015-02-11,1.1492,1.1492,eastmoney_f10,2026-07-29T23:50:46
2015-02-12,1.1608,1.1608,eastmoney_f10,2026-07-29T23:50:46
2015-02-13,1.1648,1.1648,eastmoney_f10,2026-07-29T23:50:46
2015-02-16,1.1648,1.1648,eastmoney_f10,2026-07-29T23:50:46
2015-02-17,1.1674,1.1674,eastmoney_f10,2026-07-29T23:50:46
2015-02-25,1.1761,1.1761,eastmoney_f10,2026-07-29T23:50:46
2015-02-26,1.1745,1.1745,eastmoney_f10,2026-07-29T23:50:46
2015-02-27,1.1727,1.1727,eastmoney_f10,2026-07-29T23:50:46
2015-03-02,1.1805,1.1805,eastmoney_f10,2026-07-29T23:50:46
2015-03-03,1.1757,1.1757,eastmoney_f10,2026-07-29T23:50:46
2015-03-04,1.1703,1.1703,eastmoney_f10,2026-07-29T23:50:46
2015-03-05,1.1718,1.1718,eastmoney_f10,2026-07-29T23:50:46
2015-03-06,1.1555,1.1555,eastmoney_f10,2026-07-29T23:50:46
2015-03-09,1.1606,1.1606,eastmoney_f10,2026-07-29T23:50:46
2015-03-10,1.1414,1.1414,eastmoney_f10,2026-07-29T23:50:46
2015-03-11,1.1398,1.1398,eastmoney_f10,2026-07-29T23:50:46
2015-03-12,1.1548,1.1548,eastmoney_f10,2026-07-29T23:50:46
2015-03-13,1.1472,1.1472,eastmoney_f10,2026-07-29T23:50:46
2015-03-16,1.1631,1.1631,eastmoney_f10,2026-07-29T23:50:46
2015-03-17,1.1587,1.1587,eastmoney_f10,2026-07-29T23:50:46
2015-03-18,1.1722,1.1722,eastmoney_f10,2026-07-29T23:50:46
2015-03-19,1.1646,1.1646,eastmoney_f10,2026-07-29T23:50:46
2015-03-20,1.1757,1.1757,eastmoney_f10,2026-07-29T23:50:46
2015-03-23,1.1727,1.1727,eastmoney_f10,2026-07-29T23:50:46
2015-03-24,1.1647,1.1647,eastmoney_f10,2026-07-29T23:50:46
2015-03-25,1.1481,1.1481,eastmoney_f10,2026-07-29T23:50:46
2015-03-26,1.1447,1.1447,eastmoney_f10,2026-07-29T23:50:46
2015-03-27,1.148,1.148,eastmoney_f10,2026-07-29T23:50:46
2015-03-30,1.1621,1.1621,eastmoney_f10,2026-07-29T23:50:46
2015-03-31,1.1524,1.1524,eastmoney_f10,2026-07-29T23:50:46
2015-04-01,1.1483,1.1483,eastmoney_f10,2026-07-29T23:50:46
2015-04-02,1.1516,1.1516,eastmoney_f10,2026-07-29T23:50:46
2015-04-07,1.1549,1.1549,eastmoney_f10,2026-07-29T23:50:46
2015-04-08,1.1594,1.1594,eastmoney_f10,2026-07-29T23:50:46
2015-04-09,1.1644,1.1644,eastmoney_f10,2026-07-29T23:50:46
2015-04-10,1.171,1.171,eastmoney_f10,2026-07-29T23:50:46
2015-04-13,1.1665,1.1665,eastmoney_f10,2026-07-29T23:50:46
2015-04-14,1.1687,1.1687,eastmoney_f10,2026-07-29T23:50:46
2015-04-15,1.1733,1.1733,eastmoney_f10,2026-07-29T23:50:46
2015-04-16,1.1721,1.1721,eastmoney_f10,2026-07-29T23:50:46
2015-04-17,1.1581,1.1581,eastmoney_f10,2026-07-29T23:50:46
2015-04-20,1.1683,1.1683,eastmoney_f10,2026-07-29T23:50:46
2015-04-21,1.168,1.168,eastmoney_f10,2026-07-29T23:50:46
2015-04-22,1.174,1.174,eastmoney_f10,2026-07-29T23:50:46
2015-04-23,1.1768,1.1768,eastmoney_f10,2026-07-29T23:50:46
2015-04-24,1.1786,1.1786,eastmoney_f10,2026-07-29T23:50:46
2015-04-27,1.1732,1.1732,eastmoney_f10,2026-07-29T23:50:46
2015-04-28,1.1764,1.1764,eastmoney_f10,2026-07-29T23:50:46
2015-04-29,1.1711,1.1711,eastmoney_f10,2026-07-29T23:50:46
2015-04-30,1.1588,1.1588,eastmoney_f10,2026-07-29T23:50:46
2015-05-04,1.1757,1.1757,eastmoney_f10,2026-07-29T23:50:46
2015-05-05,1.1622,1.1622,eastmoney_f10,2026-07-29T23:50:46
2015-05-06,1.1569,1.1569,eastmoney_f10,2026-07-29T23:50:46
2015-05-07,1.1607,1.1607,eastmoney_f10,2026-07-29T23:50:46
2015-05-08,1.1768,1.1768,eastmoney_f10,2026-07-29T23:50:46
2015-05-11,1.1706,1.1706,eastmoney_f10,2026-07-29T23:50:46
2015-05-12,1.1677,1.1677,eastmoney_f10,2026-07-29T23:50:46
2015-05-13,1.167,1.167,eastmoney_f10,2026-07-29T23:50:46
2015-05-14,1.1791,1.1791,eastmoney_f10,2026-07-29T23:50:46
2015-05-15,1.1799,1.1799,eastmoney_f10,2026-07-29T23:50:46
2015-05-18,1.1833,1.1833,eastmoney_f10,2026-07-29T23:50:46
2015-05-19,1.1832,1.1832,eastmoney_f10,2026-07-29T23:50:46
2015-05-20,1.1827,1.1827,eastmoney_f10,2026-07-29T23:50:46
2015-05-21,1.1858,1.1858,eastmoney_f10,2026-07-29T23:50:46
2015-05-22,1.183,1.183,eastmoney_f10,2026-07-29T23:50:46
2015-05-26,1.1726,1.1726,eastmoney_f10,2026-07-29T23:50:46
2015-05-27,1.1839,1.1839,eastmoney_f10,2026-07-29T23:50:46
2015-05-28,1.1827,1.1827,eastmoney_f10,2026-07-29T23:50:46
2015-05-29,1.1751,1.1751,eastmoney_f10,2026-07-29T23:50:46
2015-06-01,1.1778,1.1778,eastmoney_f10,2026-07-29T23:50:46
2015-06-02,1.1769,1.1769,eastmoney_f10,2026-07-29T23:50:46
2015-06-03,1.1792,1.1792,eastmoney_f10,2026-07-29T23:50:46
2015-06-04,1.1692,1.1692,eastmoney_f10,2026-07-29T23:50:46
2015-06-05,1.1677,1.1677,eastmoney_f10,2026-07-29T23:50:46
2015-06-08,1.1613,1.1613,eastmoney_f10,2026-07-29T23:50:46
2015-06-09,1.1613,1.1613,eastmoney_f10,2026-07-29T23:50:46
2015-06-10,1.1752,1.1752,eastmoney_f10,2026-07-29T23:50:46
2015-06-11,1.1773,1.1773,eastmoney_f10,2026-07-29T23:50:46
2015-06-12,1.1693,1.1693,eastmoney_f10,2026-07-29T23:50:46
2015-06-15,1.1639,1.1639,eastmoney_f10,2026-07-29T23:50:46
2015-06-16,1.1703,1.1703,eastmoney_f10,2026-07-29T23:50:46
2015-06-17,1.1725,1.1725,eastmoney_f10,2026-07-29T23:50:46
2015-06-18,1.1836,1.1836,eastmoney_f10,2026-07-29T23:50:46
2015-06-19,1.1768,1.1768,eastmoney_f10,2026-07-29T23:50:46
2015-06-23,1.185,1.185,eastmoney_f10,2026-07-29T23:50:46
2015-06-24,1.1771,1.1771,eastmoney_f10,2026-07-29T23:50:46
2015-06-25,1.1737,1.1737,eastmoney_f10,2026-07-29T23:50:46
2015-06-26,1.1732,1.1732,eastmoney_f10,2026-07-29T23:50:46
2015-06-29,1.1492,1.1492,eastmoney_f10,2026-07-29T23:50:46
2015-06-30,1.1517,1.1517,eastmoney_f10,2026-07-29T23:50:46
2015-07-01,1.1601,1.1601,eastmoney_f10,2026-07-29T23:50:46
2015-07-02,1.16,1.16,eastmoney_f10,2026-07-29T23:50:46
2015-07-06,1.1558,1.1558,eastmoney_f10,2026-07-29T23:50:46
2015-07-07,1.1625,1.1625,eastmoney_f10,2026-07-29T23:50:46
2015-07-08,1.1437,1.1437,eastmoney_f10,2026-07-29T23:50:46
2015-07-09,1.1457,1.1457,eastmoney_f10,2026-07-29T23:50:46
2015-07-10,1.1599,1.1599,eastmoney_f10,2026-07-29T23:50:46
2015-07-13,1.1762,1.1762,eastmoney_f10,2026-07-29T23:50:46
2015-07-14,1.1819,1.1819,eastmoney_f10,2026-07-29T23:50:46
2015-07-15,1.182,1.182,eastmoney_f10,2026-07-29T23:50:46
2015-07-16,1.1916,1.1916,eastmoney_f10,2026-07-29T23:50:46
2015-07-17,1.1932,1.1932,eastmoney_f10,2026-07-29T23:50:46
2015-07-20,1.1945,1.1945,eastmoney_f10,2026-07-29T23:50:46
2015-07-21,1.1895,1.1895,eastmoney_f10,2026-07-29T23:50:46
2015-07-22,1.1861,1.1861,eastmoney_f10,2026-07-29T23:50:46
2015-07-23,1.1795,1.1795,eastmoney_f10,2026-07-29T23:50:46
2015-07-24,1.1668,1.1668,eastmoney_f10,2026-07-29T23:50:46
2015-07-27,1.1599,1.1599,eastmoney_f10,2026-07-29T23:50:46
2015-07-28,1.1738,1.1738,eastmoney_f10,2026-07-29T23:50:46
2015-07-29,1.1825,1.1825,eastmoney_f10,2026-07-29T23:50:46
2015-07-30,1.1829,1.1829,eastmoney_f10,2026-07-29T23:50:46
2015-07-31,1.1803,1.1803,eastmoney_f10,2026-07-29T23:50:46
2015-08-03,1.1768,1.1768,eastmoney_f10,2026-07-29T23:50:46
2015-08-04,1.1742,1.1742,eastmoney_f10,2026-07-29T23:50:46
2015-08-05,1.1785,1.1785,eastmoney_f10,2026-07-29T23:50:46
2015-08-06,1.1696,1.1696,eastmoney_f10,2026-07-29T23:50:46
2015-08-07,1.1661,1.1661,eastmoney_f10,2026-07-29T23:50:46
2015-08-10,1.1807,1.1807,eastmoney_f10,2026-07-29T23:50:46
2015-08-11,1.1906,1.1906,eastmoney_f10,2026-07-29T23:50:46
2015-08-12,1.2107,1.2107,eastmoney_f10,2026-07-29T23:50:46
2015-08-13,1.2224,1.2224,eastmoney_f10,2026-07-29T23:50:46
2015-08-14,1.2265,1.2265,eastmoney_f10,2026-07-29T23:50:46
2015-08-17,1.2328,1.2328,eastmoney_f10,2026-07-29T23:50:46
2015-08-18,1.2297,1.2297,eastmoney_f10,2026-07-29T23:50:46
2015-08-19,1.2194,1.2194,eastmoney_f10,2026-07-29T23:50:46
2015-08-20,1.1925,1.1925,eastmoney_f10,2026-07-29T23:50:46
2015-08-21,1.1543,1.1543,eastmoney_f10,2026-07-29T23:50:46
2015-08-24,1.1081,1.1081,eastmoney_f10,2026-07-29T23:50:46
2015-08-25,1.0963,1.0963,eastmoney_f10,2026-07-29T23:50:46
2015-08-26,1.1399,1.1399,eastmoney_f10,2026-07-29T23:50:46
2015-08-27,1.1682,1.1682,eastmoney_f10,2026-07-29T23:50:46
2015-08-28,1.1672,1.1672,eastmoney_f10,2026-07-29T23:50:46
2015-08-31,1.1558,1.1558,eastmoney_f10,2026-07-29T23:50:46
2015-09-01,1.1196,1.1196,eastmoney_f10,2026-07-29T23:50:46
2015-09-02,1.1377,1.1377,eastmoney_f10,2026-07-29T23:50:46
2015-09-08,1.1499,1.1499,eastmoney_f10,2026-07-29T23:50:46
2015-09-09,1.134,1.134,eastmoney_f10,2026-07-29T23:50:46
2015-09-10,1.1423,1.1423,eastmoney_f10,2026-07-29T23:50:46
2015-09-11,1.1468,1.1468,eastmoney_f10,2026-07-29T23:50:46
2015-09-14,1.1419,1.1419,eastmoney_f10,2026-07-29T23:50:46
2015-09-15,1.1557,1.1557,eastmoney_f10,2026-07-29T23:50:46
2015-09-16,1.1665,1.1665,eastmoney_f10,2026-07-29T23:50:46
2015-09-17,1.1627,1.1627,eastmoney_f10,2026-07-29T23:50:46
2015-09-18,1.1431,1.1431,eastmoney_f10,2026-07-29T23:50:46
2015-09-21,1.1494,1.1494,eastmoney_f10,2026-07-29T23:50:46
2015-09-22,1.136,1.136,eastmoney_f10,2026-07-29T23:50:46
2015-09-23,1.1345,1.1345,eastmoney_f10,2026-07-29T23:50:46
2015-09-24,1.131,1.131,eastmoney_f10,2026-07-29T23:50:46
2015-09-25,1.1304,1.1304,eastmoney_f10,2026-07-29T23:50:46
2015-09-28,1.1008,1.1008,eastmoney_f10,2026-07-29T23:50:46
2015-09-29,1.101,1.101,eastmoney_f10,2026-07-29T23:50:46
2015-09-30,1.1211,1.1211,eastmoney_f10,2026-07-29T23:50:46
2015-10-08,1.1737,1.1737,eastmoney_f10,2026-07-29T23:50:46
2015-10-09,1.1744,1.1744,eastmoney_f10,2026-07-29T23:50:46
2015-10-12,1.1742,1.1742,eastmoney_f10,2026-07-29T23:50:46
2015-10-13,1.163,1.163,eastmoney_f10,2026-07-29T23:50:46
2015-10-14,1.1607,1.1607,eastmoney_f10,2026-07-29T23:50:46
2015-10-15,1.178,1.178,eastmoney_f10,2026-07-29T23:50:46
2015-10-16,1.1839,1.1839,eastmoney_f10,2026-07-29T23:50:46
2015-10-19,1.1858,1.1858,eastmoney_f10,2026-07-29T23:50:46
2015-10-20,1.1856,1.1856,eastmoney_f10,2026-07-29T23:50:46
2015-10-21,1.1762,1.1762,eastmoney_f10,2026-07-29T23:50:46
2015-10-22,1.1964,1.1964,eastmoney_f10,2026-07-29T23:50:46
2015-10-23,1.2112,1.2112,eastmoney_f10,2026-07-29T23:50:46
2015-10-26,1.2079,1.2079,eastmoney_f10,2026-07-29T23:50:46
2015-10-27,1.2038,1.2038,eastmoney_f10,2026-07-29T23:50:46
2015-10-28,1.2189,1.2189,eastmoney_f10,2026-07-29T23:50:46
2015-10-29,1.2195,1.2195,eastmoney_f10,2026-07-29T23:50:46
2015-10-30,1.2117,1.2117,eastmoney_f10,2026-07-29T23:50:46
2015-11-02,1.2194,1.2194,eastmoney_f10,2026-07-29T23:50:46
2015-11-03,1.2257,1.2257,eastmoney_f10,2026-07-29T23:50:46
2015-11-04,1.2223,1.2223,eastmoney_f10,2026-07-29T23:50:46
2015-11-05,1.2218,1.2218,eastmoney_f10,2026-07-29T23:50:46
2015-11-06,1.223,1.223,eastmoney_f10,2026-07-29T23:50:46
2015-11-09,1.2133,1.2133,eastmoney_f10,2026-07-29T23:50:46
2015-11-10,1.2159,1.2159,eastmoney_f10,2026-07-29T23:50:46
2015-11-11,1.2121,1.2121,eastmoney_f10,2026-07-29T23:50:46
2015-11-12,1.1955,1.1955,eastmoney_f10,2026-07-29T23:50:46
2015-11-13,1.1826,1.1826,eastmoney_f10,2026-07-29T23:50:46
2015-11-16,1.202,1.202,eastmoney_f10,2026-07-29T23:50:46
2015-11-17,1.2006,1.2006,eastmoney_f10,2026-07-29T23:50:46
2015-11-18,1.2209,1.2209,eastmoney_f10,2026-07-29T23:50:46
2015-11-19,1.2195,1.2195,eastmoney_f10,2026-07-29T23:50:46
2015-11-20,1.2241,1.2241,eastmoney_f10,2026-07-29T23:50:46
2015-11-23,1.2241,1.2241,eastmoney_f10,2026-07-29T23:50:46
2015-11-24,1.226,1.226,eastmoney_f10,2026-07-29T23:50:46
2015-11-25,1.2257,1.2257,eastmoney_f10,2026-07-29T23:50:46
2015-11-27,1.2273,1.2273,eastmoney_f10,2026-07-29T23:50:46
2015-11-30,1.2224,1.2224,eastmoney_f10,2026-07-29T23:50:46
2015-12-01,1.2357,1.2357,eastmoney_f10,2026-07-29T23:50:46
2015-12-02,1.2223,1.2223,eastmoney_f10,2026-07-29T23:50:46
2015-12-03,1.2052,1.2052,eastmoney_f10,2026-07-29T23:50:46
2015-12-04,1.2273,1.2273,eastmoney_f10,2026-07-29T23:50:46
2015-12-07,1.2213,1.2213,eastmoney_f10,2026-07-29T23:50:46
2015-12-08,1.215,1.215,eastmoney_f10,2026-07-29T23:50:46
2015-12-09,1.2067,1.2067,eastmoney_f10,2026-07-29T23:50:46
2015-12-10,1.2113,1.2113,eastmoney_f10,2026-07-29T23:50:46
2015-12-11,1.1902,1.1902,eastmoney_f10,2026-07-29T23:50:46
2015-12-14,1.1982,1.1982,eastmoney_f10,2026-07-29T23:50:46
2015-12-15,1.2122,1.2122,eastmoney_f10,2026-07-29T23:50:46
2015-12-16,1.231,1.231,eastmoney_f10,2026-07-29T23:50:46
2015-12-17,1.2149,1.2149,eastmoney_f10,2026-07-29T23:50:46
2015-12-18,1.1944,1.1944,eastmoney_f10,2026-07-29T23:50:46
2015-12-21,1.2028,1.2028,eastmoney_f10,2026-07-29T23:50:46
2015-12-22,1.2135,1.2135,eastmoney_f10,2026-07-29T23:50:46
2015-12-23,1.2281,1.2281,eastmoney_f10,2026-07-29T23:50:46
2015-12-24,1.2266,1.2266,eastmoney_f10,2026-07-29T23:50:46
2015-12-28,1.2237,1.2237,eastmoney_f10,2026-07-29T23:50:46
2015-12-29,1.239,1.239,eastmoney_f10,2026-07-29T23:50:46
2015-12-30,1.2307,1.2307,eastmoney_f10,2026-07-29T23:50:46
2015-12-31,1.2199,1.2199,eastmoney_f10,2026-07-29T23:50:46
2016-01-04,1.2033,1.2033,eastmoney_f10,2026-07-29T23:50:46
2016-01-05,1.2081,1.2081,eastmoney_f10,2026-07-29T23:50:46
2016-01-06,1.1952,1.1952,eastmoney_f10,2026-07-29T23:50:46
2016-01-07,1.1725,1.1725,eastmoney_f10,2026-07-29T23:50:46
2016-01-08,1.1596,1.1596,eastmoney_f10,2026-07-29T23:50:46
2016-01-11,1.1603,1.1603,eastmoney_f10,2026-07-29T23:50:46
2016-01-12,1.1692,1.1692,eastmoney_f10,2026-07-29T23:50:46
2016-01-13,1.1406,1.1406,eastmoney_f10,2026-07-29T23:50:46
2016-01-14,1.1594,1.1594,eastmoney_f10,2026-07-29T23:50:46
2016-01-15,1.1349,1.1349,eastmoney_f10,2026-07-29T23:50:46
2016-01-19,1.1345,1.1345,eastmoney_f10,2026-07-29T23:50:46
2016-01-20,1.1212,1.1212,eastmoney_f10,2026-07-29T23:50:46
2016-01-21,1.127,1.127,eastmoney_f10,2026-07-29T23:50:46
2016-01-22,1.1495,1.1495,eastmoney_f10,2026-07-29T23:50:46
2016-01-25,1.1312,1.1312,eastmoney_f10,2026-07-29T23:50:46
2016-01-26,1.1469,1.1469,eastmoney_f10,2026-07-29T23:50:46
2016-01-27,1.1343,1.1343,eastmoney_f10,2026-07-29T23:50:46
2016-01-28,1.1404,1.1404,eastmoney_f10,2026-07-29T23:50:46
2016-01-29,1.1683,1.1683,eastmoney_f10,2026-07-29T23:50:46
2016-02-01,1.1681,1.1681,eastmoney_f10,2026-07-29T23:50:46
2016-02-02,1.146,1.146,eastmoney_f10,2026-07-29T23:50:46
2016-02-03,1.152,1.152,eastmoney_f10,2026-07-29T23:50:46
2016-02-04,1.152,1.152,eastmoney_f10,2026-07-29T23:50:46
2016-02-05,1.1293,1.1293,eastmoney_f10,2026-07-29T23:50:46
2016-02-16,1.1361,1.1361,eastmoney_f10,2026-07-29T23:50:46
2016-02-17,1.1568,1.1568,eastmoney_f10,2026-07-29T23:50:46
2016-02-18,1.15,1.15,eastmoney_f10,2026-07-29T23:50:46
2016-02-19,1.1506,1.1506,eastmoney_f10,2026-07-29T23:50:46
2016-02-22,1.1666,1.1666,eastmoney_f10,2026-07-29T23:50:46
2016-02-23,1.1541,1.1541,eastmoney_f10,2026-07-29T23:50:46
2016-02-24,1.1599,1.1599,eastmoney_f10,2026-07-29T23:50:46
2016-02-25,1.1735,1.1735,eastmoney_f10,2026-07-29T23:50:46
2016-02-26,1.1716,1.1716,eastmoney_f10,2026-07-29T23:50:46
2016-02-29,1.1642,1.1642,eastmoney_f10,2026-07-29T23:50:46
2016-03-01,1.1908,1.1908,eastmoney_f10,2026-07-29T23:50:46
2016-03-02,1.1975,1.1975,eastmoney_f10,2026-07-29T23:50:46
2016-03-03,1.2003,1.2003,eastmoney_f10,2026-07-29T23:50:46
2016-03-04,1.202,1.202,eastmoney_f10,2026-07-29T23:50:46
2016-03-07,1.1999,1.1999,eastmoney_f10,2026-07-29T23:50:46
2016-03-08,1.1854,1.1854,eastmoney_f10,2026-07-29T23:50:46
2016-03-09,1.1926,1.1926,eastmoney_f10,2026-07-29T23:50:46
2016-03-10,1.1932,1.1932,eastmoney_f10,2026-07-29T23:50:46
2016-03-11,1.2088,1.2088,eastmoney_f10,2026-07-29T23:50:46
2016-03-14,1.2074,1.2074,eastmoney_f10,2026-07-29T23:50:46
2016-03-15,1.2082,1.2082,eastmoney_f10,2026-07-29T23:50:46
2016-03-16,1.2167,1.2167,eastmoney_f10,2026-07-29T23:50:46
2016-03-17,1.2208,1.2208,eastmoney_f10,2026-07-29T23:50:46
2016-03-18,1.2199,1.2199,eastmoney_f10,2026-07-29T23:50:46
2016-03-21,1.2248,1.2248,eastmoney_f10,2026-07-29T23:50:46
2016-03-22,1.2266,1.2266,eastmoney_f10,2026-07-29T23:50:46
2016-03-23,1.2181,1.2181,eastmoney_f10,2026-07-29T23:50:46
2016-03-24,1.2215,1.2215,eastmoney_f10,2026-07-29T23:50:46
2016-03-28,1.2235,1.2235,eastmoney_f10,2026-07-29T23:50:46
2016-03-29,1.2312,1.2312,eastmoney_f10,2026-07-29T23:50:46
2016-03-30,1.2326,1.2326,eastmoney_f10,2026-07-29T23:50:46
2016-03-31,1.2257,1.2257,eastmoney_f10,2026-07-29T23:50:46
2016-04-01,1.233,1.233,eastmoney_f10,2026-07-29T23:50:46
2016-04-05,1.2182,1.2182,eastmoney_f10,2026-07-29T23:50:46
2016-04-06,1.233,1.233,eastmoney_f10,2026-07-29T23:50:46
2016-04-07,1.2173,1.2173,eastmoney_f10,2026-07-29T23:50:46
2016-04-08,1.2211,1.2211,eastmoney_f10,2026-07-29T23:50:46
2016-04-11,1.2161,1.2161,eastmoney_f10,2026-07-29T23:50:46
2016-04-12,1.2272,1.2272,eastmoney_f10,2026-07-29T23:50:46
2016-04-13,1.2392,1.2392,eastmoney_f10,2026-07-29T23:50:46
2016-04-14,1.2452,1.2452,eastmoney_f10,2026-07-29T23:50:46
2016-04-15,1.2443,1.2443,eastmoney_f10,2026-07-29T23:50:46
2016-04-18,1.2499,1.2499,eastmoney_f10,2026-07-29T23:50:46
2016-04-19,1.2521,1.2521,eastmoney_f10,2026-07-29T23:50:46
2016-04-20,1.2508,1.2508,eastmoney_f10,2026-07-29T23:50:46
2016-04-21,1.2485,1.2485,eastmoney_f10,2026-07-29T23:50:46
2016-04-22,1.2504,1.2504,eastmoney_f10,2026-07-29T23:50:46
2016-04-25,1.2523,1.2523,eastmoney_f10,2026-07-29T23:50:46
2016-04-26,1.2501,1.2501,eastmoney_f10,2026-07-29T23:50:46
2016-04-27,1.2513,1.2513,eastmoney_f10,2026-07-29T23:50:46
2016-04-28,1.2421,1.2421,eastmoney_f10,2026-07-29T23:50:46
2016-04-29,1.2288,1.2288,eastmoney_f10,2026-07-29T23:50:46
2016-05-03,1.2271,1.2271,eastmoney_f10,2026-07-29T23:50:46
2016-05-04,1.2271,1.2271,eastmoney_f10,2026-07-29T23:50:46
2016-05-05,1.2304,1.2304,eastmoney_f10,2026-07-29T23:50:46
2016-05-06,1.2358,1.2358,eastmoney_f10,2026-07-29T23:50:46
2016-05-09,1.2348,1.2348,eastmoney_f10,2026-07-29T23:50:46
2016-05-10,1.2525,1.2525,eastmoney_f10,2026-07-29T23:50:46
2016-05-11,1.2407,1.2407,eastmoney_f10,2026-07-29T23:50:46
2016-05-12,1.2358,1.2358,eastmoney_f10,2026-07-29T23:50:46
2016-05-13,1.2308,1.2308,eastmoney_f10,2026-07-29T23:50:46
2016-05-16,1.2446,1.2446,eastmoney_f10,2026-07-29T23:50:46
2016-05-17,1.2306,1.2306,eastmoney_f10,2026-07-29T23:50:46
2016-05-18,1.2312,1.2312,eastmoney_f10,2026-07-29T23:50:46
2016-05-19,1.2326,1.2326,eastmoney_f10,2026-07-29T23:50:46
2016-05-20,1.2397,1.2397,eastmoney_f10,2026-07-29T23:50:46
2016-05-23,1.236,1.236,eastmoney_f10,2026-07-29T23:50:46
2016-05-24,1.253,1.253,eastmoney_f10,2026-07-29T23:50:46
2016-05-25,1.2659,1.2659,eastmoney_f10,2026-07-29T23:50:46
2016-05-26,1.2632,1.2632,eastmoney_f10,2026-07-29T23:50:46
2016-05-27,1.2675,1.2675,eastmoney_f10,2026-07-29T23:50:46
2016-05-31,1.2718,1.2718,eastmoney_f10,2026-07-29T23:50:46
2016-06-01,1.2754,1.2754,eastmoney_f10,2026-07-29T23:50:46
2016-06-02,1.2752,1.2752,eastmoney_f10,2026-07-29T23:50:46
2016-06-03,1.2735,1.2735,eastmoney_f10,2026-07-29T23:50:46
2016-06-06,1.2739,1.2739,eastmoney_f10,2026-07-29T23:50:46
2016-06-07,1.2778,1.2778,eastmoney_f10,2026-07-29T23:50:46
2016-06-08,1.2817,1.2817,eastmoney_f10,2026-07-29T23:50:46
2016-06-13,1.2617,1.2617,eastmoney_f10,2026-07-29T23:50:46
2016-06-14,1.2592,1.2592,eastmoney_f10,2026-07-29T23:50:46
2016-06-15,1.2609,1.2609,eastmoney_f10,2026-07-29T23:50:46
2016-06-16,1.26,1.26,eastmoney_f10,2026-07-29T23:50:46
2016-06-17,1.2568,1.2568,eastmoney_f10,2026-07-29T23:50:46
2016-06-20,1.2624,1.2624,eastmoney_f10,2026-07-29T23:50:46
2016-06-21,1.2647,1.2647,eastmoney_f10,2026-07-29T23:50:46
2016-06-22,1.2678,1.2678,eastmoney_f10,2026-07-29T23:50:46
2016-06-23,1.2795,1.2795,eastmoney_f10,2026-07-29T23:50:46
2016-06-24,1.2355,1.2355,eastmoney_f10,2026-07-29T23:50:46
2016-06-27,1.2239,1.2239,eastmoney_f10,2026-07-29T23:50:46
2016-06-28,1.2489,1.2489,eastmoney_f10,2026-07-29T23:50:46
2016-06-29,1.2665,1.2665,eastmoney_f10,2026-07-29T23:50:46
2016-06-30,1.2832,1.2832,eastmoney_f10,2026-07-29T23:50:46
2016-07-01,1.2894,1.2894,eastmoney_f10,2026-07-29T23:50:46
2016-07-05,1.2824,1.2824,eastmoney_f10,2026-07-29T23:50:46
2016-07-06,1.2945,1.2945,eastmoney_f10,2026-07-29T23:50:46
2016-07-07,1.2928,1.2928,eastmoney_f10,2026-07-29T23:50:46
2016-07-08,1.3129,1.3129,eastmoney_f10,2026-07-29T23:50:46
2016-07-11,1.3171,1.3171,eastmoney_f10,2026-07-29T23:50:46
2016-07-12,1.3284,1.3284,eastmoney_f10,2026-07-29T23:50:46
2016-07-13,1.3275,1.3275,eastmoney_f10,2026-07-29T23:50:46
2016-07-14,1.3335,1.3335,eastmoney_f10,2026-07-29T23:50:46
2016-07-15,1.3314,1.3314,eastmoney_f10,2026-07-29T23:50:46
2016-07-18,1.3376,1.3376,eastmoney_f10,2026-07-29T23:50:46
2016-07-19,1.3359,1.3359,eastmoney_f10,2026-07-29T23:50:46
2016-07-20,1.3412,1.3412,eastmoney_f10,2026-07-29T23:50:46
2016-07-21,1.3348,1.3348,eastmoney_f10,2026-07-29T23:50:46
2016-07-22,1.3368,1.3368,eastmoney_f10,2026-07-29T23:50:46
2016-07-25,1.3364,1.3364,eastmoney_f10,2026-07-29T23:50:46
2016-07-26,1.3352,1.3352,eastmoney_f10,2026-07-29T23:50:46
2016-07-27,1.3315,1.3315,eastmoney_f10,2026-07-29T23:50:46
2016-07-28,1.3322,1.3322,eastmoney_f10,2026-07-29T23:50:46
2016-07-29,1.3327,1.3327,eastmoney_f10,2026-07-29T23:50:46
2016-08-01,1.3261,1.3261,eastmoney_f10,2026-07-29T23:50:46
2016-08-02,1.3212,1.3212,eastmoney_f10,2026-07-29T23:50:46
2016-08-03,1.3205,1.3205,eastmoney_f10,2026-07-29T23:50:46
2016-08-04,1.326,1.326,eastmoney_f10,2026-07-29T23:50:46
2016-08-05,1.3366,1.3366,eastmoney_f10,2026-07-29T23:50:46
2016-08-08,1.3395,1.3395,eastmoney_f10,2026-07-29T23:50:46
2016-08-09,1.3396,1.3396,eastmoney_f10,2026-07-29T23:50:46
2016-08-10,1.3349,1.3349,eastmoney_f10,2026-07-29T23:50:46
2016-08-11,1.3358,1.3358,eastmoney_f10,2026-07-29T23:50:46
2016-08-12,1.3405,1.3405,eastmoney_f10,2026-07-29T23:50:46
2016-08-15,1.342,1.342,eastmoney_f10,2026-07-29T23:50:46
2016-08-16,1.3324,1.3324,eastmoney_f10,2026-07-29T23:50:46
2016-08-17,1.3302,1.3302,eastmoney_f10,2026-07-29T23:50:46
2016-08-18,1.3374,1.3374,eastmoney_f10,2026-07-29T23:50:46
2016-08-19,1.3343,1.3343,eastmoney_f10,2026-07-29T23:50:46
2016-08-22,1.3422,1.3422,eastmoney_f10,2026-07-29T23:50:46
2016-08-23,1.3435,1.3435,eastmoney_f10,2026-07-29T23:50:46
2016-08-24,1.3333,1.3333,eastmoney_f10,2026-07-29T23:50:46
2016-08-25,1.3351,1.3351,eastmoney_f10,2026-07-29T23:50:46
2016-08-26,1.3307,1.3307,eastmoney_f10,2026-07-29T23:50:46
2016-08-29,1.3449,1.3449,eastmoney_f10,2026-07-29T23:50:46
2016-08-30,1.3415,1.3415,eastmoney_f10,2026-07-29T23:50:46
2016-08-31,1.3404,1.3404,eastmoney_f10,2026-07-29T23:50:46
2016-09-01,1.3378,1.3378,eastmoney_f10,2026-07-29T23:50:46
2016-09-02,1.3423,1.3423,eastmoney_f10,2026-07-29T23:50:46
2016-09-06,1.3444,1.3444,eastmoney_f10,2026-07-29T23:50:46
2016-09-07,1.3421,1.3421,eastmoney_f10,2026-07-29T23:50:46
2016-09-08,1.3406,1.3406,eastmoney_f10,2026-07-29T23:50:46
2016-09-09,1.3091,1.3091,eastmoney_f10,2026-07-29T23:50:46
2016-09-12,1.3328,1.3328,eastmoney_f10,2026-07-29T23:50:46
2016-09-13,1.3099,1.3099,eastmoney_f10,2026-07-29T23:50:46
2016-09-14,1.3122,1.3122,eastmoney_f10,2026-07-29T23:50:46
2016-09-19,1.3186,1.3186,eastmoney_f10,2026-07-29T23:50:46
2016-09-20,1.3151,1.3151,eastmoney_f10,2026-07-29T23:50:46
2016-09-21,1.3321,1.3321,eastmoney_f10,2026-07-29T23:50:46
2016-09-22,1.336,1.336,eastmoney_f10,2026-07-29T23:50:46
2016-09-23,1.3314,1.3314,eastmoney_f10,2026-07-29T23:50:46
2016-09-26,1.3214,1.3214,eastmoney_f10,2026-07-29T23:50:46
2016-09-27,1.328,1.328,eastmoney_f10,2026-07-29T23:50:46
2016-09-28,1.3359,1.3359,eastmoney_f10,2026-07-29T23:50:46
2016-09-29,1.324,1.324,eastmoney_f10,2026-07-29T23:50:46
2016-09-30,1.3359,1.3359,eastmoney_f10,2026-07-29T23:50:46
2016-10-10,1.3379,1.3379,eastmoney_f10,2026-07-29T23:50:46
2016-10-11,1.3231,1.3231,eastmoney_f10,2026-07-29T23:50:46
2016-10-12,1.3276,1.3276,eastmoney_f10,2026-07-29T23:50:46
2016-10-13,1.3242,1.3242,eastmoney_f10,2026-07-29T23:50:46
2016-10-14,1.3218,1.3218,eastmoney_f10,2026-07-29T23:50:46
2016-10-17,1.322,1.322,eastmoney_f10,2026-07-29T23:50:46
2016-10-18,1.3285,1.3285,eastmoney_f10,2026-07-29T23:50:46
2016-10-19,1.3317,1.3317,eastmoney_f10,2026-07-29T23:50:46
2016-10-20,1.3297,1.3297,eastmoney_f10,2026-07-29T23:50:46
2016-10-21,1.3343,1.3343,eastmoney_f10,2026-07-29T23:50:46
2016-10-24,1.3431,1.3431,eastmoney_f10,2026-07-29T23:50:46
2016-10-25,1.339,1.339,eastmoney_f10,2026-07-29T23:50:46
2016-10-26,1.3359,1.3359,eastmoney_f10,2026-07-29T23:50:46
2016-10-27,1.3324,1.3324,eastmoney_f10,2026-07-29T23:50:46
2016-10-28,1.3308,1.3308,eastmoney_f10,2026-07-29T23:50:46
2016-10-31,1.3262,1.3262,eastmoney_f10,2026-07-29T23:50:46
2016-11-01,1.3189,1.3189,eastmoney_f10,2026-07-29T23:50:46
2016-11-02,1.3073,1.3073,eastmoney_f10,2026-07-29T23:50:46
2016-11-03,1.3006,1.3006,eastmoney_f10,2026-07-29T23:50:46
2016-11-04,1.2989,1.2989,eastmoney_f10,2026-07-29T23:50:46
2016-11-07,1.3317,1.3317,eastmoney_f10,2026-07-29T23:50:46
2016-11-08,1.339,1.339,eastmoney_f10,2026-07-29T23:50:46
2016-11-09,1.3542,1.3542,eastmoney_f10,2026-07-29T23:50:46
2016-11-10,1.3581,1.3581,eastmoney_f10,2026-07-29T23:50:46
2016-11-11,1.3606,1.3606,eastmoney_f10,2026-07-29T23:50:46
2016-11-14,1.3639,1.3639,eastmoney_f10,2026-07-29T23:50:46
2016-11-15,1.3785,1.3785,eastmoney_f10,2026-07-29T23:50:46
2016-11-16,1.3785,1.3785,eastmoney_f10,2026-07-29T23:50:46
2016-11-17,1.387,1.387,eastmoney_f10,2026-07-29T23:50:46
2016-11-18,1.386,1.386,eastmoney_f10,2026-07-29T23:50:46
2016-11-21,1.3998,1.3998,eastmoney_f10,2026-07-29T23:50:46
2016-11-22,1.3989,1.3989,eastmoney_f10,2026-07-29T23:50:46
2016-11-23,1.4025,1.4025,eastmoney_f10,2026-07-29T23:50:46
2016-11-25,1.4132,1.4132,eastmoney_f10,2026-07-29T23:50:46
2016-11-28,1.4033,1.4033,eastmoney_f10,2026-07-29T23:50:46
2016-11-29,1.4023,1.4023,eastmoney_f10,2026-07-29T23:50:46
2016-11-30,1.3983,1.3983,eastmoney_f10,2026-07-29T23:50:46
2016-12-01,1.3953,1.3953,eastmoney_f10,2026-07-29T23:50:46
2016-12-02,1.3925,1.3925,eastmoney_f10,2026-07-29T23:50:46
2016-12-05,1.4021,1.4021,eastmoney_f10,2026-07-29T23:50:46
2016-12-06,1.4008,1.4008,eastmoney_f10,2026-07-29T23:50:46
2016-12-07,1.4241,1.4241,eastmoney_f10,2026-07-29T23:50:46
2016-12-08,1.4259,1.4259,eastmoney_f10,2026-07-29T23:50:46
2016-12-09,1.4393,1.4393,eastmoney_f10,2026-07-29T23:50:46
2016-12-12,1.4398,1.4398,eastmoney_f10,2026-07-29T23:50:46
2016-12-13,1.4463,1.4463,eastmoney_f10,2026-07-29T23:50:46
2016-12-14,1.4366,1.4366,eastmoney_f10,2026-07-29T23:50:46
2016-12-15,1.4475,1.4475,eastmoney_f10,2026-07-29T23:50:46
2016-12-16,1.4494,1.4494,eastmoney_f10,2026-07-29T23:50:46
2016-12-19,1.4481,1.4481,eastmoney_f10,2026-07-29T23:50:46
2016-12-20,1.4568,1.4568,eastmoney_f10,2026-07-29T23:50:46
2016-12-21,1.4537,1.4537,eastmoney_f10,2026-07-29T23:50:46
2016-12-22,1.45,1.45,eastmoney_f10,2026-07-29T23:50:46
2016-12-23,1.4524,1.4524,eastmoney_f10,2026-07-29T23:50:46
2016-12-27,1.4553,1.4553,eastmoney_f10,2026-07-29T23:50:46
2016-12-28,1.4441,1.4441,eastmoney_f10,2026-07-29T23:50:46
2016-12-29,1.4436,1.4436,eastmoney_f10,2026-07-29T23:50:46
2016-12-30,1.4344,1.4344,eastmoney_f10,2026-07-29T23:50:46
2016-12-31,1.4343,1.4343,eastmoney_f10,2026-07-29T23:50:46
2017-01-03,1.448,1.448,eastmoney_f10,2026-07-29T23:50:46
2017-01-04,1.4568,1.4568,eastmoney_f10,2026-07-29T23:50:46
2017-01-05,1.4513,1.4513,eastmoney_f10,2026-07-29T23:50:46
2017-01-06,1.4432,1.4432,eastmoney_f10,2026-07-29T23:50:46
2017-01-09,1.45,1.45,eastmoney_f10,2026-07-29T23:50:46
2017-01-10,1.4493,1.4493,eastmoney_f10,2026-07-29T23:50:46
2017-01-11,1.4535,1.4535,eastmoney_f10,2026-07-29T23:50:46
2017-01-12,1.4485,1.4485,eastmoney_f10,2026-07-29T23:50:46
2017-01-13,1.4469,1.4469,eastmoney_f10,2026-07-29T23:50:46
2017-01-16,1.4461,1.4461,eastmoney_f10,2026-07-29T23:50:46
2017-01-17,1.4439,1.4439,eastmoney_f10,2026-07-29T23:50:46
2017-01-18,1.4377,1.4377,eastmoney_f10,2026-07-29T23:50:46
2017-01-19,1.4336,1.4336,eastmoney_f10,2026-07-29T23:50:46
2017-01-20,1.4406,1.4406,eastmoney_f10,2026-07-29T23:50:46
2017-01-23,1.4345,1.4345,eastmoney_f10,2026-07-29T23:50:46
2017-01-24,1.4391,1.4391,eastmoney_f10,2026-07-29T23:50:46
2017-01-25,1.4556,1.4556,eastmoney_f10,2026-07-29T23:50:46
2017-01-26,1.4545,1.4545,eastmoney_f10,2026-07-29T23:50:46
2017-02-03,1.4543,1.4543,eastmoney_f10,2026-07-29T23:50:46
2017-02-06,1.4518,1.4518,eastmoney_f10,2026-07-29T23:50:46
2017-02-07,1.4519,1.4519,eastmoney_f10,2026-07-29T23:50:46
2017-02-08,1.4584,1.4584,eastmoney_f10,2026-07-29T23:50:46
2017-02-09,1.4641,1.4641,eastmoney_f10,2026-07-29T23:50:46
2017-02-10,1.4717,1.4717,eastmoney_f10,2026-07-29T23:50:46
2017-02-13,1.4813,1.4813,eastmoney_f10,2026-07-29T23:50:46
2017-02-14,1.4856,1.4856,eastmoney_f10,2026-07-29T23:50:46
2017-02-15,1.4895,1.4895,eastmoney_f10,2026-07-29T23:50:46
2017-02-16,1.4881,1.4881,eastmoney_f10,2026-07-29T23:50:46
2017-02-17,1.4868,1.4868,eastmoney_f10,2026-07-29T23:50:46
2017-02-21,1.5025,1.5025,eastmoney_f10,2026-07-29T23:50:46
2017-02-22,1.502,1.502,eastmoney_f10,2026-07-29T23:50:46
2017-02-23,1.4998,1.4998,eastmoney_f10,2026-07-29T23:50:46
2017-02-24,1.5014,1.5014,eastmoney_f10,2026-07-29T23:50:46
2017-02-27,1.5065,1.5065,eastmoney_f10,2026-07-29T23:50:46
2017-02-28,1.5012,1.5012,eastmoney_f10,2026-07-29T23:50:46
2017-03-01,1.5229,1.5229,eastmoney_f10,2026-07-29T23:50:46
2017-03-02,1.5144,1.5144,eastmoney_f10,2026-07-29T23:50:46
2017-03-03,1.5169,1.5169,eastmoney_f10,2026-07-29T23:50:46
2017-03-06,1.5096,1.5096,eastmoney_f10,2026-07-29T23:50:46
2017-03-07,1.5088,1.5088,eastmoney_f10,2026-07-29T23:50:46
2017-03-08,1.5074,1.5074,eastmoney_f10,2026-07-29T23:50:46
2017-03-09,1.5106,1.5106,eastmoney_f10,2026-07-29T23:50:46
2017-03-10,1.5152,1.5152,eastmoney_f10,2026-07-29T23:50:46
2017-03-13,1.5132,1.5132,eastmoney_f10,2026-07-29T23:50:46
2017-03-14,1.5108,1.5108,eastmoney_f10,2026-07-29T23:50:46
2017-03-15,1.5232,1.5232,eastmoney_f10,2026-07-29T23:50:46
2017-03-16,1.5153,1.5153,eastmoney_f10,2026-07-29T23:50:46
2017-03-17,1.5135,1.5135,eastmoney_f10,2026-07-29T23:50:46
2017-03-20,1.513,1.513,eastmoney_f10,2026-07-29T23:50:46
2017-03-21,1.4961,1.4961,eastmoney_f10,2026-07-29T23:50:46
2017-03-22,1.4948,1.4948,eastmoney_f10,2026-07-29T23:50:46
2017-03-23,1.4925,1.4925,eastmoney_f10,2026-07-29T23:50:46
2017-03-24,1.4912,1.4912,eastmoney_f10,2026-07-29T23:50:46
2017-03-27,1.4864,1.4864,eastmoney_f10,2026-07-29T23:50:46
2017-03-28,1.4987,1.4987,eastmoney_f10,2026-07-29T23:50:46
2017-03-29,1.5036,1.5036,eastmoney_f10,2026-07-29T23:50:46
2017-03-30,1.5074,1.5074,eastmoney_f10,2026-07-29T23:50:46
2017-03-31,1.5062,1.5062,eastmoney_f10,2026-07-29T23:50:46
2017-04-05,1.4982,1.4982,eastmoney_f10,2026-07-29T23:50:46
2017-04-06,1.5019,1.5019,eastmoney_f10,2026-07-29T23:50:46
2017-04-07,1.5011,1.5011,eastmoney_f10,2026-07-29T23:50:46
2017-04-10,1.504,1.504,eastmoney_f10,2026-07-29T23:50:46
2017-04-11,1.5002,1.5002,eastmoney_f10,2026-07-29T23:50:46
2017-04-12,1.4941,1.4941,eastmoney_f10,2026-07-29T23:50:46
2017-04-13,1.4778,1.4778,eastmoney_f10,2026-07-29T23:50:46
2017-04-17,1.4931,1.4931,eastmoney_f10,2026-07-29T23:50:46
2017-04-18,1.4902,1.4902,eastmoney_f10,2026-07-29T23:50:46
2017-04-19,1.4838,1.4838,eastmoney_f10,2026-07-29T23:50:46
2017-04-20,1.4977,1.4977,eastmoney_f10,2026-07-29T23:50:46
2017-04-21,1.4939,1.4939,eastmoney_f10,2026-07-29T23:50:46
2017-04-24,1.5066,1.5066,eastmoney_f10,2026-07-29T23:50:46
2017-04-25,1.5192,1.5192,eastmoney_f10,2026-07-29T23:50:46
2017-04-26,1.5187,1.5187,eastmoney_f10,2026-07-29T23:50:46
2017-04-27,1.5208,1.5208,eastmoney_f10,2026-07-29T23:50:46
2017-04-28,1.5186,1.5186,eastmoney_f10,2026-07-29T23:50:46
2017-05-02,1.5233,1.5233,eastmoney_f10,2026-07-29T23:50:46
2017-05-03,1.5202,1.5202,eastmoney_f10,2026-07-29T23:50:46
2017-05-04,1.5226,1.5226,eastmoney_f10,2026-07-29T23:50:46
2017-05-05,1.5272,1.5272,eastmoney_f10,2026-07-29T23:50:46
2017-05-08,1.5285,1.5285,eastmoney_f10,2026-07-29T23:50:46
2017-05-09,1.529,1.529,eastmoney_f10,2026-07-29T23:50:46
2017-05-10,1.5318,1.5318,eastmoney_f10,2026-07-29T23:50:46
2017-05-11,1.5286,1.5286,eastmoney_f10,2026-07-29T23:50:46
2017-05-12,1.524,1.524,eastmoney_f10,2026-07-29T23:50:46
2017-05-15,1.5291,1.5291,eastmoney_f10,2026-07-29T23:50:46
2017-05-16,1.5269,1.5269,eastmoney_f10,2026-07-29T23:50:46
2017-05-17,1.4964,1.4964,eastmoney_f10,2026-07-29T23:50:46
2017-05-18,1.5013,1.5013,eastmoney_f10,2026-07-29T23:50:46
2017-05-19,1.5152,1.5152,eastmoney_f10,2026-07-29T23:50:46
2017-05-22,1.5204,1.5204,eastmoney_f10,2026-07-29T23:50:46
2017-05-23,1.5229,1.5229,eastmoney_f10,2026-07-29T23:50:46
2017-05-24,1.5288,1.5288,eastmoney_f10,2026-07-29T23:50:46
2017-05-25,1.5343,1.5343,eastmoney_f10,2026-07-29T23:50:46
2017-05-26,1.535,1.535,eastmoney_f10,2026-07-29T23:50:46
2017-05-31,1.5311,1.5311,eastmoney_f10,2026-07-29T23:50:46
2017-06-01,1.5307,1.5307,eastmoney_f10,2026-07-29T23:50:46
2017-06-02,1.5358,1.5358,eastmoney_f10,2026-07-29T23:50:46
2017-06-05,1.5308,1.5308,eastmoney_f10,2026-07-29T23:50:46
2017-06-06,1.5266,1.5266,eastmoney_f10,2026-07-29T23:50:46
2017-06-07,1.5274,1.5274,eastmoney_f10,2026-07-29T23:50:46
2017-06-08,1.5295,1.5295,eastmoney_f10,2026-07-29T23:50:46
2017-06-09,1.5291,1.5291,eastmoney_f10,2026-07-29T23:50:46
2017-06-12,1.5271,1.5271,eastmoney_f10,2026-07-29T23:50:46
2017-06-13,1.5343,1.5343,eastmoney_f10,2026-07-29T23:50:46
2017-06-14,1.5324,1.5324,eastmoney_f10,2026-07-29T23:50:46
2017-06-15,1.5273,1.5273,eastmoney_f10,2026-07-29T23:50:46
2017-06-16,1.5308,1.5308,eastmoney_f10,2026-07-29T23:50:46
2017-06-19,1.5429,1.5429,eastmoney_f10,2026-07-29T23:50:46
2017-06-20,1.5355,1.5355,eastmoney_f10,2026-07-29T23:50:46
2017-06-21,1.5368,1.5368,eastmoney_f10,2026-07-29T23:50:46
2017-06-22,1.5361,1.5361,eastmoney_f10,2026-07-29T23:50:46
2017-06-23,1.5393,1.5393,eastmoney_f10,2026-07-29T23:50:46
2017-06-26,1.5393,1.5393,eastmoney_f10,2026-07-29T23:50:46
2017-06-27,1.5286,1.5286,eastmoney_f10,2026-07-29T23:50:46
2017-06-28,1.5369,1.5369,eastmoney_f10,2026-07-29T23:50:46
2017-06-29,1.5212,1.5212,eastmoney_f10,2026-07-29T23:50:46
2017-06-30,1.5191,1.5191,eastmoney_f10,2026-07-29T23:50:46
2017-07-03,1.5232,1.5232,eastmoney_f10,2026-07-29T23:50:46
2017-07-05,1.5288,1.5288,eastmoney_f10,2026-07-29T23:50:46
2017-07-06,1.5157,1.5157,eastmoney_f10,2026-07-29T23:50:46
2017-07-07,1.5245,1.5245,eastmoney_f10,2026-07-29T23:50:46
2017-07-10,1.5269,1.5269,eastmoney_f10,2026-07-29T23:50:46
2017-07-11,1.5262,1.5262,eastmoney_f10,2026-07-29T23:50:46
2017-07-12,1.5348,1.5348,eastmoney_f10,2026-07-29T23:50:46
2017-07-13,1.5362,1.5362,eastmoney_f10,2026-07-29T23:50:46
2017-07-14,1.5426,1.5426,eastmoney_f10,2026-07-29T23:50:46
2017-07-17,1.5377,1.5377,eastmoney_f10,2026-07-29T23:50:46
2017-07-18,1.5397,1.5397,eastmoney_f10,2026-07-29T23:50:46
2017-07-19,1.5444,1.5444,eastmoney_f10,2026-07-29T23:50:46
2017-07-20,1.5445,1.5445,eastmoney_f10,2026-07-29T23:50:46
2017-07-21,1.5428,1.5428,eastmoney_f10,2026-07-29T23:50:46
2017-07-24,1.541,1.541,eastmoney_f10,2026-07-29T23:50:46
2017-07-25,1.5471,1.5471,eastmoney_f10,2026-07-29T23:50:46
2017-07-26,1.5484,1.5484,eastmoney_f10,2026-07-29T23:50:46
2017-07-27,1.542,1.542,eastmoney_f10,2026-07-29T23:50:46
2017-07-28,1.5413,1.5413,eastmoney_f10,2026-07-29T23:50:46
2017-07-31,1.538,1.538,eastmoney_f10,2026-07-29T23:50:46
2017-08-01,1.5387,1.5387,eastmoney_f10,2026-07-29T23:50:46
2017-08-02,1.541,1.541,eastmoney_f10,2026-07-29T23:50:46
2017-08-03,1.5381,1.5381,eastmoney_f10,2026-07-29T23:50:46
2017-08-04,1.5391,1.5391,eastmoney_f10,2026-07-29T23:50:46
2017-08-07,1.5437,1.5437,eastmoney_f10,2026-07-29T23:50:46
2017-08-08,1.5391,1.5391,eastmoney_f10,2026-07-29T23:50:46
2017-08-09,1.5362,1.5362,eastmoney_f10,2026-07-29T23:50:46
2017-08-10,1.5075,1.5075,eastmoney_f10,2026-07-29T23:50:46
2017-08-11,1.5066,1.5066,eastmoney_f10,2026-07-29T23:50:46
2017-08-14,1.5207,1.5207,eastmoney_f10,2026-07-29T23:50:46
2017-08-15,1.5222,1.5222,eastmoney_f10,2026-07-29T23:50:46
2017-08-16,1.5267,1.5267,eastmoney_f10,2026-07-29T23:50:46
2017-08-17,1.5017,1.5017,eastmoney_f10,2026-07-29T23:50:46
2017-08-18,1.4997,1.4997,eastmoney_f10,2026-07-29T23:50:46
2017-08-21,1.5005,1.5005,eastmoney_f10,2026-07-29T23:50:46
2017-08-22,1.5129,1.5129,eastmoney_f10,2026-07-29T23:50:46
2017-08-23,1.5085,1.5085,eastmoney_f10,2026-07-29T23:50:46
2017-08-24,1.503,1.503,eastmoney_f10,2026-07-29T23:50:46
2017-08-25,1.5068,1.5068,eastmoney_f10,2026-07-29T23:50:46
2017-08-28,1.5024,1.5024,eastmoney_f10,2026-07-29T23:50:46
2017-08-29,1.5025,1.5025,eastmoney_f10,2026-07-29T23:50:46
2017-08-30,1.5053,1.5053,eastmoney_f10,2026-07-29T23:50:46
2017-08-31,1.5118,1.5118,eastmoney_f10,2026-07-29T23:50:46
2017-09-01,1.5126,1.5126,eastmoney_f10,2026-07-29T23:50:46
2017-09-05,1.489,1.489,eastmoney_f10,2026-07-29T23:50:46
2017-09-06,1.4923,1.4923,eastmoney_f10,2026-07-29T23:50:46
2017-09-07,1.4913,1.4913,eastmoney_f10,2026-07-29T23:50:46
2017-09-08,1.4838,1.4838,eastmoney_f10,2026-07-29T23:50:46
2017-09-11,1.4988,1.4988,eastmoney_f10,2026-07-29T23:50:46
2017-09-12,1.5103,1.5103,eastmoney_f10,2026-07-29T23:50:46
2017-09-13,1.5139,1.5139,eastmoney_f10,2026-07-29T23:50:46
2017-09-14,1.5145,1.5145,eastmoney_f10,2026-07-29T23:50:46
2017-09-15,1.5165,1.5165,eastmoney_f10,2026-07-29T23:50:46
2017-09-18,1.5185,1.5185,eastmoney_f10,2026-07-29T23:50:46
2017-09-19,1.5227,1.5227,eastmoney_f10,2026-07-29T23:50:46
2017-09-20,1.5269,1.5269,eastmoney_f10,2026-07-29T23:50:46
2017-09-21,1.5268,1.5268,eastmoney_f10,2026-07-29T23:50:46
2017-09-22,1.5276,1.5276,eastmoney_f10,2026-07-29T23:50:46
2017-09-25,1.5262,1.5262,eastmoney_f10,2026-07-29T23:50:46
2017-09-26,1.5293,1.5293,eastmoney_f10,2026-07-29T23:50:46
2017-09-27,1.5381,1.5381,eastmoney_f10,2026-07-29T23:50:46
2017-09-28,1.5423,1.5423,eastmoney_f10,2026-07-29T23:50:46
2017-09-29,1.5499,1.5499,eastmoney_f10,2026-07-29T23:50:46
2017-10-09,1.5687,1.5687,eastmoney_f10,2026-07-29T23:50:46
2017-10-10,1.5672,1.5672,eastmoney_f10,2026-07-29T23:50:46
2017-10-11,1.5596,1.5596,eastmoney_f10,2026-07-29T23:50:46
2017-10-12,1.5564,1.5564,eastmoney_f10,2026-07-29T23:50:46
2017-10-13,1.5591,1.5591,eastmoney_f10,2026-07-29T23:50:46
2017-10-16,1.5611,1.5611,eastmoney_f10,2026-07-29T23:50:46
2017-10-17,1.5631,1.5631,eastmoney_f10,2026-07-29T23:50:46
2017-10-18,1.5668,1.5668,eastmoney_f10,2026-07-29T23:50:46
2017-10-19,1.5697,1.5697,eastmoney_f10,2026-07-29T23:50:46
2017-10-20,1.5778,1.5778,eastmoney_f10,2026-07-29T23:50:46
2017-10-23,1.574,1.574,eastmoney_f10,2026-07-29T23:50:46
2017-10-24,1.5781,1.5781,eastmoney_f10,2026-07-29T23:50:46
2017-10-25,1.572,1.572,eastmoney_f10,2026-07-29T23:50:46
2017-10-26,1.5731,1.5731,eastmoney_f10,2026-07-29T23:50:46
2017-10-27,1.5899,1.5899,eastmoney_f10,2026-07-29T23:50:46
2017-10-30,1.585,1.585,eastmoney_f10,2026-07-29T23:50:46
2017-10-31,1.5844,1.5844,eastmoney_f10,2026-07-29T23:50:46
2017-11-01,1.5846,1.5846,eastmoney_f10,2026-07-29T23:50:46
2017-11-02,1.5825,1.5825,eastmoney_f10,2026-07-29T23:50:46
2017-11-03,1.5846,1.5846,eastmoney_f10,2026-07-29T23:50:46
2017-11-06,1.5906,1.5906,eastmoney_f10,2026-07-29T23:50:46
2017-11-07,1.5895,1.5895,eastmoney_f10,2026-07-29T23:50:46
2017-11-08,1.5931,1.5931,eastmoney_f10,2026-07-29T23:50:46
2017-11-09,1.5886,1.5886,eastmoney_f10,2026-07-29T23:50:46
2017-11-10,1.5866,1.5866,eastmoney_f10,2026-07-29T23:50:46
2017-11-13,1.5895,1.5895,eastmoney_f10,2026-07-29T23:50:46
2017-11-14,1.5872,1.5872,eastmoney_f10,2026-07-29T23:50:46
2017-11-15,1.5756,1.5756,eastmoney_f10,2026-07-29T23:50:46
2017-11-16,1.5895,1.5895,eastmoney_f10,2026-07-29T23:50:46
2017-11-17,1.585,1.585,eastmoney_f10,2026-07-29T23:50:46
2017-11-20,1.5869,1.5869,eastmoney_f10,2026-07-29T23:50:46
2017-11-21,1.5992,1.5992,eastmoney_f10,2026-07-29T23:50:46
2017-11-22,1.5965,1.5965,eastmoney_f10,2026-07-29T23:50:46
2017-11-24,1.5883,1.5883,eastmoney_f10,2026-07-29T23:50:46
2017-11-27,1.5892,1.5892,eastmoney_f10,2026-07-29T23:50:46
2017-11-28,1.6066,1.6066,eastmoney_f10,2026-07-29T23:50:46
2017-11-29,1.608,1.608,eastmoney_f10,2026-07-29T23:50:46
2017-11-30,1.6222,1.6222,eastmoney_f10,2026-07-29T23:50:46
2017-12-01,1.6197,1.6197,eastmoney_f10,2026-07-29T23:50:46
2017-12-04,1.6189,1.6189,eastmoney_f10,2026-07-29T23:50:46
2017-12-05,1.6128,1.6128,eastmoney_f10,2026-07-29T23:50:46
2017-12-06,1.6138,1.6138,eastmoney_f10,2026-07-29T23:50:46
2017-12-07,1.6195,1.6195,eastmoney_f10,2026-07-29T23:50:46
2017-12-08,1.6288,1.6288,eastmoney_f10,2026-07-29T23:50:46
2017-12-11,1.632,1.632,eastmoney_f10,2026-07-29T23:50:46
2017-12-12,1.6347,1.6347,eastmoney_f10,2026-07-29T23:50:46
2017-12-13,1.6361,1.6361,eastmoney_f10,2026-07-29T23:50:46
2017-12-14,1.6242,1.6242,eastmoney_f10,2026-07-29T23:50:46
2017-12-15,1.6407,1.6407,eastmoney_f10,2026-07-29T23:50:46
2017-12-18,1.6505,1.6505,eastmoney_f10,2026-07-29T23:50:46
2017-12-19,1.6436,1.6436,eastmoney_f10,2026-07-29T23:50:46
2017-12-20,1.6416,1.6416,eastmoney_f10,2026-07-29T23:50:46
2017-12-21,1.6384,1.6384,eastmoney_f10,2026-07-29T23:50:46
2017-12-22,1.6383,1.6383,eastmoney_f10,2026-07-29T23:50:46
2017-12-26,1.627,1.627,eastmoney_f10,2026-07-29T23:50:46
2017-12-27,1.6283,1.6283,eastmoney_f10,2026-07-29T23:50:46
2017-12-28,1.631,1.631,eastmoney_f10,2026-07-29T23:50:46
2017-12-29,1.6211,1.6211,eastmoney_f10,2026-07-29T23:50:46
2017-12-31,1.621,1.621,eastmoney_f10,2026-07-29T23:50:46
2018-01-02,1.6277,1.6277,eastmoney_f10,2026-07-29T23:50:46
2018-01-03,1.6343,1.6343,eastmoney_f10,2026-07-29T23:50:46
2018-01-04,1.6441,1.6441,eastmoney_f10,2026-07-29T23:50:46
2018-01-05,1.6524,1.6524,eastmoney_f10,2026-07-29T23:50:46
2018-01-08,1.653,1.653,eastmoney_f10,2026-07-29T23:50:46
2018-01-09,1.6589,1.6589,eastmoney_f10,2026-07-29T23:50:46
2018-01-10,1.6629,1.6629,eastmoney_f10,2026-07-29T23:50:46
2018-01-11,1.6731,1.6731,eastmoney_f10,2026-07-29T23:50:46
2018-01-12,1.679,1.679,eastmoney_f10,2026-07-29T23:50:46
2018-01-16,1.659,1.659,eastmoney_f10,2026-07-29T23:50:46
2018-01-17,1.6734,1.6734,eastmoney_f10,2026-07-29T23:50:46
2018-01-18,1.6724,1.6724,eastmoney_f10,2026-07-29T23:50:46
2018-01-19,1.6739,1.6739,eastmoney_f10,2026-07-29T23:50:46
2018-01-22,1.6856,1.6856,eastmoney_f10,2026-07-29T23:50:46
2018-01-23,1.6866,1.6866,eastmoney_f10,2026-07-29T23:50:46
2018-01-24,1.6833,1.6833,eastmoney_f10,2026-07-29T23:50:46
2018-01-25,1.6793,1.6793,eastmoney_f10,2026-07-29T23:50:46
2018-01-26,1.6916,1.6916,eastmoney_f10,2026-07-29T23:50:46
2018-01-29,1.6758,1.6758,eastmoney_f10,2026-07-29T23:50:46
2018-01-30,1.6588,1.6588,eastmoney_f10,2026-07-29T23:50:46
2018-01-31,1.6604,1.6604,eastmoney_f10,2026-07-29T23:50:46
2018-02-01,1.6516,1.6516,eastmoney_f10,2026-07-29T23:50:46
2018-02-02,1.6124,1.6124,eastmoney_f10,2026-07-29T23:50:46
2018-02-05,1.549,1.549,eastmoney_f10,2026-07-29T23:50:46
2018-02-06,1.5781,1.5781,eastmoney_f10,2026-07-29T23:50:46
2018-02-07,1.5653,1.5653,eastmoney_f10,2026-07-29T23:50:46
2018-02-08,1.5058,1.5058,eastmoney_f10,2026-07-29T23:50:46
2018-02-09,1.5372,1.5372,eastmoney_f10,2026-07-29T23:50:46
2018-02-12,1.5533,1.5533,eastmoney_f10,2026-07-29T23:50:46
2018-02-13,1.5637,1.5637,eastmoney_f10,2026-07-29T23:50:46
2018-02-14,1.5894,1.5894,eastmoney_f10,2026-07-29T23:50:46
2018-02-22,1.5957,1.5957,eastmoney_f10,2026-07-29T23:50:46
2018-02-23,1.6197,1.6197,eastmoney_f10,2026-07-29T23:50:46
2018-02-26,1.6361,1.6361,eastmoney_f10,2026-07-29T23:50:46
2018-02-27,1.6095,1.6095,eastmoney_f10,2026-07-29T23:50:46
2018-02-28,1.5954,1.5954,eastmoney_f10,2026-07-29T23:50:46
2018-03-01,1.5757,1.5757,eastmoney_f10,2026-07-29T23:50:46
2018-03-02,1.5833,1.5833,eastmoney_f10,2026-07-29T23:50:46
2018-03-05,1.603,1.603,eastmoney_f10,2026-07-29T23:50:46
2018-03-06,1.6061,1.6061,eastmoney_f10,2026-07-29T23:50:46
2018-03-07,1.6031,1.6031,eastmoney_f10,2026-07-29T23:50:46
2018-03-08,1.6093,1.6093,eastmoney_f10,2026-07-29T23:50:46
2018-03-09,1.6424,1.6424,eastmoney_f10,2026-07-29T23:50:46
2018-03-12,1.6372,1.6372,eastmoney_f10,2026-07-29T23:50:46
2018-03-13,1.624,1.624,eastmoney_f10,2026-07-29T23:50:46
2018-03-14,1.6146,1.6146,eastmoney_f10,2026-07-29T23:50:46
2018-03-15,1.6119,1.6119,eastmoney_f10,2026-07-29T23:50:46
2018-03-16,1.6195,1.6195,eastmoney_f10,2026-07-29T23:50:46
2018-03-19,1.596,1.596,eastmoney_f10,2026-07-29T23:50:46
2018-03-20,1.5964,1.5964,eastmoney_f10,2026-07-29T23:50:46
2018-03-21,1.5973,1.5973,eastmoney_f10,2026-07-29T23:50:46
2018-03-22,1.5514,1.5514,eastmoney_f10,2026-07-29T23:50:46
2018-03-23,1.5214,1.5214,eastmoney_f10,2026-07-29T23:50:46
2018-03-26,1.5602,1.5602,eastmoney_f10,2026-07-29T23:50:46
2018-03-27,1.5245,1.5245,eastmoney_f10,2026-07-29T23:50:46
2018-03-28,1.5195,1.5195,eastmoney_f10,2026-07-29T23:50:46
2018-03-29,1.5466,1.5466,eastmoney_f10,2026-07-29T23:50:46
2018-04-02,1.5052,1.5052,eastmoney_f10,2026-07-29T23:50:46
2018-04-03,1.5259,1.5259,eastmoney_f10,2026-07-29T23:50:46
2018-04-04,1.5459,1.5459,eastmoney_f10,2026-07-29T23:50:46
2018-04-09,1.5323,1.5323,eastmoney_f10,2026-07-29T23:50:46
2018-04-10,1.5566,1.5566,eastmoney_f10,2026-07-29T23:50:46
2018-04-11,1.5443,1.5443,eastmoney_f10,2026-07-29T23:50:46
2018-04-12,1.5552,1.5552,eastmoney_f10,2026-07-29T23:50:46
2018-04-13,1.5523,1.5523,eastmoney_f10,2026-07-29T23:50:46
2018-04-16,1.5645,1.5645,eastmoney_f10,2026-07-29T23:50:46
2018-04-17,1.5782,1.5782,eastmoney_f10,2026-07-29T23:50:46
2018-04-18,1.5807,1.5807,eastmoney_f10,2026-07-29T23:50:46
2018-04-19,1.572,1.572,eastmoney_f10,2026-07-29T23:50:46
2018-04-20,1.5602,1.5602,eastmoney_f10,2026-07-29T23:50:46
2018-04-23,1.5634,1.5634,eastmoney_f10,2026-07-29T23:50:46
2018-04-24,1.5473,1.5473,eastmoney_f10,2026-07-29T23:50:46
2018-04-25,1.5462,1.5462,eastmoney_f10,2026-07-29T23:50:46
2018-04-26,1.5676,1.5676,eastmoney_f10,2026-07-29T23:50:46
2018-04-27,1.572,1.572,eastmoney_f10,2026-07-29T23:50:46
2018-05-02,1.5581,1.5581,eastmoney_f10,2026-07-29T23:50:46
2018-05-03,1.5564,1.5564,eastmoney_f10,2026-07-29T23:50:46
2018-05-04,1.5712,1.5712,eastmoney_f10,2026-07-29T23:50:46
2018-05-07,1.578,1.578,eastmoney_f10,2026-07-29T23:50:46
2018-05-08,1.5797,1.5797,eastmoney_f10,2026-07-29T23:50:46
2018-05-09,1.5965,1.5965,eastmoney_f10,2026-07-29T23:50:46
2018-05-10,1.6125,1.6125,eastmoney_f10,2026-07-29T23:50:46
2018-05-11,1.6097,1.6097,eastmoney_f10,2026-07-29T23:50:46
2018-05-14,1.6066,1.6066,eastmoney_f10,2026-07-29T23:50:46
2018-05-15,1.5991,1.5991,eastmoney_f10,2026-07-29T23:50:46
2018-05-16,1.6124,1.6124,eastmoney_f10,2026-07-29T23:50:46
2018-05-17,1.6097,1.6097,eastmoney_f10,2026-07-29T23:50:46
2018-05-18,1.6077,1.6077,eastmoney_f10,2026-07-29T23:50:46
2018-05-21,1.6217,1.6217,eastmoney_f10,2026-07-29T23:50:46
2018-05-22,1.6153,1.6153,eastmoney_f10,2026-07-29T23:50:46
2018-05-23,1.6198,1.6198,eastmoney_f10,2026-07-29T23:50:46
2018-05-24,1.6176,1.6176,eastmoney_f10,2026-07-29T23:50:46
2018-05-25,1.6151,1.6151,eastmoney_f10,2026-07-29T23:50:46
2018-05-29,1.6003,1.6003,eastmoney_f10,2026-07-29T23:50:46
2018-05-30,1.6254,1.6254,eastmoney_f10,2026-07-29T23:50:46
2018-05-31,1.6129,1.6129,eastmoney_f10,2026-07-29T23:50:46
2018-06-01,1.6288,1.6288,eastmoney_f10,2026-07-29T23:50:46
2018-06-04,1.6393,1.6393,eastmoney_f10,2026-07-29T23:50:46
2018-06-05,1.6393,1.6393,eastmoney_f10,2026-07-29T23:50:46
2018-06-06,1.6503,1.6503,eastmoney_f10,2026-07-29T23:50:46
2018-06-07,1.6463,1.6463,eastmoney_f10,2026-07-29T23:50:46
2018-06-08,1.6535,1.6535,eastmoney_f10,2026-07-29T23:50:46
2018-06-11,1.6567,1.6567,eastmoney_f10,2026-07-29T23:50:46
2018-06-12,1.6608,1.6608,eastmoney_f10,2026-07-29T23:50:46
2018-06-13,1.6549,1.6549,eastmoney_f10,2026-07-29T23:50:46
2018-06-14,1.6544,1.6544,eastmoney_f10,2026-07-29T23:50:46
2018-06-15,1.6612,1.6612,eastmoney_f10,2026-07-29T23:50:46
2018-06-19,1.6492,1.6492,eastmoney_f10,2026-07-29T23:50:46
2018-06-20,1.6608,1.6608,eastmoney_f10,2026-07-29T23:50:46
2018-06-21,1.6534,1.6534,eastmoney_f10,2026-07-29T23:50:46
2018-06-22,1.6589,1.6589,eastmoney_f10,2026-07-29T23:50:46
2018-06-25,1.6382,1.6382,eastmoney_f10,2026-07-29T23:50:46
2018-06-26,1.6489,1.6489,eastmoney_f10,2026-07-29T23:50:46
2018-06-27,1.6441,1.6441,eastmoney_f10,2026-07-29T23:50:46
2018-06-28,1.6639,1.6639,eastmoney_f10,2026-07-29T23:50:46
2018-06-29,1.6702,1.6702,eastmoney_f10,2026-07-29T23:50:46
2018-06-30,1.6701,1.6701,eastmoney_f10,2026-07-29T23:50:46
2018-07-02,1.6749,1.6749,eastmoney_f10,2026-07-29T23:50:46
2018-07-03,1.6749,1.6749,eastmoney_f10,2026-07-29T23:50:46
2018-07-05,1.6818,1.6818,eastmoney_f10,2026-07-29T23:50:46
2018-07-06,1.6999,1.6999,eastmoney_f10,2026-07-29T23:50:46
2018-07-09,1.7165,1.7165,eastmoney_f10,2026-07-29T23:50:46
2018-07-10,1.7189,1.7189,eastmoney_f10,2026-07-29T23:50:46
2018-07-11,1.706,1.706,eastmoney_f10,2026-07-29T23:50:46
2018-07-12,1.7335,1.7335,eastmoney_f10,2026-07-29T23:50:46
2018-07-13,1.7353,1.7353,eastmoney_f10,2026-07-29T23:50:46
2018-07-16,1.7341,1.7341,eastmoney_f10,2026-07-29T23:50:46
2018-07-17,1.7427,1.7427,eastmoney_f10,2026-07-29T23:50:46
2018-07-18,1.7488,1.7488,eastmoney_f10,2026-07-29T23:50:46
2018-07-19,1.7458,1.7458,eastmoney_f10,2026-07-29T23:50:46
2018-07-20,1.7596,1.7596,eastmoney_f10,2026-07-29T23:50:46
2018-07-23,1.7608,1.7608,eastmoney_f10,2026-07-29T23:50:46
2018-07-24,1.7768,1.7768,eastmoney_f10,2026-07-29T23:50:46
2018-07-25,1.7967,1.7967,eastmoney_f10,2026-07-29T23:50:46
2018-07-26,1.7817,1.7817,eastmoney_f10,2026-07-29T23:50:46
2018-07-27,1.7769,1.7769,eastmoney_f10,2026-07-29T23:50:46
2018-07-30,1.7715,1.7715,eastmoney_f10,2026-07-29T23:50:46
2018-07-31,1.781,1.781,eastmoney_f10,2026-07-29T23:50:46
2018-08-01,1.7822,1.7822,eastmoney_f10,2026-07-29T23:50:46
2018-08-02,1.782,1.782,eastmoney_f10,2026-07-29T23:50:46
2018-08-03,1.8004,1.8004,eastmoney_f10,2026-07-29T23:50:46
2018-08-06,1.8118,1.8118,eastmoney_f10,2026-07-29T23:50:46
2018-08-07,1.8147,1.8147,eastmoney_f10,2026-07-29T23:50:46
2018-08-08,1.8109,1.8109,eastmoney_f10,2026-07-29T23:50:46
2018-08-09,1.8086,1.8086,eastmoney_f10,2026-07-29T23:50:46
2018-08-10,1.7983,1.7983,eastmoney_f10,2026-07-29T23:50:46
2018-08-13,1.7971,1.7971,eastmoney_f10,2026-07-29T23:50:46
2018-08-14,1.8103,1.8103,eastmoney_f10,2026-07-29T23:50:46
2018-08-15,1.8008,1.8008,eastmoney_f10,2026-07-29T23:50:46
2018-08-16,1.8177,1.8177,eastmoney_f10,2026-07-29T23:50:46
2018-08-17,1.8223,1.8223,eastmoney_f10,2026-07-29T23:50:46
2018-08-20,1.8221,1.8221,eastmoney_f10,2026-07-29T23:50:46
2018-08-21,1.8164,1.8164,eastmoney_f10,2026-07-29T23:50:46
2018-08-22,1.8133,1.8133,eastmoney_f10,2026-07-29T23:50:46
2018-08-23,1.8128,1.8128,eastmoney_f10,2026-07-29T23:50:46
2018-08-24,1.8331,1.8331,eastmoney_f10,2026-07-29T23:50:46
2018-08-27,1.8418,1.8418,eastmoney_f10,2026-07-29T23:50:46
2018-08-28,1.8302,1.8302,eastmoney_f10,2026-07-29T23:50:46
2018-08-29,1.8412,1.8412,eastmoney_f10,2026-07-29T23:50:46
2018-08-30,1.8343,1.8343,eastmoney_f10,2026-07-29T23:50:46
2018-08-31,1.8382,1.8382,eastmoney_f10,2026-07-29T23:50:46
2018-09-04,1.8334,1.8334,eastmoney_f10,2026-07-29T23:50:46
2018-09-05,1.8305,1.8305,eastmoney_f10,2026-07-29T23:50:46
2018-09-06,1.823,1.823,eastmoney_f10,2026-07-29T23:50:46
2018-09-07,1.819,1.819,eastmoney_f10,2026-07-29T23:50:46
2018-09-10,1.8269,1.8269,eastmoney_f10,2026-07-29T23:50:46
2018-09-11,1.8363,1.8363,eastmoney_f10,2026-07-29T23:50:46
2018-09-12,1.8384,1.8384,eastmoney_f10,2026-07-29T23:50:46
2018-09-13,1.8469,1.8469,eastmoney_f10,2026-07-29T23:50:46
2018-09-14,1.8443,1.8443,eastmoney_f10,2026-07-29T23:50:46
2018-09-17,1.8378,1.8378,eastmoney_f10,2026-07-29T23:50:46
2018-09-18,1.8487,1.8487,eastmoney_f10,2026-07-29T23:50:46
2018-09-19,1.8514,1.8514,eastmoney_f10,2026-07-29T23:50:46
2018-09-20,1.8649,1.8649,eastmoney_f10,2026-07-29T23:50:46
2018-09-21,1.8596,1.8596,eastmoney_f10,2026-07-29T23:50:46
2018-09-25,1.8529,1.8529,eastmoney_f10,2026-07-29T23:50:46
2018-09-26,1.8502,1.8502,eastmoney_f10,2026-07-29T23:50:46
2018-09-27,1.8574,1.8574,eastmoney_f10,2026-07-29T23:50:46
2018-09-28,1.8613,1.8613,eastmoney_f10,2026-07-29T23:50:46
2018-10-08,1.8468,1.8468,eastmoney_f10,2026-07-29T23:50:46
2018-10-09,1.8461,1.8461,eastmoney_f10,2026-07-29T23:50:46
2018-10-10,1.7868,1.7868,eastmoney_f10,2026-07-29T23:50:46
2018-10-11,1.7511,1.7511,eastmoney_f10,2026-07-29T23:50:46
2018-10-12,1.7762,1.7762,eastmoney_f10,2026-07-29T23:50:46
2018-10-15,1.7663,1.7663,eastmoney_f10,2026-07-29T23:50:46
2018-10-16,1.8039,1.8039,eastmoney_f10,2026-07-29T23:50:46
2018-10-17,1.803,1.803,eastmoney_f10,2026-07-29T23:50:46
2018-10-18,1.7814,1.7814,eastmoney_f10,2026-07-29T23:50:46
2018-10-19,1.7836,1.7836,eastmoney_f10,2026-07-29T23:50:46
2018-10-22,1.7719,1.7719,eastmoney_f10,2026-07-29T23:50:46
2018-10-23,1.7649,1.7649,eastmoney_f10,2026-07-29T23:50:46
2018-10-24,1.7112,1.7112,eastmoney_f10,2026-07-29T23:50:46
2018-10-25,1.7438,1.7438,eastmoney_f10,2026-07-29T23:50:46
2018-10-26,1.7166,1.7166,eastmoney_f10,2026-07-29T23:50:46
2018-10-29,1.7019,1.7019,eastmoney_f10,2026-07-29T23:50:46
2018-10-30,1.7335,1.7335,eastmoney_f10,2026-07-29T23:50:46
2018-10-31,1.754,1.754,eastmoney_f10,2026-07-29T23:50:46
2018-11-01,1.7731,1.7731,eastmoney_f10,2026-07-29T23:50:46
2018-11-02,1.7546,1.7546,eastmoney_f10,2026-07-29T23:50:46
2018-11-05,1.7543,1.7543,eastmoney_f10,2026-07-29T23:50:46
2018-11-06,1.7679,1.7679,eastmoney_f10,2026-07-29T23:50:46
2018-11-07,1.805,1.805,eastmoney_f10,2026-07-29T23:50:46
2018-11-08,1.8038,1.8038,eastmoney_f10,2026-07-29T23:50:46
2018-11-09,1.7915,1.7915,eastmoney_f10,2026-07-29T23:50:46
2018-11-12,1.7599,1.7599,eastmoney_f10,2026-07-29T23:50:46
2018-11-13,1.7612,1.7612,eastmoney_f10,2026-07-29T23:50:46
2018-11-14,1.7424,1.7424,eastmoney_f10,2026-07-29T23:50:46
2018-11-15,1.7612,1.7612,eastmoney_f10,2026-07-29T23:50:46
2018-11-16,1.7648,1.7648,eastmoney_f10,2026-07-29T23:50:46
2018-11-19,1.7321,1.7321,eastmoney_f10,2026-07-29T23:50:46
2018-11-20,1.7014,1.7014,eastmoney_f10,2026-07-29T23:50:46
2018-11-21,1.7108,1.7108,eastmoney_f10,2026-07-29T23:50:46
2018-11-23,1.696,1.696,eastmoney_f10,2026-07-29T23:50:46
2018-11-26,1.7262,1.7262,eastmoney_f10,2026-07-29T23:50:46
2018-11-27,1.7322,1.7322,eastmoney_f10,2026-07-29T23:50:46
2018-11-28,1.7728,1.7728,eastmoney_f10,2026-07-29T23:50:46
2018-11-29,1.7656,1.7656,eastmoney_f10,2026-07-29T23:50:46
2018-11-30,1.78,1.78,eastmoney_f10,2026-07-29T23:50:46
2018-12-03,1.8009,1.8009,eastmoney_f10,2026-07-29T23:50:46
2018-12-04,1.7306,1.7306,eastmoney_f10,2026-07-29T23:50:46
2018-12-06,1.7198,1.7198,eastmoney_f10,2026-07-29T23:50:46
2018-12-07,1.6818,1.6818,eastmoney_f10,2026-07-29T23:50:46
2018-12-10,1.6854,1.6854,eastmoney_f10,2026-07-29T23:50:46
2018-12-11,1.6924,1.6924,eastmoney_f10,2026-07-29T23:50:46
2018-12-12,1.7031,1.7031,eastmoney_f10,2026-07-29T23:50:46
2018-12-13,1.6956,1.6956,eastmoney_f10,2026-07-29T23:50:46
2018-12-14,1.6638,1.6638,eastmoney_f10,2026-07-29T23:50:46
2018-12-17,1.6337,1.6337,eastmoney_f10,2026-07-29T23:50:46
2018-12-18,1.6322,1.6322,eastmoney_f10,2026-07-29T23:50:46
2018-12-19,1.6077,1.6077,eastmoney_f10,2026-07-29T23:50:46
2018-12-20,1.5845,1.5845,eastmoney_f10,2026-07-29T23:50:46
2018-12-21,1.5499,1.5499,eastmoney_f10,2026-07-29T23:50:46
2018-12-24,1.5116,1.5116,eastmoney_f10,2026-07-29T23:50:46
2018-12-26,1.5814,1.5814,eastmoney_f10,2026-07-29T23:50:46
2018-12-27,1.5963,1.5963,eastmoney_f10,2026-07-29T23:50:46
2018-12-28,1.5885,1.5885,eastmoney_f10,2026-07-29T23:50:46
2018-12-31,1.6019,1.6019,eastmoney_f10,2026-07-29T23:50:46
2019-01-02,1.6004,1.6004,eastmoney_f10,2026-07-29T23:50:46
2019-01-03,1.5645,1.5645,eastmoney_f10,2026-07-29T23:50:46
2019-01-04,1.6179,1.6179,eastmoney_f10,2026-07-29T23:50:46
2019-01-07,1.6276,1.6276,eastmoney_f10,2026-07-29T23:50:46
2019-01-08,1.6407,1.6407,eastmoney_f10,2026-07-29T23:50:46
2019-01-09,1.6507,1.6507,eastmoney_f10,2026-07-29T23:50:46
2019-01-10,1.6495,1.6495,eastmoney_f10,2026-07-29T23:50:46
2019-01-11,1.6434,1.6434,eastmoney_f10,2026-07-29T23:50:46
2019-01-14,1.6266,1.6266,eastmoney_f10,2026-07-29T23:50:46
2019-01-15,1.6436,1.6436,eastmoney_f10,2026-07-29T23:50:46
2019-01-16,1.649,1.649,eastmoney_f10,2026-07-29T23:50:46
2019-01-17,1.661,1.661,eastmoney_f10,2026-07-29T23:50:46
2019-01-18,1.6847,1.6847,eastmoney_f10,2026-07-29T23:50:46
2019-01-22,1.6653,1.6653,eastmoney_f10,2026-07-29T23:50:46
2019-01-23,1.6718,1.6718,eastmoney_f10,2026-07-29T23:50:46
2019-01-24,1.67,1.67,eastmoney_f10,2026-07-29T23:50:46
2019-01-25,1.6874,1.6874,eastmoney_f10,2026-07-29T23:50:46
2019-01-28,1.6629,1.6629,eastmoney_f10,2026-07-29T23:50:46
2019-01-29,1.6578,1.6578,eastmoney_f10,2026-07-29T23:50:46
2019-01-30,1.6833,1.6833,eastmoney_f10,2026-07-29T23:50:46
2019-01-31,1.6902,1.6902,eastmoney_f10,2026-07-29T23:50:46
2019-02-01,1.6932,1.6932,eastmoney_f10,2026-07-29T23:50:46
2019-02-11,1.7058,1.7058,eastmoney_f10,2026-07-29T23:50:46
2019-02-12,1.7346,1.7346,eastmoney_f10,2026-07-29T23:50:46
2019-02-13,1.7376,1.7376,eastmoney_f10,2026-07-29T23:50:46
2019-02-14,1.7353,1.7353,eastmoney_f10,2026-07-29T23:50:46
2019-02-15,1.7514,1.7514,eastmoney_f10,2026-07-29T23:50:46
2019-02-19,1.7544,1.7544,eastmoney_f10,2026-07-29T23:50:46
2019-02-20,1.7555,1.7555,eastmoney_f10,2026-07-29T23:50:46
2019-02-21,1.7407,1.7407,eastmoney_f10,2026-07-29T23:50:46
2019-02-22,1.7501,1.7501,eastmoney_f10,2026-07-29T23:50:46
2019-02-25,1.7518,1.7518,eastmoney_f10,2026-07-29T23:50:46
2019-02-26,1.7457,1.7457,eastmoney_f10,2026-07-29T23:50:46
2019-02-27,1.7425,1.7425,eastmoney_f10,2026-07-29T23:50:46
2019-02-28,1.739,1.739,eastmoney_f10,2026-07-29T23:50:46
2019-03-01,1.7525,1.7525,eastmoney_f10,2026-07-29T23:50:46
2019-03-04,1.7477,1.7477,eastmoney_f10,2026-07-29T23:50:46
2019-03-05,1.7446,1.7446,eastmoney_f10,2026-07-29T23:50:46
2019-03-06,1.7345,1.7345,eastmoney_f10,2026-07-29T23:50:46
2019-03-07,1.7222,1.7222,eastmoney_f10,2026-07-29T23:50:46
2019-03-08,1.7215,1.7215,eastmoney_f10,2026-07-29T23:50:46
2019-03-11,1.7457,1.7457,eastmoney_f10,2026-07-29T23:50:46
2019-03-12,1.749,1.749,eastmoney_f10,2026-07-29T23:50:46
2019-03-13,1.761,1.761,eastmoney_f10,2026-07-29T23:50:46
2019-03-14,1.7571,1.7571,eastmoney_f10,2026-07-29T23:50:46
2019-03-15,1.7702,1.7702,eastmoney_f10,2026-07-29T23:50:46
2019-03-18,1.7746,1.7746,eastmoney_f10,2026-07-29T23:50:46
2019-03-19,1.7737,1.7737,eastmoney_f10,2026-07-29T23:50:46
2019-03-20,1.7694,1.7694,eastmoney_f10,2026-07-29T23:50:46
2019-03-21,1.782,1.782,eastmoney_f10,2026-07-29T23:50:46
2019-03-22,1.7507,1.7507,eastmoney_f10,2026-07-29T23:50:46
2019-03-25,1.7532,1.7532,eastmoney_f10,2026-07-29T23:50:46
2019-03-26,1.7643,1.7643,eastmoney_f10,2026-07-29T23:50:46
2019-03-27,1.7587,1.7587,eastmoney_f10,2026-07-29T23:50:46
2019-03-28,1.7684,1.7684,eastmoney_f10,2026-07-29T23:50:46
2019-03-29,1.7821,1.7821,eastmoney_f10,2026-07-29T23:50:46
2019-04-01,1.7987,1.7987,eastmoney_f10,2026-07-29T23:50:46
2019-04-02,1.7978,1.7978,eastmoney_f10,2026-07-29T23:50:46
2019-04-03,1.8026,1.8026,eastmoney_f10,2026-07-29T23:50:46
2019-04-04,1.8029,1.8029,eastmoney_f10,2026-07-29T23:50:46
2019-04-08,1.817,1.817,eastmoney_f10,2026-07-29T23:50:46
2019-04-09,1.805,1.805,eastmoney_f10,2026-07-29T23:50:46
2019-04-10,1.8105,1.8105,eastmoney_f10,2026-07-29T23:50:46
2019-04-11,1.8099,1.8099,eastmoney_f10,2026-07-29T23:50:46
2019-04-12,1.8256,1.8256,eastmoney_f10,2026-07-29T23:50:46
2019-04-15,1.8215,1.8215,eastmoney_f10,2026-07-29T23:50:46
2019-04-16,1.8219,1.8219,eastmoney_f10,2026-07-29T23:50:46
2019-04-17,1.8181,1.8181,eastmoney_f10,2026-07-29T23:50:46
2019-04-18,1.8158,1.8158,eastmoney_f10,2026-07-29T23:50:46
2019-04-22,1.8207,1.8207,eastmoney_f10,2026-07-29T23:50:46
2019-04-23,1.8381,1.8381,eastmoney_f10,2026-07-29T23:50:46
2019-04-24,1.8373,1.8373,eastmoney_f10,2026-07-29T23:50:46
2019-04-25,1.8392,1.8392,eastmoney_f10,2026-07-29T23:50:46
2019-04-26,1.8479,1.8479,eastmoney_f10,2026-07-29T23:50:46
2019-04-29,1.8498,1.8498,eastmoney_f10,2026-07-29T23:50:46
2019-04-30,1.851,1.851,eastmoney_f10,2026-07-29T23:50:46
2019-05-06,1.8445,1.8445,eastmoney_f10,2026-07-29T23:50:46
2019-05-07,1.8213,1.8213,eastmoney_f10,2026-07-29T23:50:46
2019-05-08,1.818,1.818,eastmoney_f10,2026-07-29T23:50:46
2019-05-09,1.8147,1.8147,eastmoney_f10,2026-07-29T23:50:46
2019-05-10,1.8285,1.8285,eastmoney_f10,2026-07-29T23:50:46
2019-05-13,1.785,1.785,eastmoney_f10,2026-07-29T23:50:46
2019-05-14,1.8103,1.8103,eastmoney_f10,2026-07-29T23:50:46
2019-05-15,1.8285,1.8285,eastmoney_f10,2026-07-29T23:50:46
2019-05-16,1.846,1.846,eastmoney_f10,2026-07-29T23:50:46
2019-05-17,1.8396,1.8396,eastmoney_f10,2026-07-29T23:50:46
2019-05-20,1.8305,1.8305,eastmoney_f10,2026-07-29T23:50:46
2019-05-21,1.8459,1.8459,eastmoney_f10,2026-07-29T23:50:46
2019-05-22,1.8407,1.8407,eastmoney_f10,2026-07-29T23:50:46
2019-05-23,1.819,1.819,eastmoney_f10,2026-07-29T23:50:46
2019-05-24,1.8218,1.8218,eastmoney_f10,2026-07-29T23:50:46
2019-05-28,1.8058,1.8058,eastmoney_f10,2026-07-29T23:50:46
2019-05-29,1.7935,1.7935,eastmoney_f10,2026-07-29T23:50:46
2019-05-30,1.7976,1.7976,eastmoney_f10,2026-07-29T23:50:46
2019-05-31,1.7742,1.7742,eastmoney_f10,2026-07-29T23:50:46
2019-06-03,1.7667,1.7667,eastmoney_f10,2026-07-29T23:50:46
2019-06-04,1.8026,1.8026,eastmoney_f10,2026-07-29T23:50:46
2019-06-05,1.8195,1.8195,eastmoney_f10,2026-07-29T23:50:46
2019-06-06,1.8323,1.8323,eastmoney_f10,2026-07-29T23:50:46
2019-06-10,1.8596,1.8596,eastmoney_f10,2026-07-29T23:50:46
2019-06-11,1.8589,1.8589,eastmoney_f10,2026-07-29T23:50:46
2019-06-12,1.8552,1.8552,eastmoney_f10,2026-07-29T23:50:46
2019-06-13,1.8633,1.8633,eastmoney_f10,2026-07-29T23:50:46
2019-06-14,1.8606,1.8606,eastmoney_f10,2026-07-29T23:50:46
2019-06-17,1.8622,1.8622,eastmoney_f10,2026-07-29T23:50:46
2019-06-18,1.8804,1.8804,eastmoney_f10,2026-07-29T23:50:46
2019-06-19,1.8846,1.8846,eastmoney_f10,2026-07-29T23:50:46
2019-06-20,1.9,1.9,eastmoney_f10,2026-07-29T23:50:46
2019-06-21,1.8884,1.8884,eastmoney_f10,2026-07-29T23:50:46
2019-06-24,1.886,1.886,eastmoney_f10,2026-07-29T23:50:46
2019-06-25,1.87,1.87,eastmoney_f10,2026-07-29T23:50:46
2019-06-26,1.871,1.871,eastmoney_f10,2026-07-29T23:50:46
2019-06-27,1.8805,1.8805,eastmoney_f10,2026-07-29T23:50:46
2019-06-28,1.8902,1.8902,eastmoney_f10,2026-07-29T23:50:46
2019-06-30,1.8901,1.8901,eastmoney_f10,2026-07-29T23:50:46
2019-07-01,1.9037,1.9037,eastmoney_f10,2026-07-29T23:50:46
2019-07-02,1.9036,1.9036,eastmoney_f10,2026-07-29T23:50:46
2019-07-03,1.9223,1.9223,eastmoney_f10,2026-07-29T23:50:46
2019-07-05,1.9203,1.9203,eastmoney_f10,2026-07-29T23:50:46
2019-07-08,1.9161,1.9161,eastmoney_f10,2026-07-29T23:50:46
2019-07-09,1.9183,1.9183,eastmoney_f10,2026-07-29T23:50:46
2019-07-10,1.9271,1.9271,eastmoney_f10,2026-07-29T23:50:46
2019-07-11,1.9265,1.9265,eastmoney_f10,2026-07-29T23:50:46
2019-07-12,1.935,1.935,eastmoney_f10,2026-07-29T23:50:46
2019-07-15,1.9356,1.9356,eastmoney_f10,2026-07-29T23:50:46
2019-07-16,1.93,1.93,eastmoney_f10,2026-07-29T23:50:46
2019-07-17,1.9205,1.9205,eastmoney_f10,2026-07-29T23:50:46
2019-07-18,1.9257,1.9257,eastmoney_f10,2026-07-29T23:50:46
2019-07-19,1.9104,1.9104,eastmoney_f10,2026-07-29T23:50:46
2019-07-22,1.9191,1.9191,eastmoney_f10,2026-07-29T23:50:46
2019-07-23,1.9337,1.9337,eastmoney_f10,2026-07-29T23:50:46
2019-07-24,1.9439,1.9439,eastmoney_f10,2026-07-29T23:50:46
2019-07-25,1.9304,1.9304,eastmoney_f10,2026-07-29T23:50:46
2019-07-26,1.946,1.946,eastmoney_f10,2026-07-29T23:50:46
2019-07-29,1.9435,1.9435,eastmoney_f10,2026-07-29T23:50:46
2019-07-30,1.9396,1.9396,eastmoney_f10,2026-07-29T23:50:46
2019-07-31,1.918,1.918,eastmoney_f10,2026-07-29T23:50:46
2019-08-01,1.9034,1.9034,eastmoney_f10,2026-07-29T23:50:46
2019-08-02,1.8914,1.8914,eastmoney_f10,2026-07-29T23:50:46
2019-08-05,1.8408,1.8408,eastmoney_f10,2026-07-29T23:50:46
2019-08-06,1.8769,1.8769,eastmoney_f10,2026-07-29T23:50:46
2019-08-07,1.8862,1.8862,eastmoney_f10,2026-07-29T23:50:46
2019-08-08,1.9233,1.9233,eastmoney_f10,2026-07-29T23:50:46
2019-08-09,1.913,1.913,eastmoney_f10,2026-07-29T23:50:46
2019-08-12,1.8922,1.8922,eastmoney_f10,2026-07-29T23:50:46
2019-08-13,1.9232,1.9232,eastmoney_f10,2026-07-29T23:50:46
2019-08-14,1.8668,1.8668,eastmoney_f10,2026-07-29T23:50:46
2019-08-15,1.8705,1.8705,eastmoney_f10,2026-07-29T23:50:46
2019-08-16,1.8989,1.8989,eastmoney_f10,2026-07-29T23:50:46
2019-08-19,1.9229,1.9229,eastmoney_f10,2026-07-29T23:50:46
2019-08-20,1.9101,1.9101,eastmoney_f10,2026-07-29T23:50:46
2019-08-21,1.9255,1.9255,eastmoney_f10,2026-07-29T23:50:46
2019-08-22,1.9259,1.9259,eastmoney_f10,2026-07-29T23:50:46
2019-08-23,1.8784,1.8784,eastmoney_f10,2026-07-29T23:50:46
2019-08-26,1.8989,1.8989,eastmoney_f10,2026-07-29T23:50:46
2019-08-27,1.8985,1.8985,eastmoney_f10,2026-07-29T23:50:46
2019-08-28,1.9118,1.9118,eastmoney_f10,2026-07-29T23:50:46
2019-08-29,1.9367,1.9367,eastmoney_f10,2026-07-29T23:50:46
2019-08-30,1.938,1.938,eastmoney_f10,2026-07-29T23:50:46
2019-09-03,1.9247,1.9247,eastmoney_f10,2026-07-29T23:50:46
2019-09-04,1.9455,1.9455,eastmoney_f10,2026-07-29T23:50:46
2019-09-05,1.9701,1.9701,eastmoney_f10,2026-07-29T23:50:46
2019-09-06,1.9722,1.9722,eastmoney_f10,2026-07-29T23:50:46
2019-09-09,1.9718,1.9718,eastmoney_f10,2026-07-29T23:50:46
2019-09-10,1.9722,1.9722,eastmoney_f10,2026-07-29T23:50:46
2019-09-11,1.9864,1.9864,eastmoney_f10,2026-07-29T23:50:46
2019-09-12,1.9925,1.9925,eastmoney_f10,2026-07-29T23:50:46
2019-09-16,1.9799,1.9799,eastmoney_f10,2026-07-29T23:50:46
2019-09-17,1.987,1.987,eastmoney_f10,2026-07-29T23:50:46
2019-09-18,1.9875,1.9875,eastmoney_f10,2026-07-29T23:50:46
2019-09-19,1.9877,1.9877,eastmoney_f10,2026-07-29T23:50:46
2019-09-20,1.9778,1.9778,eastmoney_f10,2026-07-29T23:50:46
2019-09-23,1.9779,1.9779,eastmoney_f10,2026-07-29T23:50:46
2019-09-24,1.961,1.961,eastmoney_f10,2026-07-29T23:50:46
2019-09-25,1.9728,1.9728,eastmoney_f10,2026-07-29T23:50:46
2019-09-26,1.9682,1.9682,eastmoney_f10,2026-07-29T23:50:46
2019-09-27,1.958,1.958,eastmoney_f10,2026-07-29T23:50:46
2019-09-30,1.9677,1.9677,eastmoney_f10,2026-07-29T23:50:46
2019-10-08,1.9126,1.9126,eastmoney_f10,2026-07-29T23:50:46
2019-10-09,1.9306,1.9306,eastmoney_f10,2026-07-29T23:50:46
2019-10-10,1.9432,1.9432,eastmoney_f10,2026-07-29T23:50:46
2019-10-11,1.9643,1.9643,eastmoney_f10,2026-07-29T23:50:46
2019-10-14,1.9613,1.9613,eastmoney_f10,2026-07-29T23:50:46
2019-10-15,1.9803,1.9803,eastmoney_f10,2026-07-29T23:50:46
2019-10-16,1.9774,1.9774,eastmoney_f10,2026-07-29T23:50:46
2019-10-17,1.9841,1.9841,eastmoney_f10,2026-07-29T23:50:46
2019-10-18,1.9736,1.9736,eastmoney_f10,2026-07-29T23:50:46
2019-10-21,1.9868,1.9868,eastmoney_f10,2026-07-29T23:50:46
2019-10-22,1.9793,1.9793,eastmoney_f10,2026-07-29T23:50:46
2019-10-23,1.9874,1.9874,eastmoney_f10,2026-07-29T23:50:46
2019-10-24,1.9903,1.9903,eastmoney_f10,2026-07-29T23:50:46
2019-10-25,1.999,1.999,eastmoney_f10,2026-07-29T23:50:46
2019-10-28,2.0103,2.0103,eastmoney_f10,2026-07-29T23:50:46
2019-10-29,2.0045,2.0045,eastmoney_f10,2026-07-29T23:50:46
2019-10-30,2.0103,2.0103,eastmoney_f10,2026-07-29T23:50:46
2019-10-31,2.0027,2.0027,eastmoney_f10,2026-07-29T23:50:46
2019-11-01,2.0192,2.0192,eastmoney_f10,2026-07-29T23:50:46
2019-11-04,2.025,2.025,eastmoney_f10,2026-07-29T23:50:46
2019-11-05,2.0226,2.0226,eastmoney_f10,2026-07-29T23:50:46
2019-11-06,2.0156,2.0156,eastmoney_f10,2026-07-29T23:50:46
2019-11-07,2.0198,2.0198,eastmoney_f10,2026-07-29T23:50:46
2019-11-08,2.0233,2.0233,eastmoney_f10,2026-07-29T23:50:46
2019-11-11,2.0189,2.0189,eastmoney_f10,2026-07-29T23:50:46
2019-11-12,2.0237,2.0237,eastmoney_f10,2026-07-29T23:50:46
2019-11-13,2.0263,2.0263,eastmoney_f10,2026-07-29T23:50:46
2019-11-14,2.03,2.03,eastmoney_f10,2026-07-29T23:50:46
2019-11-15,2.0461,2.0461,eastmoney_f10,2026-07-29T23:50:46
2019-11-18,2.0456,2.0456,eastmoney_f10,2026-07-29T23:50:46
2019-11-19,2.0442,2.0442,eastmoney_f10,2026-07-29T23:50:46
2019-11-20,2.0394,2.0394,eastmoney_f10,2026-07-29T23:50:46
2019-11-21,2.0391,2.0391,eastmoney_f10,2026-07-29T23:50:46
2019-11-22,2.046,2.046,eastmoney_f10,2026-07-29T23:50:46
2019-11-25,2.0639,2.0639,eastmoney_f10,2026-07-29T23:50:46
2019-11-26,2.067,2.067,eastmoney_f10,2026-07-29T23:50:46
2019-11-27,2.0757,2.0757,eastmoney_f10,2026-07-29T23:50:46
2019-11-29,2.0662,2.0662,eastmoney_f10,2026-07-29T23:50:46
2019-12-02,2.0472,2.0472,eastmoney_f10,2026-07-29T23:50:46
2019-12-03,2.0324,2.0324,eastmoney_f10,2026-07-29T23:50:46
2019-12-04,2.0495,2.0495,eastmoney_f10,2026-07-29T23:50:46
2019-12-05,2.057,2.057,eastmoney_f10,2026-07-29T23:50:46
2019-12-06,2.0717,2.0717,eastmoney_f10,2026-07-29T23:50:46
2019-12-09,2.0657,2.0657,eastmoney_f10,2026-07-29T23:50:46
2019-12-10,2.0635,2.0635,eastmoney_f10,2026-07-29T23:50:46
2019-12-11,2.069,2.069,eastmoney_f10,2026-07-29T23:50:46
2019-12-12,2.0829,2.0829,eastmoney_f10,2026-07-29T23:50:46
2019-12-13,2.0807,2.0807,eastmoney_f10,2026-07-29T23:50:46
2019-12-16,2.0883,2.0883,eastmoney_f10,2026-07-29T23:50:46
2019-12-17,2.0903,2.0903,eastmoney_f10,2026-07-29T23:50:46
2019-12-18,2.0897,2.0897,eastmoney_f10,2026-07-29T23:50:46
2019-12-19,2.1005,2.1005,eastmoney_f10,2026-07-29T23:50:46
2019-12-20,2.1105,2.1105,eastmoney_f10,2026-07-29T23:50:46
2019-12-23,2.115,2.115,eastmoney_f10,2026-07-29T23:50:46
2019-12-24,2.1147,2.1147,eastmoney_f10,2026-07-29T23:50:46
2019-12-26,2.1161,2.1161,eastmoney_f10,2026-07-29T23:50:46
2019-12-27,2.1182,2.1182,eastmoney_f10,2026-07-29T23:50:46
2019-12-30,2.104,2.104,eastmoney_f10,2026-07-29T23:50:46
2019-12-31,2.1088,2.1088,eastmoney_f10,2026-07-29T23:50:46
2020-01-02,2.1222,2.1222,eastmoney_f10,2026-07-29T23:50:46
2020-01-03,2.1094,2.1094,eastmoney_f10,2026-07-29T23:50:46
2020-01-06,2.1176,2.1176,eastmoney_f10,2026-07-29T23:50:46
2020-01-07,2.1111,2.1111,eastmoney_f10,2026-07-29T23:50:46
2020-01-08,2.1146,2.1146,eastmoney_f10,2026-07-29T23:50:46
2020-01-09,2.1303,2.1303,eastmoney_f10,2026-07-29T23:50:46
2020-01-10,2.1198,2.1198,eastmoney_f10,2026-07-29T23:50:46
2020-01-13,2.1318,2.1318,eastmoney_f10,2026-07-29T23:50:46
2020-01-14,2.1195,2.1195,eastmoney_f10,2026-07-29T23:50:46
2020-01-15,2.12,2.12,eastmoney_f10,2026-07-29T23:50:46
2020-01-16,2.1363,2.1363,eastmoney_f10,2026-07-29T23:50:46
2020-01-17,2.1468,2.1468,eastmoney_f10,2026-07-29T23:50:46
2020-01-21,2.1323,2.1323,eastmoney_f10,2026-07-29T23:50:46
2020-01-22,2.1406,2.1406,eastmoney_f10,2026-07-29T23:50:46
2020-01-23,2.1439,2.1439,eastmoney_f10,2026-07-29T23:50:46
2020-02-03,2.106,2.106,eastmoney_f10,2026-07-29T23:50:46
2020-02-04,2.1537,2.1537,eastmoney_f10,2026-07-29T23:50:46
2020-02-05,2.1792,2.1792,eastmoney_f10,2026-07-29T23:50:46
2020-02-06,2.1918,2.1918,eastmoney_f10,2026-07-29T23:50:46
2020-02-07,2.1734,2.1734,eastmoney_f10,2026-07-29T23:50:46
2020-02-10,2.1927,2.1927,eastmoney_f10,2026-07-29T23:50:46
2020-02-11,2.1974,2.1974,eastmoney_f10,2026-07-29T23:50:46
2020-02-12,2.2061,2.2061,eastmoney_f10,2026-07-29T23:50:46
2020-02-13,2.2052,2.2052,eastmoney_f10,2026-07-29T23:50:46
2020-02-14,2.2113,2.2113,eastmoney_f10,2026-07-29T23:50:46
2020-02-18,2.204,2.204,eastmoney_f10,2026-07-29T23:50:46
2020-02-19,2.2205,2.2205,eastmoney_f10,2026-07-29T23:50:46
2020-02-20,2.2123,2.2123,eastmoney_f10,2026-07-29T23:50:46
2020-02-21,2.1949,2.1949,eastmoney_f10,2026-07-29T23:50:46
2020-02-24,2.1224,2.1224,eastmoney_f10,2026-07-29T23:50:46
2020-02-25,2.0579,2.0579,eastmoney_f10,2026-07-29T23:50:46
2020-02-26,2.0467,2.0467,eastmoney_f10,2026-07-29T23:50:46
2020-02-27,1.9587,1.9587,eastmoney_f10,2026-07-29T23:50:46
2020-02-28,1.9395,1.9395,eastmoney_f10,2026-07-29T23:50:46
2020-03-02,2.0196,2.0196,eastmoney_f10,2026-07-29T23:50:46
2020-03-03,1.9561,1.9561,eastmoney_f10,2026-07-29T23:50:46
2020-03-04,2.0383,2.0383,eastmoney_f10,2026-07-29T23:50:46
2020-03-05,1.9667,1.9667,eastmoney_f10,2026-07-29T23:50:46
2020-03-06,1.9315,1.9315,eastmoney_f10,2026-07-29T23:50:46
2020-03-09,1.784,1.784,eastmoney_f10,2026-07-29T23:50:46
2020-03-10,1.8742,1.8742,eastmoney_f10,2026-07-29T23:50:46
2020-03-11,1.7891,1.7891,eastmoney_f10,2026-07-29T23:50:46
2020-03-12,1.6199,1.6199,eastmoney_f10,2026-07-29T23:50:46
2020-03-13,1.7804,1.7804,eastmoney_f10,2026-07-29T23:50:46
2020-03-16,1.5679,1.5679,eastmoney_f10,2026-07-29T23:50:46
2020-03-17,1.6614,1.6614,eastmoney_f10,2026-07-29T23:50:46
2020-03-18,1.5822,1.5822,eastmoney_f10,2026-07-29T23:50:46
2020-03-19,1.5931,1.5931,eastmoney_f10,2026-07-29T23:50:46
2020-03-20,1.5361,1.5361,eastmoney_f10,2026-07-29T23:50:46
2020-03-23,1.4889,1.4889,eastmoney_f10,2026-07-29T23:50:46
2020-03-24,1.6297,1.6297,eastmoney_f10,2026-07-29T23:50:46
2020-03-25,1.6428,1.6428,eastmoney_f10,2026-07-29T23:50:46
2020-03-26,1.7437,1.7437,eastmoney_f10,2026-07-29T23:50:46
2020-03-27,1.6789,1.6789,eastmoney_f10,2026-07-29T23:50:46
2020-03-30,1.7358,1.7358,eastmoney_f10,2026-07-29T23:50:46
2020-03-31,1.718,1.718,eastmoney_f10,2026-07-29T23:50:46
2020-04-01,1.6401,1.6401,eastmoney_f10,2026-07-29T23:50:46
2020-04-02,1.6835,1.6835,eastmoney_f10,2026-07-29T23:50:46
2020-04-03,1.661,1.661,eastmoney_f10,2026-07-29T23:50:46
2020-04-07,1.77,1.77,eastmoney_f10,2026-07-29T23:50:46
2020-04-08,1.8189,1.8189,eastmoney_f10,2026-07-29T23:50:46
2020-04-09,1.847,1.847,eastmoney_f10,2026-07-29T23:50:46
2020-04-13,1.8225,1.8225,eastmoney_f10,2026-07-29T23:50:46
2020-04-14,1.8811,1.8811,eastmoney_f10,2026-07-29T23:50:46
2020-04-15,1.8394,1.8394,eastmoney_f10,2026-07-29T23:50:46
2020-04-16,1.858,1.858,eastmoney_f10,2026-07-29T23:50:46
2020-04-17,1.9083,1.9083,eastmoney_f10,2026-07-29T23:50:46
2020-04-20,1.8718,1.8718,eastmoney_f10,2026-07-29T23:50:46
2020-04-21,1.8174,1.8174,eastmoney_f10,2026-07-29T23:50:46
2020-04-22,1.8627,1.8627,eastmoney_f10,2026-07-29T23:50:46
2020-04-23,1.861,1.861,eastmoney_f10,2026-07-29T23:50:46
2020-04-24,1.885,1.885,eastmoney_f10,2026-07-29T23:50:46
2020-04-27,1.9097,1.9097,eastmoney_f10,2026-07-29T23:50:46
2020-04-28,1.9004,1.9004,eastmoney_f10,2026-07-29T23:50:46
2020-04-29,1.9506,1.9506,eastmoney_f10,2026-07-29T23:50:46
2020-04-30,1.9286,1.9286,eastmoney_f10,2026-07-29T23:50:46
2020-05-06,1.8893,1.8893,eastmoney_f10,2026-07-29T23:50:46
2020-05-07,1.9187,1.9187,eastmoney_f10,2026-07-29T23:50:46
2020-05-08,1.9475,1.9475,eastmoney_f10,2026-07-29T23:50:46
2020-05-11,1.9469,1.9469,eastmoney_f10,2026-07-29T23:50:46
2020-05-12,1.9108,1.9108,eastmoney_f10,2026-07-29T23:50:46
2020-05-13,1.8768,1.8768,eastmoney_f10,2026-07-29T23:50:46
2020-05-14,1.9007,1.9007,eastmoney_f10,2026-07-29T23:50:46
2020-05-15,1.9071,1.9071,eastmoney_f10,2026-07-29T23:50:46
2020-05-18,1.9703,1.9703,eastmoney_f10,2026-07-29T23:50:46
2020-05-19,1.9466,1.9466,eastmoney_f10,2026-07-29T23:50:46
2020-05-20,1.9806,1.9806,eastmoney_f10,2026-07-29T23:50:46
2020-05-21,1.9624,1.9624,eastmoney_f10,2026-07-29T23:50:46
2020-05-22,1.9696,1.9696,eastmoney_f10,2026-07-29T23:50:46
2020-05-26,2.0038,2.0038,eastmoney_f10,2026-07-29T23:50:46
2020-05-27,2.0276,2.0276,eastmoney_f10,2026-07-29T23:50:46
2020-05-28,2.0291,2.0291,eastmoney_f10,2026-07-29T23:50:46
2020-05-29,2.0397,2.0397,eastmoney_f10,2026-07-29T23:50:46
2020-06-01,2.0473,2.0473,eastmoney_f10,2026-07-29T23:50:46
2020-06-02,2.0597,2.0597,eastmoney_f10,2026-07-29T23:50:46
2020-06-03,2.0852,2.0852,eastmoney_f10,2026-07-29T23:50:46
2020-06-04,2.0769,2.0769,eastmoney_f10,2026-07-29T23:50:46
2020-06-05,2.1299,2.1299,eastmoney_f10,2026-07-29T23:50:46
2020-06-08,2.153,2.153,eastmoney_f10,2026-07-29T23:50:46
2020-06-09,2.1312,2.1312,eastmoney_f10,2026-07-29T23:50:46
2020-06-10,2.1196,2.1196,eastmoney_f10,2026-07-29T23:50:46
2020-06-11,1.9925,1.9925,eastmoney_f10,2026-07-29T23:50:46
2020-06-12,2.0258,2.0258,eastmoney_f10,2026-07-29T23:50:46
2020-06-15,2.0441,2.0441,eastmoney_f10,2026-07-29T23:50:46
2020-06-16,2.0785,2.0785,eastmoney_f10,2026-07-29T23:50:46
2020-06-17,2.0741,2.0741,eastmoney_f10,2026-07-29T23:50:46
2020-06-18,2.0758,2.0758,eastmoney_f10,2026-07-29T23:50:46
2020-06-19,2.0636,2.0636,eastmoney_f10,2026-07-29T23:50:46
2020-06-22,2.0767,2.0767,eastmoney_f10,2026-07-29T23:50:46
2020-06-23,2.0798,2.0798,eastmoney_f10,2026-07-29T23:50:46
2020-06-24,2.0229,2.0229,eastmoney_f10,2026-07-29T23:50:46
2020-06-29,2.0321,2.0321,eastmoney_f10,2026-07-29T23:50:46
2020-06-30,2.0628,2.0628,eastmoney_f10,2026-07-29T23:50:46
2020-07-01,2.0705,2.0705,eastmoney_f10,2026-07-29T23:50:46
2020-07-02,2.0764,2.0764,eastmoney_f10,2026-07-29T23:50:46
2020-07-06,2.1117,2.1117,eastmoney_f10,2026-07-29T23:50:46
2020-07-07,2.0782,2.0782,eastmoney_f10,2026-07-29T23:50:46
2020-07-08,2.0914,2.0914,eastmoney_f10,2026-07-29T23:50:46
2020-07-09,2.0763,2.0763,eastmoney_f10,2026-07-29T23:50:46
2020-07-10,2.0939,2.0939,eastmoney_f10,2026-07-29T23:50:46
2020-07-13,2.0746,2.0746,eastmoney_f10,2026-07-29T23:50:46
2020-07-14,2.1034,2.1034,eastmoney_f10,2026-07-29T23:50:46
2020-07-15,2.1222,2.1222,eastmoney_f10,2026-07-29T23:50:46
2020-07-16,2.1125,2.1125,eastmoney_f10,2026-07-29T23:50:46
2020-07-17,2.1227,2.1227,eastmoney_f10,2026-07-29T23:50:46
2020-07-20,2.1368,2.1368,eastmoney_f10,2026-07-29T23:50:46
2020-07-21,2.1383,2.1383,eastmoney_f10,2026-07-29T23:50:46
2020-07-22,2.1458,2.1458,eastmoney_f10,2026-07-29T23:50:46
2020-07-23,2.1258,2.1258,eastmoney_f10,2026-07-29T23:50:46
2020-07-24,2.1132,2.1132,eastmoney_f10,2026-07-29T23:50:46
2020-07-27,2.1316,2.1316,eastmoney_f10,2026-07-29T23:50:46
2020-07-28,2.1139,2.1139,eastmoney_f10,2026-07-29T23:50:46
2020-07-29,2.1423,2.1423,eastmoney_f10,2026-07-29T23:50:46
2020-07-30,2.1328,2.1328,eastmoney_f10,2026-07-29T23:50:46
2020-07-31,2.1473,2.1473,eastmoney_f10,2026-07-29T23:50:46
2020-08-03,2.1666,2.1666,eastmoney_f10,2026-07-29T23:50:46
2020-08-04,2.1688,2.1688,eastmoney_f10,2026-07-29T23:50:46
2020-08-05,2.1806,2.1806,eastmoney_f10,2026-07-29T23:50:46
2020-08-06,2.1846,2.1846,eastmoney_f10,2026-07-29T23:50:46
2020-08-07,2.1854,2.1854,eastmoney_f10,2026-07-29T23:50:46
2020-08-10,2.1988,2.1988,eastmoney_f10,2026-07-29T23:50:46
2020-08-11,2.1835,2.1835,eastmoney_f10,2026-07-29T23:50:46
2020-08-12,2.2104,2.2104,eastmoney_f10,2026-07-29T23:50:46
2020-08-13,2.2012,2.2012,eastmoney_f10,2026-07-29T23:50:46
2020-08-14,2.1999,2.1999,eastmoney_f10,2026-07-29T23:50:46
2020-08-17,2.2046,2.2046,eastmoney_f10,2026-07-29T23:50:46
2020-08-18,2.2088,2.2088,eastmoney_f10,2026-07-29T23:50:46
2020-08-19,2.1945,2.1945,eastmoney_f10,2026-07-29T23:50:46
2020-08-20,2.2046,2.2046,eastmoney_f10,2026-07-29T23:50:46
2020-08-21,2.2069,2.2069,eastmoney_f10,2026-07-29T23:50:46
2020-08-24,2.2318,2.2318,eastmoney_f10,2026-07-29T23:50:46
2020-08-25,2.2396,2.2396,eastmoney_f10,2026-07-29T23:50:46
2020-08-26,2.259,2.259,eastmoney_f10,2026-07-29T23:50:46
2020-08-27,2.2571,2.2571,eastmoney_f10,2026-07-29T23:50:46
2020-08-28,2.2719,2.2719,eastmoney_f10,2026-07-29T23:50:46
2020-08-31,2.2577,2.2577,eastmoney_f10,2026-07-29T23:50:46
2020-09-01,2.2712,2.2712,eastmoney_f10,2026-07-29T23:50:46
2020-09-02,2.3018,2.3018,eastmoney_f10,2026-07-29T23:50:46
2020-09-03,2.2196,2.2196,eastmoney_f10,2026-07-29T23:50:46
2020-09-04,2.2022,2.2022,eastmoney_f10,2026-07-29T23:50:46
2020-09-08,2.1416,2.1416,eastmoney_f10,2026-07-29T23:50:46
2020-09-09,2.1866,2.1866,eastmoney_f10,2026-07-29T23:50:46
2020-09-10,2.1453,2.1453,eastmoney_f10,2026-07-29T23:50:46
2020-09-11,2.1479,2.1479,eastmoney_f10,2026-07-29T23:50:46
2020-09-14,2.1749,2.1749,eastmoney_f10,2026-07-29T23:50:46
2020-09-15,2.1821,2.1821,eastmoney_f10,2026-07-29T23:50:46
2020-09-16,2.1595,2.1595,eastmoney_f10,2026-07-29T23:50:46
2020-09-17,2.1367,2.1367,eastmoney_f10,2026-07-29T23:50:46
2020-09-18,2.1103,2.1103,eastmoney_f10,2026-07-29T23:50:46
2020-09-21,2.0858,2.0858,eastmoney_f10,2026-07-29T23:50:46
2020-09-22,2.1157,2.1157,eastmoney_f10,2026-07-29T23:50:46
2020-09-23,2.0695,2.0695,eastmoney_f10,2026-07-29T23:50:46
2020-09-24,2.0769,2.0769,eastmoney_f10,2026-07-29T23:50:46
2020-09-25,2.1125,2.1125,eastmoney_f10,2026-07-29T23:50:46
2020-09-28,2.1507,2.1507,eastmoney_f10,2026-07-29T23:50:46
2020-09-29,2.138,2.138,eastmoney_f10,2026-07-29T23:50:46
2020-09-30,2.1531,2.1531,eastmoney_f10,2026-07-29T23:50:46
2020-10-09,2.2173,2.2173,eastmoney_f10,2026-07-29T23:50:46
2020-10-12,2.2315,2.2315,eastmoney_f10,2026-07-29T23:50:46
2020-10-13,2.2228,2.2228,eastmoney_f10,2026-07-29T23:50:46
2020-10-14,2.2139,2.2139,eastmoney_f10,2026-07-29T23:50:46
2020-10-15,2.2073,2.2073,eastmoney_f10,2026-07-29T23:50:46
2020-10-16,2.2057,2.2057,eastmoney_f10,2026-07-29T23:50:46
2020-10-19,2.1599,2.1599,eastmoney_f10,2026-07-29T23:50:46
2020-10-20,2.1673,2.1673,eastmoney_f10,2026-07-29T23:50:46
2020-10-21,2.1582,2.1582,eastmoney_f10,2026-07-29T23:50:46
2020-10-22,2.1622,2.1622,eastmoney_f10,2026-07-29T23:50:46
2020-10-23,2.174,2.174,eastmoney_f10,2026-07-29T23:50:46
2020-10-26,2.1344,2.1344,eastmoney_f10,2026-07-29T23:50:46
2020-10-27,2.1362,2.1362,eastmoney_f10,2026-07-29T23:50:46
2020-10-28,2.0669,2.0669,eastmoney_f10,2026-07-29T23:50:46
2020-10-29,2.0936,2.0936,eastmoney_f10,2026-07-29T23:50:46
2020-10-30,2.0677,2.0677,eastmoney_f10,2026-07-29T23:50:46
2020-11-02,2.0874,2.0874,eastmoney_f10,2026-07-29T23:50:46
2020-11-03,2.1217,2.1217,eastmoney_f10,2026-07-29T23:50:46
2020-11-04,2.1625,2.1625,eastmoney_f10,2026-07-29T23:50:46
2020-11-05,2.209,2.209,eastmoney_f10,2026-07-29T23:50:46
2020-11-06,2.1889,2.1889,eastmoney_f10,2026-07-29T23:50:46
2020-11-09,2.209,2.209,eastmoney_f10,2026-07-29T23:50:46
2020-11-10,2.1988,2.1988,eastmoney_f10,2026-07-29T23:50:46
2020-11-11,2.2213,2.2213,eastmoney_f10,2026-07-29T23:50:46
2020-11-12,2.2048,2.2048,eastmoney_f10,2026-07-29T23:50:46
2020-11-13,2.2366,2.2366,eastmoney_f10,2026-07-29T23:50:46
2020-11-16,2.2545,2.2545,eastmoney_f10,2026-07-29T23:50:46
2020-11-17,2.2346,2.2346,eastmoney_f10,2026-07-29T23:50:46
2020-11-18,2.2036,2.2036,eastmoney_f10,2026-07-29T23:50:46
2020-11-19,2.2088,2.2088,eastmoney_f10,2026-07-29T23:50:46
2020-11-20,2.2035,2.2035,eastmoney_f10,2026-07-29T23:50:46
2020-11-23,2.2138,2.2138,eastmoney_f10,2026-07-29T23:50:46
2020-11-24,2.2525,2.2525,eastmoney_f10,2026-07-29T23:50:46
2020-11-25,2.2469,2.2469,eastmoney_f10,2026-07-29T23:50:46
2020-11-27,2.2526,2.2526,eastmoney_f10,2026-07-29T23:50:46
2020-11-30,2.2434,2.2434,eastmoney_f10,2026-07-29T23:50:46
2020-12-01,2.2733,2.2733,eastmoney_f10,2026-07-29T23:50:46
2020-12-02,2.267,2.267,eastmoney_f10,2026-07-29T23:50:46
2020-12-03,2.2652,2.2652,eastmoney_f10,2026-07-29T23:50:46
2020-12-04,2.2824,2.2824,eastmoney_f10,2026-07-29T23:50:46
2020-12-07,2.2728,2.2728,eastmoney_f10,2026-07-29T23:50:46
2020-12-08,2.2778,2.2778,eastmoney_f10,2026-07-29T23:50:46
2020-12-09,2.2594,2.2594,eastmoney_f10,2026-07-29T23:50:46
2020-12-10,2.2619,2.2619,eastmoney_f10,2026-07-29T23:50:46
2020-12-11,2.2565,2.2565,eastmoney_f10,2026-07-29T23:50:46
2020-12-14,2.2454,2.2454,eastmoney_f10,2026-07-29T23:50:46
2020-12-15,2.2769,2.2769,eastmoney_f10,2026-07-29T23:50:46
2020-12-16,2.2782,2.2782,eastmoney_f10,2026-07-29T23:50:46
2020-12-17,2.2915,2.2915,eastmoney_f10,2026-07-29T23:50:46
2020-12-18,2.2822,2.2822,eastmoney_f10,2026-07-29T23:50:46
2020-12-21,2.2806,2.2806,eastmoney_f10,2026-07-29T23:50:46
2020-12-22,2.2718,2.2718,eastmoney_f10,2026-07-29T23:50:46
2020-12-23,2.2793,2.2793,eastmoney_f10,2026-07-29T23:50:46
2020-12-24,2.2809,2.2809,eastmoney_f10,2026-07-29T23:50:46
2020-12-28,2.2963,2.2963,eastmoney_f10,2026-07-29T23:50:46
2020-12-29,2.2985,2.2985,eastmoney_f10,2026-07-29T23:50:46
2020-12-30,2.2974,2.2974,eastmoney_f10,2026-07-29T23:50:46
2020-12-31,2.3097,2.3097,eastmoney_f10,2026-07-29T23:50:46
2021-01-04,2.2809,2.2809,eastmoney_f10,2026-07-29T23:50:46
2021-01-05,2.2751,2.2751,eastmoney_f10,2026-07-29T23:50:46
2021-01-06,2.2827,2.2827,eastmoney_f10,2026-07-29T23:50:46
2021-01-07,2.3171,2.3171,eastmoney_f10,2026-07-29T23:50:46
2021-01-08,2.3337,2.3337,eastmoney_f10,2026-07-29T23:50:46
2021-01-11,2.3201,2.3201,eastmoney_f10,2026-07-29T23:50:46
2021-01-12,2.323,2.323,eastmoney_f10,2026-07-29T23:50:46
2021-01-13,2.3207,2.3207,eastmoney_f10,2026-07-29T23:50:46
2021-01-14,2.317,2.317,eastmoney_f10,2026-07-29T23:50:46
2021-01-15,2.2965,2.2965,eastmoney_f10,2026-07-29T23:50:46
2021-01-19,2.3237,2.3237,eastmoney_f10,2026-07-29T23:50:46
2021-01-20,2.3545,2.3545,eastmoney_f10,2026-07-29T23:50:46
2021-01-21,2.3503,2.3503,eastmoney_f10,2026-07-29T23:50:46
2021-01-22,2.3403,2.3403,eastmoney_f10,2026-07-29T23:50:46
2021-01-25,2.356,2.356,eastmoney_f10,2026-07-29T23:50:46
2021-01-26,2.3534,2.3534,eastmoney_f10,2026-07-29T23:50:46
2021-01-27,2.2863,2.2863,eastmoney_f10,2026-07-29T23:50:46
2021-01-28,2.3152,2.3152,eastmoney_f10,2026-07-29T23:50:46
2021-01-29,2.2659,2.2659,eastmoney_f10,2026-07-29T23:50:46
2021-02-01,2.2991,2.2991,eastmoney_f10,2026-07-29T23:50:46
2021-02-02,2.3351,2.3351,eastmoney_f10,2026-07-29T23:50:46
2021-02-03,2.335,2.335,eastmoney_f10,2026-07-29T23:50:46
2021-02-04,2.3584,2.3584,eastmoney_f10,2026-07-29T23:50:46
2021-02-05,2.3717,2.3717,eastmoney_f10,2026-07-29T23:50:46
2021-02-08,2.3877,2.3877,eastmoney_f10,2026-07-29T23:50:46
2021-02-09,2.3801,2.3801,eastmoney_f10,2026-07-29T23:50:46
2021-02-10,2.3741,2.3741,eastmoney_f10,2026-07-29T23:50:46
2021-02-18,2.3827,2.3827,eastmoney_f10,2026-07-29T23:50:46
2021-02-19,2.3815,2.3815,eastmoney_f10,2026-07-29T23:50:46
2021-02-22,2.3607,2.3607,eastmoney_f10,2026-07-29T23:50:46
2021-02-23,2.362,2.362,eastmoney_f10,2026-07-29T23:50:46
2021-02-24,2.3926,2.3926,eastmoney_f10,2026-07-29T23:50:46
2021-02-25,2.3311,2.3311,eastmoney_f10,2026-07-29T23:50:46
2021-02-26,2.3269,2.3269,eastmoney_f10,2026-07-29T23:50:46
2021-03-01,2.3835,2.3835,eastmoney_f10,2026-07-29T23:50:46
2021-03-02,2.3596,2.3596,eastmoney_f10,2026-07-29T23:50:46
2021-03-03,2.3267,2.3267,eastmoney_f10,2026-07-29T23:50:46
2021-03-04,2.3027,2.3027,eastmoney_f10,2026-07-29T23:50:46
2021-03-05,2.3527,2.3527,eastmoney_f10,2026-07-29T23:50:46
2021-03-08,2.3361,2.3361,eastmoney_f10,2026-07-29T23:50:46
2021-03-09,2.3886,2.3886,eastmoney_f10,2026-07-29T23:50:46
2021-03-10,2.3947,2.3947,eastmoney_f10,2026-07-29T23:50:46
2021-03-11,2.4147,2.4147,eastmoney_f10,2026-07-29T23:50:46
2021-03-12,2.4131,2.4131,eastmoney_f10,2026-07-29T23:50:46
2021-03-15,2.4347,2.4347,eastmoney_f10,2026-07-29T23:50:46
2021-03-16,2.4316,2.4316,eastmoney_f10,2026-07-29T23:50:46
2021-03-17,2.4365,2.4365,eastmoney_f10,2026-07-29T23:50:46
2021-03-18,2.3964,2.3964,eastmoney_f10,2026-07-29T23:50:46
2021-03-19,2.4035,2.4035,eastmoney_f10,2026-07-29T23:50:46
2021-03-22,2.4238,2.4238,eastmoney_f10,2026-07-29T23:50:46
2021-03-23,2.3999,2.3999,eastmoney_f10,2026-07-29T23:50:46
2021-03-24,2.3939,2.3939,eastmoney_f10,2026-07-29T23:50:46
2021-03-25,2.4082,2.4082,eastmoney_f10,2026-07-29T23:50:46
2021-03-26,2.4517,2.4517,eastmoney_f10,2026-07-29T23:50:46
2021-03-29,2.4507,2.4507,eastmoney_f10,2026-07-29T23:50:46
2021-03-30,2.4514,2.4514,eastmoney_f10,2026-07-29T23:50:46
2021-03-31,2.4631,2.4631,eastmoney_f10,2026-07-29T23:50:46
2021-04-01,2.4872,2.4872,eastmoney_f10,2026-07-29T23:50:46
2021-04-06,2.5185,2.5185,eastmoney_f10,2026-07-29T23:50:46
2021-04-07,2.5168,2.5168,eastmoney_f10,2026-07-29T23:50:46
2021-04-08,2.5308,2.5308,eastmoney_f10,2026-07-29T23:50:46
2021-04-09,2.5482,2.5482,eastmoney_f10,2026-07-29T23:50:46
2021-04-12,2.5541,2.5541,eastmoney_f10,2026-07-29T23:50:46
2021-04-13,2.5577,2.5577,eastmoney_f10,2026-07-29T23:50:46
2021-04-14,2.5439,2.5439,eastmoney_f10,2026-07-29T23:50:46
2021-04-15,2.5695,2.5695,eastmoney_f10,2026-07-29T23:50:46
2021-04-16,2.5783,2.5783,eastmoney_f10,2026-07-29T23:50:46
2021-04-19,2.5623,2.5623,eastmoney_f10,2026-07-29T23:50:46
2021-04-20,2.5399,2.5399,eastmoney_f10,2026-07-29T23:50:46
2021-04-21,2.5612,2.5612,eastmoney_f10,2026-07-29T23:50:46
2021-04-22,2.5322,2.5322,eastmoney_f10,2026-07-29T23:50:46
2021-04-23,2.561,2.561,eastmoney_f10,2026-07-29T23:50:46
2021-04-26,2.5646,2.5646,eastmoney_f10,2026-07-29T23:50:46
2021-04-27,2.5644,2.5644,eastmoney_f10,2026-07-29T23:50:46
2021-04-28,2.5595,2.5595,eastmoney_f10,2026-07-29T23:50:46
2021-04-29,2.5714,2.5714,eastmoney_f10,2026-07-29T23:50:46
2021-04-30,2.5513,2.5513,eastmoney_f10,2026-07-29T23:50:46
2021-05-06,2.5725,2.5725,eastmoney_f10,2026-07-29T23:50:46
2021-05-07,2.5832,2.5832,eastmoney_f10,2026-07-29T23:50:46
2021-05-10,2.5463,2.5463,eastmoney_f10,2026-07-29T23:50:46
2021-05-11,2.5176,2.5176,eastmoney_f10,2026-07-29T23:50:46
2021-05-12,2.4639,2.4639,eastmoney_f10,2026-07-29T23:50:46
2021-05-13,2.5077,2.5077,eastmoney_f10,2026-07-29T23:50:46
2021-05-14,2.5418,2.5418,eastmoney_f10,2026-07-29T23:50:46
2021-05-17,2.5267,2.5267,eastmoney_f10,2026-07-29T23:50:46
2021-05-18,2.5073,2.5073,eastmoney_f10,2026-07-29T23:50:46
2021-05-19,2.4963,2.4963,eastmoney_f10,2026-07-29T23:50:46
2021-05-20,2.5308,2.5308,eastmoney_f10,2026-07-29T23:50:46
2021-05-21,2.5226,2.5226,eastmoney_f10,2026-07-29T23:50:46
2021-05-24,2.5518,2.5518,eastmoney_f10,2026-07-29T23:50:46
2021-05-25,2.5416,2.5416,eastmoney_f10,2026-07-29T23:50:46
2021-05-26,2.5391,2.5391,eastmoney_f10,2026-07-29T23:50:46
2021-05-27,2.5396,2.5396,eastmoney_f10,2026-07-29T23:50:46
2021-05-28,2.535,2.535,eastmoney_f10,2026-07-29T23:50:46
2021-06-01,2.5223,2.5223,eastmoney_f10,2026-07-29T23:50:46
2021-06-02,2.5341,2.5341,eastmoney_f10,2026-07-29T23:50:46
2021-06-03,2.5267,2.5267,eastmoney_f10,2026-07-29T23:50:46
2021-06-04,2.5592,2.5592,eastmoney_f10,2026-07-29T23:50:46
2021-06-07,2.5528,2.5528,eastmoney_f10,2026-07-29T23:50:46
2021-06-08,2.5511,2.5511,eastmoney_f10,2026-07-29T23:50:46
2021-06-09,2.5483,2.5483,eastmoney_f10,2026-07-29T23:50:46
2021-06-10,2.5608,2.5608,eastmoney_f10,2026-07-29T23:50:46
2021-06-11,2.5612,2.5612,eastmoney_f10,2026-07-29T23:50:46
2021-06-15,2.5696,2.5696,eastmoney_f10,2026-07-29T23:50:46
2021-06-16,2.5556,2.5556,eastmoney_f10,2026-07-29T23:50:46
2021-06-17,2.5632,2.5632,eastmoney_f10,2026-07-29T23:50:46
2021-06-18,2.532,2.532,eastmoney_f10,2026-07-29T23:50:46
2021-06-21,2.5747,2.5747,eastmoney_f10,2026-07-29T23:50:46
2021-06-22,2.5905,2.5905,eastmoney_f10,2026-07-29T23:50:46
2021-06-23,2.5879,2.5879,eastmoney_f10,2026-07-29T23:50:46
2021-06-24,2.6112,2.6112,eastmoney_f10,2026-07-29T23:50:46
2021-06-25,2.6167,2.6167,eastmoney_f10,2026-07-29T23:50:46
2021-06-28,2.6158,2.6158,eastmoney_f10,2026-07-29T23:50:46
2021-06-29,2.6162,2.6162,eastmoney_f10,2026-07-29T23:50:46
2021-06-30,2.6211,2.6211,eastmoney_f10,2026-07-29T23:50:46
2021-07-01,2.6392,2.6392,eastmoney_f10,2026-07-29T23:50:46
2021-07-02,2.6593,2.6593,eastmoney_f10,2026-07-29T23:50:46
2021-07-06,2.6497,2.6497,eastmoney_f10,2026-07-29T23:50:46
2021-07-07,2.6647,2.6647,eastmoney_f10,2026-07-29T23:50:46
2021-07-08,2.64,2.64,eastmoney_f10,2026-07-29T23:50:46
2021-07-09,2.6717,2.6717,eastmoney_f10,2026-07-29T23:50:46
2021-07-12,2.682,2.682,eastmoney_f10,2026-07-29T23:50:46
2021-07-13,2.6714,2.6714,eastmoney_f10,2026-07-29T23:50:46
2021-07-14,2.6767,2.6767,eastmoney_f10,2026-07-29T23:50:46
2021-07-15,2.6613,2.6613,eastmoney_f10,2026-07-29T23:50:46
2021-07-16,2.6437,2.6437,eastmoney_f10,2026-07-29T23:50:46
2021-07-19,2.6015,2.6015,eastmoney_f10,2026-07-29T23:50:46
2021-07-20,2.6471,2.6471,eastmoney_f10,2026-07-29T23:50:46
2021-07-21,2.6676,2.6676,eastmoney_f10,2026-07-29T23:50:46
2021-07-22,2.6657,2.6657,eastmoney_f10,2026-07-29T23:50:46
2021-07-23,2.6927,2.6927,eastmoney_f10,2026-07-29T23:50:46
2021-07-26,2.7036,2.7036,eastmoney_f10,2026-07-29T23:50:46
2021-07-27,2.6896,2.6896,eastmoney_f10,2026-07-29T23:50:46
2021-07-28,2.6968,2.6968,eastmoney_f10,2026-07-29T23:50:46
2021-07-29,2.7089,2.7089,eastmoney_f10,2026-07-29T23:50:46
2021-07-30,2.6806,2.6806,eastmoney_f10,2026-07-29T23:50:46
2021-08-02,2.6778,2.6778,eastmoney_f10,2026-07-29T23:50:46
2021-08-03,2.6976,2.6976,eastmoney_f10,2026-07-29T23:50:46
2021-08-04,2.6869,2.6869,eastmoney_f10,2026-07-29T23:50:46
2021-08-05,2.7045,2.7045,eastmoney_f10,2026-07-29T23:50:46
2021-08-06,2.7066,2.7066,eastmoney_f10,2026-07-29T23:50:46
2021-08-09,2.7129,2.7129,eastmoney_f10,2026-07-29T23:50:46
2021-08-10,2.7157,2.7157,eastmoney_f10,2026-07-29T23:50:46
2021-08-11,2.7219,2.7219,eastmoney_f10,2026-07-29T23:50:46
2021-08-12,2.7273,2.7273,eastmoney_f10,2026-07-29T23:50:46
2021-08-13,2.7336,2.7336,eastmoney_f10,2026-07-29T23:50:46
2021-08-16,2.7372,2.7372,eastmoney_f10,2026-07-29T23:50:46
2021-08-17,2.72,2.72,eastmoney_f10,2026-07-29T23:50:46
2021-08-18,2.6971,2.6971,eastmoney_f10,2026-07-29T23:50:46
2021-08-19,2.698,2.698,eastmoney_f10,2026-07-29T23:50:46
2021-08-20,2.7253,2.7253,eastmoney_f10,2026-07-29T23:50:46
2021-08-23,2.7479,2.7479,eastmoney_f10,2026-07-29T23:50:46
2021-08-24,2.7452,2.7452,eastmoney_f10,2026-07-29T23:50:46
2021-08-25,2.748,2.748,eastmoney_f10,2026-07-29T23:50:46
2021-08-26,2.7321,2.7321,eastmoney_f10,2026-07-29T23:50:46
2021-08-27,2.7617,2.7617,eastmoney_f10,2026-07-29T23:50:46
2021-08-30,2.7658,2.7658,eastmoney_f10,2026-07-29T23:50:46
2021-08-31,2.7624,2.7624,eastmoney_f10,2026-07-29T23:50:46
2021-09-01,2.7634,2.7634,eastmoney_f10,2026-07-29T23:50:46
2021-09-02,2.7679,2.7679,eastmoney_f10,2026-07-29T23:50:46
2021-09-03,2.7663,2.7663,eastmoney_f10,2026-07-29T23:50:46
2021-09-07,2.7549,2.7549,eastmoney_f10,2026-07-29T23:50:46
2021-09-08,2.7571,2.7571,eastmoney_f10,2026-07-29T23:50:46
2021-09-09,2.7422,2.7422,eastmoney_f10,2026-07-29T23:50:46
2021-09-10,2.7191,2.7191,eastmoney_f10,2026-07-29T23:50:46
2021-09-13,2.722,2.722,eastmoney_f10,2026-07-29T23:50:46
2021-09-14,2.707,2.707,eastmoney_f10,2026-07-29T23:50:46
2021-09-15,2.7296,2.7296,eastmoney_f10,2026-07-29T23:50:46
2021-09-16,2.7188,2.7188,eastmoney_f10,2026-07-29T23:50:46
2021-09-17,2.7017,2.7017,eastmoney_f10,2026-07-29T23:50:46
2021-09-22,2.6854,2.6854,eastmoney_f10,2026-07-29T23:50:46
2021-09-23,2.7203,2.7203,eastmoney_f10,2026-07-29T23:50:46
2021-09-24,2.7181,2.7181,eastmoney_f10,2026-07-29T23:50:46
2021-09-27,2.7143,2.7143,eastmoney_f10,2026-07-29T23:50:46
2021-09-28,2.6557,2.6557,eastmoney_f10,2026-07-29T23:50:46
2021-09-29,2.6622,2.6622,eastmoney_f10,2026-07-29T23:50:46
2021-09-30,2.6382,2.6382,eastmoney_f10,2026-07-29T23:50:46
2021-10-08,2.6798,2.6798,eastmoney_f10,2026-07-29T23:50:46
2021-10-11,2.6561,2.6561,eastmoney_f10,2026-07-29T23:50:46
2021-10-12,2.6484,2.6484,eastmoney_f10,2026-07-29T23:50:46
2021-10-13,2.663,2.663,eastmoney_f10,2026-07-29T23:50:46
2021-10-14,2.7005,2.7005,eastmoney_f10,2026-07-29T23:50:46
2021-10-15,2.7194,2.7194,eastmoney_f10,2026-07-29T23:50:46
2021-10-18,2.7248,2.7248,eastmoney_f10,2026-07-29T23:50:46
2021-10-19,2.7452,2.7452,eastmoney_f10,2026-07-29T23:50:46
2021-10-20,2.7452,2.7452,eastmoney_f10,2026-07-29T23:50:46
2021-10-21,2.746,2.746,eastmoney_f10,2026-07-29T23:50:46
2021-10-22,2.749,2.749,eastmoney_f10,2026-07-29T23:50:46
2021-10-25,2.7573,2.7573,eastmoney_f10,2026-07-29T23:50:46
2021-10-26,2.7608,2.7608,eastmoney_f10,2026-07-29T23:50:46
2021-10-27,2.7455,2.7455,eastmoney_f10,2026-07-29T23:50:46
2021-10-28,2.7767,2.7767,eastmoney_f10,2026-07-29T23:50:46
2021-10-29,2.7802,2.7802,eastmoney_f10,2026-07-29T23:50:46
2021-11-01,2.7971,2.7971,eastmoney_f10,2026-07-29T23:50:46
2021-11-02,2.7996,2.7996,eastmoney_f10,2026-07-29T23:50:46
2021-11-03,2.8205,2.8205,eastmoney_f10,2026-07-29T23:50:46
2021-11-04,2.8267,2.8267,eastmoney_f10,2026-07-29T23:50:46
2021-11-05,2.839,2.839,eastmoney_f10,2026-07-29T23:50:46
2021-11-08,2.8403,2.8403,eastmoney_f10,2026-07-29T23:50:46
2021-11-09,2.8281,2.8281,eastmoney_f10,2026-07-29T23:50:46
2021-11-10,2.8072,2.8072,eastmoney_f10,2026-07-29T23:50:46
2021-11-11,2.8171,2.8171,eastmoney_f10,2026-07-29T23:50:46
2021-11-12,2.8343,2.8343,eastmoney_f10,2026-07-29T23:50:46
2021-11-15,2.8269,2.8269,eastmoney_f10,2026-07-29T23:50:46
2021-11-16,2.839,2.839,eastmoney_f10,2026-07-29T23:50:46
2021-11-17,2.8326,2.8326,eastmoney_f10,2026-07-29T23:50:46
2021-11-18,2.8365,2.8365,eastmoney_f10,2026-07-29T23:50:46
2021-11-19,2.8335,2.8335,eastmoney_f10,2026-07-29T23:50:46
2021-11-22,2.8299,2.8299,eastmoney_f10,2026-07-29T23:50:46
2021-11-23,2.8336,2.8336,eastmoney_f10,2026-07-29T23:50:46
2021-11-24,2.839,2.839,eastmoney_f10,2026-07-29T23:50:46
2021-11-26,2.776,2.776,eastmoney_f10,2026-07-29T23:50:46
2021-11-29,2.8097,2.8097,eastmoney_f10,2026-07-29T23:50:46
2021-11-30,2.7538,2.7538,eastmoney_f10,2026-07-29T23:50:46
2021-12-01,2.717,2.717,eastmoney_f10,2026-07-29T23:50:46
2021-12-02,2.7571,2.7571,eastmoney_f10,2026-07-29T23:50:46
2021-12-03,2.7347,2.7347,eastmoney_f10,2026-07-29T23:50:46
2021-12-06,2.7651,2.7651,eastmoney_f10,2026-07-29T23:50:46
2021-12-07,2.8238,2.8238,eastmoney_f10,2026-07-29T23:50:46
2021-12-08,2.8298,2.8298,eastmoney_f10,2026-07-29T23:50:46
2021-12-09,2.8022,2.8022,eastmoney_f10,2026-07-29T23:50:46
2021-12-10,2.8376,2.8376,eastmoney_f10,2026-07-29T23:50:46
2021-12-13,2.8102,2.8102,eastmoney_f10,2026-07-29T23:50:46
2021-12-14,2.7898,2.7898,eastmoney_f10,2026-07-29T23:50:46
2021-12-15,2.8369,2.8369,eastmoney_f10,2026-07-29T23:50:46
2021-12-16,2.8088,2.8088,eastmoney_f10,2026-07-29T23:50:46
2021-12-17,2.7803,2.7803,eastmoney_f10,2026-07-29T23:50:46
2021-12-20,2.7603,2.7603,eastmoney_f10,2026-07-29T23:50:46
2021-12-21,2.8006,2.8006,eastmoney_f10,2026-07-29T23:50:46
2021-12-22,2.8279,2.8279,eastmoney_f10,2026-07-29T23:50:46
2021-12-23,2.8432,2.8432,eastmoney_f10,2026-07-29T23:50:46
2021-12-27,2.8834,2.8834,eastmoney_f10,2026-07-29T23:50:46
2021-12-28,2.8824,2.8824,eastmoney_f10,2026-07-29T23:50:46
2021-12-29,2.8866,2.8866,eastmoney_f10,2026-07-29T23:50:46
2021-12-30,2.8753,2.8753,eastmoney_f10,2026-07-29T23:50:46
2021-12-31,2.8714,2.8714,eastmoney_f10,2026-07-29T23:50:46
2022-01-04,2.8894,2.8894,eastmoney_f10,2026-07-29T23:50:46
2022-01-05,2.8328,2.8328,eastmoney_f10,2026-07-29T23:50:46
2022-01-06,2.8279,2.8279,eastmoney_f10,2026-07-29T23:50:46
2022-01-07,2.8175,2.8175,eastmoney_f10,2026-07-29T23:50:46
2022-01-10,2.8093,2.8093,eastmoney_f10,2026-07-29T23:50:46
2022-01-11,2.8364,2.8364,eastmoney_f10,2026-07-29T23:50:46
2022-01-12,2.8431,2.8431,eastmoney_f10,2026-07-29T23:50:46
2022-01-13,2.7978,2.7978,eastmoney_f10,2026-07-29T23:50:46
2022-01-14,2.8059,2.8059,eastmoney_f10,2026-07-29T23:50:46
2022-01-18,2.7475,2.7475,eastmoney_f10,2026-07-29T23:50:46
2022-01-19,2.7252,2.7252,eastmoney_f10,2026-07-29T23:50:46
2022-01-20,2.6895,2.6895,eastmoney_f10,2026-07-29T23:50:46
2022-01-21,2.6389,2.6389,eastmoney_f10,2026-07-29T23:50:46
2022-01-24,2.6427,2.6427,eastmoney_f10,2026-07-29T23:50:46
2022-01-25,2.6107,2.6107,eastmoney_f10,2026-07-29T23:50:46
2022-01-26,2.5996,2.5996,eastmoney_f10,2026-07-29T23:50:46
2022-01-27,2.5913,2.5913,eastmoney_f10,2026-07-29T23:50:46
2022-01-28,2.6701,2.6701,eastmoney_f10,2026-07-29T23:50:46
2022-02-07,2.6942,2.6942,eastmoney_f10,2026-07-29T23:50:46
2022-02-08,2.7163,2.7163,eastmoney_f10,2026-07-29T23:50:46
2022-02-09,2.7596,2.7596,eastmoney_f10,2026-07-29T23:50:46
2022-02-10,2.7076,2.7076,eastmoney_f10,2026-07-29T23:50:46
2022-02-11,2.6597,2.6597,eastmoney_f10,2026-07-29T23:50:46
2022-02-14,2.6487,2.6487,eastmoney_f10,2026-07-29T23:50:46
2022-02-15,2.6882,2.6882,eastmoney_f10,2026-07-29T23:50:46
2022-02-16,2.6849,2.6849,eastmoney_f10,2026-07-29T23:50:46
2022-02-17,2.6224,2.6224,eastmoney_f10,2026-07-29T23:50:46
2022-02-18,2.6048,2.6048,eastmoney_f10,2026-07-29T23:50:46
2022-02-22,2.584,2.584,eastmoney_f10,2026-07-29T23:50:46
2022-02-23,2.5295,2.5295,eastmoney_f10,2026-07-29T23:50:46
2022-02-24,2.5661,2.5661,eastmoney_f10,2026-07-29T23:50:46
2022-02-25,2.6263,2.6263,eastmoney_f10,2026-07-29T23:50:46
2022-02-28,2.6148,2.6148,eastmoney_f10,2026-07-29T23:50:46
2022-03-01,2.566,2.566,eastmoney_f10,2026-07-29T23:50:46
2022-03-02,2.6275,2.6275,eastmoney_f10,2026-07-29T23:50:46
2022-03-03,2.5995,2.5995,eastmoney_f10,2026-07-29T23:50:46
2022-03-04,2.5905,2.5905,eastmoney_f10,2026-07-29T23:50:46
2022-03-07,2.5213,2.5213,eastmoney_f10,2026-07-29T23:50:46
2022-03-08,2.4908,2.4908,eastmoney_f10,2026-07-29T23:50:46
2022-03-09,2.5549,2.5549,eastmoney_f10,2026-07-29T23:50:46
2022-03-10,2.5411,2.5411,eastmoney_f10,2026-07-29T23:50:46
2022-03-11,2.5161,2.5161,eastmoney_f10,2026-07-29T23:50:46
2022-03-14,2.5054,2.5054,eastmoney_f10,2026-07-29T23:50:46
2022-03-15,2.5687,2.5687,eastmoney_f10,2026-07-29T23:50:46
2022-03-16,2.628,2.628,eastmoney_f10,2026-07-29T23:50:46
2022-03-17,2.6444,2.6444,eastmoney_f10,2026-07-29T23:50:46
2022-03-18,2.676,2.676,eastmoney_f10,2026-07-29T23:50:46
2022-03-21,2.6849,2.6849,eastmoney_f10,2026-07-29T23:50:46
2022-03-22,2.7147,2.7147,eastmoney_f10,2026-07-29T23:50:46
2022-03-23,2.6768,2.6768,eastmoney_f10,2026-07-29T23:50:46
2022-03-24,2.7183,2.7183,eastmoney_f10,2026-07-29T23:50:46
2022-03-25,2.7362,2.7362,eastmoney_f10,2026-07-29T23:50:46
2022-03-28,2.7551,2.7551,eastmoney_f10,2026-07-29T23:50:46
2022-03-29,1.3924,2.7848,eastmoney_f10,2026-07-29T23:50:46
2022-03-30,1.3822,2.7644,eastmoney_f10,2026-07-29T23:50:46
2022-03-31,1.359,2.718,eastmoney_f10,2026-07-29T23:50:46
2022-04-01,1.364,2.728,eastmoney_f10,2026-07-29T23:50:46
2022-04-06,1.3508,2.7016,eastmoney_f10,2026-07-29T23:50:46
2022-04-07,1.3537,2.7074,eastmoney_f10,2026-07-29T23:50:46
2022-04-08,1.3499,2.6998,eastmoney_f10,2026-07-29T23:50:46
2022-04-11,1.3269,2.6538,eastmoney_f10,2026-07-29T23:50:46
2022-04-12,1.3255,2.651,eastmoney_f10,2026-07-29T23:50:46
2022-04-13,1.3396,2.6792,eastmoney_f10,2026-07-29T23:50:46
2022-04-14,1.3189,2.6378,eastmoney_f10,2026-07-29T23:50:46
2022-04-18,1.3231,2.6462,eastmoney_f10,2026-07-29T23:50:46
2022-04-19,1.3435,2.687,eastmoney_f10,2026-07-29T23:50:46
2022-04-20,1.3484,2.6968,eastmoney_f10,2026-07-29T23:50:46
2022-04-21,1.3307,2.6614,eastmoney_f10,2026-07-29T23:50:46
2022-04-22,1.3038,2.6076,eastmoney_f10,2026-07-29T23:50:46
2022-04-25,1.3175,2.635,eastmoney_f10,2026-07-29T23:50:46
2022-04-26,1.2938,2.5876,eastmoney_f10,2026-07-29T23:50:46
2022-04-27,1.2967,2.5934,eastmoney_f10,2026-07-29T23:50:46
2022-04-28,1.3294,2.6588,eastmoney_f10,2026-07-29T23:50:46
2022-04-29,1.2919,2.5838,eastmoney_f10,2026-07-29T23:50:46
2022-05-05,1.2867,2.5734,eastmoney_f10,2026-07-29T23:50:46
2022-05-06,1.2922,2.5844,eastmoney_f10,2026-07-29T23:50:46
2022-05-09,1.2613,2.5226,eastmoney_f10,2026-07-29T23:50:46
2022-05-10,1.2688,2.5376,eastmoney_f10,2026-07-29T23:50:46
2022-05-11,1.2508,2.5016,eastmoney_f10,2026-07-29T23:50:46
2022-05-12,1.2496,2.4992,eastmoney_f10,2026-07-29T23:50:46
2022-05-13,1.2909,2.5818,eastmoney_f10,2026-07-29T23:50:46
2022-05-16,1.2852,2.5704,eastmoney_f10,2026-07-29T23:50:46
2022-05-17,1.3108,2.6216,eastmoney_f10,2026-07-29T23:50:46
2022-05-18,1.2503,2.5006,eastmoney_f10,2026-07-29T23:50:46
2022-05-19,1.2449,2.4898,eastmoney_f10,2026-07-29T23:50:46
2022-05-20,1.2445,2.489,eastmoney_f10,2026-07-29T23:50:46
2022-05-23,1.2539,2.5078,eastmoney_f10,2026-07-29T23:50:46
2022-05-24,1.2402,2.4804,eastmoney_f10,2026-07-29T23:50:46
2022-05-25,1.2516,2.5032,eastmoney_f10,2026-07-29T23:50:46
2022-05-26,1.2805,2.561,eastmoney_f10,2026-07-29T23:50:46
2022-05-27,1.3245,2.649,eastmoney_f10,2026-07-29T23:50:46
2022-05-30,1.3177,2.6354,eastmoney_f10,2026-07-29T23:50:46
2022-05-31,1.301,2.602,eastmoney_f10,2026-07-29T23:50:46
2022-06-01,1.2921,2.5842,eastmoney_f10,2026-07-29T23:50:46
2022-06-02,1.3249,2.6498,eastmoney_f10,2026-07-29T23:50:46
2022-06-06,1.2993,2.5986,eastmoney_f10,2026-07-29T23:50:46
2022-06-07,1.3108,2.6216,eastmoney_f10,2026-07-29T23:50:46
2022-06-08,1.2964,2.5928,eastmoney_f10,2026-07-29T23:50:46
2022-06-09,1.269,2.538,eastmoney_f10,2026-07-29T23:50:46
2022-06-10,1.2354,2.4708,eastmoney_f10,2026-07-29T23:50:46
2022-06-13,1.1908,2.3816,eastmoney_f10,2026-07-29T23:50:46
2022-06-14,1.192,2.384,eastmoney_f10,2026-07-29T23:50:46
2022-06-15,1.21,2.42,eastmoney_f10,2026-07-29T23:50:46
2022-06-16,1.1632,2.3264,eastmoney_f10,2026-07-29T23:50:46
2022-06-17,1.1627,2.3254,eastmoney_f10,2026-07-29T23:50:46
2022-06-20,1.1661,2.3322,eastmoney_f10,2026-07-29T23:50:46
2022-06-21,1.1897,2.3794,eastmoney_f10,2026-07-29T23:50:46
2022-06-22,1.1928,2.3856,eastmoney_f10,2026-07-29T23:50:46
2022-06-23,1.2036,2.4072,eastmoney_f10,2026-07-29T23:50:46
2022-06-24,1.2391,2.4782,eastmoney_f10,2026-07-29T23:50:46
2022-06-27,1.2325,2.465,eastmoney_f10,2026-07-29T23:50:46
2022-06-28,1.2092,2.4184,eastmoney_f10,2026-07-29T23:50:46
2022-06-29,1.2101,2.4202,eastmoney_f10,2026-07-29T23:50:46
2022-06-30,1.2011,2.4022,eastmoney_f10,2026-07-29T23:50:46
2022-07-01,1.2092,2.4184,eastmoney_f10,2026-07-29T23:50:46
2022-07-04,1.2128,2.4256,eastmoney_f10,2026-07-29T23:50:46
2022-07-05,1.2134,2.4268,eastmoney_f10,2026-07-29T23:50:46
2022-07-06,1.2222,2.4444,eastmoney_f10,2026-07-29T23:50:46
2022-07-07,1.2388,2.4776,eastmoney_f10,2026-07-29T23:50:46
2022-07-08,1.237,2.474,eastmoney_f10,2026-07-29T23:50:46
2022-07-11,1.2202,2.4404,eastmoney_f10,2026-07-29T23:50:46
2022-07-12,1.2147,2.4294,eastmoney_f10,2026-07-29T23:50:46
2022-07-13,1.2092,2.4184,eastmoney_f10,2026-07-29T23:50:46
2022-07-14,1.2054,2.4108,eastmoney_f10,2026-07-29T23:50:46
2022-07-15,1.2326,2.4652,eastmoney_f10,2026-07-29T23:50:46
2022-07-18,1.2213,2.4426,eastmoney_f10,2026-07-29T23:50:46
2022-07-19,1.255,2.51,eastmoney_f10,2026-07-29T23:50:46
2022-07-20,1.2627,2.5254,eastmoney_f10,2026-07-29T23:50:46
2022-07-21,1.278,2.556,eastmoney_f10,2026-07-29T23:50:46
2022-07-22,1.2643,2.5286,eastmoney_f10,2026-07-29T23:50:46
2022-07-25,1.2663,2.5326,eastmoney_f10,2026-07-29T23:50:46
2022-07-26,1.2505,2.501,eastmoney_f10,2026-07-29T23:50:46
2022-07-27,1.2878,2.5756,eastmoney_f10,2026-07-29T23:50:46
2022-07-28,1.2975,2.595,eastmoney_f10,2026-07-29T23:50:46
2022-07-29,1.3165,2.633,eastmoney_f10,2026-07-29T23:50:46
2022-08-01,1.3132,2.6264,eastmoney_f10,2026-07-29T23:50:46
2022-08-02,1.3044,2.6088,eastmoney_f10,2026-07-29T23:50:46
2022-08-03,1.3314,2.6628,eastmoney_f10,2026-07-29T23:50:46
2022-08-04,1.327,2.654,eastmoney_f10,2026-07-29T23:50:46
2022-08-05,1.3206,2.6412,eastmoney_f10,2026-07-29T23:50:46
2022-08-08,1.3244,2.6488,eastmoney_f10,2026-07-29T23:50:46
2022-08-09,1.3167,2.6334,eastmoney_f10,2026-07-29T23:50:46
2022-08-10,1.3453,2.6906,eastmoney_f10,2026-07-29T23:50:46
2022-08-11,1.339,2.678,eastmoney_f10,2026-07-29T23:50:46
2022-08-12,1.3641,2.7282,eastmoney_f10,2026-07-29T23:50:46
2022-08-15,1.3694,2.7388,eastmoney_f10,2026-07-29T23:50:46
2022-08-16,1.3785,2.757,eastmoney_f10,2026-07-29T23:50:46
2022-08-17,1.3713,2.7426,eastmoney_f10,2026-07-29T23:50:46
2022-08-18,1.3733,2.7466,eastmoney_f10,2026-07-29T23:50:46
2022-08-19,1.3609,2.7218,eastmoney_f10,2026-07-29T23:50:46
2022-08-22,1.3346,2.6692,eastmoney_f10,2026-07-29T23:50:46
2022-08-23,1.3379,2.6758,eastmoney_f10,2026-07-29T23:50:46
2022-08-24,1.3391,2.6782,eastmoney_f10,2026-07-29T23:50:46
2022-08-25,1.361,2.722,eastmoney_f10,2026-07-29T23:50:46
2022-08-26,1.3141,2.6282,eastmoney_f10,2026-07-29T23:50:46
2022-08-29,1.3094,2.6188,eastmoney_f10,2026-07-29T23:50:46
2022-08-30,1.297,2.594,eastmoney_f10,2026-07-29T23:50:46
2022-08-31,1.289,2.578,eastmoney_f10,2026-07-29T23:50:46
2022-09-01,1.2914,2.5828,eastmoney_f10,2026-07-29T23:50:46
2022-09-02,1.2793,2.5586,eastmoney_f10,2026-07-29T23:50:46
2022-09-05,1.2807,2.5614,eastmoney_f10,2026-07-29T23:50:46
2022-09-06,1.2773,2.5546,eastmoney_f10,2026-07-29T23:50:46
2022-09-07,1.3016,2.6032,eastmoney_f10,2026-07-29T23:50:46
2022-09-08,1.3097,2.6194,eastmoney_f10,2026-07-29T23:50:46
2022-09-09,1.3288,2.6576,eastmoney_f10,2026-07-29T23:50:46
2022-09-13,1.2817,2.5634,eastmoney_f10,2026-07-29T23:50:46
2022-09-14,1.2896,2.5792,eastmoney_f10,2026-07-29T23:50:46
2022-09-15,1.2747,2.5494,eastmoney_f10,2026-07-29T23:50:46
2022-09-16,1.269,2.538,eastmoney_f10,2026-07-29T23:50:46
2022-09-19,1.2788,2.5576,eastmoney_f10,2026-07-29T23:50:46
2022-09-20,1.2653,2.5306,eastmoney_f10,2026-07-29T23:50:46
2022-09-21,1.2446,2.4892,eastmoney_f10,2026-07-29T23:50:46
2022-09-22,1.238,2.476,eastmoney_f10,2026-07-29T23:50:46
2022-09-23,1.2187,2.4374,eastmoney_f10,2026-07-29T23:50:46
2022-09-26,1.2124,2.4248,eastmoney_f10,2026-07-29T23:50:46
2022-09-27,1.2168,2.4336,eastmoney_f10,2026-07-29T23:50:46
2022-09-28,1.2473,2.4946,eastmoney_f10,2026-07-29T23:50:46
2022-09-29,1.2208,2.4416,eastmoney_f10,2026-07-29T23:50:46
2022-09-30,1.2007,2.4014,eastmoney_f10,2026-07-29T23:50:46
2022-10-10,1.2096,2.4192,eastmoney_f10,2026-07-29T23:50:46
2022-10-11,1.2047,2.4094,eastmoney_f10,2026-07-29T23:50:46
2022-10-12,1.2018,2.4036,eastmoney_f10,2026-07-29T23:50:46
2022-10-13,1.2331,2.4662,eastmoney_f10,2026-07-29T23:50:46
2022-10-14,1.2038,2.4076,eastmoney_f10,2026-07-29T23:50:46
2022-10-17,1.2356,2.4712,eastmoney_f10,2026-07-29T23:50:46
2022-10-18,1.2495,2.499,eastmoney_f10,2026-07-29T23:50:46
2022-10-19,1.2415,2.483,eastmoney_f10,2026-07-29T23:50:46
2022-10-20,1.2325,2.465,eastmoney_f10,2026-07-29T23:50:46
2022-10-21,1.2614,2.5228,eastmoney_f10,2026-07-29T23:50:46
2022-10-24,1.2771,2.5542,eastmoney_f10,2026-07-29T23:50:46
2022-10-25,1.3056,2.6112,eastmoney_f10,2026-07-29T23:50:46
2022-10-26,1.2951,2.5902,eastmoney_f10,2026-07-29T23:50:46
2022-10-27,1.2859,2.5718,eastmoney_f10,2026-07-29T23:50:46
2022-10-28,1.32,2.64,eastmoney_f10,2026-07-29T23:50:46
2022-10-31,1.3115,2.623,eastmoney_f10,2026-07-29T23:50:46
2022-11-01,1.3119,2.6238,eastmoney_f10,2026-07-29T23:50:46
2022-11-02,1.2813,2.5626,eastmoney_f10,2026-07-29T23:50:46
2022-11-03,1.2726,2.5452,eastmoney_f10,2026-07-29T23:50:46
2022-11-04,1.2916,2.5832,eastmoney_f10,2026-07-29T23:50:46
2022-11-07,1.2989,2.5978,eastmoney_f10,2026-07-29T23:50:46
2022-11-08,1.3033,2.6066,eastmoney_f10,2026-07-29T23:50:46
2022-11-09,1.2777,2.5554,eastmoney_f10,2026-07-29T23:50:46
2022-11-10,1.3528,2.7056,eastmoney_f10,2026-07-29T23:50:46
2022-11-11,1.3558,2.7116,eastmoney_f10,2026-07-29T23:50:46
2022-11-14,1.3249,2.6498,eastmoney_f10,2026-07-29T23:50:46
2022-11-15,1.3275,2.655,eastmoney_f10,2026-07-29T23:50:46
2022-11-16,1.3158,2.6316,eastmoney_f10,2026-07-29T23:50:46
2022-11-17,1.3173,2.6346,eastmoney_f10,2026-07-29T23:50:46
2022-11-18,1.3316,2.6632,eastmoney_f10,2026-07-29T23:50:46
2022-11-21,1.3295,2.659,eastmoney_f10,2026-07-29T23:50:46
2022-11-22,1.3551,2.7102,eastmoney_f10,2026-07-29T23:50:46
2022-11-23,1.356,2.712,eastmoney_f10,2026-07-29T23:50:46
2022-11-24,1.3545,2.709,eastmoney_f10,2026-07-29T23:50:46
2022-11-25,1.3567,2.7134,eastmoney_f10,2026-07-29T23:50:46
2022-11-28,1.3407,2.6814,eastmoney_f10,2026-07-29T23:50:46
2022-11-29,1.3454,2.6908,eastmoney_f10,2026-07-29T23:50:46
2022-11-30,1.383,2.766,eastmoney_f10,2026-07-29T23:50:46
2022-12-01,1.3719,2.7438,eastmoney_f10,2026-07-29T23:50:46
2022-12-02,1.3575,2.715,eastmoney_f10,2026-07-29T23:50:46
2022-12-05,1.3302,2.6604,eastmoney_f10,2026-07-29T23:50:46
2022-12-06,1.2997,2.5994,eastmoney_f10,2026-07-29T23:50:46
2022-12-07,1.3014,2.6028,eastmoney_f10,2026-07-29T23:50:46
2022-12-08,1.3045,2.609,eastmoney_f10,2026-07-29T23:50:46
2022-12-09,1.2946,2.5892,eastmoney_f10,2026-07-29T23:50:46
2022-12-12,1.3125,2.625,eastmoney_f10,2026-07-29T23:50:46
2022-12-13,1.3255,2.651,eastmoney_f10,2026-07-29T23:50:46
2022-12-14,1.3137,2.6274,eastmoney_f10,2026-07-29T23:50:46
2022-12-15,1.2773,2.5546,eastmoney_f10,2026-07-29T23:50:46
2022-12-16,1.2712,2.5424,eastmoney_f10,2026-07-29T23:50:46
2022-12-19,1.259,2.518,eastmoney_f10,2026-07-29T23:50:46
2022-12-20,1.2623,2.5246,eastmoney_f10,2026-07-29T23:50:46
2022-12-21,1.2774,2.5548,eastmoney_f10,2026-07-29T23:50:46
2022-12-22,1.26,2.52,eastmoney_f10,2026-07-29T23:50:46
2022-12-23,1.269,2.538,eastmoney_f10,2026-07-29T23:50:46
2022-12-26,1.2692,2.5384,eastmoney_f10,2026-07-29T23:50:46
2022-12-27,1.2591,2.5182,eastmoney_f10,2026-07-29T23:50:46
2022-12-28,1.2464,2.4928,eastmoney_f10,2026-07-29T23:50:46
2022-12-29,1.2702,2.5404,eastmoney_f10,2026-07-29T23:50:46
2022-12-30,1.2644,2.5288,eastmoney_f10,2026-07-29T23:50:46
2022-12-31,1.2643,2.5286,eastmoney_f10,2026-07-29T23:50:46
2023-01-03,1.2565,2.513,eastmoney_f10,2026-07-29T23:50:46
2023-01-04,1.2594,2.5188,eastmoney_f10,2026-07-29T23:50:46
2023-01-05,1.2413,2.4826,eastmoney_f10,2026-07-29T23:50:46
2023-01-06,1.2692,2.5384,eastmoney_f10,2026-07-29T23:50:46
2023-01-09,1.2534,2.5068,eastmoney_f10,2026-07-29T23:50:46
2023-01-10,1.2471,2.4942,eastmoney_f10,2026-07-29T23:50:46
2023-01-11,1.2662,2.5324,eastmoney_f10,2026-07-29T23:50:46
2023-01-12,1.2689,2.5378,eastmoney_f10,2026-07-29T23:50:46
2023-01-13,1.2659,2.5318,eastmoney_f10,2026-07-29T23:50:46
2023-01-16,1.2628,2.5256,eastmoney_f10,2026-07-29T23:50:46
2023-01-17,1.2619,2.5238,eastmoney_f10,2026-07-29T23:50:46
2023-01-18,1.2492,2.4984,eastmoney_f10,2026-07-29T23:50:46
2023-01-19,1.2412,2.4824,eastmoney_f10,2026-07-29T23:50:46
2023-01-20,1.2651,2.5302,eastmoney_f10,2026-07-29T23:50:46
2023-01-30,1.2779,2.5558,eastmoney_f10,2026-07-29T23:50:46
2023-01-31,1.2962,2.5924,eastmoney_f10,2026-07-29T23:50:46
2023-02-01,1.3075,2.615,eastmoney_f10,2026-07-29T23:50:46
2023-02-02,1.3195,2.639,eastmoney_f10,2026-07-29T23:50:46
2023-02-03,1.3108,2.6216,eastmoney_f10,2026-07-29T23:50:46
2023-02-06,1.3097,2.6194,eastmoney_f10,2026-07-29T23:50:46
2023-02-07,1.331,2.662,eastmoney_f10,2026-07-29T23:50:46
2023-02-08,1.3121,2.6242,eastmoney_f10,2026-07-29T23:50:46
2023-02-09,1.3036,2.6072,eastmoney_f10,2026-07-29T23:50:46
2023-02-10,1.3062,2.6124,eastmoney_f10,2026-07-29T23:50:46
2023-02-13,1.3266,2.6532,eastmoney_f10,2026-07-29T23:50:46
2023-02-14,1.326,2.652,eastmoney_f10,2026-07-29T23:50:46
2023-02-15,1.3309,2.6618,eastmoney_f10,2026-07-29T23:50:46
2023-02-16,1.3191,2.6382,eastmoney_f10,2026-07-29T23:50:46
2023-02-17,1.3183,2.6366,eastmoney_f10,2026-07-29T23:50:46
2023-02-20,1.3179,2.6358,eastmoney_f10,2026-07-29T23:50:46
2023-02-21,1.2899,2.5798,eastmoney_f10,2026-07-29T23:50:46
2023-02-22,1.2916,2.5832,eastmoney_f10,2026-07-29T23:50:46
2023-02-23,1.3036,2.6072,eastmoney_f10,2026-07-29T23:50:46
2023-02-24,1.2883,2.5766,eastmoney_f10,2026-07-29T23:50:46
2023-02-27,1.304,2.608,eastmoney_f10,2026-07-29T23:50:46
2023-02-28,1.2992,2.5984,eastmoney_f10,2026-07-29T23:50:46
2023-03-01,1.2909,2.5818,eastmoney_f10,2026-07-29T23:50:46
2023-03-02,1.2897,2.5794,eastmoney_f10,2026-07-29T23:50:46
2023-03-03,1.3164,2.6328,eastmoney_f10,2026-07-29T23:50:46
2023-03-06,1.3141,2.6282,eastmoney_f10,2026-07-29T23:50:46
2023-03-07,1.2978,2.5956,eastmoney_f10,2026-07-29T23:50:46
2023-03-08,1.3067,2.6134,eastmoney_f10,2026-07-29T23:50:46
2023-03-09,1.2853,2.5706,eastmoney_f10,2026-07-29T23:50:46
2023-03-10,1.2665,2.533,eastmoney_f10,2026-07-29T23:50:46
2023-03-13,1.2595,2.519,eastmoney_f10,2026-07-29T23:50:46
2023-03-14,1.2725,2.545,eastmoney_f10,2026-07-29T23:50:46
2023-03-15,1.2588,2.5176,eastmoney_f10,2026-07-29T23:50:46
2023-03-16,1.2897,2.5794,eastmoney_f10,2026-07-29T23:50:46
2023-03-17,1.2738,2.5476,eastmoney_f10,2026-07-29T23:50:46
2023-03-20,1.2784,2.5568,eastmoney_f10,2026-07-29T23:50:46
2023-03-21,1.2964,2.5928,eastmoney_f10,2026-07-29T23:50:46
2023-03-22,1.2742,2.5484,eastmoney_f10,2026-07-29T23:50:46
2023-03-23,1.2779,2.5558,eastmoney_f10,2026-07-29T23:50:46
2023-03-24,1.2787,2.5574,eastmoney_f10,2026-07-29T23:50:46
2023-03-27,1.2872,2.5744,eastmoney_f10,2026-07-29T23:50:46
2023-03-28,1.2858,2.5716,eastmoney_f10,2026-07-29T23:50:46
2023-03-29,1.3045,2.609,eastmoney_f10,2026-07-29T23:50:46
2023-03-30,1.3142,2.6284,eastmoney_f10,2026-07-29T23:50:46
2023-03-31,1.3299,2.6598,eastmoney_f10,2026-07-29T23:50:46
2023-04-03,1.3364,2.6728,eastmoney_f10,2026-07-29T23:50:46
2023-04-04,1.3267,2.6534,eastmoney_f10,2026-07-29T23:50:46
2023-04-06,1.3293,2.6586,eastmoney_f10,2026-07-29T23:50:46
2023-04-07,1.3311,2.6622,eastmoney_f10,2026-07-29T23:50:46
2023-04-10,1.3309,2.6618,eastmoney_f10,2026-07-29T23:50:46
2023-04-11,1.3331,2.6662,eastmoney_f10,2026-07-29T23:50:46
2023-04-12,1.327,2.654,eastmoney_f10,2026-07-29T23:50:46
2023-04-13,1.3408,2.6816,eastmoney_f10,2026-07-29T23:50:46
2023-04-14,1.337,2.674,eastmoney_f10,2026-07-29T23:50:46
2023-04-17,1.3428,2.6856,eastmoney_f10,2026-07-29T23:50:46
2023-04-18,1.3466,2.6932,eastmoney_f10,2026-07-29T23:50:46
2023-04-19,1.3448,2.6896,eastmoney_f10,2026-07-29T23:50:46
2023-04-20,1.3418,2.6836,eastmoney_f10,2026-07-29T23:50:46
2023-04-21,1.3384,2.6768,eastmoney_f10,2026-07-29T23:50:46
2023-04-24,1.3411,2.6822,eastmoney_f10,2026-07-29T23:50:46
2023-04-25,1.3202,2.6404,eastmoney_f10,2026-07-29T23:50:46
2023-04-26,1.3226,2.6452,eastmoney_f10,2026-07-29T23:50:46
2023-04-27,1.3478,2.6956,eastmoney_f10,2026-07-29T23:50:46
2023-04-28,1.3597,2.7194,eastmoney_f10,2026-07-29T23:50:46
2023-05-04,1.3208,2.6416,eastmoney_f10,2026-07-29T23:50:46
2023-05-05,1.3464,2.6928,eastmoney_f10,2026-07-29T23:50:46
2023-05-08,1.3478,2.6956,eastmoney_f10,2026-07-29T23:50:46
2023-05-09,1.3435,2.687,eastmoney_f10,2026-07-29T23:50:46
2023-05-10,1.3504,2.7008,eastmoney_f10,2026-07-29T23:50:46
2023-05-11,1.3444,2.6888,eastmoney_f10,2026-07-29T23:50:46
2023-05-12,1.35,2.7,eastmoney_f10,2026-07-29T23:50:46
2023-05-15,1.3574,2.7148,eastmoney_f10,2026-07-29T23:50:46
2023-05-16,1.3459,2.6918,eastmoney_f10,2026-07-29T23:50:46
2023-05-17,1.3668,2.7336,eastmoney_f10,2026-07-29T23:50:46
2023-05-18,1.3842,2.7684,eastmoney_f10,2026-07-29T23:50:46
2023-05-19,1.3898,2.7796,eastmoney_f10,2026-07-29T23:50:46
2023-05-22,1.3862,2.7724,eastmoney_f10,2026-07-29T23:50:46
2023-05-23,1.3739,2.7478,eastmoney_f10,2026-07-29T23:50:46
2023-05-24,1.3683,2.7366,eastmoney_f10,2026-07-29T23:50:46
2023-05-25,1.3796,2.7592,eastmoney_f10,2026-07-29T23:50:46
2023-05-26,1.4021,2.8042,eastmoney_f10,2026-07-29T23:50:46
2023-05-29,1.3985,2.797,eastmoney_f10,2026-07-29T23:50:46
2023-05-30,1.4032,2.8064,eastmoney_f10,2026-07-29T23:50:46
2023-05-31,1.395,2.79,eastmoney_f10,2026-07-29T23:50:46
2023-06-01,1.4117,2.8234,eastmoney_f10,2026-07-29T23:50:46
2023-06-02,1.4317,2.8634,eastmoney_f10,2026-07-29T23:50:46
2023-06-05,1.4281,2.8562,eastmoney_f10,2026-07-29T23:50:46
2023-06-06,1.4347,2.8694,eastmoney_f10,2026-07-29T23:50:46
2023-06-07,1.4316,2.8632,eastmoney_f10,2026-07-29T23:50:46
2023-06-08,1.4422,2.8844,eastmoney_f10,2026-07-29T23:50:46
2023-06-09,1.4406,2.8812,eastmoney_f10,2026-07-29T23:50:46
2023-06-12,1.4558,2.9116,eastmoney_f10,2026-07-29T23:50:46
2023-06-13,1.4715,2.943,eastmoney_f10,2026-07-29T23:50:46
2023-06-14,1.4742,2.9484,eastmoney_f10,2026-07-29T23:50:46
2023-06-15,1.4908,2.9816,eastmoney_f10,2026-07-29T23:50:46
2023-06-16,1.4812,2.9624,eastmoney_f10,2026-07-29T23:50:46
2023-06-19,1.4793,2.9586,eastmoney_f10,2026-07-29T23:50:46
2023-06-20,1.4803,2.9606,eastmoney_f10,2026-07-29T23:50:46
2023-06-21,1.4766,2.9532,eastmoney_f10,2026-07-29T23:50:46
2023-06-26,1.4693,2.9386,eastmoney_f10,2026-07-29T23:50:46
2023-06-27,1.4869,2.9738,eastmoney_f10,2026-07-29T23:50:46
2023-06-28,1.4864,2.9728,eastmoney_f10,2026-07-29T23:50:46
2023-06-29,1.4953,2.9906,eastmoney_f10,2026-07-29T23:50:46
2023-06-30,1.5147,3.0294,eastmoney_f10,2026-07-29T23:50:46
2023-07-03,1.5143,3.0286,eastmoney_f10,2026-07-29T23:50:46
2023-07-04,1.512,3.024,eastmoney_f10,2026-07-29T23:50:46
2023-07-05,1.5076,3.0152,eastmoney_f10,2026-07-29T23:50:46
2023-07-06,1.4983,2.9966,eastmoney_f10,2026-07-29T23:50:46
2023-07-07,1.4933,2.9866,eastmoney_f10,2026-07-29T23:50:46
2023-07-10,1.4942,2.9884,eastmoney_f10,2026-07-29T23:50:46
2023-07-11,1.5035,3.007,eastmoney_f10,2026-07-29T23:50:46
2023-07-12,1.5121,3.0242,eastmoney_f10,2026-07-29T23:50:46
2023-07-13,1.5201,3.0402,eastmoney_f10,2026-07-29T23:50:46
2023-07-14,1.5142,3.0284,eastmoney_f10,2026-07-29T23:50:46
2023-07-17,1.52,3.04,eastmoney_f10,2026-07-29T23:50:46
2023-07-18,1.5334,3.0668,eastmoney_f10,2026-07-29T23:50:46
2023-07-19,1.5378,3.0756,eastmoney_f10,2026-07-29T23:50:46
2023-07-20,1.5272,3.0544,eastmoney_f10,2026-07-29T23:50:46
2023-07-21,1.5273,3.0546,eastmoney_f10,2026-07-29T23:50:46
2023-07-24,1.5333,3.0666,eastmoney_f10,2026-07-29T23:50:46
2023-07-25,1.5366,3.0732,eastmoney_f10,2026-07-29T23:50:46
2023-07-26,1.534,3.068,eastmoney_f10,2026-07-29T23:50:46
2023-07-27,1.5236,3.0472,eastmoney_f10,2026-07-29T23:50:46
2023-07-28,1.5399,3.0798,eastmoney_f10,2026-07-29T23:50:46
2023-07-31,1.5414,3.0828,eastmoney_f10,2026-07-29T23:50:46
2023-08-01,1.5368,3.0736,eastmoney_f10,2026-07-29T23:50:46
2023-08-02,1.5173,3.0346,eastmoney_f10,2026-07-29T23:50:46
2023-08-03,1.516,3.032,eastmoney_f10,2026-07-29T23:50:46
2023-08-04,1.5064,3.0128,eastmoney_f10,2026-07-29T23:50:46
2023-08-07,1.5191,3.0382,eastmoney_f10,2026-07-29T23:50:46
2023-08-08,1.5165,3.033,eastmoney_f10,2026-07-29T23:50:46
2023-08-09,1.5064,3.0128,eastmoney_f10,2026-07-29T23:50:46
2023-08-10,1.5066,3.0132,eastmoney_f10,2026-07-29T23:50:46
2023-08-11,1.5054,3.0108,eastmoney_f10,2026-07-29T23:50:46
2023-08-14,1.5161,3.0322,eastmoney_f10,2026-07-29T23:50:46
2023-08-15,1.5005,3.001,eastmoney_f10,2026-07-29T23:50:46
2023-08-16,1.4939,2.9878,eastmoney_f10,2026-07-29T23:50:46
2023-08-17,1.4844,2.9688,eastmoney_f10,2026-07-29T23:50:46
2023-08-18,1.4827,2.9654,eastmoney_f10,2026-07-29T23:50:46
2023-08-21,1.4924,2.9848,eastmoney_f10,2026-07-29T23:50:46
2023-08-22,1.4882,2.9764,eastmoney_f10,2026-07-29T23:50:46
2023-08-23,1.5045,3.009,eastmoney_f10,2026-07-29T23:50:46
2023-08-24,1.4824,2.9648,eastmoney_f10,2026-07-29T23:50:46
2023-08-25,1.4924,2.9848,eastmoney_f10,2026-07-29T23:50:46
2023-08-28,1.5011,3.0022,eastmoney_f10,2026-07-29T23:50:46
2023-08-29,1.5228,3.0456,eastmoney_f10,2026-07-29T23:50:46
2023-08-30,1.5281,3.0562,eastmoney_f10,2026-07-29T23:50:46
2023-08-31,1.5258,3.0516,eastmoney_f10,2026-07-29T23:50:46
2023-09-01,1.5281,3.0562,eastmoney_f10,2026-07-29T23:50:46
2023-09-04,1.5279,3.0558,eastmoney_f10,2026-07-29T23:50:46
2023-09-05,1.5216,3.0432,eastmoney_f10,2026-07-29T23:50:46
2023-09-06,1.5149,3.0298,eastmoney_f10,2026-07-29T23:50:46
2023-09-07,1.5107,3.0214,eastmoney_f10,2026-07-29T23:50:46
2023-09-08,1.5163,3.0326,eastmoney_f10,2026-07-29T23:50:46
2023-09-11,1.5261,3.0522,eastmoney_f10,2026-07-29T23:50:46
2023-09-12,1.5141,3.0282,eastmoney_f10,2026-07-29T23:50:46
2023-09-13,1.5139,3.0278,eastmoney_f10,2026-07-29T23:50:46
2023-09-14,1.5266,3.0532,eastmoney_f10,2026-07-29T23:50:46
2023-09-15,1.5063,3.0126,eastmoney_f10,2026-07-29T23:50:46
2023-09-18,1.5064,3.0128,eastmoney_f10,2026-07-29T23:50:46
2023-09-19,1.503,3.006,eastmoney_f10,2026-07-29T23:50:46
2023-09-20,1.4889,2.9778,eastmoney_f10,2026-07-29T23:50:46
2023-09-21,1.4645,2.929,eastmoney_f10,2026-07-29T23:50:46
2023-09-22,1.4611,2.9222,eastmoney_f10,2026-07-29T23:50:46
2023-09-25,1.4668,2.9336,eastmoney_f10,2026-07-29T23:50:46
2023-09-26,1.4453,2.8906,eastmoney_f10,2026-07-29T23:50:46
2023-09-27,1.4454,2.8908,eastmoney_f10,2026-07-29T23:50:46
2023-09-28,1.4556,2.9112,eastmoney_f10,2026-07-29T23:50:46
2023-10-09,1.4676,2.9352,eastmoney_f10,2026-07-29T23:50:46
2023-10-10,1.475,2.95,eastmoney_f10,2026-07-29T23:50:46
2023-10-11,1.4813,2.9626,eastmoney_f10,2026-07-29T23:50:46
2023-10-12,1.4721,2.9442,eastmoney_f10,2026-07-29T23:50:46
2023-10-13,1.4641,2.9282,eastmoney_f10,2026-07-29T23:50:46
2023-10-16,1.48,2.96,eastmoney_f10,2026-07-29T23:50:46
2023-10-17,1.4797,2.9594,eastmoney_f10,2026-07-29T23:50:46
2023-10-18,1.46,2.92,eastmoney_f10,2026-07-29T23:50:46
2023-10-19,1.4476,2.8952,eastmoney_f10,2026-07-29T23:50:46
2023-10-20,1.4293,2.8586,eastmoney_f10,2026-07-29T23:50:46
2023-10-23,1.4267,2.8534,eastmoney_f10,2026-07-29T23:50:46
2023-10-24,1.437,2.874,eastmoney_f10,2026-07-29T23:50:46
2023-10-25,1.4163,2.8326,eastmoney_f10,2026-07-29T23:50:46
2023-10-26,1.3994,2.7988,eastmoney_f10,2026-07-29T23:50:46
2023-10-27,1.3927,2.7854,eastmoney_f10,2026-07-29T23:50:46
2023-10-30,1.4095,2.819,eastmoney_f10,2026-07-29T23:50:46
2023-10-31,1.4186,2.8372,eastmoney_f10,2026-07-29T23:50:46
2023-11-01,1.4335,2.867,eastmoney_f10,2026-07-29T23:50:46
2023-11-02,1.461,2.922,eastmoney_f10,2026-07-29T23:50:46
2023-11-03,1.4748,2.9496,eastmoney_f10,2026-07-29T23:50:46
2023-11-06,1.4769,2.9538,eastmoney_f10,2026-07-29T23:50:46
2023-11-07,1.4809,2.9618,eastmoney_f10,2026-07-29T23:50:46
2023-11-08,1.4823,2.9646,eastmoney_f10,2026-07-29T23:50:46
2023-11-09,1.4705,2.941,eastmoney_f10,2026-07-29T23:50:46
2023-11-10,1.4939,2.9878,eastmoney_f10,2026-07-29T23:50:46
2023-11-13,1.4925,2.985,eastmoney_f10,2026-07-29T23:50:46
2023-11-14,1.5212,3.0424,eastmoney_f10,2026-07-29T23:50:46
2023-11-15,1.5235,3.047,eastmoney_f10,2026-07-29T23:50:46
2023-11-16,1.5249,3.0498,eastmoney_f10,2026-07-29T23:50:46
2023-11-17,1.5269,3.0538,eastmoney_f10,2026-07-29T23:50:46
2023-11-20,1.5358,3.0716,eastmoney_f10,2026-07-29T23:50:46
2023-11-21,1.5282,3.0564,eastmoney_f10,2026-07-29T23:50:46
2023-11-22,1.5312,3.0624,eastmoney_f10,2026-07-29T23:50:46
2023-11-23,1.5302,3.0604,eastmoney_f10,2026-07-29T23:50:46
2023-11-24,1.5298,3.0596,eastmoney_f10,2026-07-29T23:50:46
2023-11-27,1.5269,3.0538,eastmoney_f10,2026-07-29T23:50:46
2023-11-28,1.5277,3.0554,eastmoney_f10,2026-07-29T23:50:46
2023-11-29,1.5243,3.0486,eastmoney_f10,2026-07-29T23:50:46
2023-11-30,1.5302,3.0604,eastmoney_f10,2026-07-29T23:50:46
2023-12-01,1.5411,3.0822,eastmoney_f10,2026-07-29T23:50:46
2023-12-04,1.5307,3.0614,eastmoney_f10,2026-07-29T23:50:46
2023-12-05,1.5323,3.0646,eastmoney_f10,2026-07-29T23:50:46
2023-12-06,1.5266,3.0532,eastmoney_f10,2026-07-29T23:50:46
2023-12-07,1.5399,3.0798,eastmoney_f10,2026-07-29T23:50:46
2023-12-08,1.5451,3.0902,eastmoney_f10,2026-07-29T23:50:46
2023-12-11,1.5519,3.1038,eastmoney_f10,2026-07-29T23:50:46
2023-12-12,1.5594,3.1188,eastmoney_f10,2026-07-29T23:50:46
2023-12-13,1.5795,3.159,eastmoney_f10,2026-07-29T23:50:46
2023-12-14,1.5834,3.1668,eastmoney_f10,2026-07-29T23:50:46
2023-12-15,1.5805,3.161,eastmoney_f10,2026-07-29T23:50:46
2023-12-18,1.5869,3.1738,eastmoney_f10,2026-07-29T23:50:46
2023-12-19,1.5974,3.1948,eastmoney_f10,2026-07-29T23:50:46
2023-12-20,1.5736,3.1472,eastmoney_f10,2026-07-29T23:50:46
2023-12-21,1.5908,3.1816,eastmoney_f10,2026-07-29T23:50:46
2023-12-22,1.592,3.184,eastmoney_f10,2026-07-29T23:50:46
2023-12-25,1.5931,3.1862,eastmoney_f10,2026-07-29T23:50:46
2023-12-26,1.5989,3.1978,eastmoney_f10,2026-07-29T23:50:46
2023-12-27,1.6021,3.2042,eastmoney_f10,2026-07-29T23:50:46
2023-12-28,1.6021,3.2042,eastmoney_f10,2026-07-29T23:50:46
2023-12-29,1.5943,3.1886,eastmoney_f10,2026-07-29T23:50:46
2023-12-31,1.5942,3.1884,eastmoney_f10,2026-07-29T23:50:46
2024-01-02,1.5837,3.1674,eastmoney_f10,2026-07-29T23:50:46
2024-01-03,1.576,3.152,eastmoney_f10,2026-07-29T23:50:46
2024-01-04,1.5707,3.1414,eastmoney_f10,2026-07-29T23:50:46
2024-01-05,1.5742,3.1484,eastmoney_f10,2026-07-29T23:50:46
2024-01-08,1.5958,3.1916,eastmoney_f10,2026-07-29T23:50:46
2024-01-09,1.5937,3.1874,eastmoney_f10,2026-07-29T23:50:46
2024-01-10,1.6038,3.2076,eastmoney_f10,2026-07-29T23:50:46
2024-01-11,1.6035,3.207,eastmoney_f10,2026-07-29T23:50:46
2024-01-12,1.6037,3.2074,eastmoney_f10,2026-07-29T23:50:46
2024-01-15,1.6043,3.2086,eastmoney_f10,2026-07-29T23:50:46
2024-01-16,1.5995,3.199,eastmoney_f10,2026-07-29T23:50:46
2024-01-17,1.5913,3.1826,eastmoney_f10,2026-07-29T23:50:46
2024-01-18,1.6055,3.211,eastmoney_f10,2026-07-29T23:50:46
2024-01-19,1.6252,3.2504,eastmoney_f10,2026-07-29T23:50:46
2024-01-22,1.6273,3.2546,eastmoney_f10,2026-07-29T23:50:46
2024-01-23,1.6322,3.2644,eastmoney_f10,2026-07-29T23:50:46
2024-01-24,1.6321,3.2642,eastmoney_f10,2026-07-29T23:50:46
2024-01-25,1.6406,3.2812,eastmoney_f10,2026-07-29T23:50:46
2024-01-26,1.6402,3.2804,eastmoney_f10,2026-07-29T23:50:46
2024-01-29,1.6531,3.3062,eastmoney_f10,2026-07-29T23:50:46
2024-01-30,1.6511,3.3022,eastmoney_f10,2026-07-29T23:50:46
2024-01-31,1.624,3.248,eastmoney_f10,2026-07-29T23:50:46
2024-02-01,1.6446,3.2892,eastmoney_f10,2026-07-29T23:50:46
2024-02-02,1.6614,3.3228,eastmoney_f10,2026-07-29T23:50:46
2024-02-05,1.6575,3.315,eastmoney_f10,2026-07-29T23:50:46
2024-02-06,1.6616,3.3232,eastmoney_f10,2026-07-29T23:50:46
2024-02-07,1.6745,3.349,eastmoney_f10,2026-07-29T23:50:46
2024-02-08,1.676,3.352,eastmoney_f10,2026-07-29T23:50:46
2024-02-19,1.6786,3.3572,eastmoney_f10,2026-07-29T23:50:46
2024-02-20,1.6693,3.3386,eastmoney_f10,2026-07-29T23:50:46
2024-02-21,1.6705,3.341,eastmoney_f10,2026-07-29T23:50:46
2024-02-22,1.7057,3.4114,eastmoney_f10,2026-07-29T23:50:46
2024-02-23,1.7073,3.4146,eastmoney_f10,2026-07-29T23:50:46
2024-02-26,1.7012,3.4024,eastmoney_f10,2026-07-29T23:50:46
2024-02-27,1.7036,3.4072,eastmoney_f10,2026-07-29T23:50:46
2024-02-28,1.7013,3.4026,eastmoney_f10,2026-07-29T23:50:46
2024-02-29,1.7096,3.4192,eastmoney_f10,2026-07-29T23:50:46
2024-03-01,1.7241,3.4482,eastmoney_f10,2026-07-29T23:50:46
2024-03-04,1.7206,3.4412,eastmoney_f10,2026-07-29T23:50:46
2024-03-05,1.7032,3.4064,eastmoney_f10,2026-07-29T23:50:46
2024-03-06,1.7119,3.4238,eastmoney_f10,2026-07-29T23:50:46
2024-03-07,1.7293,3.4586,eastmoney_f10,2026-07-29T23:50:46
2024-03-08,1.7174,3.4348,eastmoney_f10,2026-07-29T23:50:46
2024-03-11,1.7152,3.4304,eastmoney_f10,2026-07-29T23:50:46
2024-03-12,1.7342,3.4684,eastmoney_f10,2026-07-29T23:50:46
2024-03-13,1.73,3.46,eastmoney_f10,2026-07-29T23:50:46
2024-03-14,1.7264,3.4528,eastmoney_f10,2026-07-29T23:50:46
2024-03-15,1.7151,3.4302,eastmoney_f10,2026-07-29T23:50:46
2024-03-18,1.7253,3.4506,eastmoney_f10,2026-07-29T23:50:46
2024-03-19,1.736,3.472,eastmoney_f10,2026-07-29T23:50:46
2024-03-20,1.7512,3.5024,eastmoney_f10,2026-07-29T23:50:46
2024-03-21,1.7563,3.5126,eastmoney_f10,2026-07-29T23:50:46
2024-03-22,1.7551,3.5102,eastmoney_f10,2026-07-29T23:50:46
2024-03-25,1.7493,3.4986,eastmoney_f10,2026-07-29T23:50:46
2024-03-26,1.7431,3.4862,eastmoney_f10,2026-07-29T23:50:46
2024-03-27,1.7582,3.5164,eastmoney_f10,2026-07-29T23:50:46
2024-03-28,1.7602,3.5204,eastmoney_f10,2026-07-29T23:50:46
2024-03-29,1.7603,3.5206,eastmoney_f10,2026-07-29T23:50:46
2024-04-01,1.7561,3.5122,eastmoney_f10,2026-07-29T23:50:46
2024-04-02,1.7442,3.4884,eastmoney_f10,2026-07-29T23:50:46
2024-04-03,1.7463,3.4926,eastmoney_f10,2026-07-29T23:50:46
2024-04-08,1.7425,3.485,eastmoney_f10,2026-07-29T23:50:46
2024-04-09,1.7457,3.4914,eastmoney_f10,2026-07-29T23:50:46
2024-04-10,1.7291,3.4582,eastmoney_f10,2026-07-29T23:50:46
2024-04-11,1.7422,3.4844,eastmoney_f10,2026-07-29T23:50:46
2024-04-12,1.717,3.434,eastmoney_f10,2026-07-29T23:50:46
2024-04-15,1.6965,3.393,eastmoney_f10,2026-07-29T23:50:46
2024-04-16,1.694,3.388,eastmoney_f10,2026-07-29T23:50:46
2024-04-17,1.6841,3.3682,eastmoney_f10,2026-07-29T23:50:46
2024-04-18,1.6802,3.3604,eastmoney_f10,2026-07-29T23:50:46
2024-04-19,1.6659,3.3318,eastmoney_f10,2026-07-29T23:50:46
2024-04-22,1.6803,3.3606,eastmoney_f10,2026-07-29T23:50:46
2024-04-23,1.7009,3.4018,eastmoney_f10,2026-07-29T23:50:46
2024-04-24,1.701,3.402,eastmoney_f10,2026-07-29T23:50:46
2024-04-25,1.6932,3.3864,eastmoney_f10,2026-07-29T23:50:46
2024-04-26,1.7105,3.421,eastmoney_f10,2026-07-29T23:50:46
2024-04-29,1.716,3.432,eastmoney_f10,2026-07-29T23:50:46
2024-04-30,1.689,3.378,eastmoney_f10,2026-07-29T23:50:46
2024-05-06,1.7355,3.471,eastmoney_f10,2026-07-29T23:50:46
2024-05-07,1.738,3.476,eastmoney_f10,2026-07-29T23:50:46
2024-05-08,1.7381,3.4762,eastmoney_f10,2026-07-29T23:50:46
2024-05-09,1.7474,3.4948,eastmoney_f10,2026-07-29T23:50:46
2024-05-10,1.75,3.5,eastmoney_f10,2026-07-29T23:50:46
2024-05-13,1.75,3.5,eastmoney_f10,2026-07-29T23:50:46
2024-05-14,1.7593,3.5186,eastmoney_f10,2026-07-29T23:50:46
2024-05-15,1.7803,3.5606,eastmoney_f10,2026-07-29T23:50:46
2024-05-16,1.776,3.552,eastmoney_f10,2026-07-29T23:50:46
2024-05-17,1.7788,3.5576,eastmoney_f10,2026-07-29T23:50:46
2024-05-20,1.7803,3.5606,eastmoney_f10,2026-07-29T23:50:46
2024-05-21,1.7854,3.5708,eastmoney_f10,2026-07-29T23:50:46
2024-05-22,1.7806,3.5612,eastmoney_f10,2026-07-29T23:50:46
2024-05-23,1.768,3.536,eastmoney_f10,2026-07-29T23:50:46
2024-05-24,1.7805,3.561,eastmoney_f10,2026-07-29T23:50:46
2024-05-27,1.7801,3.5602,eastmoney_f10,2026-07-29T23:50:46
2024-05-28,1.781,3.562,eastmoney_f10,2026-07-29T23:50:46
2024-05-29,1.7681,3.5362,eastmoney_f10,2026-07-29T23:50:46
2024-05-30,1.7576,3.5152,eastmoney_f10,2026-07-29T23:50:46
2024-05-31,1.7711,3.5422,eastmoney_f10,2026-07-29T23:50:46
2024-06-03,1.7731,3.5462,eastmoney_f10,2026-07-29T23:50:46
2024-06-04,1.7757,3.5514,eastmoney_f10,2026-07-29T23:50:46
2024-06-05,1.7972,3.5944,eastmoney_f10,2026-07-29T23:50:46
2024-06-06,1.797,3.594,eastmoney_f10,2026-07-29T23:50:46
2024-06-07,1.7952,3.5904,eastmoney_f10,2026-07-29T23:50:46
2024-06-11,1.8057,3.6114,eastmoney_f10,2026-07-29T23:50:46
2024-06-12,1.821,3.642,eastmoney_f10,2026-07-29T23:50:46
2024-06-13,1.8252,3.6504,eastmoney_f10,2026-07-29T23:50:46
2024-06-14,1.8257,3.6514,eastmoney_f10,2026-07-29T23:50:46
2024-06-17,1.8396,3.6792,eastmoney_f10,2026-07-29T23:50:46
2024-06-18,1.8441,3.6882,eastmoney_f10,2026-07-29T23:50:46
2024-06-19,1.8444,3.6888,eastmoney_f10,2026-07-29T23:50:46
2024-06-20,1.8403,3.6806,eastmoney_f10,2026-07-29T23:50:46
2024-06-21,1.8375,3.675,eastmoney_f10,2026-07-29T23:50:46
2024-06-24,1.8322,3.6644,eastmoney_f10,2026-07-29T23:50:46
2024-06-25,1.8399,3.6798,eastmoney_f10,2026-07-29T23:50:46
2024-06-26,1.8434,3.6868,eastmoney_f10,2026-07-29T23:50:46
2024-06-27,1.8456,3.6912,eastmoney_f10,2026-07-29T23:50:46
2024-06-28,1.8381,3.6762,eastmoney_f10,2026-07-29T23:50:46
2024-06-30,1.8381,3.6762,eastmoney_f10,2026-07-29T23:50:46
2024-07-01,1.843,3.686,eastmoney_f10,2026-07-29T23:50:46
2024-07-02,1.8551,3.7102,eastmoney_f10,2026-07-29T23:50:46
2024-07-03,1.865,3.73,eastmoney_f10,2026-07-29T23:50:46
2024-07-04,1.8647,3.7294,eastmoney_f10,2026-07-29T23:50:46
2024-07-05,1.8748,3.7496,eastmoney_f10,2026-07-29T23:50:46
2024-07-08,1.8767,3.7534,eastmoney_f10,2026-07-29T23:50:46
2024-07-09,1.8788,3.7576,eastmoney_f10,2026-07-29T23:50:46
2024-07-10,1.899,3.798,eastmoney_f10,2026-07-29T23:50:46
2024-07-11,1.8823,3.7646,eastmoney_f10,2026-07-29T23:50:46
2024-07-12,1.8917,3.7834,eastmoney_f10,2026-07-29T23:50:46
2024-07-15,1.8971,3.7942,eastmoney_f10,2026-07-29T23:50:46
2024-07-16,1.9095,3.819,eastmoney_f10,2026-07-29T23:50:46
2024-07-17,1.8825,3.765,eastmoney_f10,2026-07-29T23:50:46
2024-07-18,1.8669,3.7338,eastmoney_f10,2026-07-29T23:50:46
2024-07-19,1.8545,3.709,eastmoney_f10,2026-07-29T23:50:46
2024-07-22,1.8749,3.7498,eastmoney_f10,2026-07-29T23:50:46
2024-07-23,1.8713,3.7426,eastmoney_f10,2026-07-29T23:50:46
2024-07-24,1.8285,3.657,eastmoney_f10,2026-07-29T23:50:46
2024-07-25,1.8175,3.635,eastmoney_f10,2026-07-29T23:50:46
2024-07-26,1.8363,3.6726,eastmoney_f10,2026-07-29T23:50:46
2024-07-29,1.8388,3.6776,eastmoney_f10,2026-07-29T23:50:46
2024-07-30,1.8306,3.6612,eastmoney_f10,2026-07-29T23:50:46
2024-07-31,1.8591,3.7182,eastmoney_f10,2026-07-29T23:50:46
2024-08-01,1.8329,3.6658,eastmoney_f10,2026-07-29T23:50:46
2024-08-02,1.8005,3.601,eastmoney_f10,2026-07-29T23:50:46
2024-08-05,1.7459,3.4918,eastmoney_f10,2026-07-29T23:50:46
2024-08-06,1.7633,3.5266,eastmoney_f10,2026-07-29T23:50:46
2024-08-07,1.7513,3.5026,eastmoney_f10,2026-07-29T23:50:46
2024-08-08,1.7936,3.5872,eastmoney_f10,2026-07-29T23:50:46
2024-08-09,1.8017,3.6034,eastmoney_f10,2026-07-29T23:50:46
2024-08-12,1.802,3.604,eastmoney_f10,2026-07-29T23:50:46
2024-08-13,1.8329,3.6658,eastmoney_f10,2026-07-29T23:50:46
2024-08-14,1.8382,3.6764,eastmoney_f10,2026-07-29T23:50:46
2024-08-15,1.8681,3.7362,eastmoney_f10,2026-07-29T23:50:46
2024-08-16,1.8737,3.7474,eastmoney_f10,2026-07-29T23:50:46
2024-08-19,1.8907,3.7814,eastmoney_f10,2026-07-29T23:50:46
2024-08-20,1.8846,3.7692,eastmoney_f10,2026-07-29T23:50:46
2024-08-21,1.8922,3.7844,eastmoney_f10,2026-07-29T23:50:46
2024-08-22,1.8731,3.7462,eastmoney_f10,2026-07-29T23:50:46
2024-08-23,1.8981,3.7962,eastmoney_f10,2026-07-29T23:50:46
2024-08-26,1.8862,3.7724,eastmoney_f10,2026-07-29T23:50:46
2024-08-27,1.8921,3.7842,eastmoney_f10,2026-07-29T23:50:46
2024-08-28,1.8797,3.7594,eastmoney_f10,2026-07-29T23:50:46
2024-08-29,1.8818,3.7636,eastmoney_f10,2026-07-29T23:50:46
2024-08-30,1.8962,3.7924,eastmoney_f10,2026-07-29T23:50:46
2024-09-02,1.8935,3.787,eastmoney_f10,2026-07-29T23:50:46
2024-09-03,1.8557,3.7114,eastmoney_f10,2026-07-29T23:50:46
2024-09-04,1.8536,3.7072,eastmoney_f10,2026-07-29T23:50:46
2024-09-05,1.844,3.688,eastmoney_f10,2026-07-29T23:50:46
2024-09-06,1.8106,3.6212,eastmoney_f10,2026-07-29T23:50:46
2024-09-09,1.8331,3.6662,eastmoney_f10,2026-07-29T23:50:46
2024-09-10,1.8453,3.6906,eastmoney_f10,2026-07-29T23:50:46
2024-09-11,1.8664,3.7328,eastmoney_f10,2026-07-29T23:50:46
2024-09-12,1.8812,3.7624,eastmoney_f10,2026-07-29T23:50:46
2024-09-13,1.8867,3.7734,eastmoney_f10,2026-07-29T23:50:46
2024-09-18,1.8801,3.7602,eastmoney_f10,2026-07-29T23:50:46
2024-09-19,1.9152,3.8304,eastmoney_f10,2026-07-29T23:50:46
2024-09-20,1.9023,3.8046,eastmoney_f10,2026-07-29T23:50:46
2024-09-23,1.9042,3.8084,eastmoney_f10,2026-07-29T23:50:46
2024-09-24,1.9084,3.8168,eastmoney_f10,2026-07-29T23:50:46
2024-09-25,1.8965,3.793,eastmoney_f10,2026-07-29T23:50:46
2024-09-26,1.9084,3.8168,eastmoney_f10,2026-07-29T23:50:46
2024-09-27,1.8991,3.7982,eastmoney_f10,2026-07-29T23:50:46
2024-09-30,1.9064,3.8128,eastmoney_f10,2026-07-29T23:50:46
2024-10-08,1.9196,3.8392,eastmoney_f10,2026-07-29T23:50:46
2024-10-09,1.9295,3.859,eastmoney_f10,2026-07-29T23:50:46
2024-10-10,1.9306,3.8612,eastmoney_f10,2026-07-29T23:50:46
2024-10-11,1.9418,3.8836,eastmoney_f10,2026-07-29T23:50:46
2024-10-14,1.9564,3.9128,eastmoney_f10,2026-07-29T23:50:46
2024-10-15,1.9444,3.8888,eastmoney_f10,2026-07-29T23:50:46
2024-10-16,1.9633,3.9266,eastmoney_f10,2026-07-29T23:50:46
2024-10-17,1.9638,3.9276,eastmoney_f10,2026-07-29T23:50:46
2024-10-18,1.9731,3.9462,eastmoney_f10,2026-07-29T23:50:46
2024-10-21,1.9614,3.9228,eastmoney_f10,2026-07-29T23:50:46
2024-10-22,1.9674,3.9348,eastmoney_f10,2026-07-29T23:50:46
2024-10-23,1.9497,3.8994,eastmoney_f10,2026-07-29T23:50:46
2024-10-24,1.9551,3.9102,eastmoney_f10,2026-07-29T23:50:46
2024-10-25,1.9491,3.8982,eastmoney_f10,2026-07-29T23:50:46
2024-10-28,1.9603,3.9206,eastmoney_f10,2026-07-29T23:50:46
2024-10-29,1.963,3.926,eastmoney_f10,2026-07-29T23:50:46
2024-10-30,1.9594,3.9188,eastmoney_f10,2026-07-29T23:50:46
2024-10-31,1.919,3.838,eastmoney_f10,2026-07-29T23:50:46
2024-11-01,1.924,3.848,eastmoney_f10,2026-07-29T23:50:46
2024-11-04,1.9204,3.8408,eastmoney_f10,2026-07-29T23:50:46
2024-11-05,1.9388,3.8776,eastmoney_f10,2026-07-29T23:50:46
2024-11-06,1.9872,3.9744,eastmoney_f10,2026-07-29T23:50:46
2024-11-07,2.0207,4.0414,eastmoney_f10,2026-07-29T23:50:46
2024-11-08,2.0221,4.0442,eastmoney_f10,2026-07-29T23:50:46
2024-11-11,2.0336,4.0672,eastmoney_f10,2026-07-29T23:50:46
2024-11-12,2.0318,4.0636,eastmoney_f10,2026-07-29T23:50:46
2024-11-13,2.0342,4.0684,eastmoney_f10,2026-07-29T23:50:46
2024-11-14,2.0218,4.0436,eastmoney_f10,2026-07-29T23:50:46
2024-11-15,1.9959,3.9918,eastmoney_f10,2026-07-29T23:50:46
2024-11-18,2.0016,4.0032,eastmoney_f10,2026-07-29T23:50:46
2024-11-19,2.0095,4.019,eastmoney_f10,2026-07-29T23:50:46
2024-11-20,2.0102,4.0204,eastmoney_f10,2026-07-29T23:50:46
2024-11-21,2.021,4.042,eastmoney_f10,2026-07-29T23:50:46
2024-11-22,2.0282,4.0564,eastmoney_f10,2026-07-29T23:50:46
2024-11-25,2.0339,4.0678,eastmoney_f10,2026-07-29T23:50:46
2024-11-26,2.0453,4.0906,eastmoney_f10,2026-07-29T23:50:46
2024-11-27,2.0395,4.079,eastmoney_f10,2026-07-29T23:50:46
2024-11-28,2.037,4.074,eastmoney_f10,2026-07-29T23:50:46
2024-11-29,2.0481,4.0962,eastmoney_f10,2026-07-29T23:50:46
2024-12-02,2.0527,4.1054,eastmoney_f10,2026-07-29T23:50:46
2024-12-03,2.0574,4.1148,eastmoney_f10,2026-07-29T23:50:46
2024-12-04,2.068,4.136,eastmoney_f10,2026-07-29T23:50:46
2024-12-05,2.0627,4.1254,eastmoney_f10,2026-07-29T23:50:46
2024-12-06,2.0672,4.1344,eastmoney_f10,2026-07-29T23:50:46
2024-12-09,2.0553,4.1106,eastmoney_f10,2026-07-29T23:50:46
2024-12-10,2.0498,4.0996,eastmoney_f10,2026-07-29T23:50:46
2024-12-11,2.0651,4.1302,eastmoney_f10,2026-07-29T23:50:46
2024-12-12,2.0543,4.1086,eastmoney_f10,2026-07-29T23:50:46
2024-12-13,2.0549,4.1098,eastmoney_f10,2026-07-29T23:50:46
2024-12-16,2.0631,4.1262,eastmoney_f10,2026-07-29T23:50:46
2024-12-17,2.0553,4.1106,eastmoney_f10,2026-07-29T23:50:46
2024-12-18,1.9942,3.9884,eastmoney_f10,2026-07-29T23:50:46
2024-12-19,1.9932,3.9864,eastmoney_f10,2026-07-29T23:50:46
2024-12-20,2.0148,4.0296,eastmoney_f10,2026-07-29T23:50:46
2024-12-23,2.0286,4.0572,eastmoney_f10,2026-07-29T23:50:46
2024-12-24,2.051,4.102,eastmoney_f10,2026-07-29T23:50:46
2024-12-25,2.0507,4.1014,eastmoney_f10,2026-07-29T23:50:46
2024-12-26,2.0508,4.1016,eastmoney_f10,2026-07-29T23:50:46
2024-12-27,2.0281,4.0562,eastmoney_f10,2026-07-29T23:50:46
2024-12-30,2.0062,4.0124,eastmoney_f10,2026-07-29T23:50:46
2024-12-31,1.9975,3.995,eastmoney_f10,2026-07-29T23:50:46
2025-01-02,1.9928,3.9856,eastmoney_f10,2026-07-29T23:50:46
2025-01-03,2.0181,4.0362,eastmoney_f10,2026-07-29T23:50:46
2025-01-06,2.0295,4.059,eastmoney_f10,2026-07-29T23:50:46
2025-01-07,2.007,4.014,eastmoney_f10,2026-07-29T23:50:46
2025-01-08,2.0101,4.0202,eastmoney_f10,2026-07-29T23:50:46
2025-01-09,2.01,4.02,eastmoney_f10,2026-07-29T23:50:46
2025-01-10,1.9795,3.959,eastmoney_f10,2026-07-29T23:50:46
2025-01-13,1.982,3.964,eastmoney_f10,2026-07-29T23:50:46
2025-01-14,1.9839,3.9678,eastmoney_f10,2026-07-29T23:50:46
2025-01-15,2.0206,4.0412,eastmoney_f10,2026-07-29T23:50:46
2025-01-16,2.0161,4.0322,eastmoney_f10,2026-07-29T23:50:46
2025-01-17,2.0364,4.0728,eastmoney_f10,2026-07-29T23:50:46
2025-01-20,2.0362,4.0724,eastmoney_f10,2026-07-29T23:50:46
2025-01-21,2.0484,4.0968,eastmoney_f10,2026-07-29T23:50:46
2025-01-22,2.0609,4.1218,eastmoney_f10,2026-07-29T23:50:46
2025-01-23,2.0721,4.1442,eastmoney_f10,2026-07-29T23:50:46
2025-01-24,2.0663,4.1326,eastmoney_f10,2026-07-29T23:50:46
2025-01-27,2.0357,4.0714,eastmoney_f10,2026-07-29T23:50:46
2025-02-05,2.0524,4.1048,eastmoney_f10,2026-07-29T23:50:46
2025-02-06,2.0598,4.1196,eastmoney_f10,2026-07-29T23:50:46
2025-02-07,2.0407,4.0814,eastmoney_f10,2026-07-29T23:50:46
2025-02-10,2.0546,4.1092,eastmoney_f10,2026-07-29T23:50:46
2025-02-11,2.0555,4.111,eastmoney_f10,2026-07-29T23:50:46
2025-02-12,2.05,4.1,eastmoney_f10,2026-07-29T23:50:46
2025-02-13,2.0718,4.1436,eastmoney_f10,2026-07-29T23:50:46
2025-02-14,2.072,4.144,eastmoney_f10,2026-07-29T23:50:46
2025-02-17,2.0717,4.1434,eastmoney_f10,2026-07-29T23:50:46
2025-02-18,2.0767,4.1534,eastmoney_f10,2026-07-29T23:50:46
2025-02-19,2.0819,4.1638,eastmoney_f10,2026-07-29T23:50:46
2025-02-20,2.0731,4.1462,eastmoney_f10,2026-07-29T23:50:46
2025-02-21,2.0371,4.0742,eastmoney_f10,2026-07-29T23:50:46
2025-02-24,2.0273,4.0546,eastmoney_f10,2026-07-29T23:50:46
2025-02-25,2.0178,4.0356,eastmoney_f10,2026-07-29T23:50:46
2025-02-26,2.0183,4.0366,eastmoney_f10,2026-07-29T23:50:46
2025-02-27,1.986,3.972,eastmoney_f10,2026-07-29T23:50:46
2025-02-28,2.0176,4.0352,eastmoney_f10,2026-07-29T23:50:46
2025-03-03,1.982,3.964,eastmoney_f10,2026-07-29T23:50:46
2025-03-04,1.9579,3.9158,eastmoney_f10,2026-07-29T23:50:46
2025-03-05,1.9788,3.9576,eastmoney_f10,2026-07-29T23:50:46
2025-03-06,1.9428,3.8856,eastmoney_f10,2026-07-29T23:50:46
2025-03-07,1.954,3.908,eastmoney_f10,2026-07-29T23:50:46
2025-03-10,1.9018,3.8036,eastmoney_f10,2026-07-29T23:50:46
2025-03-11,1.8876,3.7752,eastmoney_f10,2026-07-29T23:50:46
2025-03-12,1.8959,3.7918,eastmoney_f10,2026-07-29T23:50:46
2025-03-13,1.8701,3.7402,eastmoney_f10,2026-07-29T23:50:46
2025-03-14,1.9106,3.8212,eastmoney_f10,2026-07-29T23:50:46
2025-03-17,1.9215,3.843,eastmoney_f10,2026-07-29T23:50:46
2025-03-18,1.902,3.804,eastmoney_f10,2026-07-29T23:50:46
2025-03-19,1.9215,3.843,eastmoney_f10,2026-07-29T23:50:46
2025-03-20,1.919,3.838,eastmoney_f10,2026-07-29T23:50:46
2025-03-21,1.9211,3.8422,eastmoney_f10,2026-07-29T23:50:46
2025-03-24,1.9553,3.9106,eastmoney_f10,2026-07-29T23:50:46
2025-03-25,1.9585,3.917,eastmoney_f10,2026-07-29T23:50:46
2025-03-26,1.9356,3.8712,eastmoney_f10,2026-07-29T23:50:46
2025-03-27,1.9294,3.8588,eastmoney_f10,2026-07-29T23:50:46
2025-03-28,1.891,3.782,eastmoney_f10,2026-07-29T23:50:46
2025-03-31,1.9024,3.8048,eastmoney_f10,2026-07-29T23:50:46
2025-04-01,1.9095,3.819,eastmoney_f10,2026-07-29T23:50:46
2025-04-02,1.9227,3.8454,eastmoney_f10,2026-07-29T23:50:46
2025-04-03,1.8314,3.6628,eastmoney_f10,2026-07-29T23:50:46
2025-04-07,1.7208,3.4416,eastmoney_f10,2026-07-29T23:50:46
2025-04-08,1.6943,3.3886,eastmoney_f10,2026-07-29T23:50:46
2025-04-09,1.8566,3.7132,eastmoney_f10,2026-07-29T23:50:46
2025-04-10,1.7927,3.5854,eastmoney_f10,2026-07-29T23:50:46
2025-04-11,1.8251,3.6502,eastmoney_f10,2026-07-29T23:50:46
2025-04-14,1.8401,3.6802,eastmoney_f10,2026-07-29T23:50:46
2025-04-15,1.8368,3.6736,eastmoney_f10,2026-07-29T23:50:46
2025-04-16,1.7962,3.5924,eastmoney_f10,2026-07-29T23:50:46
2025-04-17,1.7976,3.5952,eastmoney_f10,2026-07-29T23:50:46
2025-04-18,1.7972,3.5944,eastmoney_f10,2026-07-29T23:50:46
2025-04-21,1.7544,3.5088,eastmoney_f10,2026-07-29T23:50:46
2025-04-22,1.8001,3.6002,eastmoney_f10,2026-07-29T23:50:46
2025-04-23,1.8309,3.6618,eastmoney_f10,2026-07-29T23:50:46
2025-04-24,1.8675,3.735,eastmoney_f10,2026-07-29T23:50:46
2025-04-25,1.8802,3.7604,eastmoney_f10,2026-07-29T23:50:46
2025-04-28,1.8807,3.7614,eastmoney_f10,2026-07-29T23:50:46
2025-04-29,1.8912,3.7824,eastmoney_f10,2026-07-29T23:50:46
2025-04-30,1.8936,3.7872,eastmoney_f10,2026-07-29T23:50:46
2025-05-06,1.9063,3.8126,eastmoney_f10,2026-07-29T23:50:46
2025-05-07,1.9145,3.829,eastmoney_f10,2026-07-29T23:50:46
2025-05-08,1.9274,3.8548,eastmoney_f10,2026-07-29T23:50:46
2025-05-09,1.927,3.854,eastmoney_f10,2026-07-29T23:50:46
2025-05-12,1.9893,3.9786,eastmoney_f10,2026-07-29T23:50:46
2025-05-13,2.0019,4.0038,eastmoney_f10,2026-07-29T23:50:46
2025-05-14,2.0031,4.0062,eastmoney_f10,2026-07-29T23:50:46
2025-05-15,2.0116,4.0232,eastmoney_f10,2026-07-29T23:50:46
2025-05-16,2.0252,4.0504,eastmoney_f10,2026-07-29T23:50:46
2025-05-19,2.0264,4.0528,eastmoney_f10,2026-07-29T23:50:46
2025-05-20,2.0189,4.0378,eastmoney_f10,2026-07-29T23:50:46
2025-05-21,1.9865,3.973,eastmoney_f10,2026-07-29T23:50:46
2025-05-22,1.9846,3.9692,eastmoney_f10,2026-07-29T23:50:46
2025-05-23,1.9718,3.9436,eastmoney_f10,2026-07-29T23:50:46
2025-05-26,1.9693,3.9386,eastmoney_f10,2026-07-29T23:50:46
2025-05-27,2.011,4.022,eastmoney_f10,2026-07-29T23:50:46
2025-05-28,2.0003,4.0006,eastmoney_f10,2026-07-29T23:50:46
2025-05-29,2.0086,4.0172,eastmoney_f10,2026-07-29T23:50:46
2025-05-30,2.0066,4.0132,eastmoney_f10,2026-07-29T23:50:46
2025-06-03,2.0273,4.0546,eastmoney_f10,2026-07-29T23:50:46
2025-06-04,2.0279,4.0558,eastmoney_f10,2026-07-29T23:50:46
2025-06-05,2.0166,4.0332,eastmoney_f10,2026-07-29T23:50:46
2025-06-06,2.037,4.074,eastmoney_f10,2026-07-29T23:50:46
2025-06-09,2.0391,4.0782,eastmoney_f10,2026-07-29T23:50:46
2025-06-10,2.0501,4.1002,eastmoney_f10,2026-07-29T23:50:46
2025-06-11,2.0437,4.0874,eastmoney_f10,2026-07-29T23:50:46
2025-06-12,2.0511,4.1022,eastmoney_f10,2026-07-29T23:50:46
2025-06-13,2.0267,4.0534,eastmoney_f10,2026-07-29T23:50:46
2025-06-16,2.0467,4.0934,eastmoney_f10,2026-07-29T23:50:46
2025-06-17,2.028,4.056,eastmoney_f10,2026-07-29T23:50:46
2025-06-18,2.0281,4.0562,eastmoney_f10,2026-07-29T23:50:46
2025-06-19,2.0272,4.0544,eastmoney_f10,2026-07-29T23:50:46
2025-06-20,2.0217,4.0434,eastmoney_f10,2026-07-29T23:50:46
2025-06-23,2.0416,4.0832,eastmoney_f10,2026-07-29T23:50:46
2025-06-24,2.0633,4.1266,eastmoney_f10,2026-07-29T23:50:46
2025-06-25,2.0636,4.1272,eastmoney_f10,2026-07-29T23:50:46
2025-06-26,2.0787,4.1574,eastmoney_f10,2026-07-29T23:50:46
2025-06-27,2.0898,4.1796,eastmoney_f10,2026-07-29T23:50:46
2025-06-30,2.0993,4.1986,eastmoney_f10,2026-07-29T23:50:46
2025-07-01,2.0955,4.191,eastmoney_f10,2026-07-29T23:50:46
2025-07-02,2.1059,4.2118,eastmoney_f10,2026-07-29T23:50:46
2025-07-03,2.123,4.246,eastmoney_f10,2026-07-29T23:50:46
2025-07-04,2.1233,4.2466,eastmoney_f10,2026-07-29T23:50:46
2025-07-07,2.1055,4.211,eastmoney_f10,2026-07-29T23:50:46
2025-07-08,2.1049,4.2098,eastmoney_f10,2026-07-29T23:50:46
2025-07-09,2.1179,4.2358,eastmoney_f10,2026-07-29T23:50:46
2025-07-10,2.123,4.246,eastmoney_f10,2026-07-29T23:50:46
2025-07-11,2.1148,4.2296,eastmoney_f10,2026-07-29T23:50:46
2025-07-14,2.1179,4.2358,eastmoney_f10,2026-07-29T23:50:46
2025-07-15,2.1099,4.2198,eastmoney_f10,2026-07-29T23:50:46
2025-07-16,2.1174,4.2348,eastmoney_f10,2026-07-29T23:50:46
2025-07-17,2.1267,4.2534,eastmoney_f10,2026-07-29T23:50:46
2025-07-18,2.1278,4.2556,eastmoney_f10,2026-07-29T23:50:46
2025-07-21,2.1315,4.263,eastmoney_f10,2026-07-29T23:50:46
2025-07-22,2.1312,4.2624,eastmoney_f10,2026-07-29T23:50:46
2025-07-23,2.146,4.292,eastmoney_f10,2026-07-29T23:50:46
2025-07-24,2.1467,4.2934,eastmoney_f10,2026-07-29T23:50:46
2025-07-25,2.1562,4.3124,eastmoney_f10,2026-07-29T23:50:46
2025-07-28,2.1579,4.3158,eastmoney_f10,2026-07-29T23:50:46
2025-07-29,2.1528,4.3056,eastmoney_f10,2026-07-29T23:50:46
2025-07-30,2.1479,4.2958,eastmoney_f10,2026-07-29T23:50:46
2025-07-31,2.1416,4.2832,eastmoney_f10,2026-07-29T23:50:46
2025-08-01,2.1072,4.2144,eastmoney_f10,2026-07-29T23:50:46
2025-08-04,2.1353,4.2706,eastmoney_f10,2026-07-29T23:50:46
2025-08-05,2.124,4.248,eastmoney_f10,2026-07-29T23:50:46
2025-08-06,2.1408,4.2816,eastmoney_f10,2026-07-29T23:50:46
2025-08-07,2.1372,4.2744,eastmoney_f10,2026-07-29T23:50:46
2025-08-08,2.1553,4.3106,eastmoney_f10,2026-07-29T23:50:46
2025-08-11,2.1507,4.3014,eastmoney_f10,2026-07-29T23:50:46
2025-08-12,2.1755,4.351,eastmoney_f10,2026-07-29T23:50:46
2025-08-13,2.1804,4.3608,eastmoney_f10,2026-07-29T23:50:46
2025-08-14,2.1808,4.3616,eastmoney_f10,2026-07-29T23:50:46
2025-08-15,2.1758,4.3516,eastmoney_f10,2026-07-29T23:50:46
2025-08-18,2.174,4.348,eastmoney_f10,2026-07-29T23:50:46
2025-08-19,2.1626,4.3252,eastmoney_f10,2026-07-29T23:50:46
2025-08-20,2.1578,4.3156,eastmoney_f10,2026-07-29T23:50:46
2025-08-21,2.1464,4.2928,eastmoney_f10,2026-07-29T23:50:46
2025-08-22,2.1802,4.3604,eastmoney_f10,2026-07-29T23:50:46
2025-08-25,2.1659,4.3318,eastmoney_f10,2026-07-29T23:50:46
2025-08-26,2.1756,4.3512,eastmoney_f10,2026-07-29T23:50:46
2025-08-27,2.1783,4.3566,eastmoney_f10,2026-07-29T23:50:46
2025-08-28,2.1838,4.3676,eastmoney_f10,2026-07-29T23:50:46
2025-08-29,2.1689,4.3378,eastmoney_f10,2026-07-29T23:50:46
2025-09-01,2.1701,4.3402,eastmoney_f10,2026-07-29T23:50:46
2025-09-02,2.1558,4.3116,eastmoney_f10,2026-07-29T23:50:46
2025-09-03,2.1675,4.335,eastmoney_f10,2026-07-29T23:50:46
2025-09-04,2.1839,4.3678,eastmoney_f10,2026-07-29T23:50:46
2025-09-05,2.1776,4.3552,eastmoney_f10,2026-07-29T23:50:46
2025-09-08,2.1814,4.3628,eastmoney_f10,2026-07-29T23:50:46
2025-09-09,2.1868,4.3736,eastmoney_f10,2026-07-29T23:50:46
2025-09-10,2.1947,4.3894,eastmoney_f10,2026-07-29T23:50:46
2025-09-11,2.2123,4.4246,eastmoney_f10,2026-07-29T23:50:46
2025-09-12,2.2109,4.4218,eastmoney_f10,2026-07-29T23:50:46
2025-09-15,2.2227,4.4454,eastmoney_f10,2026-07-29T23:50:46
2025-09-16,2.2189,4.4378,eastmoney_f10,2026-07-29T23:50:46
2025-09-17,2.2161,4.4322,eastmoney_f10,2026-07-29T23:50:46
2025-09-18,2.2291,4.4582,eastmoney_f10,2026-07-29T23:50:46
2025-09-19,2.2413,4.4826,eastmoney_f10,2026-07-29T23:50:46
2025-09-22,2.2506,4.5012,eastmoney_f10,2026-07-29T23:50:46
2025-09-23,2.2364,4.4728,eastmoney_f10,2026-07-29T23:50:46
2025-09-24,2.2305,4.461,eastmoney_f10,2026-07-29T23:50:46
2025-09-25,2.2206,4.4412,eastmoney_f10,2026-07-29T23:50:46
2025-09-26,2.2346,4.4692,eastmoney_f10,2026-07-29T23:50:46
2025-09-29,2.2384,4.4768,eastmoney_f10,2026-07-29T23:50:46
2025-09-30,2.2463,4.4926,eastmoney_f10,2026-07-29T23:50:46
2025-10-09,2.2637,4.5274,eastmoney_f10,2026-07-29T23:50:46
2025-10-10,2.2009,4.4018,eastmoney_f10,2026-07-29T23:50:46
2025-10-13,2.2339,4.4678,eastmoney_f10,2026-07-29T23:50:46
2025-10-14,2.2307,4.4614,eastmoney_f10,2026-07-29T23:50:46
2025-10-15,2.2393,4.4786,eastmoney_f10,2026-07-29T23:50:46
2025-10-16,2.2243,4.4486,eastmoney_f10,2026-07-29T23:50:46
2025-10-17,2.2355,4.471,eastmoney_f10,2026-07-29T23:50:46
2025-10-20,2.2598,4.5196,eastmoney_f10,2026-07-29T23:50:46
2025-10-21,2.258,4.516,eastmoney_f10,2026-07-29T23:50:46
2025-10-22,2.2464,4.4928,eastmoney_f10,2026-07-29T23:50:46
2025-10-23,2.2583,4.5166,eastmoney_f10,2026-07-29T23:50:46
2025-10-24,2.2766,4.5532,eastmoney_f10,2026-07-29T23:50:46
2025-10-27,2.3031,4.6062,eastmoney_f10,2026-07-29T23:50:46
2025-10-28,2.3076,4.6152,eastmoney_f10,2026-07-29T23:50:46
2025-10-29,2.3072,4.6144,eastmoney_f10,2026-07-29T23:50:46
2025-10-30,2.2848,4.5696,eastmoney_f10,2026-07-29T23:50:46
2025-10-31,2.2913,4.5826,eastmoney_f10,2026-07-29T23:50:46
2025-11-03,2.295,4.59,eastmoney_f10,2026-07-29T23:50:46
2025-11-04,2.2686,4.5372,eastmoney_f10,2026-07-29T23:50:46
2025-11-05,2.2776,4.5552,eastmoney_f10,2026-07-29T23:50:46
2025-11-06,2.2507,4.5014,eastmoney_f10,2026-07-29T23:50:46
2025-11-07,2.2528,4.5056,eastmoney_f10,2026-07-29T23:50:46
2025-11-10,2.2884,4.5768,eastmoney_f10,2026-07-29T23:50:46
2025-11-11,2.2934,4.5868,eastmoney_f10,2026-07-29T23:50:46
2025-11-12,2.2939,4.5878,eastmoney_f10,2026-07-29T23:50:46
2025-11-13,2.257,4.514,eastmoney_f10,2026-07-29T23:50:46
2025-11-14,2.2547,4.5094,eastmoney_f10,2026-07-29T23:50:46
2025-11-17,2.2337,4.4674,eastmoney_f10,2026-07-29T23:50:46
2025-11-18,2.2165,4.433,eastmoney_f10,2026-07-29T23:50:46
2025-11-19,2.2255,4.451,eastmoney_f10,2026-07-29T23:50:46
2025-11-20,2.1919,4.3838,eastmoney_f10,2026-07-29T23:50:46
2025-11-21,2.2129,4.4258,eastmoney_f10,2026-07-29T23:50:46
2025-11-24,2.2463,4.4926,eastmoney_f10,2026-07-29T23:50:46
2025-11-25,2.2662,4.5324,eastmoney_f10,2026-07-29T23:50:46
2025-11-26,2.2809,4.5618,eastmoney_f10,2026-07-29T23:50:46
2025-11-27,2.2803,4.5606,eastmoney_f10,2026-07-29T23:50:46
2025-11-28,2.2927,4.5854,eastmoney_f10,2026-07-29T23:50:46
2025-12-01,2.2803,4.5606,eastmoney_f10,2026-07-29T23:50:46
2025-12-02,2.2869,4.5738,eastmoney_f10,2026-07-29T23:50:46
2025-12-03,2.2926,4.5852,eastmoney_f10,2026-07-29T23:50:46
2025-12-04,2.2942,4.5884,eastmoney_f10,2026-07-29T23:50:46
2025-12-05,2.2993,4.5986,eastmoney_f10,2026-07-29T23:50:46
2025-12-08,2.2917,4.5834,eastmoney_f10,2026-07-29T23:50:46
2025-12-09,2.2899,4.5798,eastmoney_f10,2026-07-29T23:50:46
2025-12-10,2.3046,4.6092,eastmoney_f10,2026-07-29T23:50:46
2025-12-11,2.307,4.614,eastmoney_f10,2026-07-29T23:50:46
2025-12-12,2.2807,4.5614,eastmoney_f10,2026-07-29T23:50:46
2025-12-15,2.2777,4.5554,eastmoney_f10,2026-07-29T23:50:46
2025-12-16,2.2706,4.5412,eastmoney_f10,2026-07-29T23:50:46
2025-12-17,2.2435,4.487,eastmoney_f10,2026-07-29T23:50:46
2025-12-18,2.2616,4.5232,eastmoney_f10,2026-07-29T23:50:46
2025-12-19,2.2802,4.5604,eastmoney_f10,2026-07-29T23:50:46
2025-12-22,2.2952,4.5904,eastmoney_f10,2026-07-29T23:50:46
2025-12-23,2.304,4.608,eastmoney_f10,2026-07-29T23:50:46
2025-12-24,2.3097,4.6194,eastmoney_f10,2026-07-29T23:50:46
2025-12-25,2.307,4.614,eastmoney_f10,2026-07-29T23:50:46
2025-12-26,2.3055,4.611,eastmoney_f10,2026-07-29T23:50:46
2025-12-29,2.2964,4.5928,eastmoney_f10,2026-07-29T23:50:46
2025-12-30,2.2938,4.5876,eastmoney_f10,2026-07-29T23:50:46
2025-12-31,2.275,4.55,eastmoney_f10,2026-07-29T23:50:46
2026-01-05,2.2915,4.583,eastmoney_f10,2026-07-29T23:50:46
2026-01-06,2.3039,4.6078,eastmoney_f10,2026-07-29T23:50:46
2026-01-07,2.2969,4.5938,eastmoney_f10,2026-07-29T23:50:46
2026-01-08,2.297,4.594,eastmoney_f10,2026-07-29T23:50:46
2026-01-09,2.3093,4.6186,eastmoney_f10,2026-07-29T23:50:46
2026-01-12,2.312,4.624,eastmoney_f10,2026-07-29T23:50:46
2026-01-13,2.3072,4.6144,eastmoney_f10,2026-07-29T23:50:46
2026-01-14,2.295,4.59,eastmoney_f10,2026-07-29T23:50:46
2026-01-15,2.2989,4.5978,eastmoney_f10,2026-07-29T23:50:46
2026-01-16,2.2978,4.5956,eastmoney_f10,2026-07-29T23:50:46
2026-01-19,2.2968,4.5936,eastmoney_f10,2026-07-29T23:50:46
2026-01-20,2.248,4.496,eastmoney_f10,2026-07-29T23:50:46
2026-01-21,2.2743,4.5486,eastmoney_f10,2026-07-29T23:50:46
2026-01-22,2.287,4.574,eastmoney_f10,2026-07-29T23:50:46
2026-01-23,2.2849,4.5698,eastmoney_f10,2026-07-29T23:50:46
2026-01-26,2.2937,4.5874,eastmoney_f10,2026-07-29T23:50:46
2026-01-27,2.303,4.606,eastmoney_f10,2026-07-29T23:50:46
2026-01-28,2.2994,4.5988,eastmoney_f10,2026-07-29T23:50:46
2026-01-29,2.2966,4.5932,eastmoney_f10,2026-07-29T23:50:46
2026-01-30,2.2836,4.5672,eastmoney_f10,2026-07-29T23:50:46
2026-02-02,2.2965,4.593,eastmoney_f10,2026-07-29T23:50:46
2026-02-03,2.274,4.548,eastmoney_f10,2026-07-29T23:50:46
2026-02-04,2.2605,4.521,eastmoney_f10,2026-07-29T23:50:46
2026-02-05,2.2337,4.4674,eastmoney_f10,2026-07-29T23:50:46
2026-02-06,2.2783,4.5566,eastmoney_f10,2026-07-29T23:50:46
2026-02-09,2.2869,4.5738,eastmoney_f10,2026-07-29T23:50:46
2026-02-10,2.2774,4.5548,eastmoney_f10,2026-07-29T23:50:46
2026-02-11,2.2766,4.5532,eastmoney_f10,2026-07-29T23:50:46
2026-02-12,2.241,4.482,eastmoney_f10,2026-07-29T23:50:46
2026-02-13,2.2404,4.4808,eastmoney_f10,2026-07-29T23:50:46
2026-02-24,2.2589,4.5178,eastmoney_f10,2026-07-29T23:50:46
2026-02-25,2.2748,4.5496,eastmoney_f10,2026-07-29T23:50:46
2026-02-26,2.2593,4.5186,eastmoney_f10,2026-07-29T23:50:46
2026-02-27,2.2491,4.4982,eastmoney_f10,2026-07-29T23:50:46
2026-03-02,2.2494,4.4988,eastmoney_f10,2026-07-29T23:50:46
2026-03-03,2.2237,4.4474,eastmoney_f10,2026-07-29T23:50:46
2026-03-04,2.2421,4.4842,eastmoney_f10,2026-07-29T23:50:46
2026-03-05,2.2259,4.4518,eastmoney_f10,2026-07-29T23:50:46
2026-03-06,2.1965,4.393,eastmoney_f10,2026-07-29T23:50:46
2026-03-09,2.2193,4.4386,eastmoney_f10,2026-07-29T23:50:46
2026-03-10,2.2093,4.4186,eastmoney_f10,2026-07-29T23:50:46
2026-03-11,2.2054,4.4108,eastmoney_f10,2026-07-29T23:50:46
2026-03-12,2.1731,4.3462,eastmoney_f10,2026-07-29T23:50:46
2026-03-13,2.1615,4.323,eastmoney_f10,2026-07-29T23:50:46
2026-03-16,2.1852,4.3704,eastmoney_f10,2026-07-29T23:50:46
2026-03-17,2.1879,4.3758,eastmoney_f10,2026-07-29T23:50:46
2026-03-18,2.1561,4.3122,eastmoney_f10,2026-07-29T23:50:46
2026-03-19,2.1525,4.305,eastmoney_f10,2026-07-29T23:50:46
2026-03-20,2.1176,4.2352,eastmoney_f10,2026-07-29T23:50:46
2026-03-23,2.1469,4.2938,eastmoney_f10,2026-07-29T23:50:46
2026-03-24,2.1352,4.2704,eastmoney_f10,2026-07-29T23:50:46
2026-03-25,2.1456,4.2912,eastmoney_f10,2026-07-29T23:50:46
2026-03-26,2.1132,4.2264,eastmoney_f10,2026-07-29T23:50:46
2026-03-27,2.0802,4.1604,eastmoney_f10,2026-07-29T23:50:46
2026-03-30,2.0751,4.1502,eastmoney_f10,2026-07-29T23:50:46
2026-03-31,2.1345,4.269,eastmoney_f10,2026-07-29T23:50:46
2026-04-01,2.1441,4.2882,eastmoney_f10,2026-07-29T23:50:46
2026-04-02,2.1417,4.2834,eastmoney_f10,2026-07-29T23:50:46
2026-04-03,2.1432,4.2864,eastmoney_f10,2026-07-29T23:50:46
2026-04-07,2.152,4.304,eastmoney_f10,2026-07-29T23:50:46
2026-04-08,2.2001,4.4002,eastmoney_f10,2026-07-29T23:50:46
2026-04-09,2.2128,4.4256,eastmoney_f10,2026-07-29T23:50:46
2026-04-10,2.2105,4.421,eastmoney_f10,2026-07-29T23:50:46
2026-04-13,2.2332,4.4664,eastmoney_f10,2026-07-29T23:50:46
2026-04-14,2.2575,4.515,eastmoney_f10,2026-07-29T23:50:46
2026-04-15,2.2756,4.5512,eastmoney_f10,2026-07-29T23:50:46
2026-04-16,2.2828,4.5656,eastmoney_f10,2026-07-29T23:50:46
2026-04-17,2.3108,4.6216,eastmoney_f10,2026-07-29T23:50:46
2026-04-20,2.3062,4.6124,eastmoney_f10,2026-07-29T23:50:46
2026-04-21,2.2903,4.5806,eastmoney_f10,2026-07-29T23:50:46
2026-04-22,2.3163,4.6326,eastmoney_f10,2026-07-29T23:50:46
2026-04-23,2.3074,4.6148,eastmoney_f10,2026-07-29T23:50:46
2026-04-24,2.3271,4.6542,eastmoney_f10,2026-07-29T23:50:46
2026-04-27,2.3268,4.6536,eastmoney_f10,2026-07-29T23:50:46
2026-04-28,2.3155,4.631,eastmoney_f10,2026-07-29T23:50:46
2026-04-29,2.3153,4.6306,eastmoney_f10,2026-07-29T23:50:46
2026-04-30,2.3397,4.6794,eastmoney_f10,2026-07-29T23:50:46
2026-05-06,2.3882,4.7764,eastmoney_f10,2026-07-29T23:50:46
2026-05-07,2.3766,4.7532,eastmoney_f10,2026-07-29T23:50:46
2026-05-08,2.3975,4.795,eastmoney_f10,2026-07-29T23:50:46
2026-05-11,2.4008,4.8016,eastmoney_f10,2026-07-29T23:50:46
2026-05-12,2.3954,4.7908,eastmoney_f10,2026-07-29T23:50:46
2026-05-13,2.4098,4.8196,eastmoney_f10,2026-07-29T23:50:46
2026-05-14,2.4274,4.8548,eastmoney_f10,2026-07-29T23:50:46
2026-05-15,2.3983,4.7966,eastmoney_f10,2026-07-29T23:50:46
2026-05-18,2.3968,4.7936,eastmoney_f10,2026-07-29T23:50:46
2026-05-19,2.3788,4.7576,eastmoney_f10,2026-07-29T23:50:46
2026-05-20,2.4054,4.8108,eastmoney_f10,2026-07-29T23:50:46
2026-05-21,2.408,4.816,eastmoney_f10,2026-07-29T23:50:46
2026-05-22,2.4177,4.8354,eastmoney_f10,2026-07-29T23:50:46
2026-05-25,2.4157,4.8314,eastmoney_f10,2026-07-29T23:50:46
2026-05-26,2.4294,4.8588,eastmoney_f10,2026-07-29T23:50:46
2026-05-27,2.4301,4.8602,eastmoney_f10,2026-07-29T23:50:46
2026-05-28,2.4421,4.8842,eastmoney_f10,2026-07-29T23:50:46
2026-05-29,2.4452,4.8904,eastmoney_f10,2026-07-29T23:50:46
2026-06-01,2.4517,4.9034,eastmoney_f10,2026-07-29T23:50:46
2026-06-02,2.4557,4.9114,eastmoney_f10,2026-07-29T23:50:46
2026-06-03,2.4375,4.875,eastmoney_f10,2026-07-29T23:50:46
2026-06-04,2.448,4.896,eastmoney_f10,2026-07-29T23:50:46
2026-06-05,2.3815,4.763,eastmoney_f10,2026-07-29T23:50:46
2026-06-08,2.39,4.78,eastmoney_f10,2026-07-29T23:50:46
2026-06-09,2.3818,4.7636,eastmoney_f10,2026-07-29T23:50:46
2026-06-10,2.3428,4.6856,eastmoney_f10,2026-07-29T23:50:46
2026-06-11,2.384,4.768,eastmoney_f10,2026-07-29T23:50:46
2026-06-12,2.3948,4.7896,eastmoney_f10,2026-07-29T23:50:46
2026-06-15,2.4343,4.8686,eastmoney_f10,2026-07-29T23:50:46
2026-06-16,2.4209,4.8418,eastmoney_f10,2026-07-29T23:50:46
2026-06-17,2.3904,4.7808,eastmoney_f10,2026-07-29T23:50:46
2026-06-18,2.4182,4.8364,eastmoney_f10,2026-07-29T23:50:46
2026-06-22,2.41,4.82,eastmoney_f10,2026-07-29T23:50:46
2026-06-23,2.3757,4.7514,eastmoney_f10,2026-07-29T23:50:46
2026-06-24,2.3743,4.7486,eastmoney_f10,2026-07-29T23:50:46
2026-06-25,2.3744,4.7488,eastmoney_f10,2026-07-29T23:50:46
2026-06-26,2.3714,4.7428,eastmoney_f10,2026-07-29T23:50:46
2026-06-29,2.3999,4.7998,eastmoney_f10,2026-07-29T23:50:46
2026-06-30,2.4164,4.8328,eastmoney_f10,2026-07-29T23:50:46
2026-07-01,2.4096,4.8192,eastmoney_f10,2026-07-29T23:50:46
2026-07-02,2.4096,4.8192,eastmoney_f10,2026-07-29T23:50:46
2026-07-03,2.4081,4.8162,eastmoney_f10,2026-07-29T23:50:46
2026-07-06,2.4264,4.8528,eastmoney_f10,2026-07-29T23:50:46
2026-07-07,2.415,4.83,eastmoney_f10,2026-07-29T23:50:46
2026-07-08,2.4093,4.8186,eastmoney_f10,2026-07-29T23:50:46
2026-07-09,2.4277,4.8554,eastmoney_f10,2026-07-29T23:50:46
2026-07-10,2.4364,4.8728,eastmoney_f10,2026-07-29T23:50:46
2026-07-13,2.4162,4.8324,eastmoney_f10,2026-07-29T23:50:46
2026-07-14,2.4262,4.8524,eastmoney_f10,2026-07-29T23:50:46
2026-07-15,2.4326,4.8652,eastmoney_f10,2026-07-29T23:50:46
2026-07-16,2.4202,4.8404,eastmoney_f10,2026-07-29T23:50:46
2026-07-17,2.3965,4.793,eastmoney_f10,2026-07-29T23:50:46
2026-07-20,2.3922,4.7844,eastmoney_f10,2026-07-29T23:50:46
2026-07-21,2.4124,4.8248,eastmoney_f10,2026-07-29T23:50:46
2026-07-22,2.4095,4.819,eastmoney_f10,2026-07-29T23:50:46
2026-07-23,2.3781,4.7562,eastmoney_f10,2026-07-29T23:50:46
2026-07-24,2.3802,4.7604,eastmoney_f10,2026-07-29T23:50:46
2026-07-27,2.3792,4.7584,eastmoney_f10,2026-07-29T23:50:46
2026-07-28,2.3848,4.7696,eastmoney_f10,2026-07-29T23:50:46
