trade_date,open,high,low,close,volume,amount,source,updated_at
2013-01-04,1930.639,1937.98,1889.216,1908.274,2477028000,0.0,sina_index,2026-09-02T14:29:05
2013-01-07,1903.43,1939.215,1897.615,1927.09,1711235200,0.0,sina_index,2026-09-02T14:29:05
2013-01-08,1927.721,1932.939,1895.582,1908.203,1663146100,0.0,sina_index,2026-09-02T14:29:05
2013-01-09,1901.267,1911.929,1887.356,1902.765,1496592000,0.0,sina_index,2026-09-02T14:29:05
2013-01-10,1903.981,1922.472,1892.754,1904.767,1607324500,0.0,sina_index,2026-09-02T14:29:05
2013-01-11,1906.203,1910.763,1859.889,1869.325,1603962200,0.0,sina_index,2026-09-02T14:29:05
2013-01-14,1862.648,1952.773,1862.648,1945.811,2372612000,0.0,sina_index,2026-09-02T14:29:05
2013-01-15,1944.639,1955.306,1939.67,1948.33,1974075200,0.0,sina_index,2026-09-02T14:29:05
2013-01-16,1945.296,1949.569,1900.662,1924.103,1805217200,0.0,sina_index,2026-09-02T14:29:05
2013-01-17,1920.258,1924.736,1897.025,1909.772,1607844000,0.0,sina_index,2026-09-02T14:29:05
2013-01-18,1923.025,1956.504,1915.764,1943.709,1869786000,0.0,sina_index,2026-09-02T14:29:05
2013-01-21,1949.108,1965.784,1932.525,1964.897,2107762000,0.0,sina_index,2026-09-02T14:29:05
2013-01-22,1961.193,1985.153,1945.316,1966.787,3042547200,0.0,sina_index,2026-09-02T14:29:05
2013-01-23,1957.769,1979.959,1949.996,1979.032,2097138400,0.0,sina_index,2026-09-02T14:29:05
2013-01-24,1979.164,2033.112,1953.51,1970.12,3252934000,0.0,sina_index,2026-09-02T14:29:05
2013-01-25,1971.705,1978.175,1958.029,1961.674,1537801100,0.0,sina_index,2026-09-02T14:29:05
2013-01-28,1969.749,2043.319,1969.749,2042.46,2761191600,0.0,sina_index,2026-09-02T14:29:05
2013-01-29,2045.151,2085.202,2031.273,2071.95,2983179600,0.0,sina_index,2026-09-02T14:29:05
2013-01-30,2074.427,2084.35,2054.018,2082.875,3124478800,0.0,sina_index,2026-09-02T14:29:05
2013-01-31,2085.264,2094.412,2068.691,2090.262,2842051800,0.0,sina_index,2026-09-02T14:29:05
2013-02-01,2081.776,2158.697,2075.021,2155.507,2976812800,0.0,sina_index,2026-09-02T14:29:05
2013-02-04,2161.731,2195.656,2149.706,2167.726,3697697200,0.0,sina_index,2026-09-02T14:29:05
2013-02-05,2146.932,2171.546,2137.119,2163.935,2784052800,0.0,sina_index,2026-09-02T14:29:05
2013-02-06,2162.621,2176.751,2151.35,2167.131,2180041200,0.0,sina_index,2026-09-02T14:29:05
2013-02-07,2162.367,2164.007,2087.626,2122.668,2904054000,0.0,sina_index,2026-09-02T14:29:05
2013-02-08,2115.893,2131.088,2095.682,2112.014,2304867200,0.0,sina_index,2026-09-02T14:29:05
2013-02-18,2125.846,2130.035,2094.815,2095.911,2218768400,0.0,sina_index,2026-09-02T14:29:05
2013-02-19,2094.051,2104.337,2066.3,2075.035,2107934600,0.0,sina_index,2026-09-02T14:29:05
2013-02-20,2077.234,2079.046,2039.839,2070.658,2019444800,0.0,sina_index,2026-09-02T14:29:05
2013-02-21,2050.351,2050.351,1964.426,1985.468,3129089600,0.0,sina_index,2026-09-02T14:29:05
2013-02-22,1983.147,1988.467,1955.442,1961.101,1825352400,0.0,sina_index,2026-09-02T14:29:05
2013-02-25,1971.861,1993.291,1963.704,1974.648,1599354600,0.0,sina_index,2026-09-02T14:29:05
2013-02-26,1957.342,2008.84,1951.0,1952.977,2644393600,0.0,sina_index,2026-09-02T14:29:05
2013-02-27,1959.594,1999.064,1959.594,1984.678,1941237200,0.0,sina_index,2026-09-02T14:29:05
2013-02-28,1999.678,2051.662,1978.935,2050.396,2578819800,0.0,sina_index,2026-09-02T14:29:05
2013-03-01,2050.094,2057.226,2001.152,2038.96,2001282000,0.0,sina_index,2026-09-02T14:29:05
2013-03-04,2001.565,2004.446,1924.937,1938.516,2966296000,0.0,sina_index,2026-09-02T14:29:05
2013-03-05,1942.313,2030.72,1942.313,2028.866,2642606400,0.0,sina_index,2026-09-02T14:29:05
2013-03-06,2038.843,2063.745,2018.752,2051.583,2435449600,0.0,sina_index,2026-09-02T14:29:05
2013-03-07,2041.02,2058.837,1998.111,2019.782,2345138000,0.0,sina_index,2026-09-02T14:29:05
2013-03-08,2022.427,2036.722,2006.424,2020.329,1532339800,0.0,sina_index,2026-09-02T14:29:05
2013-03-11,2016.246,2016.246,1980.369,1995.141,1343528100,0.0,sina_index,2026-09-02T14:29:05
2013-03-12,1992.495,2014.368,1942.874,1959.047,2056071200,0.0,sina_index,2026-09-02T14:29:05
2013-03-13,1957.594,1966.787,1934.727,1942.648,1495307600,0.0,sina_index,2026-09-02T14:29:05
2013-03-14,1935.359,1960.94,1928.44,1947.635,1295136000,0.0,sina_index,2026-09-02T14:29:05
2013-03-15,1946.619,2013.67,1926.862,1958.247,2248302000,0.0,sina_index,2026-09-02T14:29:05
2013-03-18,1949.062,1966.826,1930.042,1932.59,1546430200,0.0,sina_index,2026-09-02T14:29:05
2013-03-19,1936.084,1963.694,1929.172,1958.815,1453766300,0.0,sina_index,2026-09-02T14:29:05
2013-03-20,1961.034,2034.703,1960.424,2034.285,2578008600,0.0,sina_index,2026-09-02T14:29:05
2013-03-21,2034.492,2042.862,2020.022,2032.436,1642684400,0.0,sina_index,2026-09-02T14:29:05
2013-03-22,2031.46,2045.125,2024.205,2035.749,1306098600,0.0,sina_index,2026-09-02T14:29:05
2013-03-25,2046.901,2060.125,2025.086,2028.46,1404265800,0.0,sina_index,2026-09-02T14:29:05
2013-03-26,2018.996,2020.666,1972.539,1984.95,1632054000,0.0,sina_index,2026-09-02T14:29:05
2013-03-27,1987.214,2018.931,1979.329,1994.471,1417050800,0.0,sina_index,2026-09-02T14:29:05
2013-03-28,1935.186,1935.186,1892.157,1904.244,3027074000,0.0,sina_index,2026-09-02T14:29:05
2013-03-29,1904.342,1913.774,1889.947,1910.439,1638122300,0.0,sina_index,2026-09-02T14:29:05
2013-04-01,1899.13,1915.583,1896.077,1902.768,1054950700,0.0,sina_index,2026-09-02T14:29:05
2013-04-02,1905.427,1923.815,1888.765,1900.852,1247878000,0.0,sina_index,2026-09-02T14:29:05
2013-04-03,1906.868,1925.967,1902.299,1910.39,1068301500,0.0,sina_index,2026-09-02T14:29:05
2013-04-08,1874.012,1895.884,1866.814,1894.065,1218791800,0.0,sina_index,2026-09-02T14:29:05
2013-04-09,1900.362,1920.347,1899.209,1904.386,1107041900,0.0,sina_index,2026-09-02T14:29:05
2013-04-10,1902.874,1906.765,1882.287,1894.263,941883500,0.0,sina_index,2026-09-02T14:29:05
2013-04-11,1909.317,1914.21,1889.701,1892.18,932255400,0.0,sina_index,2026-09-02T14:29:05
2013-04-12,1891.614,1901.404,1879.421,1880.726,951700800,0.0,sina_index,2026-09-02T14:29:05
2013-04-15,1875.955,1885.117,1862.957,1869.019,1093852100,0.0,sina_index,2026-09-02T14:29:05
2013-04-16,1859.858,1872.29,1835.297,1870.219,1409525400,0.0,sina_index,2026-09-02T14:29:05
2013-04-17,1864.884,1866.2,1837.041,1851.101,1124968300,0.0,sina_index,2026-09-02T14:29:05
2013-04-18,1832.738,1863.298,1825.955,1859.913,1081455600,0.0,sina_index,2026-09-02T14:29:05
2013-04-19,1863.39,1941.336,1861.15,1930.952,2026550200,0.0,sina_index,2026-09-02T14:29:05
2013-04-22,1920.286,1935.666,1919.555,1934.38,1276698800,0.0,sina_index,2026-09-02T14:29:05
2013-04-23,1940.659,1940.659,1873.609,1876.167,1466558600,0.0,sina_index,2026-09-02T14:29:05
2013-04-24,1879.473,1926.195,1868.442,1910.9,1358198700,0.0,sina_index,2026-09-02T14:29:05
2013-04-25,1902.671,1917.103,1877.919,1892.51,1151468600,0.0,sina_index,2026-09-02T14:29:05
2013-04-26,1901.108,1909.026,1873.999,1879.479,1016776300,0.0,sina_index,2026-09-02T14:29:05
2013-05-02,1870.061,1888.278,1859.714,1886.929,1077393400,0.0,sina_index,2026-09-02T14:29:05
2013-05-03,1893.541,1947.487,1892.714,1920.671,1503365600,0.0,sina_index,2026-09-02T14:29:05
2013-05-06,1927.456,1950.669,1923.81,1937.409,1213125600,0.0,sina_index,2026-09-02T14:29:05
2013-05-07,1932.349,1942.095,1920.901,1938.22,1067640400,0.0,sina_index,2026-09-02T14:29:05
2013-05-08,1946.111,1962.666,1931.261,1940.431,1253414700,0.0,sina_index,2026-09-02T14:29:05
2013-05-09,1941.564,1943.757,1913.314,1928.023,1190015000,0.0,sina_index,2026-09-02T14:29:05
2013-05-10,1924.128,1944.771,1920.571,1941.177,1125288700,0.0,sina_index,2026-09-02T14:29:05
2013-05-13,1942.258,1945.704,1926.63,1935.95,1105320800,0.0,sina_index,2026-09-02T14:29:05
2013-05-14,1931.416,1934.07,1907.207,1918.269,1119992700,0.0,sina_index,2026-09-02T14:29:05
2013-05-15,1918.528,1928.441,1916.284,1926.668,784969000,0.0,sina_index,2026-09-02T14:29:05
2013-05-16,1921.742,1958.736,1906.963,1957.168,1487341300,0.0,sina_index,2026-09-02T14:29:05
2013-05-17,1954.224,1984.946,1945.694,1978.628,1814301200,0.0,sina_index,2026-09-02T14:29:05
2013-05-20,1983.298,2016.954,1976.806,1999.284,1872510400,0.0,sina_index,2026-09-02T14:29:05
2013-05-21,1994.686,2000.79,1976.857,1989.459,1325020800,0.0,sina_index,2026-09-02T14:29:05
2013-05-22,1988.757,1997.399,1981.27,1992.485,1470335400,0.0,sina_index,2026-09-02T14:29:05
2013-05-23,1981.004,1987.04,1951.71,1953.986,1473494800,0.0,sina_index,2026-09-02T14:29:05
2013-05-24,1962.055,1975.286,1945.493,1958.312,1107843900,0.0,sina_index,2026-09-02T14:29:05
2013-05-27,1955.333,1968.847,1951.553,1956.244,1078654300,0.0,sina_index,2026-09-02T14:29:05
2013-05-28,1955.111,1995.541,1947.545,1994.243,1655233100,0.0,sina_index,2026-09-02T14:29:05
2013-05-29,1997.169,2006.468,1984.766,1987.078,1425813100,0.0,sina_index,2026-09-02T14:29:05
2013-05-30,1981.258,1993.401,1974.031,1981.23,1214737600,0.0,sina_index,2026-09-02T14:29:05
2013-05-31,1984.722,1992.452,1964.95,1968.144,1098473700,0.0,sina_index,2026-09-02T14:29:05
2013-06-03,1970.295,1985.57,1962.639,1970.071,1148769000,0.0,sina_index,2026-09-02T14:29:05
2013-06-04,1966.827,1970.796,1947.766,1952.677,1151689800,0.0,sina_index,2026-09-02T14:29:05
2013-06-05,1950.057,1951.758,1927.287,1934.781,965427600,0.0,sina_index,2026-09-02T14:29:05
2013-06-06,1928.739,1929.838,1905.905,1908.882,1010025100,0.0,sina_index,2026-09-02T14:29:05
2013-06-07,1908.595,1916.506,1881.035,1886.605,1168474400,0.0,sina_index,2026-09-02T14:29:05
2013-06-13,1853.566,1853.566,1794.349,1822.037,1754313200,0.0,sina_index,2026-09-02T14:29:05
2013-06-14,1822.582,1825.988,1813.378,1824.515,1262641100,0.0,sina_index,2026-09-02T14:29:05
2013-06-17,1829.531,1833.532,1808.792,1809.676,1045964500,0.0,sina_index,2026-09-02T14:29:05
2013-06-18,1815.188,1824.801,1804.174,1816.695,900714300,0.0,sina_index,2026-09-02T14:29:05
2013-06-19,1809.472,1809.472,1774.219,1792.072,1043739900,0.0,sina_index,2026-09-02T14:29:05
2013-06-20,1782.922,1782.922,1733.379,1735.797,1209751300,0.0,sina_index,2026-09-02T14:29:05
2013-06-21,1708.454,1743.867,1694.289,1735.652,1372872800,0.0,sina_index,2026-09-02T14:29:05
2013-06-24,1727.419,1727.419,1623.945,1625.51,2053665200,0.0,sina_index,2026-09-02T14:29:05
2013-06-25,1605.472,1627.714,1517.547,1622.83,2508687600,0.0,sina_index,2026-09-02T14:29:05
2013-06-26,1624.764,1624.764,1577.533,1601.76,1865402400,0.0,sina_index,2026-09-02T14:29:05
2013-06-27,1602.636,1623.117,1594.661,1610.046,1693726400,0.0,sina_index,2026-09-02T14:29:05
2013-06-28,1600.955,1662.666,1594.391,1656.857,1886256600,0.0,sina_index,2026-09-02T14:29:05
2013-07-01,1645.646,1657.413,1626.419,1655.907,1393788000,0.0,sina_index,2026-09-02T14:29:05
2013-07-02,1654.141,1657.526,1627.976,1650.253,1372896000,0.0,sina_index,2026-09-02T14:29:05
2013-07-03,1636.799,1636.799,1606.477,1633.023,1529017100,0.0,sina_index,2026-09-02T14:29:05
2013-07-04,1620.905,1657.475,1610.092,1640.155,1312507600,0.0,sina_index,2026-09-02T14:29:05
2013-07-05,1641.58,1655.213,1636.656,1645.909,968629800,0.0,sina_index,2026-09-02T14:29:05
2013-07-08,1623.543,1630.978,1605.174,1610.185,1052236700,0.0,sina_index,2026-09-02T14:29:05
2013-07-09,1608.613,1623.706,1605.456,1618.877,951475500,0.0,sina_index,2026-09-02T14:29:05
2013-07-10,1618.744,1654.41,1613.225,1652.838,1214644400,0.0,sina_index,2026-09-02T14:29:05
2013-07-11,1666.098,1764.363,1665.304,1748.48,2848292400,0.0,sina_index,2026-09-02T14:29:05
2013-07-12,1739.847,1745.914,1694.425,1699.805,1853746000,0.0,sina_index,2026-09-02T14:29:05
2013-07-15,1711.112,1744.83,1694.731,1714.82,1427741500,0.0,sina_index,2026-09-02T14:29:05
2013-07-16,1706.958,1717.305,1690.653,1717.027,1139654000,0.0,sina_index,2026-09-02T14:29:05
2013-07-17,1711.44,1725.389,1694.092,1694.445,1152849700,0.0,sina_index,2026-09-02T14:29:05
2013-07-18,1687.563,1696.157,1657.409,1660.479,1213150800,0.0,sina_index,2026-09-02T14:29:05
2013-07-19,1662.601,1667.779,1625.504,1627.207,1379450400,0.0,sina_index,2026-09-02T14:29:05
2013-07-22,1607.764,1630.473,1599.21,1629.088,1186510500,0.0,sina_index,2026-09-02T14:29:05
2013-07-23,1634.579,1682.08,1625.391,1663.314,1381367200,0.0,sina_index,2026-09-02T14:29:05
2013-07-24,1648.743,1658.058,1619.529,1640.226,1236108600,0.0,sina_index,2026-09-02T14:29:05
2013-07-25,1646.56,1657.08,1628.789,1633.819,1050673100,0.0,sina_index,2026-09-02T14:29:05
2013-07-26,1627.891,1634.917,1619.004,1627.143,814763300,0.0,sina_index,2026-09-02T14:29:05
2013-07-29,1611.496,1611.496,1584.233,1592.117,1047861000,0.0,sina_index,2026-09-02T14:29:05
2013-07-30,1600.548,1635.275,1593.932,1612.319,1066854100,0.0,sina_index,2026-09-02T14:29:05
2013-07-31,1627.157,1645.513,1607.298,1612.518,801676600,0.0,sina_index,2026-09-02T14:29:05
2013-08-01,1622.002,1647.908,1616.04,1643.499,1127222900,0.0,sina_index,2026-09-02T14:29:05
2013-08-02,1656.521,1663.824,1636.397,1640.677,1083853500,0.0,sina_index,2026-09-02T14:29:05
2013-08-05,1642.055,1655.356,1632.676,1655.012,916181700,0.0,sina_index,2026-09-02T14:29:05
2013-08-06,1646.897,1666.107,1634.963,1657.65,1176057700,0.0,sina_index,2026-09-02T14:29:05
2013-08-07,1653.843,1674.391,1645.785,1649.46,1186977000,0.0,sina_index,2026-09-02T14:29:05
2013-08-08,1643.899,1659.018,1635.716,1641.715,877574900,0.0,sina_index,2026-09-02T14:29:05
2013-08-09,1651.341,1658.073,1624.238,1643.493,1076806200,0.0,sina_index,2026-09-02T14:29:05
2013-08-12,1651.027,1705.322,1648.958,1704.706,2041255200,0.0,sina_index,2026-09-02T14:29:05
2013-08-13,1705.589,1721.294,1701.267,1718.62,1593845500,0.0,sina_index,2026-09-02T14:29:05
2013-08-14,1722.412,1745.543,1709.546,1713.585,1480490100,0.0,sina_index,2026-09-02T14:29:05
2013-08-15,1712.967,1733.409,1699.954,1701.369,1377969000,0.0,sina_index,2026-09-02T14:29:05
2013-08-16,1696.517,1829.309,1678.94,1703.255,3131776800,0.0,sina_index,2026-09-02T14:29:05
2013-08-19,1686.619,1732.121,1683.25,1721.622,1668865900,0.0,sina_index,2026-09-02T14:29:05
2013-08-20,1716.766,1745.471,1707.754,1713.134,1722934000,0.0,sina_index,2026-09-02T14:29:05
2013-08-21,1720.022,1721.345,1692.016,1705.431,1188857600,0.0,sina_index,2026-09-02T14:29:05
2013-08-22,1699.575,1726.781,1694.44,1701.149,1128004000,0.0,sina_index,2026-09-02T14:29:05
2013-08-23,1709.674,1715.814,1658.0,1682.616,1408394300,0.0,sina_index,2026-09-02T14:29:05
2013-08-26,1686.749,1719.934,1679.191,1716.885,1560814900,0.0,sina_index,2026-09-02T14:29:05
2013-08-27,1712.565,1723.669,1702.823,1716.736,1356769500,0.0,sina_index,2026-09-02T14:29:05
2013-08-28,1705.692,1719.167,1694.425,1708.715,1469508700,0.0,sina_index,2026-09-02T14:29:05
2013-08-29,1719.311,1723.036,1697.746,1703.927,1116960900,0.0,sina_index,2026-09-02T14:29:05
2013-08-30,1703.426,1716.322,1695.1,1706.163,1786545600,0.0,sina_index,2026-09-02T14:29:05
2013-09-02,1711.431,1719.354,1697.025,1709.806,1657144500,0.0,sina_index,2026-09-02T14:29:05
2013-09-03,1717.205,1737.332,1712.607,1735.791,1839563000,0.0,sina_index,2026-09-02T14:29:05
2013-09-04,1734.472,1746.247,1732.556,1737.176,1643801600,0.0,sina_index,2026-09-02T14:29:05
2013-09-05,1740.668,1742.304,1730.864,1735.47,1245247200,0.0,sina_index,2026-09-02T14:29:05
2013-09-06,1731.656,1756.562,1731.044,1752.245,1637637800,0.0,sina_index,2026-09-02T14:29:05
2013-09-09,1764.893,1855.338,1764.893,1849.076,4574908800,0.0,sina_index,2026-09-02T14:29:05
2013-09-10,1848.922,1864.209,1831.407,1863.726,3870812400,0.0,sina_index,2026-09-02T14:29:05
2013-09-11,1870.97,1887.896,1858.287,1862.955,3516690800,0.0,sina_index,2026-09-02T14:29:05
2013-09-12,1860.337,1921.136,1846.185,1892.504,3751226000,0.0,sina_index,2026-09-02T14:29:05
2013-09-13,1880.967,1891.057,1849.181,1857.669,2295526800,0.0,sina_index,2026-09-02T14:29:05
2013-09-16,1869.766,1876.274,1832.192,1854.196,2266565600,0.0,sina_index,2026-09-02T14:29:05
2013-09-17,1865.075,1873.226,1815.34,1817.23,2195761200,0.0,sina_index,2026-09-02T14:29:05
2013-09-18,1817.829,1829.935,1797.346,1817.168,1523041700,0.0,sina_index,2026-09-02T14:29:05
2013-09-23,1823.668,1833.842,1812.371,1828.541,1480854900,0.0,sina_index,2026-09-02T14:29:05
2013-09-24,1827.364,1827.364,1777.902,1789.056,1931736800,0.0,sina_index,2026-09-02T14:29:05
2013-09-25,1788.335,1805.945,1774.823,1778.426,1494676700,0.0,sina_index,2026-09-02T14:29:05
2013-09-26,1774.96,1774.96,1743.168,1750.003,1657758000,0.0,sina_index,2026-09-02T14:29:05
2013-09-27,1747.914,1758.688,1741.98,1757.095,1090727700,0.0,sina_index,2026-09-02T14:29:05
2013-09-30,1766.348,1771.117,1755.771,1766.11,914334700,0.0,sina_index,2026-09-02T14:29:05
2013-10-08,1760.148,1782.184,1743.304,1777.294,1259689700,0.0,sina_index,2026-09-02T14:29:05
2013-10-09,1772.676,1794.532,1766.156,1788.819,1260449200,0.0,sina_index,2026-09-02T14:29:05
2013-10-10,1791.908,1792.191,1754.781,1756.83,1319882500,0.0,sina_index,2026-09-02T14:29:05
2013-10-11,1770.072,1793.512,1765.392,1789.74,1653433300,0.0,sina_index,2026-09-02T14:29:05
2013-10-14,1790.731,1791.059,1773.434,1779.343,1529301100,0.0,sina_index,2026-09-02T14:29:05
2013-10-15,1780.668,1781.99,1760.38,1768.411,1493830900,0.0,sina_index,2026-09-02T14:29:05
2013-10-16,1763.97,1763.97,1738.315,1746.114,1432819500,0.0,sina_index,2026-09-02T14:29:05
2013-10-17,1755.058,1759.724,1736.234,1739.912,1170040200,0.0,sina_index,2026-09-02T14:29:05
2013-10-18,1742.628,1758.466,1739.029,1746.096,1072763100,0.0,sina_index,2026-09-02T14:29:05
2013-10-21,1749.191,1769.514,1736.884,1766.42,1405146600,0.0,sina_index,2026-09-02T14:29:05
2013-10-22,1763.623,1763.623,1743.301,1747.396,1179971100,0.0,sina_index,2026-09-02T14:29:05
2013-10-23,1752.846,1779.121,1742.121,1744.281,1564640100,0.0,sina_index,2026-09-02T14:29:05
2013-10-24,1740.342,1746.656,1724.503,1727.594,1169204900,0.0,sina_index,2026-09-02T14:29:05
2013-10-25,1727.373,1746.063,1711.6,1721.035,1495714200,0.0,sina_index,2026-09-02T14:29:05
2013-10-28,1725.003,1726.214,1709.387,1719.811,966186500,0.0,sina_index,2026-09-02T14:29:05
2013-10-29,1723.368,1770.806,1720.563,1749.288,2442832800,0.0,sina_index,2026-09-02T14:29:05
2013-10-30,1748.758,1769.961,1736.697,1768.163,2100447200,0.0,sina_index,2026-09-02T14:29:05
2013-10-31,1760.965,1760.965,1741.557,1744.533,1551817900,0.0,sina_index,2026-09-02T14:29:05
2013-11-01,1751.247,1768.853,1742.957,1763.057,1312723500,0.0,sina_index,2026-09-02T14:29:05
2013-11-04,1774.092,1778.905,1751.266,1754.708,989538500,0.0,sina_index,2026-09-02T14:29:05
2013-11-05,1744.745,1751.72,1722.905,1748.965,1324456400,0.0,sina_index,2026-09-02T14:29:05
2013-11-06,1737.737,1744.23,1726.755,1727.781,1452535600,0.0,sina_index,2026-09-02T14:29:05
2013-11-07,1728.19,1734.223,1720.149,1730.427,1041685700,0.0,sina_index,2026-09-02T14:29:05
2013-11-08,1723.742,1733.004,1708.039,1711.1,1083357400,0.0,sina_index,2026-09-02T14:29:05
2013-11-11,1710.682,1716.455,1701.193,1711.117,915366800,0.0,sina_index,2026-09-02T14:29:05
2013-11-12,1715.085,1727.935,1712.526,1726.371,1042554100,0.0,sina_index,2026-09-02T14:29:05
2013-11-13,1712.291,1713.979,1680.054,1681.707,1332166400,0.0,sina_index,2026-09-02T14:29:05
2013-11-14,1683.319,1686.813,1666.781,1679.059,1063428900,0.0,sina_index,2026-09-02T14:29:05
2013-11-15,1681.288,1725.813,1680.407,1706.521,1761694600,0.0,sina_index,2026-09-02T14:29:05
2013-11-18,1717.62,1782.11,1708.512,1779.82,2945961600,0.0,sina_index,2026-09-02T14:29:05
2013-11-19,1779.061,1779.061,1758.234,1763.409,2031998200,0.0,sina_index,2026-09-02T14:29:05
2013-11-20,1774.859,1780.06,1754.504,1767.299,1520517700,0.0,sina_index,2026-09-02T14:29:05
2013-11-21,1757.681,1762.965,1734.536,1760.547,1921036400,0.0,sina_index,2026-09-02T14:29:05
2013-11-22,1765.736,1768.561,1749.167,1755.821,1640309800,0.0,sina_index,2026-09-02T14:29:05
2013-11-25,1745.885,1764.992,1739.944,1741.234,1319156600,0.0,sina_index,2026-09-02T14:29:05
2013-11-26,1741.476,1749.661,1736.846,1739.899,1117148400,0.0,sina_index,2026-09-02T14:29:05
2013-11-27,1739.648,1764.945,1736.718,1754.786,1493589900,0.0,sina_index,2026-09-02T14:29:05
2013-11-28,1757.446,1782.249,1753.727,1766.477,1750671200,0.0,sina_index,2026-09-02T14:29:05
2013-11-29,1772.493,1775.278,1758.913,1762.596,1139747300,0.0,sina_index,2026-09-02T14:29:05
2013-12-02,1764.644,1800.556,1759.361,1789.029,3346914400,0.0,sina_index,2026-09-02T14:29:05
2013-12-03,1782.855,1792.814,1773.203,1788.186,1934301000,0.0,sina_index,2026-09-02T14:29:05
2013-12-04,1784.637,1811.425,1780.206,1801.741,2294534400,0.0,sina_index,2026-09-02T14:29:05
2013-12-05,1802.034,1804.801,1789.429,1794.159,1566589500,0.0,sina_index,2026-09-02T14:29:05
2013-12-06,1789.446,1792.406,1775.174,1783.918,1436782600,0.0,sina_index,2026-09-02T14:29:05
2013-12-09,1787.327,1793.253,1776.044,1777.896,1262300600,0.0,sina_index,2026-09-02T14:29:05
2013-12-10,1783.793,1791.907,1779.218,1785.167,1278698400,0.0,sina_index,2026-09-02T14:29:05
2013-12-11,1777.58,1778.085,1746.873,1753.049,1582439900,0.0,sina_index,2026-09-02T14:29:05
2013-12-12,1748.61,1757.819,1742.54,1744.987,1105842500,0.0,sina_index,2026-09-02T14:29:05
2013-12-13,1730.593,1743.462,1727.488,1734.352,1166404000,0.0,sina_index,2026-09-02T14:29:05
2013-12-16,1736.103,1740.161,1716.791,1718.059,1355508600,0.0,sina_index,2026-09-02T14:29:05
2013-12-17,1718.29,1722.261,1708.304,1712.438,1077992300,0.0,sina_index,2026-09-02T14:29:05
2013-12-18,1712.411,1718.28,1704.434,1709.195,892614200,0.0,sina_index,2026-09-02T14:29:05
2013-12-19,1713.223,1716.937,1690.259,1692.589,1170712100,0.0,sina_index,2026-09-02T14:29:05
2013-12-20,1692.652,1693.559,1654.442,1657.237,1802710000,0.0,sina_index,2026-09-02T14:29:05
2013-12-23,1663.242,1671.691,1649.801,1660.149,1035507600,0.0,sina_index,2026-09-02T14:29:05
2013-12-24,1665.637,1679.401,1650.815,1663.446,1015009200,0.0,sina_index,2026-09-02T14:29:05
2013-12-25,1665.213,1669.516,1655.992,1668.49,880290500,0.0,sina_index,2026-09-02T14:29:05
2013-12-26,1664.128,1664.718,1638.56,1641.072,1173869100,0.0,sina_index,2026-09-02T14:29:05
2013-12-27,1642.298,1679.42,1639.849,1672.74,1265465600,0.0,sina_index,2026-09-02T14:29:05
2013-12-30,1681.084,1684.045,1664.082,1664.672,1276120200,0.0,sina_index,2026-09-02T14:29:05
2013-12-31,1658.091,1684.304,1654.534,1681.461,1610955500,0.0,sina_index,2026-09-02T14:29:05
2014-01-02,1676.516,1676.516,1666.842,1674.779,995451400,0.0,sina_index,2026-09-02T14:29:05
2014-01-03,1666.327,1667.537,1646.59,1649.509,1212240600,0.0,sina_index,2026-09-02T14:29:05
2014-01-06,1648.209,1648.209,1607.838,1613.607,1542547700,0.0,sina_index,2026-09-02T14:29:05
2014-01-07,1603.469,1623.236,1600.965,1617.836,1019628200,0.0,sina_index,2026-09-02T14:29:05
2014-01-08,1619.301,1628.817,1606.631,1615.357,1125372900,0.0,sina_index,2026-09-02T14:29:05
2014-01-09,1612.33,1623.608,1599.3,1602.597,1063405200,0.0,sina_index,2026-09-02T14:29:05
2014-01-10,1598.666,1603.482,1590.235,1597.478,1063602500,0.0,sina_index,2026-09-02T14:29:05
2014-01-13,1599.264,1606.966,1589.873,1597.862,927739200,0.0,sina_index,2026-09-02T14:29:05
2014-01-14,1597.338,1609.531,1589.773,1609.422,869499300,0.0,sina_index,2026-09-02T14:29:05
2014-01-15,1607.889,1609.611,1594.066,1602.948,858392500,0.0,sina_index,2026-09-02T14:29:05
2014-01-16,1602.981,1612.837,1594.155,1606.874,996595800,0.0,sina_index,2026-09-02T14:29:05
2014-01-17,1601.772,1602.044,1584.995,1590.304,1095399000,0.0,sina_index,2026-09-02T14:29:05
2014-01-20,1588.485,1590.709,1574.303,1579.271,779056200,0.0,sina_index,2026-09-02T14:29:05
2014-01-21,1581.611,1598.235,1581.589,1586.556,741373300,0.0,sina_index,2026-09-02T14:29:05
2014-01-22,1589.801,1621.625,1586.457,1621.141,1310969000,0.0,sina_index,2026-09-02T14:29:05
2014-01-23,1619.105,1620.128,1607.84,1609.86,1026424800,0.0,sina_index,2026-09-02T14:29:05
2014-01-24,1608.475,1631.19,1605.912,1620.971,1088148700,0.0,sina_index,2026-09-02T14:29:05
2014-01-27,1613.89,1617.657,1604.979,1609.711,1109016000,0.0,sina_index,2026-09-02T14:29:05
2014-01-28,1611.329,1621.715,1605.186,1613.503,982507600,0.0,sina_index,2026-09-02T14:29:05
2014-01-29,1616.365,1630.303,1614.644,1628.693,984681400,0.0,sina_index,2026-09-02T14:29:05
2014-01-30,1625.985,1626.117,1611.802,1613.153,663095100,0.0,sina_index,2026-09-02T14:29:05
2014-02-07,1605.171,1619.431,1597.366,1618.995,761179400,0.0,sina_index,2026-09-02T14:29:05
2014-02-10,1623.459,1657.869,1623.459,1655.447,1367097600,0.0,sina_index,2026-09-02T14:29:05
2014-02-11,1652.648,1677.058,1650.602,1670.876,2402688800,0.0,sina_index,2026-09-02T14:29:05
2014-02-12,1670.89,1677.868,1667.734,1676.303,1770066800,0.0,sina_index,2026-09-02T14:29:05
2014-02-13,1676.155,1690.649,1668.472,1675.539,2678727800,0.0,sina_index,2026-09-02T14:29:05
2014-02-14,1674.885,1690.495,1670.716,1687.155,1500314600,0.0,sina_index,2026-09-02T14:29:05
2014-02-17,1693.927,1696.984,1679.771,1693.596,1825659200,0.0,sina_index,2026-09-02T14:29:05
2014-02-18,1690.593,1690.593,1671.946,1675.449,1729780600,0.0,sina_index,2026-09-02T14:29:05
2014-02-19,1674.378,1705.032,1670.858,1695.477,2533933400,0.0,sina_index,2026-09-02T14:29:05
2014-02-20,1704.202,1723.528,1694.255,1696.828,2550468800,0.0,sina_index,2026-09-02T14:29:05
2014-02-21,1693.803,1694.14,1664.828,1677.225,1768976000,0.0,sina_index,2026-09-02T14:29:05
2014-02-24,1668.495,1668.495,1637.986,1650.999,1871928000,0.0,sina_index,2026-09-02T14:29:05
2014-02-25,1654.494,1662.45,1607.936,1616.655,1763227600,0.0,sina_index,2026-09-02T14:29:05
2014-02-26,1610.036,1626.17,1601.943,1620.316,1430881100,0.0,sina_index,2026-09-02T14:29:05
2014-02-27,1622.256,1649.875,1617.495,1637.8,2283952400,0.0,sina_index,2026-09-02T14:29:05
2014-02-28,1633.253,1639.278,1610.216,1637.049,1693438000,0.0,sina_index,2026-09-02T14:29:05
2014-03-03,1633.168,1652.842,1626.967,1648.47,1873020000,0.0,sina_index,2026-09-02T14:29:05
2014-03-04,1640.327,1643.864,1622.755,1639.802,1578827300,0.0,sina_index,2026-09-02T14:29:05
2014-03-05,1642.457,1644.644,1622.828,1625.783,1369931300,0.0,sina_index,2026-09-02T14:29:05
2014-03-06,1622.544,1635.548,1608.005,1629.346,1585661200,0.0,sina_index,2026-09-02T14:29:05
2014-03-07,1630.813,1641.461,1619.705,1624.52,1544682300,0.0,sina_index,2026-09-02T14:29:05
2014-03-10,1612.96,1612.96,1571.858,1574.927,1720594400,0.0,sina_index,2026-09-02T14:29:05
2014-03-11,1571.345,1583.383,1563.461,1576.074,1277105500,0.0,sina_index,2026-09-02T14:29:05
2014-03-12,1573.02,1587.866,1560.538,1576.368,1589320700,0.0,sina_index,2026-09-02T14:29:05
2014-03-13,1579.4,1608.051,1579.4,1601.144,2119381400,0.0,sina_index,2026-09-02T14:29:05
2014-03-14,1594.58,1604.208,1583.847,1596.361,1618480200,0.0,sina_index,2026-09-02T14:29:05
2014-03-17,1599.154,1612.823,1589.848,1612.176,1273042500,0.0,sina_index,2026-09-02T14:29:05
2014-03-18,1615.338,1622.547,1609.461,1613.491,1346335800,0.0,sina_index,2026-09-02T14:29:05
2014-03-19,1608.929,1608.929,1590.011,1607.15,1175507700,0.0,sina_index,2026-09-02T14:29:05
2014-03-20,1604.421,1616.382,1579.911,1580.544,1501073900,0.0,sina_index,2026-09-02T14:29:05
2014-03-21,1576.792,1625.356,1572.03,1623.521,3204107000,0.0,sina_index,2026-09-02T14:29:05
2014-03-24,1624.364,1646.203,1619.956,1638.539,2812391600,0.0,sina_index,2026-09-02T14:29:05
2014-03-25,1636.908,1651.086,1630.534,1636.88,1889099800,0.0,sina_index,2026-09-02T14:29:05
2014-03-26,1640.038,1644.361,1629.868,1635.019,1426727000,0.0,sina_index,2026-09-02T14:29:05
2014-03-27,1632.137,1645.514,1617.147,1623.391,1970448800,0.0,sina_index,2026-09-02T14:29:05
2014-03-28,1623.266,1634.559,1614.733,1620.385,1883281200,0.0,sina_index,2026-09-02T14:29:05
2014-03-31,1621.339,1626.969,1607.865,1616.13,1478935400,0.0,sina_index,2026-09-02T14:29:05
2014-04-01,1613.921,1629.132,1611.705,1627.019,1150219800,0.0,sina_index,2026-09-02T14:29:05
2014-04-02,1629.271,1640.322,1627.167,1638.796,1510593600,0.0,sina_index,2026-09-02T14:29:05
2014-04-03,1642.503,1644.176,1614.956,1620.297,1725052400,0.0,sina_index,2026-09-02T14:29:05
2014-04-04,1614.909,1631.192,1611.844,1630.333,1001175300,0.0,sina_index,2026-09-02T14:29:05
2014-04-08,1628.178,1668.844,1625.815,1661.926,3121649400,0.0,sina_index,2026-09-02T14:29:05
2014-04-09,1666.601,1672.841,1660.653,1668.426,1637254900,0.0,sina_index,2026-09-02T14:29:05
2014-04-10,1669.519,1702.354,1661.102,1691.913,2972371200,0.0,sina_index,2026-09-02T14:29:05
2014-04-11,1687.901,1697.498,1681.762,1692.011,2500946800,0.0,sina_index,2026-09-02T14:29:05
2014-04-14,1689.651,1695.639,1676.378,1688.047,1438063900,0.0,sina_index,2026-09-02T14:29:05
2014-04-15,1683.173,1683.212,1658.667,1660.562,1535647000,0.0,sina_index,2026-09-02T14:29:05
2014-04-16,1657.543,1668.465,1653.224,1663.268,1127544700,0.0,sina_index,2026-09-02T14:29:05
2014-04-17,1666.116,1667.723,1656.365,1659.273,1053363900,0.0,sina_index,2026-09-02T14:29:05
2014-04-18,1653.374,1661.19,1644.729,1659.485,1157377800,0.0,sina_index,2026-09-02T14:29:05
2014-04-21,1649.275,1660.697,1632.838,1633.689,1185605600,0.0,sina_index,2026-09-02T14:29:05
2014-04-22,1631.593,1643.168,1621.665,1641.549,1309233100,0.0,sina_index,2026-09-02T14:29:05
2014-04-23,1637.582,1645.987,1633.704,1639.475,1222519300,0.0,sina_index,2026-09-02T14:29:05
2014-04-24,1637.074,1648.876,1633.472,1637.213,990378400,0.0,sina_index,2026-09-02T14:29:05
2014-04-25,1637.993,1643.889,1621.445,1622.731,1422849900,0.0,sina_index,2026-09-02T14:29:05
2014-04-28,1622.381,1625.819,1602.687,1605.99,1383023700,0.0,sina_index,2026-09-02T14:29:05
2014-04-29,1604.157,1621.971,1599.907,1620.608,1245335000,0.0,sina_index,2026-09-02T14:29:05
2014-04-30,1622.28,1631.053,1618.669,1625.12,1140130000,0.0,sina_index,2026-09-02T14:29:05
2014-05-05,1621.888,1627.003,1607.769,1625.372,1231836100,0.0,sina_index,2026-09-02T14:29:05
2014-05-06,1623.246,1634.47,1621.226,1628.061,907823700,0.0,sina_index,2026-09-02T14:29:05
2014-05-07,1625.032,1626.144,1612.59,1613.816,987829100,0.0,sina_index,2026-09-02T14:29:05
2014-05-08,1610.85,1633.608,1608.832,1613.304,1095312700,0.0,sina_index,2026-09-02T14:29:05
2014-05-09,1615.918,1616.76,1602.031,1607.816,966874000,0.0,sina_index,2026-09-02T14:29:05
2014-05-12,1617.233,1644.335,1612.186,1642.807,1735043600,0.0,sina_index,2026-09-02T14:29:05
2014-05-13,1642.909,1644.828,1630.659,1636.623,1140828600,0.0,sina_index,2026-09-02T14:29:05
2014-05-14,1632.902,1639.106,1627.421,1632.865,957845000,0.0,sina_index,2026-09-02T14:29:05
2014-05-15,1629.926,1632.902,1616.553,1618.258,937759200,0.0,sina_index,2026-09-02T14:29:05
2014-05-16,1617.567,1621.897,1606.754,1619.627,1013685200,0.0,sina_index,2026-09-02T14:29:05
2014-05-19,1615.538,1615.538,1594.799,1603.6,1165708300,0.0,sina_index,2026-09-02T14:29:05
2014-05-20,1607.842,1614.699,1601.058,1603.634,870390200,0.0,sina_index,2026-09-02T14:29:05
2014-05-21,1598.452,1620.961,1591.881,1620.093,894192500,0.0,sina_index,2026-09-02T14:29:05
2014-05-22,1618.514,1631.898,1611.624,1613.717,1038223000,0.0,sina_index,2026-09-02T14:29:05
2014-05-23,1608.154,1618.432,1604.399,1618.432,730072900,0.0,sina_index,2026-09-02T14:29:05
2014-05-26,1625.982,1629.983,1621.823,1626.54,842995100,0.0,sina_index,2026-09-02T14:29:05
2014-05-27,1625.969,1632.472,1622.343,1623.929,936462700,0.0,sina_index,2026-09-02T14:29:05
2014-05-28,1623.377,1636.922,1620.191,1634.434,1068017800,0.0,sina_index,2026-09-02T14:29:05
2014-05-29,1635.391,1637.361,1619.749,1621.195,963803500,0.0,sina_index,2026-09-02T14:29:05
2014-05-30,1620.842,1625.788,1612.314,1619.141,928453900,0.0,sina_index,2026-09-02T14:29:05
2014-06-03,1618.678,1626.386,1615.312,1616.386,917565200,0.0,sina_index,2026-09-02T14:29:05
2014-06-04,1616.835,1617.719,1596.011,1603.707,970246100,0.0,sina_index,2026-09-02T14:29:05
2014-06-05,1601.385,1618.158,1597.764,1617.236,849685900,0.0,sina_index,2026-09-02T14:29:05
2014-06-06,1616.902,1616.902,1600.602,1607.038,858408700,0.0,sina_index,2026-09-02T14:29:05
2014-06-09,1603.261,1619.043,1601.576,1607.67,845470800,0.0,sina_index,2026-09-02T14:29:05
2014-06-10,1609.017,1625.396,1604.135,1625.041,1219914700,0.0,sina_index,2026-09-02T14:29:05
2014-06-11,1622.385,1627.745,1618.76,1626.745,897102400,0.0,sina_index,2026-09-02T14:29:05
2014-06-12,1623.994,1626.093,1616.655,1620.13,893531600,0.0,sina_index,2026-09-02T14:29:05
2014-06-13,1616.1,1637.052,1615.086,1635.15,1540667000,0.0,sina_index,2026-09-02T14:29:05
2014-06-16,1633.853,1650.53,1632.5,1649.329,1759512800,0.0,sina_index,2026-09-02T14:29:05
2014-06-17,1646.53,1646.53,1636.271,1638.025,1174170500,0.0,sina_index,2026-09-02T14:29:05
2014-06-18,1636.308,1638.307,1625.588,1627.353,1196590000,0.0,sina_index,2026-09-02T14:29:05
2014-06-19,1627.692,1630.725,1598.129,1602.83,1126692300,0.0,sina_index,2026-09-02T14:29:05
2014-06-20,1598.074,1611.511,1598.074,1610.624,897555200,0.0,sina_index,2026-09-02T14:29:05
2014-06-23,1609.26,1614.788,1603.99,1605.293,824275600,0.0,sina_index,2026-09-02T14:29:05
2014-06-24,1600.464,1607.072,1597.604,1606.237,741776800,0.0,sina_index,2026-09-02T14:29:05
2014-06-25,1603.785,1604.23,1594.161,1602.473,788271200,0.0,sina_index,2026-09-02T14:29:05
2014-06-26,1603.226,1611.223,1602.991,1610.565,911601900,0.0,sina_index,2026-09-02T14:29:05
2014-06-27,1604.6,1612.763,1599.95,1607.464,939831400,0.0,sina_index,2026-09-02T14:29:05
2014-06-30,1612.026,1621.993,1611.01,1620.495,1010506700,0.0,sina_index,2026-09-02T14:29:05
2014-07-01,1621.61,1623.234,1614.047,1619.436,928732100,0.0,sina_index,2026-09-02T14:29:05
2014-07-02,1619.424,1625.997,1613.705,1625.143,1018892800,0.0,sina_index,2026-09-02T14:29:05
2014-07-03,1621.143,1630.836,1618.397,1626.993,1174011100,0.0,sina_index,2026-09-02T14:29:05
2014-07-04,1626.826,1630.653,1622.294,1624.997,935962600,0.0,sina_index,2026-09-02T14:29:05
2014-07-07,1625.272,1627.05,1616.352,1623.786,839366200,0.0,sina_index,2026-09-02T14:29:05
2014-07-08,1622.392,1631.588,1616.91,1631.134,1038421900,0.0,sina_index,2026-09-02T14:29:05
2014-07-09,1628.326,1628.625,1607.356,1608.446,1225218700,0.0,sina_index,2026-09-02T14:29:05
2014-07-10,1602.147,1610.651,1601.49,1603.035,1013342500,0.0,sina_index,2026-09-02T14:29:05
2014-07-11,1597.788,1610.742,1596.658,1606.034,1044458600,0.0,sina_index,2026-09-02T14:29:05
2014-07-14,1605.151,1625.452,1604.372,1625.037,1262852000,0.0,sina_index,2026-09-02T14:29:05
2014-07-15,1625.745,1628.134,1619.325,1627.944,1308118600,0.0,sina_index,2026-09-02T14:29:05
2014-07-16,1627.561,1635.734,1622.355,1627.277,1678656000,0.0,sina_index,2026-09-02T14:29:05
2014-07-17,1623.818,1623.818,1609.617,1616.419,1246682400,0.0,sina_index,2026-09-02T14:29:05
2014-07-18,1609.839,1623.831,1608.748,1617.368,1280595200,0.0,sina_index,2026-09-02T14:29:05
2014-07-21,1615.812,1619.039,1611.101,1614.565,993988300,0.0,sina_index,2026-09-02T14:29:05
2014-07-22,1612.801,1636.008,1611.501,1633.964,1635979600,0.0,sina_index,2026-09-02T14:29:05
2014-07-23,1632.644,1645.21,1631.014,1635.546,1748594800,0.0,sina_index,2026-09-02T14:29:05
2014-07-24,1639.387,1665.447,1639.387,1662.702,2936943800,0.0,sina_index,2026-09-02T14:29:05
2014-07-25,1662.688,1677.743,1660.268,1676.709,1961418600,0.0,sina_index,2026-09-02T14:29:05
2014-07-28,1682.76,1720.699,1682.432,1717.871,4279658400,0.0,sina_index,2026-09-02T14:29:05
2014-07-29,1720.609,1730.806,1712.256,1722.129,2745008800,0.0,sina_index,2026-09-02T14:29:05
2014-07-30,1717.728,1727.584,1710.102,1713.59,2710679600,0.0,sina_index,2026-09-02T14:29:05
2014-07-31,1711.144,1735.851,1709.678,1735.133,1927652400,0.0,sina_index,2026-09-02T14:29:05
2014-08-01,1728.958,1752.216,1724.582,1725.094,3065810000,0.0,sina_index,2026-09-02T14:29:05
2014-08-04,1728.71,1755.189,1724.812,1754.767,2931203600,0.0,sina_index,2026-09-02T14:29:05
2014-08-05,1754.724,1757.313,1742.844,1753.433,2269580000,0.0,sina_index,2026-09-02T14:29:05
2014-08-06,1748.018,1755.693,1732.568,1750.679,2171414400,0.0,sina_index,2026-09-02T14:29:05
2014-08-07,1749.937,1751.739,1724.815,1726.161,2061289200,0.0,sina_index,2026-09-02T14:29:05
2014-08-08,1724.176,1734.005,1718.105,1729.04,1655758600,0.0,sina_index,2026-09-02T14:29:05
2014-08-11,1732.944,1761.264,1732.944,1760.668,1839791600,0.0,sina_index,2026-09-02T14:29:05
2014-08-12,1758.728,1761.763,1750.955,1757.797,1714118800,0.0,sina_index,2026-09-02T14:29:05
2014-08-13,1759.287,1765.488,1741.459,1757.561,2055513600,0.0,sina_index,2026-09-02T14:29:05
2014-08-14,1755.731,1761.792,1741.728,1743.915,1830527200,0.0,sina_index,2026-09-02T14:29:05
2014-08-15,1743.079,1759.591,1738.789,1754.407,1645603800,0.0,sina_index,2026-09-02T14:29:05
2014-08-18,1756.245,1765.051,1752.684,1761.068,1633687100,0.0,sina_index,2026-09-02T14:29:05
2014-08-19,1762.054,1767.277,1752.808,1764.973,2040867800,0.0,sina_index,2026-09-02T14:29:05
2014-08-20,1761.849,1764.626,1754.102,1758.308,1535562700,0.0,sina_index,2026-09-02T14:29:05
2014-08-21,1757.409,1757.723,1731.318,1745.307,1688707200,0.0,sina_index,2026-09-02T14:29:05
2014-08-22,1743.36,1753.418,1739.239,1752.19,1536250800,0.0,sina_index,2026-09-02T14:29:05
2014-08-25,1751.221,1751.746,1734.318,1739.3,1664192600,0.0,sina_index,2026-09-02T14:29:05
2014-08-26,1737.212,1745.298,1722.107,1726.727,1596530800,0.0,sina_index,2026-09-02T14:29:05
2014-08-27,1725.622,1730.42,1720.579,1723.921,1034879000,0.0,sina_index,2026-09-02T14:29:05
2014-08-28,1724.623,1730.052,1710.722,1713.434,1378489700,0.0,sina_index,2026-09-02T14:29:05
2014-08-29,1717.281,1732.569,1713.849,1731.895,1113398900,0.0,sina_index,2026-09-02T14:29:05
2014-09-01,1733.076,1744.496,1730.913,1743.595,1453197100,0.0,sina_index,2026-09-02T14:29:05
2014-09-02,1746.858,1765.362,1740.924,1764.272,2174238200,0.0,sina_index,2026-09-02T14:29:05
2014-09-03,1766.514,1783.373,1766.278,1779.351,2429585400,0.0,sina_index,2026-09-02T14:29:05
2014-09-04,1779.986,1791.078,1773.802,1790.021,2051502000,0.0,sina_index,2026-09-02T14:29:05
2014-09-05,1794.504,1813.852,1793.323,1812.6,2518237000,0.0,sina_index,2026-09-02T14:29:05
2014-09-09,1814.475,1817.802,1805.726,1811.09,1746779000,0.0,sina_index,2026-09-02T14:29:05
2014-09-10,1805.085,1805.085,1791.15,1800.415,1696675600,0.0,sina_index,2026-09-02T14:29:05
2014-09-11,1798.27,1824.03,1792.219,1799.015,2290188600,0.0,sina_index,2026-09-02T14:29:05
2014-09-12,1795.381,1808.738,1791.251,1808.732,1669586800,0.0,sina_index,2026-09-02T14:29:05
2014-09-15,1806.057,1814.284,1800.618,1813.964,2144874600,0.0,sina_index,2026-09-02T14:29:05
2014-09-16,1815.772,1822.16,1783.591,1785.317,3597271600,0.0,sina_index,2026-09-02T14:29:05
2014-09-17,1786.319,1791.546,1772.859,1790.278,2224588800,0.0,sina_index,2026-09-02T14:29:05
2014-09-18,1787.564,1803.793,1780.972,1797.371,2550654800,0.0,sina_index,2026-09-02T14:29:05
2014-09-19,1795.562,1806.668,1788.778,1805.892,2069131600,0.0,sina_index,2026-09-02T14:29:05
2014-09-22,1801.646,1801.875,1773.478,1779.603,2161571000,0.0,sina_index,2026-09-02T14:29:05
2014-09-23,1779.678,1790.35,1777.018,1788.726,1522171000,0.0,sina_index,2026-09-02T14:29:05
2014-09-24,1784.205,1816.674,1780.303,1814.664,2701630200,0.0,sina_index,2026-09-02T14:29:05
2014-09-25,1821.744,1830.684,1809.092,1815.967,2435694200,0.0,sina_index,2026-09-02T14:29:05
2014-09-26,1810.763,1819.157,1804.777,1816.38,1525876500,0.0,sina_index,2026-09-02T14:29:05
2014-09-29,1819.837,1828.527,1817.263,1827.303,2138718600,0.0,sina_index,2026-09-02T14:29:05
2014-09-30,1830.94,1834.534,1824.251,1832.833,1944443000,0.0,sina_index,2026-09-02T14:29:05
2014-10-08,1836.324,1844.159,1824.996,1844.01,2372319600,0.0,sina_index,2026-09-02T14:29:05
2014-10-09,1843.515,1847.79,1829.612,1844.012,2202104800,0.0,sina_index,2026-09-02T14:29:05
2014-10-10,1838.077,1840.801,1823.669,1829.947,2187512400,0.0,sina_index,2026-09-02T14:29:05
2014-10-13,1822.028,1822.91,1801.206,1818.846,2055569600,0.0,sina_index,2026-09-02T14:29:05
2014-10-14,1815.532,1831.663,1807.196,1815.173,1844010800,0.0,sina_index,2026-09-02T14:29:05
2014-10-15,1811.993,1825.359,1802.699,1824.486,2154209600,0.0,sina_index,2026-09-02T14:29:05
2014-10-16,1814.78,1842.825,1810.26,1817.973,3145744400,0.0,sina_index,2026-09-02T14:29:05
2014-10-17,1815.905,1825.942,1788.781,1811.607,2328579200,0.0,sina_index,2026-09-02T14:29:05
2014-10-20,1816.622,1822.714,1809.4,1822.031,1787972800,0.0,sina_index,2026-09-02T14:29:05
2014-10-21,1819.286,1825.028,1804.919,1806.608,1748403800,0.0,sina_index,2026-09-02T14:29:05
2014-10-22,1806.06,1815.33,1794.645,1796.465,1650516200,0.0,sina_index,2026-09-02T14:29:05
2014-10-23,1794.937,1799.621,1773.315,1775.947,2009237600,0.0,sina_index,2026-09-02T14:29:05
2014-10-24,1776.154,1785.128,1771.931,1775.259,1408051300,0.0,sina_index,2026-09-02T14:29:05
2014-10-27,1769.128,1769.128,1757.282,1760.924,1634742000,0.0,sina_index,2026-09-02T14:29:05
2014-10-28,1762.814,1796.17,1762.814,1795.776,1769889200,0.0,sina_index,2026-09-02T14:29:05
2014-10-29,1799.585,1832.291,1797.114,1825.841,2941880400,0.0,sina_index,2026-09-02T14:29:05
2014-10-30,1825.723,1856.999,1821.139,1852.736,4283097200,0.0,sina_index,2026-09-02T14:29:05
2014-10-31,1856.486,1889.069,1849.806,1883.808,7921855200,0.0,sina_index,2026-09-02T14:29:05
2014-11-03,1887.33,1904.524,1881.418,1897.325,4887441200,0.0,sina_index,2026-09-02T14:29:05
2014-11-04,1895.038,1901.141,1883.41,1894.573,3874902400,0.0,sina_index,2026-09-02T14:29:05
2014-11-05,1900.012,1908.002,1890.369,1891.262,3990918400,0.0,sina_index,2026-09-02T14:29:05
2014-11-06,1893.083,1897.29,1872.597,1896.686,2938440400,0.0,sina_index,2026-09-02T14:29:05
2014-11-07,1896.378,1922.912,1883.084,1892.81,5324881200,0.0,sina_index,2026-09-02T14:29:05
2014-11-10,1909.095,1946.41,1901.594,1946.171,6324068000,0.0,sina_index,2026-09-02T14:29:05
2014-11-11,1951.989,1977.601,1923.845,1942.753,10668692000,0.0,sina_index,2026-09-02T14:29:05
2014-11-12,1930.763,1969.927,1924.096,1969.261,5303280800,0.0,sina_index,2026-09-02T14:29:05
2014-11-13,1972.762,1985.788,1951.541,1962.84,5868324000,0.0,sina_index,2026-09-02T14:29:05
2014-11-14,1954.403,1958.739,1936.663,1956.931,3855236800,0.0,sina_index,2026-09-02T14:29:05
2014-11-17,1991.796,1994.3,1953.451,1954.54,4287258400,0.0,sina_index,2026-09-02T14:29:05
2014-11-18,1957.552,1957.552,1927.93,1934.852,4240734800,0.0,sina_index,2026-09-02T14:29:05
2014-11-19,1930.016,1935.804,1919.673,1924.62,2999335600,0.0,sina_index,2026-09-02T14:29:05
2014-11-20,1918.71,1928.903,1909.892,1924.104,2591255200,0.0,sina_index,2026-09-02T14:29:05
2014-11-21,1923.213,1954.855,1913.848,1953.143,3735608000,0.0,sina_index,2026-09-02T14:29:05
2014-11-24,1961.444,1999.246,1951.221,1986.676,6719468000,0.0,sina_index,2026-09-02T14:29:05
2014-11-25,1987.908,2025.764,1984.992,2024.662,5174312400,0.0,sina_index,2026-09-02T14:29:05
2014-11-26,2030.078,2043.533,2020.384,2043.112,6780427200,0.0,sina_index,2026-09-02T14:29:05
2014-11-27,2051.962,2058.541,2030.404,2053.115,7490506400,0.0,sina_index,2026-09-02T14:29:05
2014-11-28,2052.509,2106.269,2047.809,2105.833,13108720800,0.0,sina_index,2026-09-02T14:29:05
2014-12-01,2113.837,2142.96,2101.336,2110.156,11919339200,0.0,sina_index,2026-09-02T14:29:05
2014-12-02,2099.721,2190.226,2096.614,2175.464,12800032000,0.0,sina_index,2026-09-02T14:29:05
2014-12-03,2179.339,2225.006,2145.628,2180.122,14914131200,0.0,sina_index,2026-09-02T14:29:05
2014-12-04,2186.686,2274.589,2177.836,2273.611,14426048000,0.0,sina_index,2026-09-02T14:29:05
2014-12-05,2296.697,2343.581,2204.54,2287.042,19734081600,0.0,sina_index,2026-09-02T14:29:05
2014-12-08,2262.705,2369.132,2240.205,2352.065,17683366400,0.0,sina_index,2026-09-02T14:29:05
2014-12-09,2333.144,2429.685,2224.291,2245.048,20585984000,0.0,sina_index,2026-09-02T14:29:05
2014-12-10,2248.125,2342.545,2216.484,2336.818,13561230400,0.0,sina_index,2026-09-02T14:29:05
2014-12-11,2320.312,2381.285,2305.739,2338.168,10437905600,0.0,sina_index,2026-09-02T14:29:05
2014-12-12,2335.968,2351.399,2312.479,2337.147,8140050400,0.0,sina_index,2026-09-02T14:29:05
2014-12-15,2326.692,2342.892,2287.438,2334.11,7545145600,0.0,sina_index,2026-09-02T14:29:05
2014-12-16,2332.75,2386.83,2321.102,2386.401,10313220800,0.0,sina_index,2026-09-02T14:29:05
2014-12-17,2389.198,2439.992,2366.945,2424.644,18143308800,0.0,sina_index,2026-09-02T14:29:05
2014-12-18,2425.46,2438.252,2388.095,2420.209,11830768000,0.0,sina_index,2026-09-02T14:29:05
2014-12-19,2409.729,2504.778,2400.538,2499.889,13647371200,0.0,sina_index,2026-09-02T14:29:05
2014-12-22,2520.81,2595.467,2501.579,2547.762,23305766400,0.0,sina_index,2026-09-02T14:29:05
2014-12-23,2507.901,2542.918,2434.927,2440.654,15376544000,0.0,sina_index,2026-09-02T14:29:05
2014-12-24,2438.717,2449.863,2351.084,2385.395,11825207200,0.0,sina_index,2026-09-02T14:29:05
2014-12-25,2402.914,2472.481,2380.325,2471.867,11772417600,0.0,sina_index,2026-09-02T14:29:05
2014-12-26,2475.504,2526.167,2455.906,2520.737,13592244800,0.0,sina_index,2026-09-02T14:29:05
2014-12-29,2549.562,2573.257,2481.715,2515.336,15533705600,0.0,sina_index,2026-09-02T14:29:05
2014-12-30,2507.49,2529.585,2465.148,2493.091,12385315200,0.0,sina_index,2026-09-02T14:29:05
2014-12-31,2496.437,2553.614,2478.529,2547.688,14400806400,0.0,sina_index,2026-09-02T14:29:05
2015-01-05,2565.136,2665.143,2565.136,2654.749,16693748800,0.0,sina_index,2026-09-02T14:29:05
2015-01-06,2634.985,2710.477,2613.025,2664.34,16027284800,0.0,sina_index,2026-09-02T14:29:05
2015-01-07,2637.528,2658.626,2608.951,2653.786,11064732800,0.0,sina_index,2026-09-02T14:29:05
2015-01-08,2648.154,2655.421,2577.489,2583.045,10463581600,0.0,sina_index,2026-09-02T14:29:05
2015-01-09,2565.415,2663.546,2554.132,2569.261,13785910400,0.0,sina_index,2026-09-02T14:29:05
2015-01-12,2545.435,2551.288,2483.373,2510.338,8674627200,0.0,sina_index,2026-09-02T14:29:05
2015-01-13,2502.986,2532.637,2501.34,2522.901,5329315200,0.0,sina_index,2026-09-02T14:29:05
2015-01-14,2527.118,2553.725,2498.383,2516.875,7295348000,0.0,sina_index,2026-09-02T14:29:05
2015-01-15,2517.054,2593.63,2506.864,2593.225,8542276000,0.0,sina_index,2026-09-02T14:29:05
2015-01-16,2600.433,2628.012,2586.13,2610.983,10678225600,0.0,sina_index,2026-09-02T14:29:05
2015-01-19,2472.311,2521.403,2369.617,2386.754,12561848000,0.0,sina_index,2026-09-02T14:29:05
2015-01-20,2392.224,2451.628,2381.818,2434.014,9694158400,0.0,sina_index,2026-09-02T14:29:05
2015-01-21,2442.315,2539.665,2428.676,2533.397,11722147200,0.0,sina_index,2026-09-02T14:29:05
2015-01-22,2534.276,2545.352,2504.842,2536.682,7999396800,0.0,sina_index,2026-09-02T14:29:05
2015-01-23,2544.851,2572.221,2517.978,2532.34,9202076000,0.0,sina_index,2026-09-02T14:29:05
2015-01-26,2527.654,2558.369,2510.168,2557.61,6970613600,0.0,sina_index,2026-09-02T14:29:05
2015-01-27,2558.115,2560.221,2495.007,2545.263,8492492800,0.0,sina_index,2026-09-02T14:29:05
2015-01-28,2526.897,2552.159,2511.932,2522.398,6298381600,0.0,sina_index,2026-09-02T14:29:05
2015-01-29,2490.022,2516.593,2480.411,2504.699,7652974400,0.0,sina_index,2026-09-02T14:29:05
2015-01-30,2510.4,2521.197,2472.614,2472.614,5971484400,0.0,sina_index,2026-09-02T14:29:05
2015-02-02,2428.245,2441.122,2401.112,2407.033,6433698400,0.0,sina_index,2026-09-02T14:29:05
2015-02-03,2425.314,2450.29,2404.17,2449.722,6297098000,0.0,sina_index,2026-09-02T14:29:05
2015-02-04,2456.946,2473.955,2427.236,2430.114,5522849600,0.0,sina_index,2026-09-02T14:29:05
2015-02-05,2485.918,2487.454,2386.894,2387.316,9325834400,0.0,sina_index,2026-09-02T14:29:05
2015-02-06,2374.219,2379.622,2310.938,2328.343,6409136400,0.0,sina_index,2026-09-02T14:29:05
2015-02-09,2321.961,2345.097,2300.191,2329.142,5786156400,0.0,sina_index,2026-09-02T14:29:05
2015-02-10,2329.174,2376.099,2326.359,2375.179,5327599600,0.0,sina_index,2026-09-02T14:29:05
2015-02-11,2377.023,2390.549,2374.483,2383.347,3532923600,0.0,sina_index,2026-09-02T14:29:05
2015-02-12,2384.265,2390.522,2358.8,2385.704,4058148400,0.0,sina_index,2026-09-02T14:29:05
2015-02-13,2396.132,2437.734,2395.255,2412.806,6301906400,0.0,sina_index,2026-09-02T14:29:05
2015-02-16,2412.888,2427.442,2405.688,2424.474,3891399200,0.0,sina_index,2026-09-02T14:29:05
2015-02-17,2431.106,2449.966,2431.106,2446.949,3940035600,0.0,sina_index,2026-09-02T14:29:05
2015-02-25,2452.947,2463.057,2432.491,2443.222,5151620800,0.0,sina_index,2026-09-02T14:29:05
2015-02-26,2440.665,2504.986,2435.882,2503.119,6521296800,0.0,sina_index,2026-09-02T14:29:05
2015-02-27,2502.929,2517.997,2495.953,2506.168,6054844800,0.0,sina_index,2026-09-02T14:29:05
2015-03-02,2529.13,2536.497,2506.043,2536.029,6686255600,0.0,sina_index,2026-09-02T14:29:05
2015-03-03,2525.043,2530.927,2496.952,2498.174,7514003200,0.0,sina_index,2026-09-02T14:29:05
2015-03-04,2500.592,2513.329,2486.578,2506.384,5470617600,0.0,sina_index,2026-09-02T14:29:05
2015-03-05,2503.798,2504.012,2456.173,2474.461,6500179200,0.0,sina_index,2026-09-02T14:29:05
2015-03-06,2470.986,2488.403,2466.265,2475.888,4551762800,0.0,sina_index,2026-09-02T14:29:05
2015-03-09,2469.582,2544.106,2451.037,2543.27,9892990400,0.0,sina_index,2026-09-02T14:29:05
2015-03-10,2527.366,2551.426,2521.466,2532.615,6511723200,0.0,sina_index,2026-09-02T14:29:05
2015-03-11,2533.245,2563.552,2528.17,2540.033,6354317600,0.0,sina_index,2026-09-02T14:29:05
2015-03-12,2559.407,2604.989,2552.757,2593.013,12086656800,0.0,sina_index,2026-09-02T14:29:05
2015-03-13,2600.607,2631.883,2595.814,2612.879,9559186400,0.0,sina_index,2026-09-02T14:29:05
2015-03-16,2625.85,2663.114,2614.115,2662.864,8575858400,0.0,sina_index,2026-09-02T14:29:05
2015-03-17,2676.424,2710.567,2671.148,2710.326,11044133600,0.0,sina_index,2026-09-02T14:29:05
2015-03-18,2733.578,2791.403,2732.654,2791.353,12450784000,0.0,sina_index,2026-09-02T14:29:05
2015-03-19,2812.226,2812.604,2775.68,2802.274,10733476800,0.0,sina_index,2026-09-02T14:29:05
2015-03-20,2803.946,2836.144,2791.512,2828.424,11888949600,0.0,sina_index,2026-09-02T14:29:05
2015-03-23,2843.82,2891.629,2843.82,2891.32,11942271200,0.0,sina_index,2026-09-02T14:29:05
2015-03-24,2892.532,2922.597,2836.037,2917.952,13959433600,0.0,sina_index,2026-09-02T14:29:05
2015-03-25,2909.078,2913.934,2872.437,2890.417,11189368800,0.0,sina_index,2026-09-02T14:29:05
2015-03-26,2870.845,2925.423,2845.857,2885.045,9488648000,0.0,sina_index,2026-09-02T14:29:05
2015-03-27,2886.83,2912.864,2865.087,2901.239,8209054400,0.0,sina_index,2026-09-02T14:29:05
2015-03-30,2916.849,2984.44,2916.849,2977.691,14028676800,0.0,sina_index,2026-09-02T14:29:05
2015-03-31,3003.913,3016.581,2934.43,2942.064,13475491200,0.0,sina_index,2026-09-02T14:29:05
2015-04-01,2941.242,3007.132,2941.242,2997.002,9355880800,0.0,sina_index,2026-09-02T14:29:05
2015-04-02,3019.38,3039.231,2983.922,3037.981,9817601600,0.0,sina_index,2026-09-02T14:29:05
2015-04-03,3033.223,3091.956,3020.934,3091.731,8855584000,0.0,sina_index,2026-09-02T14:29:05
2015-04-07,3128.196,3199.729,3128.176,3199.637,14660484800,0.0,sina_index,2026-09-02T14:29:05
2015-04-08,3213.906,3249.022,3165.59,3247.02,15352456000,0.0,sina_index,2026-09-02T14:29:05
2015-04-09,3241.045,3272.527,3154.803,3220.993,14057241600,0.0,sina_index,2026-09-02T14:29:05
2015-04-10,3228.798,3311.528,3212.695,3301.661,11729990400,0.0,sina_index,2026-09-02T14:29:05
2015-04-13,3338.602,3353.892,3298.586,3343.03,16925580800,0.0,sina_index,2026-09-02T14:29:05
2015-04-14,3330.501,3392.241,3299.284,3362.052,14387684800,0.0,sina_index,2026-09-02T14:29:05
2015-04-15,3359.265,3379.455,3297.443,3309.961,18448169600,0.0,sina_index,2026-09-02T14:29:05
2015-04-16,3272.841,3406.139,3244.043,3405.441,15325932800,0.0,sina_index,2026-09-02T14:29:05
2015-04-17,3429.142,3483.942,3421.337,3451.101,19823904000,0.0,sina_index,2026-09-02T14:29:05
2015-04-20,3438.975,3485.016,3350.855,3369.362,22374491200,0.0,sina_index,2026-09-02T14:29:05
2015-04-21,3354.478,3428.758,3341.556,3427.714,13442859200,0.0,sina_index,2026-09-02T14:29:05
2015-04-22,3446.403,3528.449,3435.964,3525.849,15652779200,0.0,sina_index,2026-09-02T14:29:05
2015-04-23,3544.041,3572.854,3507.646,3545.199,14217004800,0.0,sina_index,2026-09-02T14:29:05
2015-04-24,3489.656,3523.302,3431.645,3481.522,14122702400,0.0,sina_index,2026-09-02T14:29:05
2015-04-27,3491.037,3553.955,3490.778,3550.088,15830209600,0.0,sina_index,2026-09-02T14:29:05
2015-04-28,3546.648,3565.174,3456.56,3487.285,25510224000,0.0,sina_index,2026-09-02T14:29:05
2015-04-29,3466.891,3504.547,3439.71,3497.178,12817026400,0.0,sina_index,2026-09-02T14:29:05
2015-04-30,3507.318,3526.331,3480.468,3480.952,12521848800,0.0,sina_index,2026-09-02T14:29:05
2015-05-04,3480.83,3546.439,3449.872,3545.564,11002174400,0.0,sina_index,2026-09-02T14:29:05
2015-05-05,3552.258,3554.591,3367.144,3380.099,15297080000,0.0,sina_index,2026-09-02T14:29:05
2015-05-06,3381.17,3428.656,3270.566,3305.908,11797846400,0.0,sina_index,2026-09-02T14:29:05
2015-05-07,3285.258,3299.028,3190.182,3191.951,8832996800,0.0,sina_index,2026-09-02T14:29:05
2015-05-08,3223.758,3269.918,3189.785,3268.882,8387733600,0.0,sina_index,2026-09-02T14:29:05
2015-05-11,3291.282,3379.583,3255.581,3378.844,10913037600,0.0,sina_index,2026-09-02T14:29:05
2015-05-12,3380.057,3422.096,3363.453,3421.62,10789765600,0.0,sina_index,2026-09-02T14:29:05
2015-05-13,3421.434,3428.152,3376.329,3404.695,10349010400,0.0,sina_index,2026-09-02T14:29:05
2015-05-14,3398.437,3430.057,3366.202,3406.735,9047990400,0.0,sina_index,2026-09-02T14:29:05
2015-05-15,3402.658,3402.658,3326.991,3353.245,8523415200,0.0,sina_index,2026-09-02T14:29:05
2015-05-18,3320.327,3359.94,3307.371,3322.637,6867613600,0.0,sina_index,2026-09-02T14:29:05
2015-05-19,3331.781,3425.797,3330.367,3424.914,8574700800,0.0,sina_index,2026-09-02T14:29:05
2015-05-20,3436.555,3512.475,3430.883,3455.548,9749606400,0.0,sina_index,2026-09-02T14:29:05
2015-05-21,3456.604,3539.146,3432.338,3538.376,7822363200,0.0,sina_index,2026-09-02T14:29:05
2015-05-22,3576.612,3627.647,3558.226,3625.915,12363908000,0.0,sina_index,2026-09-02T14:29:05
2015-05-25,3624.726,3749.532,3623.257,3748.77,13379094400,0.0,sina_index,2026-09-02T14:29:05
2015-05-26,3773.914,3810.463,3701.787,3808.89,12711800000,0.0,sina_index,2026-09-02T14:29:05
2015-05-27,3813.654,3834.246,3754.682,3808.984,11961396800,0.0,sina_index,2026-09-02T14:29:05
2015-05-28,3796.689,3831.721,3536.405,3539.105,15792795200,0.0,sina_index,2026-09-02T14:29:05
2015-05-29,3527.674,3592.972,3387.738,3534.853,11434625600,0.0,sina_index,2026-09-02T14:29:05
2015-06-01,3550.509,3756.366,3536.972,3755.241,12851811200,0.0,sina_index,2026-09-02T14:29:05
2015-06-02,3781.803,3842.55,3743.128,3841.026,12667731200,0.0,sina_index,2026-09-02T14:29:05
2015-06-03,3846.501,3846.501,3754.155,3828.61,11757365600,0.0,sina_index,2026-09-02T14:29:05
2015-06-04,3827.286,3887.142,3631.058,3886.231,18074689600,0.0,sina_index,2026-09-02T14:29:05
2015-06-05,3971.078,3999.414,3860.738,3967.626,17246640000,0.0,sina_index,2026-09-02T14:29:05
2015-06-08,3996.849,4068.551,3945.534,4057.669,24615899200,0.0,sina_index,2026-09-02T14:29:05
2015-06-09,4060.82,4079.103,3986.743,4065.494,21500910400,0.0,sina_index,2026-09-02T14:29:05
2015-06-10,4004.71,4096.841,3968.488,4050.159,13430576000,0.0,sina_index,2026-09-02T14:29:05
2015-06-11,4041.815,4056.415,3996.274,4049.553,11321040000,0.0,sina_index,2026-09-02T14:29:05
2015-06-12,4073.435,4144.664,4073.435,4144.664,13625961600,0.0,sina_index,2026-09-02T14:29:05
2015-06-15,4158.645,4195.205,4105.045,4129.638,13832796800,0.0,sina_index,2026-09-02T14:29:05
2015-06-16,4091.085,4123.347,3938.677,3967.714,11839949600,0.0,sina_index,2026-09-02T14:29:05
2015-06-17,3978.398,4074.225,3855.747,4064.677,14189672000,0.0,sina_index,2026-09-02T14:29:05
2015-06-18,4049.345,4096.43,3969.268,3974.977,12730760800,0.0,sina_index,2026-09-02T14:29:05
2015-06-19,3848.835,3890.759,3679.891,3681.003,10500021600,0.0,sina_index,2026-09-02T14:29:05
2015-06-23,3634.102,3717.16,3458.636,3715.855,10440050400,0.0,sina_index,2026-09-02T14:29:05
2015-06-24,3743.927,3832.784,3712.701,3828.286,12896426400,0.0,sina_index,2026-09-02T14:29:05
2015-06-25,3845.385,3848.557,3661.956,3691.081,13777497600,0.0,sina_index,2026-09-02T14:29:05
2015-06-26,3584.008,3636.342,3366.1,3409.964,14087809600,0.0,sina_index,2026-09-02T14:29:05
2015-06-29,3505.731,3511.317,3148.508,3321.825,16042108800,0.0,sina_index,2026-09-02T14:29:05
2015-06-30,3294.593,3514.729,3148.595,3508.269,16470582400,0.0,sina_index,2026-09-02T14:29:05
2015-07-01,3461.047,3524.302,3289.72,3290.28,12592020800,0.0,sina_index,2026-09-02T14:29:05
2015-07-02,3307.826,3315.639,3068.25,3145.949,16725241600,0.0,sina_index,2026-09-02T14:29:05
2015-07-03,3044.193,3144.357,2894.568,2926.256,13841113600,0.0,sina_index,2026-09-02T14:29:05
2015-07-06,3178.763,3178.763,2881.58,3016.299,26926496000,0.0,sina_index,2026-09-02T14:29:05
2015-07-07,2920.426,2994.092,2844.485,2965.798,27301497600,0.0,sina_index,2026-09-02T14:29:05
2015-07-08,2733.223,2876.022,2695.05,2780.363,29263782400,0.0,sina_index,2026-09-02T14:29:05
2015-07-09,2737.868,3002.004,2686.834,2971.28,22238497600,0.0,sina_index,2026-09-02T14:29:05
2015-07-10,3001.192,3204.329,2970.494,3140.298,22679539200,0.0,sina_index,2026-09-02T14:29:05
2015-07-13,3183.764,3282.261,3122.242,3237.697,17263123200,0.0,sina_index,2026-09-02T14:29:05
2015-07-14,3210.568,3291.256,3122.317,3175.805,14723697600,0.0,sina_index,2026-09-02T14:29:05
2015-07-15,3129.005,3156.472,3011.88,3050.238,14047403200,0.0,sina_index,2026-09-02T14:29:05
2015-07-16,3039.137,3118.363,2974.319,3068.584,10429489600,0.0,sina_index,2026-09-02T14:29:05
2015-07-17,3078.442,3198.867,3064.799,3171.61,8903796000,0.0,sina_index,2026-09-02T14:29:05
2015-07-20,3163.79,3216.571,3142.92,3179.553,8901896800,0.0,sina_index,2026-09-02T14:29:05
2015-07-21,3141.433,3222.638,3118.99,3207.759,7734420800,0.0,sina_index,2026-09-02T14:29:05
2015-07-22,3189.441,3210.188,3138.017,3197.928,7508704000,0.0,sina_index,2026-09-02T14:29:05
2015-07-23,3188.525,3269.925,3174.135,3258.373,7769509600,0.0,sina_index,2026-09-02T14:29:05
2015-07-24,3254.063,3297.065,3182.958,3200.565,8755331200,0.0,sina_index,2026-09-02T14:29:05
2015-07-27,3136.003,3186.724,2930.077,2930.932,9732284800,0.0,sina_index,2026-09-02T14:29:05
2015-07-28,2845.237,2967.473,2803.109,2920.299,9564855200,0.0,sina_index,2026-09-02T14:29:05
2015-07-29,2938.307,3035.154,2905.021,3031.869,6092875200,0.0,sina_index,2026-09-02T14:29:05
2015-07-30,3023.853,3078.641,2963.338,2974.001,5788718400,0.0,sina_index,2026-09-02T14:29:05
2015-07-31,2947.528,3008.401,2935.397,2973.789,5282900800,0.0,sina_index,2026-09-02T14:29:05
2015-08-03,2939.453,3022.349,2927.05,3021.008,6699261600,0.0,sina_index,2026-09-02T14:29:05
2015-08-04,3005.898,3109.176,2972.855,3108.475,4778878400,0.0,sina_index,2026-09-02T14:29:05
2015-08-05,3087.848,3119.832,3028.307,3040.379,3825334800,0.0,sina_index,2026-09-02T14:29:05
2015-08-06,2988.92,3055.302,2975.839,3014.932,2843151600,0.0,sina_index,2026-09-02T14:29:05
2015-08-07,3035.0,3079.548,3030.991,3066.576,3458055600,0.0,sina_index,2026-09-02T14:29:05
2015-08-10,3087.059,3214.016,3082.87,3199.791,6977693600,0.0,sina_index,2026-09-02T14:29:05
2015-08-11,3191.601,3227.963,3161.186,3191.242,6032586000,0.0,sina_index,2026-09-02T14:29:05
2015-08-12,3146.461,3184.858,3124.803,3126.621,4455921200,0.0,sina_index,2026-09-02T14:29:05
2015-08-13,3114.827,3180.999,3090.247,3180.138,4437243200,0.0,sina_index,2026-09-02T14:29:05
2015-08-14,3191.222,3215.22,3157.346,3170.751,4568365200,0.0,sina_index,2026-09-02T14:29:05
2015-08-17,3158.717,3216.77,3132.085,3216.244,4898086400,0.0,sina_index,2026-09-02T14:29:05
2015-08-18,3229.307,3233.292,2992.057,2997.518,6943477600,0.0,sina_index,2026-09-02T14:29:05
2015-08-19,2930.999,3066.654,2852.508,3058.569,6168162800,0.0,sina_index,2026-09-02T14:29:05
2015-08-20,3022.91,3045.472,2950.332,2950.332,4426370000,0.0,sina_index,2026-09-02T14:29:05
2015-08-21,2909.354,2935.854,2787.886,2799.524,5088832000,0.0,sina_index,2026-09-02T14:29:05
2015-08-24,2695.659,2695.94,2533.555,2541.49,8187363200,0.0,sina_index,2026-09-02T14:29:05
2015-08-25,2378.872,2473.621,2320.302,2333.928,8015380800,0.0,sina_index,2026-09-02T14:29:05
2015-08-26,2368.783,2451.511,2254.62,2332.48,8125338400,0.0,sina_index,2026-09-02T14:29:05
2015-08-27,2374.704,2480.813,2338.122,2479.566,6887404800,0.0,sina_index,2026-09-02T14:29:05
2015-08-28,2520.091,2605.793,2495.929,2600.035,6801855200,0.0,sina_index,2026-09-02T14:29:05
2015-08-31,2577.013,2594.095,2502.888,2591.565,6474254400,0.0,sina_index,2026-09-02T14:29:05
2015-09-01,2552.527,2598.402,2472.433,2579.797,10994555200,0.0,sina_index,2026-09-02T14:29:05
2015-09-02,2470.159,2625.003,2460.629,2607.991,12377293600,0.0,sina_index,2026-09-02T14:29:05
2015-09-07,2592.574,2651.436,2509.724,2522.429,5931398400,0.0,sina_index,2026-09-02T14:29:05
2015-09-08,2504.876,2600.729,2465.322,2595.725,4183556400,0.0,sina_index,2026-09-02T14:29:05
2015-09-09,2600.435,2660.947,2586.102,2643.624,4753182800,0.0,sina_index,2026-09-02T14:29:05
2015-09-10,2602.261,2638.723,2587.966,2595.155,3279800800,0.0,sina_index,2026-09-02T14:29:05
2015-09-11,2590.58,2613.772,2559.657,2586.654,2289996400,0.0,sina_index,2026-09-02T14:29:05
2015-09-14,2602.754,2613.584,2464.913,2513.938,4912096000,0.0,sina_index,2026-09-02T14:29:05
2015-09-15,2469.571,2488.988,2402.389,2415.867,3841911200,0.0,sina_index,2026-09-02T14:29:05
2015-09-16,2414.423,2565.385,2406.028,2538.299,3386651200,0.0,sina_index,2026-09-02T14:29:05
2015-09-17,2528.632,2568.576,2475.456,2475.456,3030452800,0.0,sina_index,2026-09-02T14:29:05
2015-09-18,2490.067,2504.417,2462.921,2484.038,1908985400,0.0,sina_index,2026-09-02T14:29:05
2015-09-21,2464.701,2522.516,2452.666,2519.958,2024754600,0.0,sina_index,2026-09-02T14:29:05
2015-09-22,2527.193,2556.753,2516.656,2537.768,2192191400,0.0,sina_index,2026-09-02T14:29:05
2015-09-23,2501.352,2513.713,2463.242,2468.596,1899089800,0.0,sina_index,2026-09-02T14:29:05
2015-09-24,2476.106,2497.689,2469.265,2491.655,1464529400,0.0,sina_index,2026-09-02T14:29:05
2015-09-25,2481.391,2494.343,2432.498,2455.784,2183428200,0.0,sina_index,2026-09-02T14:29:05
2015-09-28,2455.369,2467.862,2430.141,2467.194,1270767800,0.0,sina_index,2026-09-02T14:29:05
2015-09-29,2437.231,2441.85,2405.619,2415.001,1586362600,0.0,sina_index,2026-09-02T14:29:05
2015-09-30,2429.933,2451.966,2426.622,2436.161,1478579400,0.0,sina_index,2026-09-02T14:29:05
2015-10-08,2510.558,2523.878,2494.224,2501.806,2322748400,0.0,sina_index,2026-09-02T14:29:05
2015-10-09,2505.979,2537.207,2497.29,2530.775,2053118600,0.0,sina_index,2026-09-02T14:29:05
2015-10-12,2538.678,2632.479,2533.048,2616.501,3863634000,0.0,sina_index,2026-09-02T14:29:05
2015-10-13,2600.733,2620.918,2587.517,2617.928,2286774000,0.0,sina_index,2026-09-02T14:29:05
2015-10-14,2604.818,2622.906,2581.102,2581.364,2109040400,0.0,sina_index,2026-09-02T14:29:05
2015-10-15,2581.262,2645.764,2580.146,2645.434,2481737200,0.0,sina_index,2026-09-02T14:29:05
2015-10-16,2666.19,2685.961,2650.498,2685.258,3350608000,0.0,sina_index,2026-09-02T14:29:05
2015-10-19,2701.027,2716.498,2671.413,2696.632,3156726800,0.0,sina_index,2026-09-02T14:29:05
2015-10-20,2695.545,2712.117,2675.234,2712.117,2566278800,0.0,sina_index,2026-09-02T14:29:05
2015-10-21,2712.639,2734.918,2597.205,2635.475,6145816000,0.0,sina_index,2026-09-02T14:29:05
2015-10-22,2619.352,2672.537,2614.156,2669.401,3300780400,0.0,sina_index,2026-09-02T14:29:05
2015-10-23,2680.205,2714.194,2668.873,2708.027,2973537200,0.0,sina_index,2026-09-02T14:29:05
2015-10-26,2738.895,2743.514,2702.796,2720.345,3177125200,0.0,sina_index,2026-09-02T14:29:05
2015-10-27,2704.645,2727.568,2649.401,2721.186,2540243200,0.0,sina_index,2026-09-02T14:29:05
2015-10-28,2710.215,2743.444,2690.045,2695.274,2639813200,0.0,sina_index,2026-09-02T14:29:05
2015-10-29,2701.11,2717.211,2687.311,2702.758,1919542000,0.0,sina_index,2026-09-02T14:29:05
2015-10-30,2698.059,2713.728,2673.709,2690.456,2133711600,0.0,sina_index,2026-09-02T14:29:05
2015-11-02,2653.914,2690.888,2645.969,2646.8,2051850800,0.0,sina_index,2026-09-02T14:29:05
2015-11-03,2644.793,2660.129,2622.673,2631.012,1820772600,0.0,sina_index,2026-09-02T14:29:05
2015-11-04,2639.033,2734.064,2639.033,2733.605,3803384000,0.0,sina_index,2026-09-02T14:29:05
2015-11-05,2734.463,2839.677,2730.142,2792.194,8123536000,0.0,sina_index,2026-09-02T14:29:05
2015-11-06,2781.144,2838.979,2780.286,2835.147,5078281600,0.0,sina_index,2026-09-02T14:29:05
2015-11-09,2835.41,2915.628,2835.41,2885.449,8459363200,0.0,sina_index,2026-09-02T14:29:05
2015-11-10,2864.992,2902.393,2855.331,2892.121,5271756800,0.0,sina_index,2026-09-02T14:29:05
2015-11-11,2891.967,2902.842,2857.15,2887.009,3991890000,0.0,sina_index,2026-09-02T14:29:05
2015-11-12,2886.648,2888.346,2831.911,2846.71,3091235200,0.0,sina_index,2026-09-02T14:29:05
2015-11-13,2821.275,2845.961,2800.867,2808.847,2905455600,0.0,sina_index,2026-09-02T14:29:05
2015-11-16,2772.895,2835.425,2766.766,2834.924,2885337800,0.0,sina_index,2026-09-02T14:29:05
2015-11-17,2854.388,2888.942,2830.04,2835.228,3986398000,0.0,sina_index,2026-09-02T14:29:05
2015-11-18,2833.612,2849.144,2808.628,2818.949,3496654000,0.0,sina_index,2026-09-02T14:29:05
2015-11-19,2818.131,2849.111,2808.601,2847.858,2677401200,0.0,sina_index,2026-09-02T14:29:05
2015-11-20,2850.234,2860.257,2834.699,2848.807,2887003200,0.0,sina_index,2026-09-02T14:29:05
2015-11-23,2846.913,2876.416,2835.685,2845.834,2693397200,0.0,sina_index,2026-09-02T14:29:05
2015-11-24,2839.539,2844.354,2801.149,2843.792,2489527400,0.0,sina_index,2026-09-02T14:29:05
2015-11-25,2836.341,2868.92,2829.315,2868.705,2723072400,0.0,sina_index,2026-09-02T14:29:05
2015-11-26,2875.764,2885.846,2851.249,2855.685,2746575000,0.0,sina_index,2026-09-02T14:29:05
2015-11-27,2840.913,2853.548,2690.497,2712.527,3561172800,0.0,sina_index,2026-09-02T14:29:05
2015-11-30,2712.936,2741.061,2635.224,2721.999,3538853200,0.0,sina_index,2026-09-02T14:29:05
2015-12-01,2718.506,2743.798,2692.144,2726.421,2602824400,0.0,sina_index,2026-09-02T14:29:05
2015-12-02,2717.469,2813.757,2709.974,2811.0,5451173200,0.0,sina_index,2026-09-02T14:29:05
2015-12-03,2809.553,2847.309,2794.592,2835.723,6380476000,0.0,sina_index,2026-09-02T14:29:05
2015-12-04,2812.23,2816.862,2762.934,2774.945,3436990400,0.0,sina_index,2026-09-02T14:29:05
2015-12-07,2776.943,2789.598,2762.875,2783.12,2042045400,0.0,sina_index,2026-09-02T14:29:05
2015-12-08,2768.401,2768.401,2720.944,2725.363,2452922200,0.0,sina_index,2026-09-02T14:29:05
2015-12-09,2714.624,2743.081,2713.247,2735.045,1790457300,0.0,sina_index,2026-09-02T14:29:05
2015-12-10,2734.232,2757.816,2712.294,2718.948,1891772800,0.0,sina_index,2026-09-02T14:29:05
2015-12-11,2711.743,2713.926,2676.54,2695.947,2002233600,0.0,sina_index,2026-09-02T14:29:05
2015-12-14,2675.214,2759.136,2671.989,2758.406,2591571600,0.0,sina_index,2026-09-02T14:29:05
2015-12-15,2758.976,2767.585,2734.966,2746.25,2013701800,0.0,sina_index,2026-09-02T14:29:05
2015-12-16,2754.081,2763.966,2736.92,2743.134,1792997400,0.0,sina_index,2026-09-02T14:29:05
2015-12-17,2754.504,2798.495,2754.068,2794.788,3005670000,0.0,sina_index,2026-09-02T14:29:05
2015-12-18,2790.472,2829.242,2783.694,2792.433,3567720000,0.0,sina_index,2026-09-02T14:29:05
2015-12-21,2784.834,2872.583,2783.191,2862.676,4673095200,0.0,sina_index,2026-09-02T14:29:05
2015-12-22,2864.406,2878.703,2845.981,2869.893,3091081400,0.0,sina_index,2026-09-02T14:29:05
2015-12-23,2869.229,2898.452,2860.264,2863.817,3881881600,0.0,sina_index,2026-09-02T14:29:05
2015-12-24,2859.08,2861.296,2804.172,2835.506,2767848000,0.0,sina_index,2026-09-02T14:29:05
2015-12-25,2837.919,2851.739,2826.84,2847.549,1795645800,0.0,sina_index,2026-09-02T14:29:05
2015-12-28,2853.8,2855.562,2775.212,2775.235,2970805500,0.0,sina_index,2026-09-02T14:29:05
2015-12-29,2773.254,2798.04,2764.015,2797.416,1817778500,0.0,sina_index,2026-09-02T14:29:05
2015-12-30,2799.156,2803.287,2775.234,2802.688,1733145700,0.0,sina_index,2026-09-02T14:29:05
2015-12-31,2800.326,2812.004,2783.681,2784.953,1840264500,0.0,sina_index,2026-09-02T14:29:05
2016-01-04,2781.806,2782.418,2604.944,2605.649,2312771300,0.0,sina_index,2026-09-02T14:29:05
2016-01-05,2550.543,2644.837,2538.587,2619.663,3083774300,0.0,sina_index,2026-09-02T14:29:05
2016-01-06,2619.031,2688.566,2616.84,2687.921,2692953900,0.0,sina_index,2026-09-02T14:29:05
2016-01-07,2649.687,2649.82,2504.029,2507.956,763416100,0.0,sina_index,2026-09-02T14:29:05
2016-01-08,2571.887,2604.868,2482.45,2573.541,3453017300,0.0,sina_index,2026-09-02T14:29:05
2016-01-11,2539.751,2547.059,2442.985,2443.111,3243657300,0.0,sina_index,2026-09-02T14:29:05
2016-01-12,2453.735,2466.718,2421.63,2441.824,2165219100,0.0,sina_index,2026-09-02T14:29:05
2016-01-13,2457.637,2479.783,2403.133,2403.133,1988830700,0.0,sina_index,2026-09-02T14:29:05
2016-01-14,2356.547,2454.666,2349.299,2449.331,2618353200,0.0,sina_index,2026-09-02T14:29:05
2016-01-15,2435.48,2445.399,2351.235,2362.278,2304963200,0.0,sina_index,2026-09-02T14:29:05
2016-01-18,2326.997,2386.952,2323.377,2359.624,1833545000,0.0,sina_index,2026-09-02T14:29:05
2016-01-19,2361.073,2430.517,2353.125,2428.705,2238838900,0.0,sina_index,2026-09-02T14:29:05
2016-01-20,2417.064,2424.535,2368.379,2392.368,2490606100,0.0,sina_index,2026-09-02T14:29:05
2016-01-21,2359.729,2408.341,2324.472,2324.834,2138149600,0.0,sina_index,2026-09-02T14:29:05
2016-01-22,2347.32,2364.299,2310.371,2352.322,1677435700,0.0,sina_index,2026-09-02T14:29:05
2016-01-25,2364.72,2378.38,2351.364,2368.423,1498151900,0.0,sina_index,2026-09-02T14:29:05
2016-01-26,2348.542,2348.542,2218.4,2221.313,2401793900,0.0,sina_index,2026-09-02T14:29:05
2016-01-27,2233.193,2242.644,2150.979,2217.519,2605140800,0.0,sina_index,2026-09-02T14:29:05
2016-01-28,2202.671,2224.067,2161.106,2165.927,1857335500,0.0,sina_index,2026-09-02T14:29:05
2016-01-29,2165.083,2237.8,2165.083,2224.286,2266751600,0.0,sina_index,2026-09-02T14:29:05
2016-02-01,2220.439,2227.023,2168.098,2192.951,1717562900,0.0,sina_index,2026-09-02T14:29:05
2016-02-02,2192.913,2240.39,2192.466,2234.187,1598127900,0.0,sina_index,2026-09-02T14:29:05
2016-02-03,2212.914,2226.464,2192.341,2219.737,1463674700,0.0,sina_index,2026-09-02T14:29:05
2016-02-04,2224.614,2253.158,2224.614,2245.424,1574056700,0.0,sina_index,2026-09-02T14:29:05
2016-02-05,2247.024,2253.217,2236.571,2241.459,1270771800,0.0,sina_index,2026-09-02T14:29:05
2016-02-15,2183.446,2236.449,2179.159,2226.602,1288084100,0.0,sina_index,2026-09-02T14:29:05
2016-02-16,2234.811,2291.98,2234.656,2289.021,1905877200,0.0,sina_index,2026-09-02T14:29:05
2016-02-17,2282.623,2312.95,2279.467,2312.617,2091561400,0.0,sina_index,2026-09-02T14:29:05
2016-02-18,2321.598,2333.063,2305.432,2311.645,1974051800,0.0,sina_index,2026-09-02T14:29:05
2016-02-19,2303.831,2313.734,2291.234,2303.459,1368359700,0.0,sina_index,2026-09-02T14:29:05
2016-02-22,2325.811,2360.599,2319.316,2355.275,2565734700,0.0,sina_index,2026-09-02T14:29:05
2016-02-23,2353.814,2353.814,2313.84,2337.036,1810901200,0.0,sina_index,2026-09-02T14:29:05
2016-02-24,2320.079,2349.204,2309.002,2348.984,1837647200,0.0,sina_index,2026-09-02T14:29:05
2016-02-25,2341.478,2341.478,2193.814,2204.291,2942563300,0.0,sina_index,2026-09-02T14:29:05
2016-02-26,2221.875,2241.259,2193.118,2230.438,1847479000,0.0,sina_index,2026-09-02T14:29:05
2016-02-29,2226.216,2229.714,2148.145,2192.785,2785577000,0.0,sina_index,2026-09-02T14:29:05
2016-03-01,2196.628,2235.703,2181.412,2229.084,1992096000,0.0,sina_index,2026-09-02T14:29:05
2016-03-02,2233.557,2328.857,2232.796,2327.561,3533419600,0.0,sina_index,2026-09-02T14:29:05
2016-03-03,2326.915,2345.711,2316.94,2334.381,3282791100,0.0,sina_index,2026-09-02T14:29:05
2016-03-04,2324.713,2363.707,2307.935,2358.866,5813402700,0.0,sina_index,2026-09-02T14:29:05
2016-03-07,2368.922,2386.427,2354.24,2375.591,2577355100,0.0,sina_index,2026-09-02T14:29:05
2016-03-08,2377.623,2378.751,2302.833,2374.456,2630744700,0.0,sina_index,2026-09-02T14:29:05
2016-03-09,2327.081,2348.139,2302.466,2347.93,2646226400,0.0,sina_index,2026-09-02T14:29:05
2016-03-10,2333.263,2347.808,2300.512,2301.401,1492930500,0.0,sina_index,2026-09-02T14:29:05
2016-03-11,2283.67,2305.379,2275.165,2303.114,1666254900,0.0,sina_index,2026-09-02T14:29:05
2016-03-14,2315.669,2364.353,2314.191,2334.163,2229505900,0.0,sina_index,2026-09-02T14:29:05
2016-03-15,2330.472,2349.323,2305.961,2347.169,2349279000,0.0,sina_index,2026-09-02T14:29:05
2016-03-16,2338.954,2371.333,2338.881,2366.174,4086390900,0.0,sina_index,2026-09-02T14:29:05
2016-03-17,2368.488,2394.006,2347.826,2380.704,2402944800,0.0,sina_index,2026-09-02T14:29:05
2016-03-18,2386.198,2418.611,2381.036,2404.396,3876627100,0.0,sina_index,2026-09-02T14:29:05
2016-03-21,2416.321,2442.725,2410.016,2433.986,4191472000,0.0,sina_index,2026-09-02T14:29:05
2016-03-22,2423.68,2434.876,2414.086,2424.457,2356860100,0.0,sina_index,2026-09-02T14:29:05
2016-03-23,2418.594,2431.704,2405.901,2418.498,1696678700,0.0,sina_index,2026-09-02T14:29:05
2016-03-24,2404.75,2404.75,2378.633,2379.028,1824999300,0.0,sina_index,2026-09-02T14:29:05
2016-03-25,2378.941,2397.776,2378.376,2393.29,1191951000,0.0,sina_index,2026-09-02T14:29:05
2016-03-28,2398.706,2413.655,2373.056,2380.011,1651887600,0.0,sina_index,2026-09-02T14:29:05
2016-03-29,2381.147,2384.313,2346.328,2353.878,1575860200,0.0,sina_index,2026-09-02T14:29:05
2016-03-30,2368.535,2411.855,2368.535,2411.502,2495241400,0.0,sina_index,2026-09-02T14:29:05
2016-03-31,2419.923,2423.146,2403.014,2412.309,2159635100,0.0,sina_index,2026-09-02T14:29:05
2016-04-01,2407.695,2422.0,2377.214,2421.693,2350714800,0.0,sina_index,2026-09-02T14:29:05
2016-04-05,2414.911,2460.018,2413.276,2457.297,2680113600,0.0,sina_index,2026-09-02T14:29:05
2016-04-06,2452.205,2460.87,2439.339,2456.746,2102794500,0.0,sina_index,2026-09-02T14:29:05
2016-04-07,2458.963,2462.017,2420.946,2422.722,1884929800,0.0,sina_index,2026-09-02T14:29:05
2016-04-08,2409.413,2416.855,2395.324,2409.132,1641723000,0.0,sina_index,2026-09-02T14:29:05
2016-04-11,2422.797,2457.235,2422.797,2447.245,2112496400,0.0,sina_index,2026-09-02T14:29:05
2016-04-12,2445.931,2448.239,2425.506,2439.009,1537283500,0.0,sina_index,2026-09-02T14:29:05
2016-04-13,2451.376,2497.834,2451.376,2474.491,3217000400,0.0,sina_index,2026-09-02T14:29:05
2016-04-14,2483.721,2489.982,2464.811,2481.652,1546410500,0.0,sina_index,2026-09-02T14:29:05
2016-04-15,2484.915,2486.749,2468.627,2476.298,1658674200,0.0,sina_index,2026-09-02T14:29:05
2016-04-18,2464.94,2464.94,2440.365,2452.908,1670503200,0.0,sina_index,2026-09-02T14:29:05
2016-04-19,2462.002,2467.877,2444.609,2459.907,1205957300,0.0,sina_index,2026-09-02T14:29:05
2016-04-20,2468.549,2472.268,2366.227,2424.393,3067000100,0.0,sina_index,2026-09-02T14:29:05
2016-04-21,2411.265,2440.31,2405.596,2416.835,1739414100,0.0,sina_index,2026-09-02T14:29:05
2016-04-22,2401.031,2419.791,2396.112,2417.317,1274827400,0.0,sina_index,2026-09-02T14:29:05
2016-04-25,2406.065,2421.81,2388.738,2420.876,1178168300,0.0,sina_index,2026-09-02T14:29:05
2016-04-26,2417.313,2431.207,2406.24,2429.868,962672900,0.0,sina_index,2026-09-02T14:29:05
2016-04-27,2429.383,2432.316,2411.434,2414.666,1011223600,0.0,sina_index,2026-09-02T14:29:05
2016-04-28,2418.614,2424.189,2392.279,2414.871,1254000800,0.0,sina_index,2026-09-02T14:29:05
2016-04-29,2406.087,2419.641,2401.934,2407.018,1138091400,0.0,sina_index,2026-09-02T14:29:05
2016-05-03,2408.741,2442.333,2400.222,2438.467,1915720000,0.0,sina_index,2026-09-02T14:29:05
2016-05-04,2432.108,2437.782,2421.813,2429.501,1334485100,0.0,sina_index,2026-09-02T14:29:05
2016-05-05,2427.398,2432.283,2413.782,2427.21,1136162500,0.0,sina_index,2026-09-02T14:29:05
2016-05-06,2427.098,2430.067,2364.464,2364.809,1670047800,0.0,sina_index,2026-09-02T14:29:05
2016-05-09,2360.51,2360.51,2295.261,2301.465,1733631400,0.0,sina_index,2026-09-02T14:29:05
2016-05-10,2294.835,2310.386,2293.873,2299.364,1231956800,0.0,sina_index,2026-09-02T14:29:05
2016-05-11,2307.866,2323.018,2292.376,2313.093,1242951600,0.0,sina_index,2026-09-02T14:29:05
2016-05-12,2299.26,2321.554,2277.396,2319.454,1284745500,0.0,sina_index,2026-09-02T14:29:05
2016-05-13,2313.974,2329.135,2308.944,2321.022,1159648200,0.0,sina_index,2026-09-02T14:29:05
2016-05-16,2313.224,2332.52,2304.706,2332.389,977850700,0.0,sina_index,2026-09-02T14:29:05
2016-05-17,2332.178,2333.821,2316.73,2324.671,924210700,0.0,sina_index,2026-09-02T14:29:05
2016-05-18,2314.267,2314.498,2281.234,2303.4,1542097300,0.0,sina_index,2026-09-02T14:29:05
2016-05-19,2297.16,2318.103,2297.16,2302.786,871381900,0.0,sina_index,2026-09-02T14:29:05
2016-05-20,2293.242,2309.76,2289.347,2309.337,751288800,0.0,sina_index,2026-09-02T14:29:05
2016-05-23,2306.263,2319.399,2305.58,2313.864,857326500,0.0,sina_index,2026-09-02T14:29:05
2016-05-24,2312.295,2312.34,2291.419,2301.404,745246100,0.0,sina_index,2026-09-02T14:29:05
2016-05-25,2310.358,2315.915,2296.654,2302.553,725729500,0.0,sina_index,2026-09-02T14:29:05
2016-05-26,2303.523,2311.12,2283.021,2307.274,857164800,0.0,sina_index,2026-09-02T14:29:05
2016-05-27,2305.118,2321.895,2299.398,2315.153,729006000,0.0,sina_index,2026-09-02T14:29:05
2016-05-30,2313.897,2324.932,2300.36,2320.088,1061210200,0.0,sina_index,2026-09-02T14:29:05
2016-05-31,2321.664,2383.303,2321.664,2382.417,2346476600,0.0,sina_index,2026-09-02T14:29:05
2016-06-01,2380.238,2383.769,2373.325,2373.953,1375604600,0.0,sina_index,2026-09-02T14:29:05
2016-06-02,2371.773,2380.298,2364.018,2376.569,978728200,0.0,sina_index,2026-09-02T14:29:05
2016-06-03,2378.955,2385.901,2367.964,2383.258,1201056000,0.0,sina_index,2026-09-02T14:29:05
2016-06-06,2381.651,2386.869,2370.043,2378.428,1010898300,0.0,sina_index,2026-09-02T14:29:05
2016-06-07,2377.453,2378.784,2366.293,2372.586,901577100,0.0,sina_index,2026-09-02T14:29:05
2016-06-08,2362.914,2362.914,2343.073,2355.546,1088855900,0.0,sina_index,2026-09-02T14:29:05
2016-06-13,2338.151,2342.046,2295.969,2297.066,1342167600,0.0,sina_index,2026-09-02T14:29:05
2016-06-14,2293.926,2305.55,2292.872,2303.704,934012000,0.0,sina_index,2026-09-02T14:29:05
2016-06-15,2287.533,2334.738,2285.139,2329.43,1187132500,0.0,sina_index,2026-09-02T14:29:05
2016-06-16,2322.039,2328.817,2308.671,2313.899,1207210700,0.0,sina_index,2026-09-02T14:29:05
2016-06-17,2316.856,2336.508,2316.708,2328.791,1119371200,0.0,sina_index,2026-09-02T14:29:05
2016-06-20,2332.13,2334.909,2314.972,2330.338,836004300,0.0,sina_index,2026-09-02T14:29:05
2016-06-21,2335.821,2349.459,2324.832,2329.821,1099135300,0.0,sina_index,2026-09-02T14:29:05
2016-06-22,2326.631,2347.674,2324.954,2347.008,1046011600,0.0,sina_index,2026-09-02T14:29:05
2016-06-23,2339.669,2340.872,2324.584,2330.951,1025887400,0.0,sina_index,2026-09-02T14:29:05
2016-06-24,2322.328,2333.24,2270.42,2294.534,1501703200,0.0,sina_index,2026-09-02T14:29:05
2016-06-27,2285.404,2318.282,2284.814,2318.282,1030395400,0.0,sina_index,2026-09-02T14:29:05
2016-06-28,2309.978,2324.919,2302.228,2324.21,1034509900,0.0,sina_index,2026-09-02T14:29:05
2016-06-29,2330.008,2337.733,2326.075,2335.674,1415266300,0.0,sina_index,2026-09-02T14:29:05
2016-06-30,2333.787,2337.424,2328.548,2333.413,1215393800,0.0,sina_index,2026-09-02T14:29:05
2016-07-01,2336.34,2347.334,2335.694,2340.356,965951300,0.0,sina_index,2026-09-02T14:29:05
2016-07-04,2337.191,2383.943,2334.871,2382.215,1675613600,0.0,sina_index,2026-09-02T14:29:05
2016-07-05,2385.69,2393.442,2379.883,2390.654,1581182500,0.0,sina_index,2026-09-02T14:29:05
2016-07-06,2384.003,2390.114,2371.644,2388.348,1501396200,0.0,sina_index,2026-09-02T14:29:05
2016-07-07,2380.617,2384.511,2367.205,2380.98,1425848200,0.0,sina_index,2026-09-02T14:29:05
2016-07-08,2362.901,2363.158,2349.593,2353.915,1082966700,0.0,sina_index,2026-09-02T14:29:05
2016-07-11,2359.598,2377.445,2355.159,2362.293,1392446300,0.0,sina_index,2026-09-02T14:29:05
2016-07-12,2361.992,2422.257,2361.605,2422.238,2312970600,0.0,sina_index,2026-09-02T14:29:05
2016-07-13,2416.112,2437.246,2415.5,2426.899,2353590900,0.0,sina_index,2026-09-02T14:29:05
2016-07-14,2424.36,2424.4,2406.059,2414.558,1278924600,0.0,sina_index,2026-09-02T14:29:05
2016-07-15,2416.853,2427.567,2414.56,2420.869,1308256800,0.0,sina_index,2026-09-02T14:29:05
2016-07-18,2418.268,2436.948,2413.243,2429.316,1609470600,0.0,sina_index,2026-09-02T14:29:05
2016-07-19,2424.91,2427.22,2401.748,2418.122,1301364400,0.0,sina_index,2026-09-02T14:29:05
2016-07-20,2416.716,2420.967,2407.355,2410.581,901932600,0.0,sina_index,2026-09-02T14:29:05
2016-07-21,2409.83,2437.303,2409.83,2427.723,1149059800,0.0,sina_index,2026-09-02T14:29:05
2016-07-22,2427.086,2428.811,2404.485,2408.113,1135086700,0.0,sina_index,2026-09-02T14:29:05
2016-07-25,2406.035,2427.107,2406.0,2418.192,968001700,0.0,sina_index,2026-09-02T14:29:05
2016-07-26,2414.452,2446.879,2412.557,2446.362,1129459600,0.0,sina_index,2026-09-02T14:29:05
2016-07-27,2444.312,2457.594,2382.592,2424.794,2405368900,0.0,sina_index,2026-09-02T14:29:05
2016-07-28,2413.467,2452.025,2410.252,2448.45,1866781600,0.0,sina_index,2026-09-02T14:29:05
2016-07-29,2446.142,2462.191,2438.475,2443.332,1403702500,0.0,sina_index,2026-09-02T14:29:05
2016-08-01,2438.49,2440.496,2414.743,2429.435,1530537800,0.0,sina_index,2026-09-02T14:29:05
2016-08-02,2424.681,2437.732,2418.45,2437.459,999566600,0.0,sina_index,2026-09-02T14:29:05
2016-08-03,2429.077,2442.981,2421.989,2438.107,1123411300,0.0,sina_index,2026-09-02T14:29:05
2016-08-04,2438.037,2439.383,2422.111,2437.655,1160505900,0.0,sina_index,2026-09-02T14:29:05
2016-08-05,2435.923,2449.327,2429.726,2437.693,1264784700,0.0,sina_index,2026-09-02T14:29:05
2016-08-08,2435.843,2463.237,2427.767,2462.85,1252711900,0.0,sina_index,2026-09-02T14:29:05
2016-08-09,2459.944,2482.539,2459.041,2481.314,1761618700,0.0,sina_index,2026-09-02T14:29:05
2016-08-10,2481.649,2493.066,2472.564,2473.737,1330900300,0.0,sina_index,2026-09-02T14:29:05
2016-08-11,2470.66,2493.279,2466.667,2467.548,2022238500,0.0,sina_index,2026-09-02T14:29:05
2016-08-12,2469.861,2522.754,2469.295,2522.053,2833950500,0.0,sina_index,2026-09-02T14:29:05
2016-08-15,2528.4,2592.629,2528.4,2578.897,4122481400,0.0,sina_index,2026-09-02T14:29:05
2016-08-16,2582.758,2590.285,2544.678,2552.787,4523589400,0.0,sina_index,2026-09-02T14:29:05
2016-08-17,2550.483,2563.078,2544.743,2559.148,1996540300,0.0,sina_index,2026-09-02T14:29:05
2016-08-18,2554.768,2573.493,2541.661,2550.887,2262962400,0.0,sina_index,2026-09-02T14:29:05
2016-08-19,2546.967,2559.6,2535.612,2557.769,1633200700,0.0,sina_index,2026-09-02T14:29:05
2016-08-22,2555.237,2559.003,2538.393,2543.886,1668535500,0.0,sina_index,2026-09-02T14:29:05
2016-08-23,2538.276,2553.525,2529.913,2541.047,1679939700,0.0,sina_index,2026-09-02T14:29:05
2016-08-24,2541.779,2544.91,2529.323,2536.616,1235391700,0.0,sina_index,2026-09-02T14:29:05
2016-08-25,2530.109,2530.371,2499.918,2523.088,1622271700,0.0,sina_index,2026-09-02T14:29:05
2016-08-26,2522.579,2531.921,2514.751,2520.054,1152532800,0.0,sina_index,2026-09-02T14:29:05
2016-08-29,2516.243,2523.624,2506.275,2519.204,1397642400,0.0,sina_index,2026-09-02T14:29:05
2016-08-30,2519.209,2532.189,2518.224,2524.434,1295289000,0.0,sina_index,2026-09-02T14:29:05
2016-08-31,2523.054,2538.05,2517.453,2534.7,1243343400,0.0,sina_index,2026-09-02T14:29:05
2016-09-01,2533.237,2536.341,2515.726,2517.011,1262177400,0.0,sina_index,2026-09-02T14:29:05
2016-09-02,2514.715,2525.139,2507.787,2524.003,1396448500,0.0,sina_index,2026-09-02T14:29:05
2016-09-05,2524.925,2539.071,2523.172,2531.288,1280687700,0.0,sina_index,2026-09-02T14:29:05
2016-09-06,2531.477,2548.587,2522.137,2540.651,1544704100,0.0,sina_index,2026-09-02T14:29:05
2016-09-07,2540.544,2557.292,2538.816,2544.73,1504757600,0.0,sina_index,2026-09-02T14:29:05
2016-09-08,2542.473,2552.408,2538.695,2551.345,1057524400,0.0,sina_index,2026-09-02T14:29:05
2016-09-09,2550.746,2556.686,2530.556,2531.073,1088085900,0.0,sina_index,2026-09-02T14:29:05
2016-09-12,2505.235,2507.818,2468.347,2493.852,2415958300,0.0,sina_index,2026-09-02T14:29:05
2016-09-13,2492.619,2496.737,2477.415,2490.106,1182999300,0.0,sina_index,2026-09-02T14:29:05
2016-09-14,2478.164,2482.353,2461.502,2465.814,1298199800,0.0,sina_index,2026-09-02T14:29:05
2016-09-19,2468.205,2489.938,2468.205,2489.462,1072568200,0.0,sina_index,2026-09-02T14:29:05
2016-09-20,2488.58,2495.104,2485.226,2494.185,886072700,0.0,sina_index,2026-09-02T14:29:05
2016-09-21,2490.931,2500.147,2488.75,2494.01,945750500,0.0,sina_index,2026-09-02T14:29:05
2016-09-22,2502.468,2520.273,2500.069,2511.099,1232539500,0.0,sina_index,2026-09-02T14:29:05
2016-09-23,2515.196,2517.197,2499.477,2500.139,907231400,0.0,sina_index,2026-09-02T14:29:05
2016-09-26,2496.648,2497.123,2463.819,2465.023,1258419900,0.0,sina_index,2026-09-02T14:29:05
2016-09-27,2461.411,2476.218,2455.543,2476.092,1022281200,0.0,sina_index,2026-09-02T14:29:05
2016-09-28,2480.547,2480.547,2467.588,2471.966,842456500,0.0,sina_index,2026-09-02T14:29:05
2016-09-29,2474.091,2487.069,2473.898,2479.172,934915000,0.0,sina_index,2026-09-02T14:29:05
2016-09-30,2474.58,2482.019,2473.937,2477.578,704251400,0.0,sina_index,2026-09-02T14:29:05
2016-10-10,2492.622,2516.531,2486.575,2516.483,1486931600,0.0,sina_index,2026-09-02T14:29:05
2016-10-11,2518.98,2525.224,2514.659,2524.266,1449201200,0.0,sina_index,2026-09-02T14:29:05
2016-10-12,2517.753,2517.811,2505.286,2515.003,1034843000,0.0,sina_index,2026-09-02T14:29:05
2016-10-13,2514.356,2525.338,2512.082,2524.89,1225308700,0.0,sina_index,2026-09-02T14:29:05
2016-10-14,2521.378,2525.739,2510.53,2525.272,1342116000,0.0,sina_index,2026-09-02T14:29:05
2016-10-17,2527.205,2530.488,2502.631,2508.362,1366481100,0.0,sina_index,2026-09-02T14:29:05
2016-10-18,2506.772,2544.444,2506.016,2543.689,1637575500,0.0,sina_index,2026-09-02T14:29:05
2016-10-19,2545.641,2555.243,2537.11,2543.255,1479974800,0.0,sina_index,2026-09-02T14:29:05
2016-10-20,2543.189,2547.004,2535.113,2544.134,1241371500,0.0,sina_index,2026-09-02T14:29:05
2016-10-21,2542.946,2563.007,2539.66,2559.469,1824306900,0.0,sina_index,2026-09-02T14:29:05
2016-10-24,2560.069,2600.934,2559.764,2590.813,2883373900,0.0,sina_index,2026-09-02T14:29:05
2016-10-25,2591.334,2597.744,2582.796,2593.003,2008315200,0.0,sina_index,2026-09-02T14:29:05
2016-10-26,2589.123,2589.123,2567.81,2571.37,1634690900,0.0,sina_index,2026-09-02T14:29:05
2016-10-27,2570.263,2573.092,2559.032,2570.046,1519928100,0.0,sina_index,2026-09-02T14:29:05
2016-10-28,2567.207,2580.085,2558.339,2560.318,1628540800,0.0,sina_index,2026-09-02T14:29:05
2016-10-31,2557.666,2560.968,2546.585,2557.675,1276010700,0.0,sina_index,2026-09-02T14:29:05
2016-11-01,2558.723,2571.337,2553.823,2571.074,1477589300,0.0,sina_index,2026-09-02T14:29:05
2016-11-02,2565.767,2566.701,2545.997,2548.235,1384966300,0.0,sina_index,2026-09-02T14:29:05
2016-11-03,2544.152,2575.193,2542.851,2568.369,1986141100,0.0,sina_index,2026-09-02T14:29:05
2016-11-04,2570.082,2579.786,2560.607,2563.903,2293457200,0.0,sina_index,2026-09-02T14:29:05
2016-11-07,2563.102,2583.575,2560.326,2577.201,1905281800,0.0,sina_index,2026-09-02T14:29:05
2016-11-08,2582.523,2597.459,2579.843,2586.732,2375126900,0.0,sina_index,2026-09-02T14:29:05
2016-11-09,2585.884,2588.317,2543.664,2570.046,2538531600,0.0,sina_index,2026-09-02T14:29:05
2016-11-10,2583.67,2606.471,2583.67,2604.578,2068495200,0.0,sina_index,2026-09-02T14:29:05
2016-11-11,2600.77,2624.119,2599.95,2618.805,2809656100,0.0,sina_index,2026-09-02T14:29:05
2016-11-14,2612.057,2635.663,2610.788,2625.334,3089139700,0.0,sina_index,2026-09-02T14:29:05
2016-11-15,2624.059,2625.765,2609.021,2618.717,1856284300,0.0,sina_index,2026-09-02T14:29:05
2016-11-16,2618.269,2620.752,2610.636,2618.347,1545476100,0.0,sina_index,2026-09-02T14:29:05
2016-11-17,2615.692,2627.089,2606.053,2626.484,1650456700,0.0,sina_index,2026-09-02T14:29:05
2016-11-18,2629.839,2634.078,2613.646,2616.784,1765209100,0.0,sina_index,2026-09-02T14:29:05
2016-11-21,2612.755,2655.718,2612.755,2640.01,4118852400,0.0,sina_index,2026-09-02T14:29:05
2016-11-22,2640.052,2666.803,2639.43,2665.681,4827662000,0.0,sina_index,2026-09-02T14:29:05
2016-11-23,2664.923,2688.487,2660.108,2667.89,4221895700,0.0,sina_index,2026-09-02T14:29:05
2016-11-24,2666.282,2690.717,2663.788,2678.506,2631233700,0.0,sina_index,2026-09-02T14:29:05
2016-11-25,2680.467,2707.008,2667.797,2705.718,3282832700,0.0,sina_index,2026-09-02T14:29:05
2016-11-28,2714.184,2737.955,2714.184,2721.221,5432225400,0.0,sina_index,2026-09-02T14:29:05
2016-11-29,2716.141,2761.598,2712.513,2739.054,5278155700,0.0,sina_index,2026-09-02T14:29:05
2016-11-30,2730.964,2735.322,2691.616,2701.095,3496257500,0.0,sina_index,2026-09-02T14:29:05
2016-12-01,2705.151,2733.633,2704.271,2728.07,3759002400,0.0,sina_index,2026-09-02T14:29:05
2016-12-02,2728.229,2741.607,2696.297,2705.957,4655559400,0.0,sina_index,2026-09-02T14:29:05
2016-12-05,2675.369,2687.994,2664.967,2676.004,4251490000,0.0,sina_index,2026-09-02T14:29:05
2016-12-06,2674.758,2681.866,2664.123,2666.38,2632852000,0.0,sina_index,2026-09-02T14:29:05
2016-12-07,2666.165,2681.558,2656.269,2681.236,2080379000,0.0,sina_index,2026-09-02T14:29:05
2016-12-08,2686.332,2691.929,2677.929,2682.196,2272140400,0.0,sina_index,2026-09-02T14:29:05
2016-12-09,2678.222,2717.926,2677.011,2706.112,5009983800,0.0,sina_index,2026-09-02T14:29:05
2016-12-12,2706.272,2716.891,2649.227,2667.957,5397336400,0.0,sina_index,2026-09-02T14:29:05
2016-12-13,2654.851,2658.768,2630.901,2650.12,2949078900,0.0,sina_index,2026-09-02T14:29:05
2016-12-14,2646.872,2661.729,2633.815,2635.361,3391730000,0.0,sina_index,2026-09-02T14:29:05
2016-12-15,2624.064,2627.579,2579.024,2587.168,3272091100,0.0,sina_index,2026-09-02T14:29:05
2016-12-16,2583.779,2596.417,2579.07,2587.848,2413344400,0.0,sina_index,2026-09-02T14:29:05
2016-12-19,2587.496,2596.707,2578.23,2582.358,1825295600,0.0,sina_index,2026-09-02T14:29:05
2016-12-20,2581.39,2583.23,2548.814,2566.323,2240419200,0.0,sina_index,2026-09-02T14:29:05
2016-12-21,2567.505,2596.628,2567.505,2592.65,2461596600,0.0,sina_index,2026-09-02T14:29:05
2016-12-22,2589.92,2598.774,2584.859,2596.108,1939188600,0.0,sina_index,2026-09-02T14:29:05
2016-12-23,2593.925,2594.488,2563.522,2573.944,2134061200,0.0,sina_index,2026-09-02T14:29:05
2016-12-26,2564.091,2580.359,2541.003,2579.482,2100488400,0.0,sina_index,2026-09-02T14:29:05
2016-12-27,2577.22,2582.599,2572.083,2572.86,1611179200,0.0,sina_index,2026-09-02T14:29:05
2016-12-28,2574.095,2576.125,2559.151,2565.435,1620372700,0.0,sina_index,2026-09-02T14:29:05
2016-12-29,2562.073,2571.607,2556.824,2562.56,1775153500,0.0,sina_index,2026-09-02T14:29:05
2016-12-30,2565.123,2574.133,2560.59,2574.133,1916592700,0.0,sina_index,2026-09-02T14:29:05
2017-01-03,2575.626,2598.132,2575.468,2596.393,1983267600,0.0,sina_index,2026-09-02T14:29:05
2017-01-04,2594.876,2618.116,2592.233,2615.448,2046740800,0.0,sina_index,2026-09-02T14:29:05
2017-01-05,2616.896,2620.568,2609.64,2618.803,1895063600,0.0,sina_index,2026-09-02T14:29:05
2017-01-06,2618.52,2626.829,2609.107,2613.278,2076936200,0.0,sina_index,2026-09-02T14:29:05
2017-01-09,2610.588,2627.064,2610.016,2625.68,1811101500,0.0,sina_index,2026-09-02T14:29:05
2017-01-10,2623.58,2625.407,2613.098,2615.595,1514285100,0.0,sina_index,2026-09-02T14:29:05
2017-01-11,2612.664,2618.497,2596.02,2597.646,1838067900,0.0,sina_index,2026-09-02T14:29:05
2017-01-12,2595.912,2604.297,2584.871,2587.234,1490592500,0.0,sina_index,2026-09-02T14:29:05
2017-01-13,2585.288,2603.781,2581.123,2602.653,2142606500,0.0,sina_index,2026-09-02T14:29:05
2017-01-16,2597.312,2635.275,2577.588,2629.656,4880679500,0.0,sina_index,2026-09-02T14:29:05
2017-01-17,2617.126,2626.585,2610.921,2625.749,1555206400,0.0,sina_index,2026-09-02T14:29:05
2017-01-18,2624.548,2643.499,2623.59,2638.529,1772997000,0.0,sina_index,2026-09-02T14:29:05
2017-01-19,2633.216,2648.343,2626.298,2632.307,1736337500,0.0,sina_index,2026-09-02T14:29:05
2017-01-20,2630.018,2650.969,2629.821,2648.732,1392585300,0.0,sina_index,2026-09-02T14:29:05
2017-01-23,2649.447,2660.509,2642.25,2647.873,1657828900,0.0,sina_index,2026-09-02T14:29:05
2017-01-24,2646.779,2666.46,2645.482,2661.938,1779837200,0.0,sina_index,2026-09-02T14:29:05
2017-01-25,2659.848,2669.014,2654.676,2668.248,1367166800,0.0,sina_index,2026-09-02T14:29:05
2017-01-26,2668.924,2679.792,2666.676,2670.177,1512966400,0.0,sina_index,2026-09-02T14:29:05
2017-02-03,2670.467,2672.02,2647.02,2649.09,1035209900,0.0,sina_index,2026-09-02T14:29:05
2017-02-06,2653.149,2663.04,2646.296,2656.272,1576381000,0.0,sina_index,2026-09-02T14:29:05
2017-02-07,2654.19,2661.911,2648.776,2657.905,1387776900,0.0,sina_index,2026-09-02T14:29:05
2017-02-08,2654.289,2664.723,2641.801,2664.125,1437285400,0.0,sina_index,2026-09-02T14:29:05
2017-02-09,2664.113,2681.761,2662.389,2674.005,2101850300,0.0,sina_index,2026-09-02T14:29:05
2017-02-10,2674.751,2694.178,2673.935,2691.678,2772966200,0.0,sina_index,2026-09-02T14:29:05
2017-02-13,2692.699,2702.769,2691.683,2699.798,2525171300,0.0,sina_index,2026-09-02T14:29:05
2017-02-14,2699.259,2701.966,2686.318,2693.604,1692077300,0.0,sina_index,2026-09-02T14:29:05
2017-02-15,2694.378,2722.294,2692.293,2703.578,3822563200,0.0,sina_index,2026-09-02T14:29:05
2017-02-16,2703.688,2713.664,2700.065,2713.381,2430063300,0.0,sina_index,2026-09-02T14:29:05
2017-02-17,2711.768,2713.539,2690.565,2692.268,2060320700,0.0,sina_index,2026-09-02T14:29:05
2017-02-20,2691.598,2733.261,2691.598,2732.249,3743705200,0.0,sina_index,2026-09-02T14:29:05
2017-02-21,2734.309,2748.432,2731.321,2734.978,2545240000,0.0,sina_index,2026-09-02T14:29:05
2017-02-22,2734.305,2748.59,2730.661,2748.241,2159254600,0.0,sina_index,2026-09-02T14:29:05
2017-02-23,2746.709,2752.126,2727.628,2738.521,1904031200,0.0,sina_index,2026-09-02T14:29:05
2017-02-24,2733.593,2734.338,2719.458,2733.499,1697060300,0.0,sina_index,2026-09-02T14:29:05
2017-02-27,2732.052,2734.183,2712.066,2716.402,2226973400,0.0,sina_index,2026-09-02T14:29:05
2017-02-28,2715.12,2727.47,2714.709,2725.081,1467874900,0.0,sina_index,2026-09-02T14:29:05
2017-03-01,2724.408,2738.303,2722.154,2725.289,2142657700,0.0,sina_index,2026-09-02T14:29:05
2017-03-02,2727.735,2732.922,2711.707,2712.445,1781345600,0.0,sina_index,2026-09-02T14:29:05
2017-03-03,2705.996,2711.855,2697.377,2711.237,1585932900,0.0,sina_index,2026-09-02T14:29:05
2017-03-06,2709.292,2720.304,2707.936,2714.348,2048888100,0.0,sina_index,2026-09-02T14:29:05
2017-03-07,2711.455,2715.758,2704.604,2715.221,1445789800,0.0,sina_index,2026-09-02T14:29:05
2017-03-08,2711.626,2714.848,2704.704,2710.963,1594757200,0.0,sina_index,2026-09-02T14:29:05
2017-03-09,2704.848,2704.887,2682.423,2690.432,2013224400,0.0,sina_index,2026-09-02T14:29:05
2017-03-10,2687.126,2693.341,2684.005,2688.969,1349699700,0.0,sina_index,2026-09-02T14:29:05
2017-03-13,2687.036,2716.845,2678.031,2716.845,1885925200,0.0,sina_index,2026-09-02T14:29:05
2017-03-14,2714.215,2723.725,2711.856,2718.648,1580237500,0.0,sina_index,2026-09-02T14:29:05
2017-03-15,2715.999,2727.273,2715.027,2726.433,1795294800,0.0,sina_index,2026-09-02T14:29:05
2017-03-16,2728.918,2742.443,2728.918,2734.025,2300972500,0.0,sina_index,2026-09-02T14:29:05
2017-03-17,2735.166,2736.445,2696.586,2702.544,2324899800,0.0,sina_index,2026-09-02T14:29:05
2017-03-20,2711.422,2719.275,2701.493,2717.528,2100569200,0.0,sina_index,2026-09-02T14:29:05
2017-03-21,2720.416,2734.238,2715.957,2733.941,2304791000,0.0,sina_index,2026-09-02T14:29:05
2017-03-22,2720.484,2726.945,2704.943,2713.166,2570564900,0.0,sina_index,2026-09-02T14:29:05
2017-03-23,2714.391,2729.212,2701.611,2716.772,2107341900,0.0,sina_index,2026-09-02T14:29:05
2017-03-24,2716.523,2748.729,2713.842,2743.028,3055168600,0.0,sina_index,2026-09-02T14:29:05
2017-03-27,2746.575,2763.029,2739.702,2743.319,3062673800,0.0,sina_index,2026-09-02T14:29:05
2017-03-28,2743.121,2745.281,2725.988,2733.298,1859451100,0.0,sina_index,2026-09-02T14:29:05
2017-03-29,2735.391,2743.836,2720.873,2731.071,2265529200,0.0,sina_index,2026-09-02T14:29:05
2017-03-30,2731.055,2735.867,2704.41,2724.695,2810063900,0.0,sina_index,2026-09-02T14:29:05
2017-03-31,2724.152,2750.353,2723.153,2749.111,2693688000,0.0,sina_index,2026-09-02T14:29:05
2017-04-05,2764.068,2779.772,2755.343,2779.598,3610536800,0.0,sina_index,2026-09-02T14:29:05
2017-04-06,2779.383,2783.833,2769.307,2781.819,3233806900,0.0,sina_index,2026-09-02T14:29:05
2017-04-07,2778.518,2789.106,2768.914,2784.515,2847850500,0.0,sina_index,2026-09-02T14:29:05
2017-04-10,2785.294,2792.233,2778.347,2785.19,2701294800,0.0,sina_index,2026-09-02T14:29:05
2017-04-11,2781.267,2790.807,2750.743,2787.166,3113121600,0.0,sina_index,2026-09-02T14:29:05
2017-04-12,2780.112,2787.974,2767.553,2779.004,3134328300,0.0,sina_index,2026-09-02T14:29:05
2017-04-13,2772.686,2784.438,2768.252,2780.93,2538244000,0.0,sina_index,2026-09-02T14:29:05
2017-04-14,2783.704,2787.711,2752.012,2759.948,2665361200,0.0,sina_index,2026-09-02T14:29:05
2017-04-17,2751.356,2751.702,2727.984,2750.305,2538440400,0.0,sina_index,2026-09-02T14:29:05
2017-04-18,2747.099,2756.292,2731.9,2732.044,2264789500,0.0,sina_index,2026-09-02T14:29:05
2017-04-19,2722.544,2724.762,2695.482,2714.506,2482457400,0.0,sina_index,2026-09-02T14:29:05
2017-04-20,2712.106,2727.684,2707.794,2723.63,2421583700,0.0,sina_index,2026-09-02T14:29:05
2017-04-21,2721.412,2742.011,2719.605,2739.655,2538439400,0.0,sina_index,2026-09-02T14:29:05
2017-04-24,2733.558,2733.558,2696.295,2719.878,2689283700,0.0,sina_index,2026-09-02T14:29:05
2017-04-25,2715.127,2729.613,2709.379,2722.287,1860259800,0.0,sina_index,2026-09-02T14:29:05
2017-04-26,2721.292,2735.925,2718.881,2726.522,2219074500,0.0,sina_index,2026-09-02T14:29:05
2017-04-27,2717.332,2728.669,2697.375,2726.45,2455544900,0.0,sina_index,2026-09-02T14:29:05
2017-04-28,2721.076,2721.076,2700.896,2713.989,1989801000,0.0,sina_index,2026-09-02T14:29:05
2017-05-02,2706.507,2711.991,2691.592,2695.609,1672634000,0.0,sina_index,2026-09-02T14:29:05
2017-05-03,2693.366,2700.093,2676.312,2683.616,1762662500,0.0,sina_index,2026-09-02T14:29:05
2017-05-04,2680.141,2689.68,2668.426,2678.466,1770056600,0.0,sina_index,2026-09-02T14:29:05
2017-05-05,2667.132,2673.235,2648.485,2673.235,2450944000,0.0,sina_index,2026-09-02T14:29:05
2017-05-08,2660.288,2675.7,2646.82,2674.825,2828295600,0.0,sina_index,2026-09-02T14:29:05
2017-05-09,2663.011,2679.36,2656.799,2670.667,1703084600,0.0,sina_index,2026-09-02T14:29:05
2017-05-10,2669.161,2674.294,2650.2,2653.259,1902975200,0.0,sina_index,2026-09-02T14:29:05
2017-05-11,2644.878,2672.751,2640.58,2671.665,2504230800,0.0,sina_index,2026-09-02T14:29:05
2017-05-12,2667.217,2701.174,2665.19,2697.55,2622717800,0.0,sina_index,2026-09-02T14:29:05
2017-05-15,2697.717,2712.398,2697.717,2711.201,2088341900,0.0,sina_index,2026-09-02T14:29:05
2017-05-16,2707.414,2725.432,2687.083,2725.089,2159539600,0.0,sina_index,2026-09-02T14:29:05
2017-05-17,2721.53,2728.251,2707.98,2711.828,1870502000,0.0,sina_index,2026-09-02T14:29:05
2017-05-18,2693.331,2703.63,2689.254,2699.863,1604255000,0.0,sina_index,2026-09-02T14:29:05
2017-05-19,2693.793,2702.147,2692.245,2700.67,1458960800,0.0,sina_index,2026-09-02T14:29:05
2017-05-22,2695.821,2709.75,2683.761,2705.125,2227016500,0.0,sina_index,2026-09-02T14:29:05
2017-05-23,2699.677,2724.804,2696.762,2724.168,3215573000,0.0,sina_index,2026-09-02T14:29:05
2017-05-24,2715.308,2724.542,2697.342,2724.018,2179330000,0.0,sina_index,2026-09-02T14:29:05
2017-05-25,2717.444,2775.859,2716.045,2763.494,4626787100,0.0,sina_index,2026-09-02T14:29:05
2017-05-26,2759.174,2776.436,2759.069,2772.815,2962134700,0.0,sina_index,2026-09-02T14:29:05
2017-05-31,2782.304,2790.767,2761.357,2782.786,2925805300,0.0,sina_index,2026-09-02T14:29:05
2017-06-01,2775.037,2795.443,2770.568,2794.776,2707562000,0.0,sina_index,2026-09-02T14:29:05
2017-06-02,2790.393,2802.06,2786.361,2792.804,2373456300,0.0,sina_index,2026-09-02T14:29:05
2017-06-05,2787.009,2790.187,2757.677,2762.994,2956602200,0.0,sina_index,2026-09-02T14:29:05
2017-06-06,2757.103,2771.976,2750.946,2771.843,1705401600,0.0,sina_index,2026-09-02T14:29:05
2017-06-07,2771.139,2796.294,2768.427,2795.731,2494729000,0.0,sina_index,2026-09-02T14:29:05
2017-06-08,2795.19,2825.02,2792.786,2822.768,2134193600,0.0,sina_index,2026-09-02T14:29:05
2017-06-09,2820.537,2843.008,2820.026,2829.822,3054253600,0.0,sina_index,2026-09-02T14:29:05
2017-06-12,2825.114,2855.859,2821.57,2832.673,2313321600,0.0,sina_index,2026-09-02T14:29:05
2017-06-13,2831.745,2841.285,2822.01,2840.645,1641844700,0.0,sina_index,2026-09-02T14:29:05
2017-06-14,2826.298,2826.298,2789.628,2797.553,2054136600,0.0,sina_index,2026-09-02T14:29:05
2017-06-15,2790.09,2795.666,2767.668,2778.168,1808287300,0.0,sina_index,2026-09-02T14:29:05
2017-06-16,2767.772,2774.66,2750.655,2756.156,1469810100,0.0,sina_index,2026-09-02T14:29:05
2017-06-19,2755.817,2779.174,2752.959,2772.126,1753889700,0.0,sina_index,2026-09-02T14:29:05
2017-06-20,2775.537,2781.692,2759.225,2764.718,1552888200,0.0,sina_index,2026-09-02T14:29:05
2017-06-21,2774.78,2793.488,2757.55,2792.82,1757926700,0.0,sina_index,2026-09-02T14:29:05
2017-06-22,2792.404,2829.916,2791.333,2803.78,3913803800,0.0,sina_index,2026-09-02T14:29:05
2017-06-23,2798.033,2824.561,2785.314,2823.909,2543388600,0.0,sina_index,2026-09-02T14:29:05
2017-06-26,2825.056,2854.937,2825.056,2843.558,3584025800,0.0,sina_index,2026-09-02T14:29:05
2017-06-27,2842.422,2853.38,2829.259,2849.975,2413601400,0.0,sina_index,2026-09-02T14:29:05
2017-06-28,2843.674,2859.193,2835.966,2837.265,2691420100,0.0,sina_index,2026-09-02T14:29:05
2017-06-29,2837.142,2852.886,2833.74,2851.403,1898208800,0.0,sina_index,2026-09-02T14:29:05
2017-06-30,2836.329,2850.678,2829.974,2850.678,1764406400,0.0,sina_index,2026-09-02T14:29:05
2017-07-03,2850.681,2851.818,2831.13,2847.379,1876641100,0.0,sina_index,2026-09-02T14:29:05
2017-07-04,2844.573,2845.087,2819.182,2831.58,2239970700,0.0,sina_index,2026-09-02T14:29:05
2017-07-05,2825.768,2851.352,2820.296,2848.565,1880847300,0.0,sina_index,2026-09-02T14:29:05
2017-07-06,2847.709,2860.999,2839.418,2857.816,2068746000,0.0,sina_index,2026-09-02T14:29:05
2017-07-07,2852.005,2865.819,2846.303,2862.896,2003698300,0.0,sina_index,2026-09-02T14:29:05
2017-07-10,2847.74,2859.063,2841.254,2848.321,2137631700,0.0,sina_index,2026-09-02T14:29:05
2017-07-11,2839.728,2876.434,2839.728,2858.734,2986559000,0.0,sina_index,2026-09-02T14:29:05
2017-07-12,2858.279,2872.11,2837.583,2850.154,3431713500,0.0,sina_index,2026-09-02T14:29:05
2017-07-13,2847.931,2866.962,2846.182,2864.209,3537927500,0.0,sina_index,2026-09-02T14:29:05
2017-07-14,2860.164,2882.71,2856.945,2882.425,2935108200,0.0,sina_index,2026-09-02T14:29:05
2017-07-17,2885.867,2902.561,2838.637,2875.59,5341492100,0.0,sina_index,2026-09-02T14:29:05
2017-07-18,2862.011,2876.228,2841.045,2867.136,3370758800,0.0,sina_index,2026-09-02T14:29:05
2017-07-19,2860.601,2898.204,2859.454,2896.058,3846718800,0.0,sina_index,2026-09-02T14:29:05
2017-07-20,2894.446,2917.338,2891.756,2916.704,2929432400,0.0,sina_index,2026-09-02T14:29:05
2017-07-21,2909.134,2922.116,2904.452,2914.439,2572394300,0.0,sina_index,2026-09-02T14:29:05
2017-07-24,2910.063,2935.655,2906.462,2921.668,3152599300,0.0,sina_index,2026-09-02T14:29:05
2017-07-25,2920.732,2930.404,2907.44,2914.534,3169382800,0.0,sina_index,2026-09-02T14:29:05
2017-07-26,2913.187,2932.609,2881.675,2900.81,3138636500,0.0,sina_index,2026-09-02T14:29:05
2017-07-27,2895.09,2901.048,2877.759,2901.048,2495153200,0.0,sina_index,2026-09-02T14:29:05
2017-07-28,2892.529,2903.739,2884.18,2901.499,1864191400,0.0,sina_index,2026-09-02T14:29:05
2017-07-31,2897.733,2906.609,2891.18,2900.28,2375328900,0.0,sina_index,2026-09-02T14:29:05
2017-08-01,2903.725,2920.83,2902.405,2919.937,2568465400,0.0,sina_index,2026-09-02T14:29:05
2017-08-02,2918.886,2935.295,2910.231,2911.925,3216452800,0.0,sina_index,2026-09-02T14:29:05
2017-08-03,2907.354,2919.985,2878.852,2887.226,2754265200,0.0,sina_index,2026-09-02T14:29:05
2017-08-04,2885.13,2896.607,2877.714,2879.025,2456108000,0.0,sina_index,2026-09-02T14:29:05
2017-08-07,2873.815,2890.701,2858.614,2886.462,2382561500,0.0,sina_index,2026-09-02T14:29:05
2017-08-08,2883.864,2886.424,2868.613,2876.867,2176521100,0.0,sina_index,2026-09-02T14:29:05
2017-08-09,2873.726,2878.05,2863.384,2869.245,2185013800,0.0,sina_index,2026-09-02T14:29:05
2017-08-10,2866.486,2876.657,2838.645,2863.652,2223648800,0.0,sina_index,2026-09-02T14:29:05
2017-08-11,2840.141,2847.404,2810.201,2821.0,3225460000,0.0,sina_index,2026-09-02T14:29:05
2017-08-14,2817.49,2835.109,2816.415,2826.982,2200378100,0.0,sina_index,2026-09-02T14:29:05
2017-08-15,2829.27,2861.018,2829.178,2847.965,2566292400,0.0,sina_index,2026-09-02T14:29:05
2017-08-16,2845.877,2846.475,2829.382,2836.917,1693824700,0.0,sina_index,2026-09-02T14:29:05
2017-08-17,2838.472,2852.295,2838.189,2851.744,1628142200,0.0,sina_index,2026-09-02T14:29:05
2017-08-18,2839.446,2863.475,2834.629,2856.802,1553500000,0.0,sina_index,2026-09-02T14:29:05
2017-08-21,2857.57,2867.821,2853.132,2865.646,1624620200,0.0,sina_index,2026-09-02T14:29:05
2017-08-22,2867.25,2872.73,2859.155,2872.065,1635319700,0.0,sina_index,2026-09-02T14:29:05
2017-08-23,2869.925,2885.033,2868.363,2875.591,2102345800,0.0,sina_index,2026-09-02T14:29:05
2017-08-24,2878.618,2889.999,2869.089,2873.953,1972663900,0.0,sina_index,2026-09-02T14:29:05
2017-08-25,2872.923,2920.562,2872.758,2920.144,3743669600,0.0,sina_index,2026-09-02T14:29:05
2017-08-28,2923.88,2950.167,2917.272,2930.51,3903666200,0.0,sina_index,2026-09-02T14:29:05
2017-08-29,2929.736,2937.78,2921.776,2931.233,2187427500,0.0,sina_index,2026-09-02T14:29:05
2017-08-30,2933.026,2945.908,2915.241,2921.597,2788250300,0.0,sina_index,2026-09-02T14:29:05
2017-08-31,2921.698,2922.125,2889.465,2904.414,3089674200,0.0,sina_index,2026-09-02T14:29:05
2017-09-01,2914.907,2925.185,2902.207,2906.25,3381358500,0.0,sina_index,2026-09-02T14:29:05
2017-09-04,2912.286,2915.111,2899.399,2913.562,3563961100,0.0,sina_index,2026-09-02T14:29:05
2017-09-05,2911.478,2924.207,2907.345,2918.939,2737048900,0.0,sina_index,2026-09-02T14:29:05
2017-09-06,2912.321,2918.486,2901.962,2913.674,2235939600,0.0,sina_index,2026-09-02T14:29:05
2017-09-07,2914.666,2919.371,2903.327,2905.38,2143313400,0.0,sina_index,2026-09-02T14:29:05
2017-09-08,2906.568,2917.939,2899.197,2905.605,1838100000,0.0,sina_index,2026-09-02T14:29:05
2017-09-11,2911.371,2925.294,2905.338,2907.691,2297929100,0.0,sina_index,2026-09-02T14:29:05
2017-09-12,2912.207,2924.015,2906.372,2920.599,2168969400,0.0,sina_index,2026-09-02T14:29:05
2017-09-13,2918.459,2922.657,2905.718,2915.411,1701171700,0.0,sina_index,2026-09-02T14:29:05
2017-09-14,2917.642,2922.339,2894.266,2902.979,2310204400,0.0,sina_index,2026-09-02T14:29:05
2017-09-15,2898.526,2898.843,2882.504,2891.724,2716385100,0.0,sina_index,2026-09-02T14:29:05
2017-09-18,2891.65,2911.603,2891.65,2899.117,2211762500,0.0,sina_index,2026-09-02T14:29:05
2017-09-19,2901.935,2910.389,2891.092,2901.42,2356351400,0.0,sina_index,2026-09-02T14:29:05
2017-09-20,2896.665,2916.56,2892.733,2906.572,1948861900,0.0,sina_index,2026-09-02T14:29:05
2017-09-21,2908.102,2927.475,2905.148,2916.08,2040120000,0.0,sina_index,2026-09-02T14:29:05
2017-09-22,2910.145,2926.052,2906.808,2924.95,2065424700,0.0,sina_index,2026-09-02T14:29:05
2017-09-25,2917.12,2926.833,2909.313,2924.707,2545969200,0.0,sina_index,2026-09-02T14:29:05
2017-09-26,2918.795,2926.135,2911.295,2919.619,1530625800,0.0,sina_index,2026-09-02T14:29:05
2017-09-27,2917.978,2926.884,2917.804,2921.585,1584206800,0.0,sina_index,2026-09-02T14:29:05
2017-09-28,2920.13,2920.701,2909.223,2916.994,1763693900,0.0,sina_index,2026-09-02T14:29:05
2017-09-29,2917.752,2929.142,2916.283,2919.67,1559708600,0.0,sina_index,2026-09-02T14:29:05
2017-10-09,2969.797,2977.204,2940.685,2947.156,3438505000,0.0,sina_index,2026-09-02T14:29:05
2017-10-10,2947.759,2960.504,2918.01,2942.779,2399512900,0.0,sina_index,2026-09-02T14:29:05
2017-10-11,2939.822,2958.818,2939.581,2951.953,2081097000,0.0,sina_index,2026-09-02T14:29:05
2017-10-12,2951.145,2963.126,2945.478,2956.623,1793686300,0.0,sina_index,2026-09-02T14:29:05
2017-10-13,2956.553,2962.553,2952.059,2952.059,1718956200,0.0,sina_index,2026-09-02T14:29:05
2017-10-16,2953.461,2959.178,2946.026,2950.381,2010730300,0.0,sina_index,2026-09-02T14:29:05
2017-10-17,2948.117,2953.309,2939.097,2944.182,1443790200,0.0,sina_index,2026-09-02T14:29:05
2017-10-18,2947.241,2978.153,2946.883,2976.424,2423006900,0.0,sina_index,2026-09-02T14:29:05
2017-10-19,2975.06,2981.901,2967.229,2981.602,2321884300,0.0,sina_index,2026-09-02T14:29:05
2017-10-20,2975.856,2984.189,2969.454,2979.233,1393525900,0.0,sina_index,2026-09-02T14:29:05
2017-10-23,2981.682,2983.226,2972.098,2973.318,1794642800,0.0,sina_index,2026-09-02T14:29:05
2017-10-24,2970.357,2997.112,2967.85,2996.352,2117916800,0.0,sina_index,2026-09-02T14:29:05
2017-10-25,2994.001,3003.219,2990.201,2999.36,1729757900,0.0,sina_index,2026-09-02T14:29:05
2017-10-26,2993.268,3011.621,2986.439,2991.84,3277058300,0.0,sina_index,2026-09-02T14:29:05
2017-10-27,2992.63,3008.55,2991.758,3006.457,3160879400,0.0,sina_index,2026-09-02T14:29:05
2017-10-30,3008.421,3015.4,2971.815,3002.894,3285748800,0.0,sina_index,2026-09-02T14:29:05
2017-10-31,2991.964,2992.231,2974.245,2987.846,2472032400,0.0,sina_index,2026-09-02T14:29:05
2017-11-01,2988.484,2994.749,2960.453,2966.672,3539105500,0.0,sina_index,2026-09-02T14:29:05
2017-11-02,2963.301,2964.429,2942.456,2962.924,2667314800,0.0,sina_index,2026-09-02T14:29:05
2017-11-03,2958.108,2960.704,2931.246,2956.187,2998351200,0.0,sina_index,2026-09-02T14:29:05
2017-11-06,2949.707,2964.694,2937.286,2963.65,2416934200,0.0,sina_index,2026-09-02T14:29:05
2017-11-07,2964.096,2994.518,2964.096,2984.088,3413629200,0.0,sina_index,2026-09-02T14:29:05
2017-11-08,2983.34,3010.146,2980.771,2991.807,3033378100,0.0,sina_index,2026-09-02T14:29:05
2017-11-09,2989.455,3009.248,2988.529,3007.712,2312206500,0.0,sina_index,2026-09-02T14:29:05
2017-11-10,3003.83,3027.833,3003.531,3018.95,3252484500,0.0,sina_index,2026-09-02T14:29:05
2017-11-13,3024.067,3056.543,3024.067,3046.666,4243748200,0.0,sina_index,2026-09-02T14:29:05
2017-11-14,3046.921,3052.761,3022.471,3035.278,2907455400,0.0,sina_index,2026-09-02T14:29:05
2017-11-15,3025.765,3028.366,3002.95,3011.107,2546121100,0.0,sina_index,2026-09-02T14:29:05
2017-11-16,3006.956,3015.573,2997.214,3010.114,2447745000,0.0,sina_index,2026-09-02T14:29:05
2017-11-17,3008.862,3053.071,3007.034,3052.449,5360942300,0.0,sina_index,2026-09-02T14:29:05
2017-11-20,3036.964,3070.157,3019.896,3069.234,3569006700,0.0,sina_index,2026-09-02T14:29:05
2017-11-21,3062.681,3107.874,3059.075,3092.979,4768654600,0.0,sina_index,2026-09-02T14:29:05
2017-11-22,3105.223,3128.414,3090.379,3113.409,5625709500,0.0,sina_index,2026-09-02T14:29:05
2017-11-23,3111.294,3117.221,3025.945,3043.474,5069961000,0.0,sina_index,2026-09-02T14:29:05
2017-11-24,3032.855,3046.421,3004.867,3032.368,3247896000,0.0,sina_index,2026-09-02T14:29:05
2017-11-27,3023.147,3025.682,2989.743,3013.759,3776402500,0.0,sina_index,2026-09-02T14:29:05
2017-11-28,2999.575,3008.099,2979.644,3004.416,2335379000,0.0,sina_index,2026-09-02T14:29:05
2017-11-29,3006.399,3018.468,2976.737,3002.798,2849274400,0.0,sina_index,2026-09-02T14:29:05
2017-11-30,2996.916,3005.82,2972.136,2986.051,2523217300,0.0,sina_index,2026-09-02T14:29:05
2017-12-01,2983.061,2988.415,2965.227,2979.617,2444235300,0.0,sina_index,2026-09-02T14:29:05
2017-12-04,2977.411,2987.302,2966.082,2982.681,1996949400,0.0,sina_index,2026-09-02T14:29:05
2017-12-05,2977.889,3021.988,2976.545,3012.605,4769870200,0.0,sina_index,2026-09-02T14:29:05
2017-12-06,3002.694,3002.694,2955.589,2986.661,2560383600,0.0,sina_index,2026-09-02T14:29:05
2017-12-07,2977.395,2983.356,2943.18,2959.454,2146657300,0.0,sina_index,2026-09-02T14:29:05
2017-12-08,2950.086,2963.846,2936.1,2954.494,1987428200,0.0,sina_index,2026-09-02T14:29:05
2017-12-11,2954.31,2978.409,2946.879,2978.409,2032868700,0.0,sina_index,2026-09-02T14:29:05
2017-12-12,2975.126,2975.126,2941.78,2942.592,1642779500,0.0,sina_index,2026-09-02T14:29:05
2017-12-13,2940.124,2964.617,2936.444,2962.796,1625726800,0.0,sina_index,2026-09-02T14:29:05
2017-12-14,2963.079,2967.567,2944.306,2950.885,1638220400,0.0,sina_index,2026-09-02T14:29:05
2017-12-15,2947.499,2947.499,2920.27,2925.484,1839074200,0.0,sina_index,2026-09-02T14:29:05
2017-12-18,2926.133,2938.8,2919.599,2933.079,1507158700,0.0,sina_index,2026-09-02T14:29:05
2017-12-19,2932.125,2957.382,2930.575,2956.966,1689032700,0.0,sina_index,2026-09-02T14:29:05
2017-12-20,2955.183,2963.482,2941.965,2952.462,1947710400,0.0,sina_index,2026-09-02T14:29:05
2017-12-21,2946.289,2974.659,2936.339,2964.298,1802960700,0.0,sina_index,2026-09-02T14:29:05
2017-12-22,2963.462,2972.398,2961.609,2964.057,1380742300,0.0,sina_index,2026-09-02T14:29:05
2017-12-25,2964.657,2989.75,2953.952,2964.518,2147212400,0.0,sina_index,2026-09-02T14:29:05
2017-12-26,2963.362,2983.394,2961.203,2982.876,2014907900,0.0,sina_index,2026-09-02T14:29:05
2017-12-27,2978.628,2990.955,2958.48,2965.426,2294679600,0.0,sina_index,2026-09-02T14:29:05
2017-12-28,2961.452,2985.496,2956.32,2977.951,2245468900,0.0,sina_index,2026-09-02T14:29:05
2017-12-29,2979.723,2995.907,2978.799,2993.992,2001745800,0.0,sina_index,2026-09-02T14:29:05
2018-01-02,3002.421,3041.384,3002.421,3039.24,4403709300,0.0,sina_index,2026-09-02T14:29:05
2018-01-03,3034.392,3067.354,3032.585,3048.589,3135100000,0.0,sina_index,2026-09-02T14:29:05
2018-01-04,3052.285,3063.651,3044.381,3053.533,3262955600,0.0,sina_index,2026-09-02T14:29:05
2018-01-05,3056.402,3092.535,3050.158,3077.681,3624591200,0.0,sina_index,2026-09-02T14:29:05
2018-01-08,3083.701,3123.939,3083.278,3107.418,3652022900,0.0,sina_index,2026-09-02T14:29:05
2018-01-09,3102.376,3110.424,3095.467,3100.449,2826796400,0.0,sina_index,2026-09-02T14:29:05
2018-01-10,3103.223,3119.653,3098.258,3115.519,4525999000,0.0,sina_index,2026-09-02T14:29:05
2018-01-11,3112.592,3121.252,3091.514,3108.165,3058305200,0.0,sina_index,2026-09-02T14:29:05
2018-01-12,3107.456,3126.384,3105.817,3117.064,2839266000,0.0,sina_index,2026-09-02T14:29:05
2018-01-15,3120.01,3138.613,3103.292,3109.713,4945654700,0.0,sina_index,2026-09-02T14:29:05
2018-01-16,3102.481,3138.345,3101.431,3137.038,5053209100,0.0,sina_index,2026-09-02T14:29:05
2018-01-17,3138.435,3172.725,3123.487,3140.634,6661018600,0.0,sina_index,2026-09-02T14:29:05
2018-01-18,3146.332,3170.548,3142.331,3168.756,6733683800,0.0,sina_index,2026-09-02T14:29:05
2018-01-19,3177.119,3202.385,3167.967,3181.027,6959666600,0.0,sina_index,2026-09-02T14:29:05
2018-01-22,3176.488,3209.225,3175.364,3201.892,6044598400,0.0,sina_index,2026-09-02T14:29:05
2018-01-23,3203.875,3258.221,3203.875,3257.174,7996486600,0.0,sina_index,2026-09-02T14:29:05
2018-01-24,3264.712,3280.994,3240.808,3265.135,7315398900,0.0,sina_index,2026-09-02T14:29:05
2018-01-25,3261.862,3267.312,3227.469,3251.396,5444037400,0.0,sina_index,2026-09-02T14:29:05
2018-01-26,3244.198,3294.839,3241.573,3279.411,6720397500,0.0,sina_index,2026-09-02T14:29:05
2018-01-29,3288.229,3317.832,3241.928,3257.966,5680874100,0.0,sina_index,2026-09-02T14:29:05
2018-01-30,3248.194,3260.705,3218.839,3222.983,4094383800,0.0,sina_index,2026-09-02T14:29:05
2018-01-31,3205.154,3225.69,3190.753,3217.723,4299046100,0.0,sina_index,2026-09-02T14:29:05
2018-02-01,3217.805,3237.079,3185.807,3211.973,5538107100,0.0,sina_index,2026-09-02T14:29:05
2018-02-02,3189.036,3243.525,3166.191,3241.993,3980342500,0.0,sina_index,2026-09-02T14:29:05
2018-02-05,3211.476,3293.464,3206.811,3293.464,5775650600,0.0,sina_index,2026-09-02T14:29:05
2018-02-06,3233.355,3256.499,3196.283,3217.044,7852983100,0.0,sina_index,2026-09-02T14:29:05
2018-02-07,3249.866,3270.845,3135.22,3149.069,7841007400,0.0,sina_index,2026-09-02T14:29:05
2018-02-08,3119.482,3140.126,3050.513,3091.001,6035941300,0.0,sina_index,2026-09-02T14:29:05
2018-02-09,3007.175,3021.676,2897.987,2973.386,7207333000,0.0,sina_index,2026-09-02T14:29:05
2018-02-12,2965.06,2991.662,2948.934,2975.955,3688472100,0.0,sina_index,2026-09-02T14:29:05
2018-02-13,2996.532,3042.758,2996.532,3015.591,3812191800,0.0,sina_index,2026-09-02T14:29:05
2018-02-14,3016.712,3027.155,2993.085,3018.663,2003285300,0.0,sina_index,2026-09-02T14:29:05
2018-02-22,3057.748,3085.199,3049.863,3084.183,3033566500,0.0,sina_index,2026-09-02T14:29:05
2018-02-23,3087.918,3105.124,3070.399,3096.038,2730475600,0.0,sina_index,2026-09-02T14:29:05
2018-02-26,3111.544,3130.304,3079.5,3123.345,3538282600,0.0,sina_index,2026-09-02T14:29:05
2018-02-27,3123.26,3123.325,3069.272,3078.967,3484271000,0.0,sina_index,2026-09-02T14:29:05
2018-02-28,3052.458,3067.569,3029.485,3049.248,2584196800,0.0,sina_index,2026-09-02T14:29:05
2018-03-01,3027.024,3064.489,3021.26,3050.073,2337027300,0.0,sina_index,2026-09-02T14:29:05
2018-03-02,3027.298,3053.687,3016.736,3044.758,2268549100,0.0,sina_index,2026-09-02T14:29:05
2018-03-05,3046.558,3063.546,3027.875,3047.263,2187895900,0.0,sina_index,2026-09-02T14:29:05
2018-03-06,3056.284,3074.463,3031.544,3072.817,3746366000,0.0,sina_index,2026-09-02T14:29:05
2018-03-07,3075.711,3097.93,3060.234,3065.7,3278356700,0.0,sina_index,2026-09-02T14:29:05
2018-03-08,3063.43,3084.917,3061.501,3078.454,2423793400,0.0,sina_index,2026-09-02T14:29:05
2018-03-09,3083.891,3087.28,3070.695,3085.137,2168341900,0.0,sina_index,2026-09-02T14:29:05
2018-03-12,3094.669,3101.667,3082.627,3088.131,3372571800,0.0,sina_index,2026-09-02T14:29:05
2018-03-13,3087.283,3099.177,3072.577,3076.265,3206578000,0.0,sina_index,2026-09-02T14:29:05
2018-03-14,3067.378,3074.272,3055.709,3066.81,2085282600,0.0,sina_index,2026-09-02T14:29:05
2018-03-15,3057.06,3075.188,3052.499,3065.34,1772551700,0.0,sina_index,2026-09-02T14:29:05
2018-03-16,3064.828,3073.242,3040.282,3041.477,2013733000,0.0,sina_index,2026-09-02T14:29:05
2018-03-19,3037.42,3037.965,3015.68,3027.695,1821315500,0.0,sina_index,2026-09-02T14:29:05
2018-03-20,3010.092,3038.08,3005.54,3033.186,1970731400,0.0,sina_index,2026-09-02T14:29:05
2018-03-21,3040.01,3052.948,3015.765,3028.394,2315338300,0.0,sina_index,2026-09-02T14:29:05
2018-03-22,3027.571,3034.063,2990.89,3008.69,2263038300,0.0,sina_index,2026-09-02T14:29:05
2018-03-23,2936.579,2945.817,2894.319,2937.089,4580740400,0.0,sina_index,2026-09-02T14:29:05
2018-03-26,2908.291,2909.79,2870.359,2903.313,3336201100,0.0,sina_index,2026-09-02T14:29:05
2018-03-27,2930.391,2937.406,2894.678,2912.967,3059381100,0.0,sina_index,2026-09-02T14:29:05
2018-03-28,2885.026,2914.988,2871.023,2876.485,2849984900,0.0,sina_index,2026-09-02T14:29:05
2018-03-29,2880.304,2933.742,2855.04,2919.411,3415797000,0.0,sina_index,2026-09-02T14:29:05
2018-03-30,2921.948,2928.626,2906.16,2919.011,2341245000,0.0,sina_index,2026-09-02T14:29:05
2018-04-02,2915.33,2932.88,2893.695,2895.961,2505100200,0.0,sina_index,2026-09-02T14:29:05
2018-04-03,2865.398,2875.349,2851.987,2864.567,2133803800,0.0,sina_index,2026-09-02T14:29:05
2018-04-04,2872.556,2888.02,2858.63,2860.96,1992751800,0.0,sina_index,2026-09-02T14:29:05
2018-04-09,2858.676,2870.522,2842.646,2861.222,1894734300,0.0,sina_index,2026-09-02T14:29:05
2018-04-10,2868.779,2913.386,2865.124,2913.219,2900523500,0.0,sina_index,2026-09-02T14:29:05
2018-04-11,2919.792,2946.585,2911.27,2932.986,3304458000,0.0,sina_index,2026-09-02T14:29:05
2018-04-12,2929.446,2929.446,2900.476,2903.321,2049808800,0.0,sina_index,2026-09-02T14:29:05
2018-04-13,2914.841,2920.0,2885.861,2888.449,1651073000,0.0,sina_index,2026-09-02T14:29:05
2018-04-16,2885.125,2885.125,2825.852,2833.27,3205999500,0.0,sina_index,2026-09-02T14:29:05
2018-04-17,2837.067,2845.137,2804.623,2806.69,2025078800,0.0,sina_index,2026-09-02T14:29:05
2018-04-18,2830.551,2835.237,2782.725,2815.719,2522325200,0.0,sina_index,2026-09-02T14:29:05
2018-04-19,2815.141,2840.468,2809.567,2836.261,1969468400,0.0,sina_index,2026-09-02T14:29:05
2018-04-20,2828.393,2830.059,2787.979,2799.354,2082608900,0.0,sina_index,2026-09-02T14:29:05
2018-04-23,2792.133,2811.743,2783.309,2800.701,1699345000,0.0,sina_index,2026-09-02T14:29:05
2018-04-24,2803.511,2872.005,2803.511,2855.505,3032102900,0.0,sina_index,2026-09-02T14:29:05
2018-04-25,2842.328,2851.067,2832.539,2837.937,1668262400,0.0,sina_index,2026-09-02T14:29:05
2018-04-26,2838.338,2838.338,2790.808,2802.972,1820367700,0.0,sina_index,2026-09-02T14:29:05
2018-04-27,2800.743,2805.857,2766.47,2804.414,2142558900,0.0,sina_index,2026-09-02T14:29:05
2018-05-02,2807.942,2822.362,2802.498,2819.449,2178439400,0.0,sina_index,2026-09-02T14:29:05
2018-05-03,2815.869,2841.27,2804.802,2835.427,1897364300,0.0,sina_index,2026-09-02T14:29:05
2018-05-04,2831.555,2842.877,2825.853,2828.85,1522426200,0.0,sina_index,2026-09-02T14:29:05
2018-05-07,2832.314,2863.524,2826.901,2862.565,2022437800,0.0,sina_index,2026-09-02T14:29:05
2018-05-08,2859.518,2894.214,2857.677,2886.135,2488429500,0.0,sina_index,2026-09-02T14:29:05
2018-05-09,2886.251,2892.008,2873.577,2883.704,1461478300,0.0,sina_index,2026-09-02T14:29:05
2018-05-10,2893.022,2904.668,2885.185,2903.232,1545646000,0.0,sina_index,2026-09-02T14:29:05
2018-05-11,2908.057,2910.438,2892.249,2894.948,1862952800,0.0,sina_index,2026-09-02T14:29:05
2018-05-14,2901.517,2915.846,2896.529,2905.549,2144449100,0.0,sina_index,2026-09-02T14:29:05
2018-05-15,2911.327,2917.746,2897.262,2917.293,1714555500,0.0,sina_index,2026-09-02T14:29:05
2018-05-16,2909.107,2918.04,2897.472,2900.381,1770354100,0.0,sina_index,2026-09-02T14:29:05
2018-05-17,2899.509,2907.639,2891.346,2895.049,1341302100,0.0,sina_index,2026-09-02T14:29:05
2018-05-18,2892.673,2923.911,2882.162,2923.725,1869425800,0.0,sina_index,2026-09-02T14:29:05
2018-05-21,2934.54,2948.112,2929.107,2934.928,2145710500,0.0,sina_index,2026-09-02T14:29:05
2018-05-22,2936.726,2936.726,2910.211,2923.869,1826181800,0.0,sina_index,2026-09-02T14:29:05
2018-05-23,2913.406,2917.625,2893.664,2893.811,2346961300,0.0,sina_index,2026-09-02T14:29:05
2018-05-24,2892.448,2895.49,2871.488,2873.834,1876272600,0.0,sina_index,2026-09-02T14:29:05
2018-05-25,2872.211,2878.4,2857.856,2873.963,1758042500,0.0,sina_index,2026-09-02T14:29:05
2018-05-28,2869.15,2877.131,2854.356,2869.701,1544375500,0.0,sina_index,2026-09-02T14:29:05
2018-05-29,2863.093,2872.858,2851.86,2868.883,2271061000,0.0,sina_index,2026-09-02T14:29:05
2018-05-30,2840.228,2843.58,2816.011,2816.713,1846746400,0.0,sina_index,2026-09-02T14:29:05
2018-05-31,2829.654,2871.11,2829.654,2866.987,2279995000,0.0,sina_index,2026-09-02T14:29:05
2018-06-01,2858.092,2871.79,2838.544,2852.954,1685288100,0.0,sina_index,2026-09-02T14:29:05
2018-06-04,2859.737,2874.962,2857.789,2873.562,1941619000,0.0,sina_index,2026-09-02T14:29:05
2018-06-05,2870.187,2879.718,2852.465,2878.982,1618659900,0.0,sina_index,2026-09-02T14:29:05
2018-06-06,2872.763,2876.018,2864.719,2873.931,1438600200,0.0,sina_index,2026-09-02T14:29:05
2018-06-07,2876.223,2880.072,2857.397,2859.058,1741398100,0.0,sina_index,2026-09-02T14:29:05
2018-06-08,2848.375,2848.375,2803.911,2814.241,1921960400,0.0,sina_index,2026-09-02T14:29:05
2018-06-11,2806.497,2818.643,2796.493,2814.723,1510631000,0.0,sina_index,2026-09-02T14:29:05
2018-06-12,2814.597,2844.794,2801.987,2840.561,1446634900,0.0,sina_index,2026-09-02T14:29:05
2018-06-13,2835.27,2840.648,2823.736,2829.356,1482925400,0.0,sina_index,2026-09-02T14:29:05
2018-06-14,2820.798,2835.833,2816.823,2828.544,1594361100,0.0,sina_index,2026-09-02T14:29:05
2018-06-15,2823.84,2832.809,2808.258,2824.662,2094341900,0.0,sina_index,2026-09-02T14:29:05
2018-06-19,2791.698,2793.825,2715.025,2752.278,4605616600,0.0,sina_index,2026-09-02T14:29:05
2018-06-20,2730.716,2751.688,2719.439,2743.688,1704932000,0.0,sina_index,2026-09-02T14:29:05
2018-06-21,2739.801,2764.049,2716.956,2720.445,1825888200,0.0,sina_index,2026-09-02T14:29:05
2018-06-22,2704.617,2722.234,2690.908,2718.159,1485979600,0.0,sina_index,2026-09-02T14:29:05
2018-06-25,2731.758,2737.046,2690.789,2691.613,1676217200,0.0,sina_index,2026-09-02T14:29:05
2018-06-26,2668.636,2671.888,2629.741,2658.331,2074485200,0.0,sina_index,2026-09-02T14:29:05
2018-06-27,2657.055,2669.561,2615.768,2635.243,2135047600,0.0,sina_index,2026-09-02T14:29:05
2018-06-28,2616.809,2632.557,2593.229,2597.706,1719002000,0.0,sina_index,2026-09-02T14:29:05
2018-06-29,2602.045,2647.659,2598.221,2646.574,1479535400,0.0,sina_index,2026-09-02T14:29:05
2018-07-02,2642.368,2642.368,2551.218,2565.373,2143647300,0.0,sina_index,2026-09-02T14:29:05
2018-07-03,2563.37,2574.69,2516.556,2574.494,2284660500,0.0,sina_index,2026-09-02T14:29:05
2018-07-04,2566.843,2586.024,2564.22,2566.732,1563041800,0.0,sina_index,2026-09-02T14:29:05
2018-07-05,2566.864,2583.601,2538.085,2554.477,1986480200,0.0,sina_index,2026-09-02T14:29:05
2018-07-06,2552.833,2581.691,2521.59,2567.151,1828454000,0.0,sina_index,2026-09-02T14:29:05
2018-07-09,2564.459,2619.986,2564.459,2618.952,1973266000,0.0,sina_index,2026-09-02T14:29:05
2018-07-10,2624.029,2630.162,2604.802,2626.217,1521504100,0.0,sina_index,2026-09-02T14:29:05
2018-07-11,2585.737,2593.643,2564.806,2583.501,1439971600,0.0,sina_index,2026-09-02T14:29:05
2018-07-12,2580.424,2638.272,2580.424,2626.888,1983859300,0.0,sina_index,2026-09-02T14:29:05
2018-07-13,2628.218,2630.193,2611.411,2618.7,1347703400,0.0,sina_index,2026-09-02T14:29:05
2018-07-16,2610.708,2619.762,2586.355,2597.891,1494633000,0.0,sina_index,2026-09-02T14:29:05
2018-07-17,2582.867,2585.61,2560.491,2576.067,1219751200,0.0,sina_index,2026-09-02T14:29:05
2018-07-18,2579.653,2610.367,2579.621,2586.94,1509146200,0.0,sina_index,2026-09-02T14:29:05
2018-07-19,2591.794,2604.483,2575.713,2582.7,1409160000,0.0,sina_index,2026-09-02T14:29:05
2018-07-20,2583.995,2652.978,2572.248,2644.295,2901668800,0.0,sina_index,2026-09-02T14:29:05
2018-07-23,2636.4,2683.13,2629.286,2679.958,3050091200,0.0,sina_index,2026-09-02T14:29:05
2018-07-24,2683.115,2710.383,2683.099,2701.785,3212700900,0.0,sina_index,2026-09-02T14:29:05
2018-07-25,2705.19,2706.546,2686.912,2698.165,1754470500,0.0,sina_index,2026-09-02T14:29:05
2018-07-26,2701.763,2711.683,2677.893,2685.705,1759919400,0.0,sina_index,2026-09-02T14:29:05
2018-07-27,2677.84,2684.997,2666.464,2669.176,1249190500,0.0,sina_index,2026-09-02T14:29:05
2018-07-30,2666.325,2698.477,2662.605,2679.31,1777784500,0.0,sina_index,2026-09-02T14:29:05
2018-07-31,2680.817,2696.242,2661.009,2688.172,1715758600,0.0,sina_index,2026-09-02T14:29:05
2018-08-01,2690.696,2703.41,2637.632,2637.788,2044866000,0.0,sina_index,2026-09-02T14:29:05
2018-08-02,2631.325,2631.738,2555.883,2590.487,2156874700,0.0,sina_index,2026-09-02T14:29:05
2018-08-03,2585.318,2600.2,2570.252,2570.252,1564749100,0.0,sina_index,2026-09-02T14:29:05
2018-08-06,2572.42,2590.739,2542.773,2551.352,1818416800,0.0,sina_index,2026-09-02T14:29:05
2018-08-07,2557.64,2609.187,2544.801,2609.162,2016157600,0.0,sina_index,2026-09-02T14:29:05
2018-08-08,2602.158,2603.629,2572.156,2575.626,1590183800,0.0,sina_index,2026-09-02T14:29:05
2018-08-09,2564.791,2624.489,2562.475,2619.226,1765193200,0.0,sina_index,2026-09-02T14:29:05
2018-08-10,2617.273,2622.189,2586.403,2600.144,1595485000,0.0,sina_index,2026-09-02T14:29:05
2018-08-13,2578.673,2590.05,2550.707,2584.61,1770729700,0.0,sina_index,2026-09-02T14:29:05
2018-08-14,2579.998,2590.359,2570.44,2583.191,1291339100,0.0,sina_index,2026-09-02T14:29:05
2018-08-15,2580.982,2582.084,2529.317,2530.809,1429464000,0.0,sina_index,2026-09-02T14:29:05
2018-08-16,2509.57,2541.936,2493.719,2521.99,1541687400,0.0,sina_index,2026-09-02T14:29:05
2018-08-17,2537.747,2542.938,2495.452,2499.45,1304120500,0.0,sina_index,2026-09-02T14:29:05
2018-08-20,2506.765,2528.592,2494.284,2528.592,1497391300,0.0,sina_index,2026-09-02T14:29:05
2018-08-21,2531.056,2560.897,2528.062,2556.335,1453798800,0.0,sina_index,2026-09-02T14:29:05
2018-08-22,2556.016,2556.016,2531.409,2537.711,943843700,0.0,sina_index,2026-09-02T14:29:05
2018-08-23,2538.021,2557.031,2524.195,2546.95,1147968700,0.0,sina_index,2026-09-02T14:29:05
2018-08-24,2542.345,2575.727,2532.574,2561.851,1668039500,0.0,sina_index,2026-09-02T14:29:05
2018-08-27,2569.079,2613.551,2566.999,2613.551,2104460700,0.0,sina_index,2026-09-02T14:29:05
2018-08-28,2611.997,2619.797,2604.487,2611.113,1433388700,0.0,sina_index,2026-09-02T14:29:05
2018-08-29,2605.208,2611.745,2590.182,2596.191,1275680000,0.0,sina_index,2026-09-02T14:29:05
2018-08-30,2595.102,2610.384,2583.745,2584.263,1234925700,0.0,sina_index,2026-09-02T14:29:05
2018-08-31,2579.18,2595.058,2561.927,2576.6,2066790800,0.0,sina_index,2026-09-02T14:29:05
2018-09-03,2569.659,2576.965,2550.339,2572.132,1434132800,0.0,sina_index,2026-09-02T14:29:05
2018-09-04,2574.187,2603.417,2566.116,2597.251,1495180000,0.0,sina_index,2026-09-02T14:29:05
2018-09-05,2587.371,2594.14,2551.556,2552.608,1433752400,0.0,sina_index,2026-09-02T14:29:05
2018-09-06,2547.6,2561.759,2531.785,2537.49,1246956300,0.0,sina_index,2026-09-02T14:29:05
2018-09-07,2543.673,2568.072,2528.292,2545.148,1265508400,0.0,sina_index,2026-09-02T14:29:05
2018-09-10,2543.825,2550.853,2528.937,2530.677,1253073700,0.0,sina_index,2026-09-02T14:29:05
2018-09-11,2529.166,2535.511,2512.975,2522.511,1352268600,0.0,sina_index,2026-09-02T14:29:05
2018-09-12,2514.073,2535.832,2505.343,2521.092,1166631300,0.0,sina_index,2026-09-02T14:29:05
2018-09-13,2539.798,2550.366,2523.169,2549.118,1515591200,0.0,sina_index,2026-09-02T14:29:05
2018-09-14,2551.711,2564.184,2541.706,2556.458,1108341400,0.0,sina_index,2026-09-02T14:29:05
2018-09-17,2549.163,2549.56,2531.541,2536.006,1012759600,0.0,sina_index,2026-09-02T14:29:05
2018-09-18,2526.614,2578.686,2526.614,2578.389,1576337700,0.0,sina_index,2026-09-02T14:29:05
2018-09-19,2574.855,2619.011,2570.846,2606.874,2068761900,0.0,sina_index,2026-09-02T14:29:05
2018-09-20,2606.386,2613.282,2593.425,2599.265,1634177200,0.0,sina_index,2026-09-02T14:29:05
2018-09-21,2604.081,2671.427,2595.485,2671.427,3174171900,0.0,sina_index,2026-09-02T14:29:05
2018-09-25,2645.648,2657.288,2641.145,2649.882,1881528300,0.0,sina_index,2026-09-02T14:29:05
2018-09-26,2652.782,2695.359,2652.782,2667.214,2678185900,0.0,sina_index,2026-09-02T14:29:05
2018-09-27,2669.603,2678.124,2661.271,2669.776,1737256300,0.0,sina_index,2026-09-02T14:29:05
2018-09-28,2672.751,2702.325,2671.933,2700.558,2239161800,0.0,sina_index,2026-09-02T14:29:05
2018-10-08,2646.749,2653.749,2596.575,2606.046,2550530100,0.0,sina_index,2026-09-02T14:29:05
2018-10-09,2600.615,2611.717,2590.215,2593.753,1625175600,0.0,sina_index,2026-09-02T14:29:05
2018-10-10,2594.944,2618.139,2582.79,2604.638,1425638400,0.0,sina_index,2026-09-02T14:29:05
2018-10-11,2541.865,2550.451,2469.898,2486.222,2602459600,0.0,sina_index,2026-09-02T14:29:05
2018-10-12,2485.565,2524.71,2462.886,2516.269,2055439200,0.0,sina_index,2026-09-02T14:29:05
2018-10-15,2517.166,2518.035,2466.363,2471.342,1436356400,0.0,sina_index,2026-09-02T14:29:05
2018-10-16,2471.739,2494.858,2452.305,2458.063,1536140500,0.0,sina_index,2026-09-02T14:29:05
2018-10-17,2484.203,2490.586,2444.168,2479.886,1849041700,0.0,sina_index,2026-09-02T14:29:05
2018-10-18,2469.331,2469.331,2425.4,2425.4,1691756400,0.0,sina_index,2026-09-02T14:29:05
2018-10-19,2414.267,2493.5,2401.365,2492.26,2409244100,0.0,sina_index,2026-09-02T14:29:05
2018-10-22,2504.838,2597.977,2504.838,2577.611,3147921300,0.0,sina_index,2026-09-02T14:29:05
2018-10-23,2572.886,2573.701,2505.155,2513.814,2159558100,0.0,sina_index,2026-09-02T14:29:05
2018-10-24,2502.958,2556.535,2501.465,2517.857,2518452100,0.0,sina_index,2026-09-02T14:29:05
2018-10-25,2468.283,2524.479,2458.27,2523.353,2091884800,0.0,sina_index,2026-09-02T14:29:05
2018-10-26,2529.273,2547.415,2507.534,2528.359,2044550900,0.0,sina_index,2026-09-02T14:29:05
2018-10-29,2531.272,2532.079,2461.519,2473.557,2222907600,0.0,sina_index,2026-09-02T14:29:05
2018-10-30,2481.021,2511.089,2461.39,2493.416,2214900900,0.0,sina_index,2026-09-02T14:29:05
2018-10-31,2497.678,2526.104,2492.373,2516.791,2160702700,0.0,sina_index,2026-09-02T14:29:05
2018-11-01,2531.542,2542.126,2515.57,2518.512,2332114700,0.0,sina_index,2026-09-02T14:29:05
2018-11-02,2555.273,2573.673,2531.895,2572.354,3364965500,0.0,sina_index,2026-09-02T14:29:05
2018-11-05,2560.623,2569.771,2538.086,2561.668,2057562800,0.0,sina_index,2026-09-02T14:29:05
2018-11-06,2559.02,2559.72,2539.063,2555.925,1573384700,0.0,sina_index,2026-09-02T14:29:05
2018-11-07,2559.224,2573.119,2540.64,2543.884,1555373800,0.0,sina_index,2026-09-02T14:29:05
2018-11-08,2560.051,2567.136,2540.508,2545.274,1328343700,0.0,sina_index,2026-09-02T14:29:05
2018-11-09,2534.197,2534.197,2504.266,2507.197,2531594000,0.0,sina_index,2026-09-02T14:29:05
2018-11-12,2503.221,2538.827,2501.633,2537.454,1832540500,0.0,sina_index,2026-09-02T14:29:05
2018-11-13,2510.744,2561.752,2508.741,2552.486,1873325300,0.0,sina_index,2026-09-02T14:29:05
2018-11-14,2547.637,2550.923,2522.749,2526.214,2012256000,0.0,sina_index,2026-09-02T14:29:05
2018-11-15,2523.945,2546.618,2523.945,2546.522,1511333900,0.0,sina_index,2026-09-02T14:29:05
2018-11-16,2548.517,2565.773,2537.592,2552.2,2080623600,0.0,sina_index,2026-09-02T14:29:05
2018-11-19,2558.276,2577.47,2553.171,2577.47,2012748200,0.0,sina_index,2026-09-02T14:29:05
2018-11-20,2563.875,2570.594,2524.569,2525.959,1746703500,0.0,sina_index,2026-09-02T14:29:05
2018-11-21,2505.786,2534.374,2503.451,2531.431,1347310100,0.0,sina_index,2026-09-02T14:29:05
2018-11-22,2536.255,2537.742,2511.368,2519.359,982761500,0.0,sina_index,2026-09-02T14:29:05
2018-11-23,2516.258,2519.032,2471.855,2475.605,1350780400,0.0,sina_index,2026-09-02T14:29:05
2018-11-26,2479.473,2490.577,2468.437,2475.558,1186189000,0.0,sina_index,2026-09-02T14:29:05
2018-11-27,2481.692,2486.261,2466.307,2470.115,1018009300,0.0,sina_index,2026-09-02T14:29:05
2018-11-28,2471.363,2488.85,2458.792,2487.71,1037489200,0.0,sina_index,2026-09-02T14:29:05
2018-11-29,2498.168,2502.537,2468.854,2468.854,1253135900,0.0,sina_index,2026-09-02T14:29:05
2018-11-30,2469.56,2492.613,2468.165,2491.654,1277419700,0.0,sina_index,2026-09-02T14:29:05
2018-12-03,2537.229,2556.647,2526.485,2548.234,2413039400,0.0,sina_index,2026-09-02T14:29:05
2018-12-04,2545.154,2557.383,2539.136,2555.392,1605251200,0.0,sina_index,2026-09-02T14:29:05
2018-12-05,2528.594,2555.43,2525.668,2545.705,1310394800,0.0,sina_index,2026-09-02T14:29:05
2018-12-06,2527.984,2531.484,2505.402,2507.283,1534378500,0.0,sina_index,2026-09-02T14:29:05
2018-12-07,2512.918,2523.879,2512.086,2523.879,966350400,0.0,sina_index,2026-09-02T14:29:05
2018-12-10,2512.928,2521.741,2499.427,2504.777,1208167600,0.0,sina_index,2026-09-02T14:29:05
2018-12-11,2509.084,2516.205,2504.789,2512.813,944390400,0.0,sina_index,2026-09-02T14:29:05
2018-12-12,2527.058,2532.555,2519.153,2526.603,1030449500,0.0,sina_index,2026-09-02T14:29:05
2018-12-13,2532.399,2566.614,2526.61,2558.444,1844724200,0.0,sina_index,2026-09-02T14:29:05
2018-12-14,2553.154,2555.019,2526.843,2526.843,1726817500,0.0,sina_index,2026-09-02T14:29:05
2018-12-17,2520.952,2549.163,2520.354,2546.293,1272275300,0.0,sina_index,2026-09-02T14:29:05
2018-12-18,2531.886,2546.93,2515.618,2528.891,1227137600,0.0,sina_index,2026-09-02T14:29:05
2018-12-19,2532.867,2541.716,2514.025,2514.789,1258601600,0.0,sina_index,2026-09-02T14:29:05
2018-12-20,2516.145,2528.685,2485.971,2501.6,1695158200,0.0,sina_index,2026-09-02T14:29:05
2018-12-21,2496.366,2502.514,2474.008,2490.182,1639416900,0.0,sina_index,2026-09-02T14:29:05
2018-12-24,2481.216,2509.082,2477.439,2504.463,1226671400,0.0,sina_index,2026-09-02T14:29:05
2018-12-25,2487.781,2492.209,2446.21,2484.542,1587304300,0.0,sina_index,2026-09-02T14:29:05
2018-12-26,2483.638,2493.74,2473.296,2485.426,1141310300,0.0,sina_index,2026-09-02T14:29:05
2018-12-27,2508.723,2514.475,2470.302,2475.959,1897617500,0.0,sina_index,2026-09-02T14:29:05
2018-12-28,2472.836,2487.431,2468.513,2486.083,1713493900,0.0,sina_index,2026-09-02T14:29:05
2019-01-02,2484.143,2485.082,2429.801,2438.481,1470592700,0.0,sina_index,2026-09-02T14:29:05
2019-01-03,2434.227,2458.627,2430.221,2436.613,1241543900,0.0,sina_index,2026-09-02T14:29:05
2019-01-04,2426.036,2471.396,2415.687,2470.114,1614032300,0.0,sina_index,2026-09-02T14:29:05
2019-01-07,2482.693,2495.849,2473.598,2492.679,1612844500,0.0,sina_index,2026-09-02T14:29:05
2019-01-08,2490.613,2497.205,2480.986,2496.45,1291803700,0.0,sina_index,2026-09-02T14:29:05
2019-01-09,2506.808,2541.576,2506.804,2510.424,1913583500,0.0,sina_index,2026-09-02T14:29:05
2019-01-10,2510.826,2517.83,2499.671,2501.99,1378497800,0.0,sina_index,2026-09-02T14:29:05
2019-01-11,2506.473,2518.014,2497.521,2516.942,1158265800,0.0,sina_index,2026-09-02T14:29:05
2019-01-14,2514.03,2521.674,2507.436,2510.718,1149461900,0.0,sina_index,2026-09-02T14:29:05
2019-01-15,2510.531,2533.632,2503.06,2531.812,1341612400,0.0,sina_index,2026-09-02T14:29:05
2019-01-16,2530.113,2535.021,2525.781,2529.657,1160787800,0.0,sina_index,2026-09-02T14:29:05
2019-01-17,2535.171,2545.36,2524.603,2526.761,1430227300,0.0,sina_index,2026-09-02T14:29:05
2019-01-18,2532.436,2563.755,2529.681,2561.266,1971889000,0.0,sina_index,2026-09-02T14:29:05
2019-01-21,2562.919,2579.085,2562.85,2571.077,1712965400,0.0,sina_index,2026-09-02T14:29:05
2019-01-22,2572.167,2572.277,2535.082,2541.192,1201013000,0.0,sina_index,2026-09-02T14:29:05
2019-01-23,2536.424,2553.915,2535.779,2547.176,1038358000,0.0,sina_index,2026-09-02T14:29:05
2019-01-24,2551.064,2558.399,2533.647,2553.445,1096886000,0.0,sina_index,2026-09-02T14:29:05
2019-01-25,2561.049,2577.31,2559.857,2563.302,1732456000,0.0,sina_index,2026-09-02T14:29:05
2019-01-28,2574.729,2595.021,2562.026,2567.122,1558968100,0.0,sina_index,2026-09-02T14:29:05
2019-01-29,2566.627,2582.222,2538.957,2577.788,1506543400,0.0,sina_index,2026-09-02T14:29:05
2019-01-30,2570.181,2585.558,2561.369,2564.27,1369905900,0.0,sina_index,2026-09-02T14:29:05
2019-01-31,2569.544,2596.265,2569.23,2580.092,1895706600,0.0,sina_index,2026-09-02T14:29:05
2019-02-01,2589.11,2607.029,2579.245,2606.292,1438241300,0.0,sina_index,2026-09-02T14:29:05
2019-02-11,2601.535,2632.428,2598.113,2630.493,1600587800,0.0,sina_index,2026-09-02T14:29:05
2019-02-12,2629.608,2649.473,2624.45,2646.215,1659624700,0.0,sina_index,2026-09-02T14:29:05
2019-02-13,2649.444,2686.924,2642.402,2680.975,2191845800,0.0,sina_index,2026-09-02T14:29:05
2019-02-14,2677.056,2687.304,2665.885,2679.094,1609405100,0.0,sina_index,2026-09-02T14:29:05
2019-02-15,2672.046,2673.53,2634.897,2637.291,1885022600,0.0,sina_index,2026-09-02T14:29:05
2019-02-18,2655.356,2699.396,2655.356,2698.935,2239309900,0.0,sina_index,2026-09-02T14:29:05
2019-02-19,2706.742,2717.296,2685.162,2698.023,2392307100,0.0,sina_index,2026-09-02T14:29:05
2019-02-20,2701.656,2704.647,2683.443,2698.971,1707626300,0.0,sina_index,2026-09-02T14:29:05
2019-02-21,2699.692,2716.083,2673.652,2680.602,1868560500,0.0,sina_index,2026-09-02T14:29:05
2019-02-22,2682.603,2709.721,2666.298,2709.717,2328896600,0.0,sina_index,2026-09-02T14:29:05
2019-02-25,2723.74,2826.906,2722.955,2825.664,5789330700,0.0,sina_index,2026-09-02T14:29:05
2019-02-26,2823.397,2858.643,2802.354,2813.157,4726429100,0.0,sina_index,2026-09-02T14:29:05
2019-02-27,2813.241,2851.821,2791.113,2809.295,4124561600,0.0,sina_index,2026-09-02T14:29:05
2019-02-28,2815.809,2830.373,2798.33,2807.54,2636869400,0.0,sina_index,2026-09-02T14:29:05
2019-03-01,2822.303,2840.792,2797.806,2840.677,3403840600,0.0,sina_index,2026-09-02T14:29:05
2019-03-04,2850.911,2916.241,2845.724,2868.413,5724593100,0.0,sina_index,2026-09-02T14:29:05
2019-03-05,2864.643,2890.081,2855.274,2889.287,3376068200,0.0,sina_index,2026-09-02T14:29:05
2019-03-06,2893.359,2926.878,2875.246,2926.837,3935984200,0.0,sina_index,2026-09-02T14:29:05
2019-03-07,2921.356,2931.771,2886.403,2917.229,4316318500,0.0,sina_index,2026-09-02T14:29:05
2019-03-08,2873.068,2880.042,2786.541,2789.374,4171152100,0.0,sina_index,2026-09-02T14:29:05
2019-03-11,2785.85,2837.758,2785.85,2837.208,3036048900,0.0,sina_index,2026-09-02T14:29:05
2019-03-12,2854.446,2893.945,2839.031,2865.645,3641797100,0.0,sina_index,2026-09-02T14:29:05
2019-03-13,2864.062,2867.458,2829.676,2838.875,3197070100,0.0,sina_index,2026-09-02T14:29:05
2019-03-14,2834.301,2860.473,2789.476,2805.086,2560023600,0.0,sina_index,2026-09-02T14:29:05
2019-03-15,2811.941,2854.028,2811.941,2834.532,2583346900,0.0,sina_index,2026-09-02T14:29:05
2019-03-18,2842.706,2912.052,2832.723,2912.052,3573814400,0.0,sina_index,2026-09-02T14:29:05
2019-03-19,2915.597,2930.476,2891.376,2902.735,2632604500,0.0,sina_index,2026-09-02T14:29:05
2019-03-20,2895.467,2911.648,2866.988,2910.594,2518358500,0.0,sina_index,2026-09-02T14:29:05
2019-03-21,2915.324,2939.134,2912.533,2920.96,2730621700,0.0,sina_index,2026-09-02T14:29:05
2019-03-22,2915.01,2927.812,2886.198,2926.472,2320451400,0.0,sina_index,2026-09-02T14:29:05
2019-03-25,2884.26,2919.137,2874.914,2877.403,3125470300,0.0,sina_index,2026-09-02T14:29:05
2019-03-26,2889.222,2897.02,2827.184,2839.264,2431709900,0.0,sina_index,2026-09-02T14:29:05
2019-03-27,2856.835,2882.385,2845.2,2882.21,2333681900,0.0,sina_index,2026-09-02T14:29:05
2019-03-28,2889.362,2891.629,2852.803,2857.629,2342971000,0.0,sina_index,2026-09-02T14:29:05
2019-03-29,2852.038,2932.679,2844.487,2926.178,3759500300,0.0,sina_index,2026-09-02T14:29:05
2019-04-01,2940.799,3006.033,2940.799,3001.472,4912690200,0.0,sina_index,2026-09-02T14:29:05
2019-04-02,3010.847,3017.973,2989.911,2997.447,3875314400,0.0,sina_index,2026-09-02T14:29:05
2019-04-03,2976.355,3031.176,2969.738,3030.14,3773232900,0.0,sina_index,2026-09-02T14:29:05
2019-04-04,3038.856,3073.537,3037.433,3061.872,4691893000,0.0,sina_index,2026-09-02T14:29:05
2019-04-08,3074.701,3096.432,3033.606,3080.6,4912478700,0.0,sina_index,2026-09-02T14:29:05
2019-04-09,3080.39,3084.864,3055.363,3068.269,3147474600,0.0,sina_index,2026-09-02T14:29:05
2019-04-10,3055.198,3086.112,3039.501,3064.151,3037829100,0.0,sina_index,2026-09-02T14:29:05
2019-04-11,3064.189,3082.727,3022.859,3030.076,2908362800,0.0,sina_index,2026-09-02T14:29:05
2019-04-12,3025.083,3033.481,2995.342,3009.756,2338989600,0.0,sina_index,2026-09-02T14:29:05
2019-04-15,3045.271,3066.431,3000.695,3002.208,3867877100,0.0,sina_index,2026-09-02T14:29:05
2019-04-16,2991.127,3049.764,2964.807,3049.764,4841687700,0.0,sina_index,2026-09-02T14:29:05
2019-04-17,3046.636,3065.388,3028.772,3057.791,3516877900,0.0,sina_index,2026-09-02T14:29:05
2019-04-18,3054.851,3055.101,3021.667,3026.795,2278061300,0.0,sina_index,2026-09-02T14:29:05
2019-04-19,3024.246,3044.037,3003.688,3039.207,2150868200,0.0,sina_index,2026-09-02T14:29:05
2019-04-22,3041.157,3042.395,2968.293,2973.177,3215405400,0.0,sina_index,2026-09-02T14:29:05
2019-04-23,2968.407,2975.86,2939.539,2946.111,2405456200,0.0,sina_index,2026-09-02T14:29:05
2019-04-24,2953.596,2974.455,2936.458,2972.731,2337306900,0.0,sina_index,2026-09-02T14:29:05
2019-04-25,2949.223,2958.33,2895.756,2900.813,2437107500,0.0,sina_index,2026-09-02T14:29:05
2019-04-26,2889.351,2898.371,2859.568,2862.148,2462400900,0.0,sina_index,2026-09-02T14:29:05
2019-04-29,2872.043,2885.043,2844.366,2847.351,2582200100,0.0,sina_index,2026-09-02T14:29:05
2019-04-30,2841.794,2879.514,2841.794,2874.005,2274667300,0.0,sina_index,2026-09-02T14:29:05
2019-05-06,2810.752,2811.229,2710.992,2743.458,4067314200,0.0,sina_index,2026-09-02T14:29:05
2019-05-07,2754.003,2781.26,2746.308,2774.658,2398027100,0.0,sina_index,2026-09-02T14:29:05
2019-05-08,2714.948,2763.312,2709.242,2729.088,2115740200,0.0,sina_index,2026-09-02T14:29:05
2019-05-09,2709.02,2726.594,2684.278,2686.361,1959132300,0.0,sina_index,2026-09-02T14:29:05
2019-05-10,2708.216,2749.453,2666.37,2747.758,2310354500,0.0,sina_index,2026-09-02T14:29:05
2019-05-13,2715.458,2725.697,2705.373,2708.309,1682379500,0.0,sina_index,2026-09-02T14:29:05
2019-05-14,2680.957,2712.208,2680.0,2694.451,1654002200,0.0,sina_index,2026-09-02T14:29:05
2019-05-15,2706.362,2741.748,2706.362,2734.283,1923597700,0.0,sina_index,2026-09-02T14:29:05
2019-05-16,2730.72,2752.193,2727.984,2750.762,1841012400,0.0,sina_index,2026-09-02T14:29:05
2019-05-17,2752.025,2752.931,2683.468,2688.082,1833038200,0.0,sina_index,2026-09-02T14:29:05
2019-05-20,2686.115,2695.393,2655.395,2674.789,2173288900,0.0,sina_index,2026-09-02T14:29:05
2019-05-21,2673.712,2720.736,2671.918,2705.909,1634755800,0.0,sina_index,2026-09-02T14:29:05
2019-05-22,2704.994,2714.432,2691.109,2697.215,1410983400,0.0,sina_index,2026-09-02T14:29:05
2019-05-23,2690.772,2692.797,2668.553,2672.628,1828309600,0.0,sina_index,2026-09-02T14:29:05
2019-05-24,2665.979,2681.96,2659.719,2667.356,1525775500,0.0,sina_index,2026-09-02T14:29:05
2019-05-27,2664.615,2697.801,2649.652,2692.562,1827894100,0.0,sina_index,2026-09-02T14:29:05
2019-05-28,2692.286,2720.775,2688.842,2709.281,2228874000,0.0,sina_index,2026-09-02T14:29:05
2019-05-29,2696.475,2711.13,2689.652,2697.157,1477383900,0.0,sina_index,2026-09-02T14:29:05
2019-05-30,2683.997,2694.949,2672.333,2693.036,1591556000,0.0,sina_index,2026-09-02T14:29:05
2019-05-31,2688.961,2707.318,2682.18,2687.272,1563540200,0.0,sina_index,2026-09-02T14:29:05
2019-06-03,2690.109,2702.383,2663.519,2673.742,1784960100,0.0,sina_index,2026-09-02T14:29:05
2019-06-04,2665.52,2668.559,2650.57,2658.689,1451361800,0.0,sina_index,2026-09-02T14:29:05
2019-06-05,2670.748,2680.39,2657.847,2659.627,1621353700,0.0,sina_index,2026-09-02T14:29:05
2019-06-06,2658.655,2658.655,2630.635,2631.126,1331057800,0.0,sina_index,2026-09-02T14:29:05
2019-06-10,2642.462,2671.861,2638.648,2656.274,1666735100,0.0,sina_index,2026-09-02T14:29:05
2019-06-11,2659.052,2712.729,2659.048,2711.96,2257689300,0.0,sina_index,2026-09-02T14:29:05
2019-06-12,2705.521,2707.826,2689.441,2695.525,1559952100,0.0,sina_index,2026-09-02T14:29:05
2019-06-13,2692.213,2692.508,2665.287,2683.97,1342481500,0.0,sina_index,2026-09-02T14:29:05
2019-06-14,2688.007,2696.014,2658.578,2662.75,1516365100,0.0,sina_index,2026-09-02T14:29:05
2019-06-17,2661.912,2679.632,2653.205,2672.291,1280650700,0.0,sina_index,2026-09-02T14:29:05
2019-06-18,2674.257,2679.359,2660.938,2669.302,1465971900,0.0,sina_index,2026-09-02T14:29:05
2019-06-19,2705.414,2713.72,2685.309,2687.527,2398398100,0.0,sina_index,2026-09-02T14:29:05
2019-06-20,2688.073,2740.99,2682.814,2730.796,3147511800,0.0,sina_index,2026-09-02T14:29:05
2019-06-21,2733.145,2750.227,2729.375,2735.511,2436514700,0.0,sina_index,2026-09-02T14:29:05
2019-06-24,2735.161,2745.873,2732.153,2745.206,1568332800,0.0,sina_index,2026-09-02T14:29:05
2019-06-25,2742.913,2742.913,2698.563,2717.616,2273170000,0.0,sina_index,2026-09-02T14:29:05
2019-06-26,2711.682,2728.38,2705.137,2724.661,1554045800,0.0,sina_index,2026-09-02T14:29:05
2019-06-27,2728.176,2748.62,2726.266,2740.801,1952779700,0.0,sina_index,2026-09-02T14:29:05
2019-06-28,2737.407,2737.407,2712.244,2727.715,1507673700,0.0,sina_index,2026-09-02T14:29:05
2019-07-01,2762.14,2771.802,2752.342,2766.708,2335606500,0.0,sina_index,2026-09-02T14:29:05
2019-07-02,2764.509,2781.52,2756.454,2781.126,2031684800,0.0,sina_index,2026-09-02T14:29:05
2019-07-03,2771.76,2783.555,2761.091,2778.531,1995627700,0.0,sina_index,2026-09-02T14:29:05
2019-07-04,2780.26,2793.243,2764.263,2774.729,1734182000,0.0,sina_index,2026-09-02T14:29:05
2019-07-05,2773.436,2783.139,2760.813,2778.697,1364663400,0.0,sina_index,2026-09-02T14:29:05
2019-07-08,2761.889,2761.889,2692.587,2704.71,2025851500,0.0,sina_index,2026-09-02T14:29:05
2019-07-09,2703.02,2714.277,2693.127,2701.052,1371088200,0.0,sina_index,2026-09-02T14:29:05
2019-07-10,2705.985,2708.552,2673.725,2680.788,1199613400,0.0,sina_index,2026-09-02T14:29:05
2019-07-11,2692.497,2705.041,2674.029,2682.017,1181642700,0.0,sina_index,2026-09-02T14:29:05
2019-07-12,2680.917,2696.256,2670.025,2687.679,1268282400,0.0,sina_index,2026-09-02T14:29:05
2019-07-15,2685.643,2701.774,2646.119,2690.847,1566682900,0.0,sina_index,2026-09-02T14:29:05
2019-07-16,2689.415,2697.207,2685.127,2694.471,1084641300,0.0,sina_index,2026-09-02T14:29:05
2019-07-17,2691.184,2697.848,2680.62,2686.947,1048050900,0.0,sina_index,2026-09-02T14:29:05
2019-07-18,2677.937,2677.937,2655.359,2655.382,1166891500,0.0,sina_index,2026-09-02T14:29:05
2019-07-19,2655.173,2677.821,2655.173,2666.147,1462118700,0.0,sina_index,2026-09-02T14:29:05
2019-07-22,2664.882,2666.869,2633.31,2638.955,1508180500,0.0,sina_index,2026-09-02T14:29:05
2019-07-23,2638.336,2645.946,2631.906,2644.56,1327343100,0.0,sina_index,2026-09-02T14:29:05
2019-07-24,2651.105,2675.459,2650.697,2665.875,1583923800,0.0,sina_index,2026-09-02T14:29:05
2019-07-25,2668.34,2680.453,2666.095,2678.462,1501253300,0.0,sina_index,2026-09-02T14:29:05
2019-07-26,2674.104,2693.558,2672.332,2689.524,1413864800,0.0,sina_index,2026-09-02T14:29:05
2019-07-29,2690.79,2698.405,2687.271,2694.319,1460538200,0.0,sina_index,2026-09-02T14:29:05
2019-07-30,2699.709,2717.335,2699.255,2710.31,1540715400,0.0,sina_index,2026-09-02T14:29:05
2019-07-31,2699.632,2700.519,2685.683,2688.212,1470727400,0.0,sina_index,2026-09-02T14:29:05
2019-08-01,2683.116,2684.987,2662.242,2670.102,1531897800,0.0,sina_index,2026-09-02T14:29:05
2019-08-02,2632.976,2638.374,2622.267,2634.246,1948333200,0.0,sina_index,2026-09-02T14:29:05
2019-08-05,2625.764,2626.103,2586.308,2586.308,1805042100,0.0,sina_index,2026-09-02T14:29:05
2019-08-06,2554.079,2555.537,2516.98,2544.717,2253457000,0.0,sina_index,2026-09-02T14:29:05
2019-08-07,2553.075,2556.984,2538.026,2538.026,1520199400,0.0,sina_index,2026-09-02T14:29:05
2019-08-08,2546.995,2564.422,2546.995,2561.78,1468412000,0.0,sina_index,2026-09-02T14:29:05
2019-08-09,2569.267,2572.794,2547.089,2550.411,1469579700,0.0,sina_index,2026-09-02T14:29:05
2019-08-12,2552.201,2590.804,2552.201,2590.732,1343046300,0.0,sina_index,2026-09-02T14:29:05
2019-08-13,2573.108,2574.225,2562.184,2568.426,1209594100,0.0,sina_index,2026-09-02T14:29:05
2019-08-14,2594.474,2599.096,2573.089,2575.575,1446149100,0.0,sina_index,2026-09-02T14:29:05
2019-08-15,2538.972,2589.48,2533.916,2586.251,1388091000,0.0,sina_index,2026-09-02T14:29:05
2019-08-16,2583.778,2592.471,2576.509,2580.67,1309267900,0.0,sina_index,2026-09-02T14:29:05
2019-08-19,2595.717,2630.57,2589.824,2630.57,2639780500,0.0,sina_index,2026-09-02T14:29:05
2019-08-20,2626.653,2635.958,2619.069,2633.718,1707830500,0.0,sina_index,2026-09-02T14:29:05
2019-08-21,2632.164,2640.893,2625.396,2633.226,1301823200,0.0,sina_index,2026-09-02T14:29:05
2019-08-22,2635.759,2636.722,2612.444,2626.104,1307026400,0.0,sina_index,2026-09-02T14:29:05
2019-08-23,2624.6,2638.645,2617.989,2636.144,1454486600,0.0,sina_index,2026-09-02T14:29:05
2019-08-26,2598.392,2619.683,2596.27,2616.158,1633885900,0.0,sina_index,2026-09-02T14:29:05
2019-08-27,2626.064,2666.307,2626.064,2648.201,2225730500,0.0,sina_index,2026-09-02T14:29:05
2019-08-28,2648.928,2658.352,2638.705,2642.744,1624645700,0.0,sina_index,2026-09-02T14:29:05
2019-08-29,2645.311,2646.17,2621.953,2628.149,1601026400,0.0,sina_index,2026-09-02T14:29:05
2019-08-30,2642.058,2650.174,2612.901,2618.372,1723475900,0.0,sina_index,2026-09-02T14:29:05
2019-09-02,2620.31,2656.851,2617.71,2648.099,1909759500,0.0,sina_index,2026-09-02T14:29:05
2019-09-03,2648.614,2655.228,2640.825,2655.228,1551601100,0.0,sina_index,2026-09-02T14:29:05
2019-09-04,2653.321,2694.983,2649.862,2694.983,2282383400,0.0,sina_index,2026-09-02T14:29:05
2019-09-05,2705.316,2740.775,2705.316,2710.288,2976471500,0.0,sina_index,2026-09-02T14:29:05
2019-09-06,2717.806,2727.022,2710.319,2725.391,1730936900,0.0,sina_index,2026-09-02T14:29:05
2019-09-09,2747.21,2748.57,2723.886,2739.524,2151146900,0.0,sina_index,2026-09-02T14:29:05
2019-09-10,2736.352,2736.352,2715.432,2725.692,1728888500,0.0,sina_index,2026-09-02T14:29:05
2019-09-11,2732.578,2733.111,2716.205,2721.065,1830784500,0.0,sina_index,2026-09-02T14:29:05
2019-09-12,2728.998,2745.758,2724.633,2742.392,1681137700,0.0,sina_index,2026-09-02T14:29:05
2019-09-16,2752.751,2754.569,2738.214,2747.617,1768927200,0.0,sina_index,2026-09-02T14:29:05
2019-09-17,2742.378,2742.378,2700.854,2705.91,1682915600,0.0,sina_index,2026-09-02T14:29:05
2019-09-18,2711.262,2717.553,2706.524,2710.898,1310875300,0.0,sina_index,2026-09-02T14:29:05
2019-09-19,2716.238,2717.315,2702.687,2716.578,1157016400,0.0,sina_index,2026-09-02T14:29:05
2019-09-20,2721.932,2723.592,2712.992,2717.11,1629533400,0.0,sina_index,2026-09-02T14:29:05
2019-09-23,2713.852,2713.852,2674.118,2690.932,1464018200,0.0,sina_index,2026-09-02T14:29:05
2019-09-24,2692.378,2709.816,2684.403,2692.825,1123710200,0.0,sina_index,2026-09-02T14:29:05
2019-09-25,2681.655,2681.655,2656.121,2656.673,1193564100,0.0,sina_index,2026-09-02T14:29:05
2019-09-26,2662.21,2674.562,2654.099,2657.148,1999648200,0.0,sina_index,2026-09-02T14:29:05
2019-09-27,2660.299,2660.878,2640.687,2644.753,1658619500,0.0,sina_index,2026-09-02T14:29:05
2019-09-30,2639.528,2646.412,2619.644,2619.866,1259207800,0.0,sina_index,2026-09-02T14:29:05
2019-10-08,2619.374,2648.183,2619.374,2636.079,1699295600,0.0,sina_index,2026-09-02T14:29:05
2019-10-09,2629.35,2665.452,2626.002,2663.759,1971607000,0.0,sina_index,2026-09-02T14:29:05
2019-10-10,2665.019,2677.002,2660.592,2676.849,1460224900,0.0,sina_index,2026-09-02T14:29:05
2019-10-11,2687.312,2707.85,2679.747,2700.913,1953436000,0.0,sina_index,2026-09-02T14:29:05
2019-10-14,2714.38,2743.157,2714.38,2729.8,2923204200,0.0,sina_index,2026-09-02T14:29:05
2019-10-15,2731.044,2731.044,2705.367,2711.794,1784213100,0.0,sina_index,2026-09-02T14:29:05
2019-10-16,2715.516,2735.122,2701.957,2705.256,1810652400,0.0,sina_index,2026-09-02T14:29:05
2019-10-17,2706.293,2707.138,2685.152,2691.846,1175857600,0.0,sina_index,2026-09-02T14:29:05
2019-10-18,2698.766,2703.909,2653.27,2660.598,1669811200,0.0,sina_index,2026-09-02T14:29:05
2019-10-21,2656.898,2672.684,2646.801,2671.653,1676665400,0.0,sina_index,2026-09-02T14:29:05
2019-10-22,2678.234,2679.348,2660.517,2676.527,1416522800,0.0,sina_index,2026-09-02T14:29:05
2019-10-23,2676.471,2680.727,2662.421,2669.212,1509446900,0.0,sina_index,2026-09-02T14:29:05
2019-10-24,2669.155,2681.817,2662.2,2673.024,1674369500,0.0,sina_index,2026-09-02T14:29:05
2019-10-25,2674.069,2679.125,2651.805,2677.153,1418678700,0.0,sina_index,2026-09-02T14:29:05
2019-10-28,2674.173,2688.347,2673.344,2687.754,1638876400,0.0,sina_index,2026-09-02T14:29:05
2019-10-29,2690.156,2690.156,2671.598,2671.891,1404514000,0.0,sina_index,2026-09-02T14:29:05
2019-10-30,2658.708,2658.708,2638.486,2642.307,1487008700,0.0,sina_index,2026-09-02T14:29:05
2019-10-31,2642.821,2646.147,2626.664,2630.79,1651832200,0.0,sina_index,2026-09-02T14:29:05
2019-11-01,2630.806,2659.714,2621.582,2658.894,1857043300,0.0,sina_index,2026-09-02T14:29:05
2019-11-04,2663.871,2673.361,2663.731,2669.512,1757812800,0.0,sina_index,2026-09-02T14:29:05
2019-11-05,2672.544,2697.376,2661.096,2680.752,2203988700,0.0,sina_index,2026-09-02T14:29:05
2019-11-06,2682.953,2682.953,2655.017,2663.653,1802571000,0.0,sina_index,2026-09-02T14:29:05
2019-11-07,2663.906,2675.078,2656.999,2665.173,1371570200,0.0,sina_index,2026-09-02T14:29:05
2019-11-08,2676.97,2681.762,2651.257,2652.434,1694111100,0.0,sina_index,2026-09-02T14:29:05
2019-11-11,2640.281,2640.335,2603.138,2604.882,1772281800,0.0,sina_index,2026-09-02T14:29:05
2019-11-12,2606.422,2614.131,2595.147,2613.901,1239808200,0.0,sina_index,2026-09-02T14:29:05
2019-11-13,2613.047,2613.047,2592.218,2599.682,1308419900,0.0,sina_index,2026-09-02T14:29:05
2019-11-14,2601.273,2604.024,2588.878,2598.027,1278736400,0.0,sina_index,2026-09-02T14:29:05
2019-11-15,2599.221,2602.635,2580.144,2580.144,1275158700,0.0,sina_index,2026-09-02T14:29:05
2019-11-18,2579.658,2598.597,2571.797,2597.852,1463129500,0.0,sina_index,2026-09-02T14:29:05
2019-11-19,2595.167,2622.965,2592.226,2621.906,1444557000,0.0,sina_index,2026-09-02T14:29:05
2019-11-20,2617.984,2621.938,2601.982,2603.904,1411612700,0.0,sina_index,2026-09-02T14:29:05
2019-11-21,2598.482,2608.34,2590.249,2606.101,1347392300,0.0,sina_index,2026-09-02T14:29:05
2019-11-22,2608.58,2624.375,2593.9,2603.087,1505178900,0.0,sina_index,2026-09-02T14:29:05
2019-11-25,2604.128,2640.986,2604.128,2638.897,1896853100,0.0,sina_index,2026-09-02T14:29:05
2019-11-26,2644.4,2644.4,2623.269,2632.371,1937190900,0.0,sina_index,2026-09-02T14:29:05
2019-11-27,2629.505,2634.688,2618.146,2625.48,1126671200,0.0,sina_index,2026-09-02T14:29:05
2019-11-28,2623.807,2628.633,2609.718,2615.394,1020089900,0.0,sina_index,2026-09-02T14:29:05
2019-11-29,2613.923,2624.715,2603.422,2611.536,1247542500,0.0,sina_index,2026-09-02T14:29:05
2019-12-02,2612.348,2628.545,2612.242,2618.684,1260123600,0.0,sina_index,2026-09-02T14:29:05
2019-12-03,2612.556,2626.068,2604.566,2626.068,1218698400,0.0,sina_index,2026-09-02T14:29:05
2019-12-04,2617.461,2622.619,2602.864,2608.822,1133747100,0.0,sina_index,2026-09-02T14:29:05
2019-12-05,2615.441,2620.999,2608.611,2618.631,1229895400,0.0,sina_index,2026-09-02T14:29:05
2019-12-06,2620.217,2620.975,2604.496,2617.339,1099340700,0.0,sina_index,2026-09-02T14:29:05
2019-12-09,2619.476,2636.114,2614.816,2636.052,1563577700,0.0,sina_index,2026-09-02T14:29:05
2019-12-10,2631.453,2635.345,2624.626,2633.392,1186817900,0.0,sina_index,2026-09-02T14:29:05
2019-12-11,2639.092,2652.781,2636.676,2652.146,1547716800,0.0,sina_index,2026-09-02T14:29:05
2019-12-12,2653.891,2656.116,2643.989,2652.727,1451182300,0.0,sina_index,2026-09-02T14:29:05
2019-12-13,2667.597,2680.142,2662.9,2679.252,2317552100,0.0,sina_index,2026-09-02T14:29:05
2019-12-16,2684.48,2695.967,2677.242,2695.967,1811630400,0.0,sina_index,2026-09-02T14:29:05
2019-12-17,2703.01,2734.797,2688.283,2719.164,2501817500,0.0,sina_index,2026-09-02T14:29:05
2019-12-18,2719.677,2727.176,2711.215,2716.813,1802703300,0.0,sina_index,2026-09-02T14:29:05
2019-12-19,2714.632,2720.995,2709.881,2716.923,1480141700,0.0,sina_index,2026-09-02T14:29:05
2019-12-20,2717.255,2720.176,2699.275,2702.582,1468166100,0.0,sina_index,2026-09-02T14:29:05
2019-12-23,2697.005,2706.226,2666.91,2669.488,1550542300,0.0,sina_index,2026-09-02T14:29:05
2019-12-24,2671.643,2683.819,2661.977,2681.64,996030100,0.0,sina_index,2026-09-02T14:29:05
2019-12-25,2680.867,2684.066,2668.312,2679.681,1003378200,0.0,sina_index,2026-09-02T14:29:05
2019-12-26,2681.355,2713.118,2680.133,2713.025,1214842900,0.0,sina_index,2026-09-02T14:29:05
2019-12-27,2711.204,2731.166,2707.804,2709.195,1769683000,0.0,sina_index,2026-09-02T14:29:05
2019-12-30,2706.639,2738.528,2703.173,2738.528,2135976000,0.0,sina_index,2026-09-02T14:29:05
2019-12-31,2733.71,2754.222,2727.19,2751.423,1679786600,0.0,sina_index,2026-09-02T14:29:05
2020-01-02,2770.116,2793.483,2770.116,2781.714,2459788500,0.0,sina_index,2026-09-02T14:29:05
2020-01-03,2785.871,2788.252,2767.875,2779.455,1734820500,0.0,sina_index,2026-09-02T14:29:05
2020-01-06,2771.599,2798.491,2765.062,2775.567,2437983300,0.0,sina_index,2026-09-02T14:29:05
2020-01-07,2777.414,2794.563,2774.842,2794.123,1943239300,0.0,sina_index,2026-09-02T14:29:05
2020-01-08,2787.916,2791.488,2765.032,2772.291,1928838200,0.0,sina_index,2026-09-02T14:29:05
2020-01-09,2788.945,2798.742,2783.203,2798.617,1813883600,0.0,sina_index,2026-09-02T14:29:05
2020-01-10,2801.833,2804.267,2772.437,2785.909,1360756600,0.0,sina_index,2026-09-02T14:29:05
2020-01-13,2785.984,2800.859,2774.753,2800.859,1605932900,0.0,sina_index,2026-09-02T14:29:05
2020-01-14,2804.535,2814.066,2799.584,2801.588,1518725800,0.0,sina_index,2026-09-02T14:29:05
2020-01-15,2804.864,2805.69,2782.637,2788.181,1268633500,0.0,sina_index,2026-09-02T14:29:05
2020-01-16,2803.055,2803.298,2779.664,2780.45,1565978100,0.0,sina_index,2026-09-02T14:29:05
2020-01-17,2798.976,2800.922,2775.329,2781.848,1288151800,0.0,sina_index,2026-09-02T14:29:05
2020-01-20,2779.807,2785.987,2766.58,2782.943,1348020200,0.0,sina_index,2026-09-02T14:29:05
2020-01-21,2773.287,2773.287,2727.17,2728.502,1756671000,0.0,sina_index,2026-09-02T14:29:05
2020-01-22,2718.466,2738.853,2689.465,2732.37,1603637000,0.0,sina_index,2026-09-02T14:29:05
2020-01-23,2714.372,2717.323,2643.679,2657.882,2170093500,0.0,sina_index,2026-09-02T14:29:05
2020-02-03,2408.483,2446.098,2408.483,2429.552,3695529000,0.0,sina_index,2026-09-02T14:29:05
2020-02-04,2375.552,2474.384,2375.552,2473.132,2961065600,0.0,sina_index,2026-09-02T14:29:05
2020-02-05,2477.093,2525.836,2467.713,2500.793,2215558500,0.0,sina_index,2026-09-02T14:29:05
2020-02-06,2503.127,2525.054,2484.79,2520.013,2136598600,0.0,sina_index,2026-09-02T14:29:05
2020-02-07,2513.715,2517.117,2486.881,2517.117,1811282300,0.0,sina_index,2026-09-02T14:29:05
2020-02-10,2504.1,2556.56,2494.977,2556.263,1895996900,0.0,sina_index,2026-09-02T14:29:05
2020-02-11,2559.389,2582.096,2549.81,2566.589,2045736400,0.0,sina_index,2026-09-02T14:29:05
2020-02-12,2560.657,2575.783,2552.972,2575.323,1459737500,0.0,sina_index,2026-09-02T14:29:05
2020-02-13,2571.519,2581.916,2557.527,2559.276,1689368900,0.0,sina_index,2026-09-02T14:29:05
2020-02-14,2555.175,2576.377,2553.633,2576.281,1469790700,0.0,sina_index,2026-09-02T14:29:05
2020-02-17,2573.696,2626.053,2572.736,2625.84,2083242100,0.0,sina_index,2026-09-02T14:29:05
2020-02-18,2622.943,2636.83,2606.933,2621.546,1767431400,0.0,sina_index,2026-09-02T14:29:05
2020-02-19,2615.843,2635.269,2612.711,2621.766,1666930600,0.0,sina_index,2026-09-02T14:29:05
2020-02-20,2625.722,2663.508,2615.899,2660.527,2136618800,0.0,sina_index,2026-09-02T14:29:05
2020-02-21,2659.476,2687.036,2654.549,2676.004,1899683400,0.0,sina_index,2026-09-02T14:29:05
2020-02-24,2664.447,2668.131,2636.841,2656.869,2058443100,0.0,sina_index,2026-09-02T14:29:05
2020-02-25,2618.756,2628.495,2576.261,2624.347,2235701900,0.0,sina_index,2026-09-02T14:29:05
2020-02-26,2596.83,2664.038,2593.96,2631.992,2703428000,0.0,sina_index,2026-09-02T14:29:05
2020-02-27,2638.209,2650.668,2622.087,2627.938,1865888300,0.0,sina_index,2026-09-02T14:29:05
2020-02-28,2565.751,2593.201,2538.176,2549.531,2706806400,0.0,sina_index,2026-09-02T14:29:05
2020-03-02,2562.255,2642.724,2562.255,2636.954,2471245700,0.0,sina_index,2026-09-02T14:29:05
2020-03-03,2663.43,2669.888,2626.264,2640.207,2349293300,0.0,sina_index,2026-09-02T14:29:05
2020-03-04,2629.02,2666.491,2625.458,2665.845,1922765900,0.0,sina_index,2026-09-02T14:29:05
2020-03-05,2678.673,2695.216,2668.701,2690.052,2826309400,0.0,sina_index,2026-09-02T14:29:05
2020-03-06,2663.735,2669.884,2650.003,2658.8,1987925700,0.0,sina_index,2026-09-02T14:29:05
2020-03-09,2621.457,2621.457,2588.433,2591.087,3065344000,0.0,sina_index,2026-09-02T14:29:05
2020-03-10,2572.621,2636.174,2567.675,2631.22,2474337600,0.0,sina_index,2026-09-02T14:29:05
2020-03-11,2632.497,2644.843,2609.87,2609.997,1926987800,0.0,sina_index,2026-09-02T14:29:05
2020-03-12,2582.441,2593.319,2562.734,2574.509,2104562500,0.0,sina_index,2026-09-02T14:29:05
2020-03-13,2475.36,2546.544,2465.566,2528.107,2706947400,0.0,sina_index,2026-09-02T14:29:05
2020-03-16,2538.834,2539.147,2459.352,2464.535,2591209900,0.0,sina_index,2026-09-02T14:29:05
2020-03-17,2465.579,2492.765,2409.633,2451.035,2276833300,0.0,sina_index,2026-09-02T14:29:05
2020-03-18,2464.23,2476.808,2411.666,2411.788,2033086500,0.0,sina_index,2026-09-02T14:29:05
2020-03-19,2404.905,2417.484,2341.245,2375.531,2609300500,0.0,sina_index,2026-09-02T14:29:05
2020-03-20,2397.714,2407.894,2369.312,2400.154,1940151200,0.0,sina_index,2026-09-02T14:29:05
2020-03-23,2350.936,2355.599,2320.94,2321.85,1704772200,0.0,sina_index,2026-09-02T14:29:05
2020-03-24,2354.305,2377.498,2335.703,2375.148,1799089200,0.0,sina_index,2026-09-02T14:29:05
2020-03-25,2416.765,2437.182,2405.71,2433.14,1884098700,0.0,sina_index,2026-09-02T14:29:05
2020-03-26,2417.239,2425.751,2406.809,2408.625,1523304400,0.0,sina_index,2026-09-02T14:29:05
2020-03-27,2429.877,2448.82,2420.495,2423.227,1569754200,0.0,sina_index,2026-09-02T14:29:05
2020-03-30,2401.415,2413.043,2382.111,2399.886,1686541100,0.0,sina_index,2026-09-02T14:29:05
2020-03-31,2417.223,2419.921,2390.633,2396.44,1579227100,0.0,sina_index,2026-09-02T14:29:05
2020-04-01,2391.944,2412.726,2377.422,2379.588,1265475000,0.0,sina_index,2026-09-02T14:29:05
2020-04-02,2370.348,2413.143,2367.31,2413.143,1381244500,0.0,sina_index,2026-09-02T14:29:05
2020-04-03,2406.721,2413.815,2391.969,2399.906,1207919100,0.0,sina_index,2026-09-02T14:29:05
2020-04-07,2427.431,2441.296,2421.763,2436.495,1717594000,0.0,sina_index,2026-09-02T14:29:05
2020-04-08,2428.107,2438.773,2417.912,2432.931,1318380800,0.0,sina_index,2026-09-02T14:29:05
2020-04-09,2441.063,2448.435,2432.529,2439.161,1021470900,0.0,sina_index,2026-09-02T14:29:05
2020-04-10,2440.82,2443.369,2410.342,2414.74,1162343900,0.0,sina_index,2026-09-02T14:29:05
2020-04-13,2406.778,2411.388,2397.504,2408.841,1048375600,0.0,sina_index,2026-09-02T14:29:05
2020-04-14,2413.248,2433.307,2413.224,2433.047,1209481400,0.0,sina_index,2026-09-02T14:29:05
2020-04-15,2433.278,2433.915,2417.202,2419.254,1065598800,0.0,sina_index,2026-09-02T14:29:05
2020-04-16,2412.241,2421.033,2405.979,2414.598,1062642300,0.0,sina_index,2026-09-02T14:29:05
2020-04-17,2424.616,2436.437,2419.314,2423.82,1521106200,0.0,sina_index,2026-09-02T14:29:05
2020-04-20,2426.349,2427.524,2413.024,2426.449,1315087900,0.0,sina_index,2026-09-02T14:29:05
2020-04-21,2418.938,2419.193,2392.028,2405.956,1260910800,0.0,sina_index,2026-09-02T14:29:05
2020-04-22,2397.541,2410.828,2389.138,2410.404,1073655200,0.0,sina_index,2026-09-02T14:29:05
2020-04-23,2415.547,2416.075,2399.599,2400.781,1352307200,0.0,sina_index,2026-09-02T14:29:05
2020-04-24,2400.551,2401.9,2377.14,2382.591,1011313200,0.0,sina_index,2026-09-02T14:29:05
2020-04-27,2385.799,2403.734,2384.797,2392.838,1343095200,0.0,sina_index,2026-09-02T14:29:05
2020-04-28,2393.384,2394.106,2341.698,2378.606,1470752500,0.0,sina_index,2026-09-02T14:29:05
2020-04-29,2376.272,2414.553,2375.856,2414.553,1636462300,0.0,sina_index,2026-09-02T14:29:05
2020-04-30,2417.825,2453.199,2417.825,2451.312,1652130500,0.0,sina_index,2026-09-02T14:29:05
2020-05-06,2427.271,2450.784,2426.464,2447.708,1876726200,0.0,sina_index,2026-09-02T14:29:05
2020-05-07,2445.342,2456.64,2436.709,2453.724,1435509000,0.0,sina_index,2026-09-02T14:29:05
2020-05-08,2457.908,2472.605,2454.563,2467.143,1361960100,0.0,sina_index,2026-09-02T14:29:05
2020-05-11,2471.954,2480.511,2458.529,2465.509,1367826200,0.0,sina_index,2026-09-02T14:29:05
2020-05-12,2465.852,2467.048,2441.86,2451.203,1108440900,0.0,sina_index,2026-09-02T14:29:05
2020-05-13,2442.14,2453.748,2432.059,2452.453,1061073200,0.0,sina_index,2026-09-02T14:29:05
2020-05-14,2446.814,2446.865,2425.099,2426.77,1058842000,0.0,sina_index,2026-09-02T14:29:05
2020-05-15,2433.471,2437.492,2418.39,2419.776,1059172400,0.0,sina_index,2026-09-02T14:29:05
2020-05-18,2424.045,2432.932,2412.514,2418.382,1118559400,0.0,sina_index,2026-09-02T14:29:05
2020-05-19,2436.731,2441.644,2426.654,2430.701,1171990100,0.0,sina_index,2026-09-02T14:29:05
2020-05-20,2428.479,2428.479,2408.223,2413.116,1001786600,0.0,sina_index,2026-09-02T14:29:05
2020-05-21,2419.865,2422.544,2400.128,2401.495,996337900,0.0,sina_index,2026-09-02T14:29:05
2020-05-22,2395.538,2395.94,2356.823,2357.258,1383286000,0.0,sina_index,2026-09-02T14:29:05
2020-05-25,2360.808,2367.189,2349.887,2367.028,1023185600,0.0,sina_index,2026-09-02T14:29:05
2020-05-26,2371.477,2378.384,2368.166,2376.322,960722300,0.0,sina_index,2026-09-02T14:29:05
2020-05-27,2378.128,2396.118,2373.546,2391.978,1338905800,0.0,sina_index,2026-09-02T14:29:05
2020-05-28,2382.751,2393.627,2370.66,2387.627,1453714400,0.0,sina_index,2026-09-02T14:29:05
2020-05-29,2377.246,2377.246,2359.903,2364.233,1352762900,0.0,sina_index,2026-09-02T14:29:05
2020-06-01,2371.632,2412.002,2371.632,2409.328,1536143500,0.0,sina_index,2026-09-02T14:29:05
2020-06-02,2408.897,2422.46,2405.407,2422.46,1493400400,0.0,sina_index,2026-09-02T14:29:05
2020-06-03,2425.813,2440.652,2424.5,2425.422,1712922500,0.0,sina_index,2026-09-02T14:29:05
2020-06-04,2445.202,2445.409,2425.176,2432.784,1317282700,0.0,sina_index,2026-09-02T14:29:05
2020-06-05,2433.477,2433.477,2403.2,2413.122,1320875200,0.0,sina_index,2026-09-02T14:29:05
2020-06-08,2417.673,2431.715,2417.673,2428.418,1598269400,0.0,sina_index,2026-09-02T14:29:05
2020-06-09,2432.805,2434.604,2424.981,2433.759,1364384200,0.0,sina_index,2026-09-02T14:29:05
2020-06-10,2428.971,2428.971,2413.437,2417.635,1393681000,0.0,sina_index,2026-09-02T14:29:05
2020-06-11,2417.211,2419.766,2393.207,2396.409,1672809900,0.0,sina_index,2026-09-02T14:29:05
2020-06-12,2366.452,2398.491,2362.675,2396.676,2111327800,0.0,sina_index,2026-09-02T14:29:05
2020-06-15,2378.214,2389.411,2368.909,2368.909,1862422400,0.0,sina_index,2026-09-02T14:29:05
2020-06-16,2383.28,2405.429,2379.326,2405.417,1567250900,0.0,sina_index,2026-09-02T14:29:05
2020-06-17,2406.72,2417.256,2400.982,2412.526,1792094200,0.0,sina_index,2026-09-02T14:29:05
2020-06-18,2401.932,2431.278,2399.173,2428.048,2403193800,0.0,sina_index,2026-09-02T14:29:05
2020-06-19,2420.455,2424.323,2409.183,2419.518,2272553200,0.0,sina_index,2026-09-02T14:29:05
2020-06-22,2419.398,2423.26,2403.526,2405.744,1753283500,0.0,sina_index,2026-09-02T14:29:05
2020-06-23,2405.931,2405.987,2390.204,2393.763,1549158900,0.0,sina_index,2026-09-02T14:29:05
2020-06-24,2391.301,2399.643,2387.454,2392.89,1684093300,0.0,sina_index,2026-09-02T14:29:05
2020-06-29,2389.11,2392.175,2373.058,2378.833,2068251200,0.0,sina_index,2026-09-02T14:29:05
2020-06-30,2377.582,2389.575,2376.118,2388.161,1683847200,0.0,sina_index,2026-09-02T14:29:05
2020-07-01,2394.33,2428.206,2387.014,2427.705,2622922000,0.0,sina_index,2026-09-02T14:29:05
2020-07-02,2423.213,2477.355,2420.499,2477.355,3756400100,0.0,sina_index,2026-09-02T14:29:05
2020-07-03,2481.978,2512.292,2481.978,2509.628,4012050300,0.0,sina_index,2026-09-02T14:29:05
2020-07-06,2537.637,2662.813,2537.637,2659.042,6795803500,0.0,sina_index,2026-09-02T14:29:05
2020-07-07,2686.874,2716.236,2636.743,2638.352,6145170600,0.0,sina_index,2026-09-02T14:29:05
2020-07-08,2631.025,2676.048,2607.188,2664.796,4864250900,0.0,sina_index,2026-09-02T14:29:05
2020-07-09,2663.267,2693.211,2634.17,2689.493,4856266600,0.0,sina_index,2026-09-02T14:29:05
2020-07-10,2656.731,2656.731,2599.672,2604.997,4449210400,0.0,sina_index,2026-09-02T14:29:05
2020-07-13,2606.397,2673.917,2603.008,2667.562,4828133400,0.0,sina_index,2026-09-02T14:29:05
2020-07-14,2669.553,2689.722,2607.653,2649.08,4242163200,0.0,sina_index,2026-09-02T14:29:05
2020-07-15,2654.501,2658.681,2577.25,2594.814,3747819400,0.0,sina_index,2026-09-02T14:29:05
2020-07-16,2594.419,2616.238,2519.26,2520.16,3736500600,0.0,sina_index,2026-09-02T14:29:05
2020-07-17,2519.794,2543.941,2494.927,2514.651,2640424400,0.0,sina_index,2026-09-02T14:29:05
2020-07-20,2529.258,2616.341,2529.258,2616.217,3446080000,0.0,sina_index,2026-09-02T14:29:05
2020-07-21,2619.404,2626.589,2593.837,2605.39,2323734400,0.0,sina_index,2026-09-02T14:29:05
2020-07-22,2611.504,2635.074,2599.27,2606.376,2840398100,0.0,sina_index,2026-09-02T14:29:05
2020-07-23,2582.893,2593.045,2530.188,2571.426,2912694000,0.0,sina_index,2026-09-02T14:29:05
2020-07-24,2563.109,2571.294,2479.057,2488.362,3235630800,0.0,sina_index,2026-09-02T14:29:05
2020-07-27,2497.246,2505.63,2466.352,2483.813,1994325800,0.0,sina_index,2026-09-02T14:29:05
2020-07-28,2494.374,2512.791,2489.328,2502.254,1745830700,0.0,sina_index,2026-09-02T14:29:05
2020-07-29,2497.966,2535.964,2479.749,2535.312,2230379100,0.0,sina_index,2026-09-02T14:29:05
2020-07-30,2542.339,2549.983,2528.687,2531.702,1925124500,0.0,sina_index,2026-09-02T14:29:05
2020-07-31,2525.169,2565.664,2523.682,2552.785,2520989600,0.0,sina_index,2026-09-02T14:29:05
2020-08-03,2572.077,2609.738,2572.077,2609.518,2711355000,0.0,sina_index,2026-09-02T14:29:05
2020-08-04,2620.929,2626.802,2590.265,2606.327,3719921600,0.0,sina_index,2026-09-02T14:29:05
2020-08-05,2596.674,2601.865,2567.457,2594.451,2397558300,0.0,sina_index,2026-09-02T14:29:05
2020-08-06,2599.58,2609.921,2571.892,2608.237,2362101900,0.0,sina_index,2026-09-02T14:29:05
2020-08-07,2603.225,2605.573,2568.13,2600.192,2314144900,0.0,sina_index,2026-09-02T14:29:05
2020-08-10,2605.852,2638.833,2603.243,2631.319,2439271300,0.0,sina_index,2026-09-02T14:29:05
2020-08-11,2644.222,2657.362,2607.456,2610.095,2918244200,0.0,sina_index,2026-09-02T14:29:05
2020-08-12,2607.599,2615.84,2562.518,2602.821,2650166500,0.0,sina_index,2026-09-02T14:29:05
2020-08-13,2610.411,2631.175,2610.187,2623.47,1943186200,0.0,sina_index,2026-09-02T14:29:05
2020-08-14,2619.831,2640.294,2602.059,2638.521,2129834800,0.0,sina_index,2026-09-02T14:29:05
2020-08-17,2647.364,2709.288,2647.177,2697.916,4536873200,0.0,sina_index,2026-09-02T14:29:05
2020-08-18,2701.812,2706.434,2687.158,2700.336,2692255800,0.0,sina_index,2026-09-02T14:29:05
2020-08-19,2706.319,2717.715,2678.14,2685.204,2514043900,0.0,sina_index,2026-09-02T14:29:05
2020-08-20,2678.115,2692.921,2663.846,2668.405,2550871000,0.0,sina_index,2026-09-02T14:29:05
2020-08-21,2666.207,2681.599,2652.913,2666.43,1879182400,0.0,sina_index,2026-09-02T14:29:05
2020-08-24,2677.204,2683.482,2664.683,2669.799,1821502400,0.0,sina_index,2026-09-02T14:29:05
2020-08-25,2680.789,2692.316,2648.999,2660.286,1891836000,0.0,sina_index,2026-09-02T14:29:05
2020-08-26,2657.428,2658.729,2612.975,2616.616,1987603000,0.0,sina_index,2026-09-02T14:29:05
2020-08-27,2621.95,2626.081,2602.263,2624.908,1866794500,0.0,sina_index,2026-09-02T14:29:05
2020-08-28,2625.945,2662.718,2620.442,2661.107,2204718500,0.0,sina_index,2026-09-02T14:29:05
2020-08-31,2665.435,2674.241,2642.766,2644.04,3103168200,0.0,sina_index,2026-09-02T14:29:05
2020-09-01,2639.244,2645.888,2622.288,2645.888,1962388400,0.0,sina_index,2026-09-02T14:29:05
2020-09-02,2653.999,2656.476,2629.405,2645.43,2170694500,0.0,sina_index,2026-09-02T14:29:05
2020-09-03,2651.598,2663.211,2628.524,2633.801,2000273400,0.0,sina_index,2026-09-02T14:29:05
2020-09-04,2607.129,2619.69,2593.476,2615.978,1772328700,0.0,sina_index,2026-09-02T14:29:05
2020-09-07,2615.851,2641.627,2599.612,2604.531,1960736300,0.0,sina_index,2026-09-02T14:29:05
2020-09-08,2609.481,2626.099,2596.74,2620.926,2047941600,0.0,sina_index,2026-09-02T14:29:05
2020-09-09,2603.062,2617.451,2584.565,2598.918,2209744600,0.0,sina_index,2026-09-02T14:29:05
2020-09-10,2616.653,2620.534,2575.679,2580.596,2153321500,0.0,sina_index,2026-09-02T14:29:05
2020-09-11,2572.194,2581.998,2557.091,2578.026,1588879400,0.0,sina_index,2026-09-02T14:29:05
2020-09-14,2583.186,2587.838,2570.562,2585.458,1361191400,0.0,sina_index,2026-09-02T14:29:05
2020-09-15,2585.042,2591.447,2574.22,2591.311,1269112900,0.0,sina_index,2026-09-02T14:29:05
2020-09-16,2589.176,2608.08,2580.674,2596.388,1397137000,0.0,sina_index,2026-09-02T14:29:05
2020-09-17,2593.851,2613.737,2583.027,2598.79,1360184500,0.0,sina_index,2026-09-02T14:29:05
2020-09-18,2599.09,2635.864,2592.01,2635.47,2329111700,0.0,sina_index,2026-09-02T14:29:05
2020-09-21,2637.562,2638.655,2614.975,2622.333,1572610000,0.0,sina_index,2026-09-02T14:29:05
2020-09-22,2602.275,2612.024,2579.537,2584.54,1439953300,0.0,sina_index,2026-09-02T14:29:05
2020-09-23,2592.179,2596.5,2580.736,2588.119,1144599300,0.0,sina_index,2026-09-02T14:29:05
2020-09-24,2576.511,2578.85,2546.298,2548.891,1580474500,0.0,sina_index,2026-09-02T14:29:05
2020-09-25,2554.515,2559.898,2531.051,2539.56,1299892400,0.0,sina_index,2026-09-02T14:29:05
2020-09-28,2546.791,2554.862,2538.313,2547.257,1502749000,0.0,sina_index,2026-09-02T14:29:05
2020-09-29,2556.679,2562.29,2542.573,2546.538,1181664000,0.0,sina_index,2026-09-02T14:29:05
2020-09-30,2553.582,2556.662,2528.011,2537.417,1528558800,0.0,sina_index,2026-09-02T14:29:05
2020-10-09,2567.727,2585.72,2563.98,2575.206,1494272500,0.0,sina_index,2026-09-02T14:29:05
2020-10-12,2582.954,2621.96,2580.984,2621.157,2422365600,0.0,sina_index,2026-09-02T14:29:05
2020-10-13,2620.65,2620.65,2602.564,2613.363,1919629200,0.0,sina_index,2026-09-02T14:29:05
2020-10-14,2610.688,2610.688,2598.052,2606.299,1671637900,0.0,sina_index,2026-09-02T14:29:05
2020-10-15,2603.437,2607.028,2590.803,2593.135,1837571400,0.0,sina_index,2026-09-02T14:29:05
2020-10-16,2591.403,2608.992,2591.403,2599.035,2922752200,0.0,sina_index,2026-09-02T14:29:05
2020-10-19,2606.179,2628.19,2583.755,2587.04,3006429600,0.0,sina_index,2026-09-02T14:29:05
2020-10-20,2581.638,2584.853,2566.821,2583.715,1884513000,0.0,sina_index,2026-09-02T14:29:05
2020-10-21,2584.442,2585.656,2567.841,2583.281,1984185200,0.0,sina_index,2026-09-02T14:29:05
2020-10-22,2577.371,2577.88,2562.977,2568.656,1720144500,0.0,sina_index,2026-09-02T14:29:05
2020-10-23,2567.21,2579.029,2554.79,2558.607,2074222800,0.0,sina_index,2026-09-02T14:29:05
2020-10-26,2556.392,2556.392,2537.03,2545.452,1823281700,0.0,sina_index,2026-09-02T14:29:05
2020-10-27,2538.39,2543.204,2527.518,2538.646,1494450100,0.0,sina_index,2026-09-02T14:29:05
2020-10-28,2540.226,2546.636,2519.97,2543.094,1746903000,0.0,sina_index,2026-09-02T14:29:05
2020-10-29,2524.043,2572.907,2520.67,2562.338,1914259100,0.0,sina_index,2026-09-02T14:29:05
2020-10-30,2568.889,2583.055,2542.896,2543.816,2267914100,0.0,sina_index,2026-09-02T14:29:05
2020-11-02,2549.514,2563.902,2544.509,2558.991,2007584900,0.0,sina_index,2026-09-02T14:29:05
2020-11-03,2565.545,2582.913,2561.931,2580.848,1820653600,0.0,sina_index,2026-09-02T14:29:05
2020-11-04,2587.827,2606.246,2579.48,2603.924,1728850500,0.0,sina_index,2026-09-02T14:29:05
2020-11-05,2620.384,2648.15,2618.777,2647.872,2118287000,0.0,sina_index,2026-09-02T14:29:05
2020-11-06,2649.862,2670.368,2637.975,2669.739,2080104800,0.0,sina_index,2026-09-02T14:29:05
2020-11-09,2685.336,2721.639,2685.336,2718.984,2587639400,0.0,sina_index,2026-09-02T14:29:05
2020-11-10,2728.936,2729.458,2697.264,2703.948,2683457000,0.0,sina_index,2026-09-02T14:29:05
2020-11-11,2697.566,2733.474,2696.118,2716.248,2793748900,0.0,sina_index,2026-09-02T14:29:05
2020-11-12,2717.046,2737.029,2709.03,2735.883,1798985600,0.0,sina_index,2026-09-02T14:29:05
2020-11-13,2729.408,2730.966,2692.509,2714.047,2127386800,0.0,sina_index,2026-09-02T14:29:05
2020-11-16,2724.868,2769.232,2720.2,2767.196,2101386000,0.0,sina_index,2026-09-02T14:29:05
2020-11-17,2770.078,2790.889,2765.595,2778.794,2316179500,0.0,sina_index,2026-09-02T14:29:05
2020-11-18,2773.438,2794.95,2769.432,2792.308,2910796900,0.0,sina_index,2026-09-02T14:29:05
2020-11-19,2785.822,2787.544,2760.197,2770.055,2174509800,0.0,sina_index,2026-09-02T14:29:05
2020-11-20,2767.215,2789.923,2757.709,2787.754,1890832600,0.0,sina_index,2026-09-02T14:29:05
2020-11-23,2790.87,2843.105,2790.843,2828.444,3196869900,0.0,sina_index,2026-09-02T14:29:05
2020-11-24,2829.922,2833.127,2807.803,2820.485,2185406100,0.0,sina_index,2026-09-02T14:29:05
2020-11-25,2833.229,2837.606,2786.77,2786.77,2450772200,0.0,sina_index,2026-09-02T14:29:05
2020-11-26,2781.697,2788.91,2767.577,2784.937,2130102100,0.0,sina_index,2026-09-02T14:29:05
2020-11-27,2791.995,2807.117,2772.041,2807.005,4139240500,0.0,sina_index,2026-09-02T14:29:05
2020-11-30,2809.748,2831.645,2768.179,2768.179,6181118100,0.0,sina_index,2026-09-02T14:29:05
2020-12-01,2769.807,2793.624,2755.527,2789.816,3467214100,0.0,sina_index,2026-09-02T14:29:05
2020-12-02,2792.914,2800.303,2772.329,2785.907,2716095100,0.0,sina_index,2026-09-02T14:29:05
2020-12-03,2786.183,2786.183,2755.064,2761.448,2304387200,0.0,sina_index,2026-09-02T14:29:05
2020-12-04,2761.539,2761.539,2730.025,2748.289,2280734300,0.0,sina_index,2026-09-02T14:29:05
2020-12-07,2752.522,2757.555,2707.557,2707.557,2451866700,0.0,sina_index,2026-09-02T14:29:05
2020-12-08,2714.727,2721.126,2695.695,2701.236,1906072500,0.0,sina_index,2026-09-02T14:29:05
2020-12-09,2703.703,2704.926,2663.412,2663.574,2017907300,0.0,sina_index,2026-09-02T14:29:05
2020-12-10,2664.241,2675.621,2655.021,2664.408,2269682300,0.0,sina_index,2026-09-02T14:29:05
2020-12-11,2675.561,2677.639,2613.787,2669.436,2907543300,0.0,sina_index,2026-09-02T14:29:05
2020-12-14,2657.49,2660.211,2627.767,2636.222,2565914400,0.0,sina_index,2026-09-02T14:29:05
2020-12-15,2639.176,2639.176,2609.632,2627.436,2442934900,0.0,sina_index,2026-09-02T14:29:05
2020-12-16,2629.335,2635.154,2617.63,2624.039,1961035500,0.0,sina_index,2026-09-02T14:29:05
2020-12-17,2622.803,2652.697,2602.868,2650.728,2340601400,0.0,sina_index,2026-09-02T14:29:05
2020-12-18,2660.841,2685.061,2660.841,2670.549,2212349100,0.0,sina_index,2026-09-02T14:29:05
2020-12-21,2677.763,2685.397,2653.817,2676.001,2267549300,0.0,sina_index,2026-09-02T14:29:05
2020-12-22,2663.516,2663.58,2608.944,2612.213,2859550600,0.0,sina_index,2026-09-02T14:29:05
2020-12-23,2611.488,2634.478,2608.242,2619.93,2174637900,0.0,sina_index,2026-09-02T14:29:05
2020-12-24,2621.748,2623.744,2596.202,2605.441,1633831100,0.0,sina_index,2026-09-02T14:29:05
2020-12-25,2601.371,2632.056,2592.336,2615.92,1603350100,0.0,sina_index,2026-09-02T14:29:05
2020-12-28,2618.265,2620.819,2595.702,2603.064,2137799700,0.0,sina_index,2026-09-02T14:29:05
2020-12-29,2604.102,2604.618,2576.888,2579.413,2073911800,0.0,sina_index,2026-09-02T14:29:05
2020-12-30,2579.229,2597.695,2572.445,2585.182,1988672600,0.0,sina_index,2026-09-02T14:29:05
2020-12-31,2583.753,2599.538,2577.14,2594.989,2463133900,0.0,sina_index,2026-09-02T14:29:05
2021-01-04,2589.207,2599.938,2576.344,2593.416,3055033400,0.0,sina_index,2026-09-02T14:29:05
2021-01-05,2589.602,2589.602,2554.536,2578.071,3040627100,0.0,sina_index,2026-09-02T14:29:05
2021-01-06,2574.818,2589.272,2563.245,2580.549,2712117600,0.0,sina_index,2026-09-02T14:29:05
2021-01-07,2579.795,2581.901,2552.241,2568.754,3054876800,0.0,sina_index,2026-09-02T14:29:05
2021-01-08,2565.434,2587.53,2551.393,2578.944,2885598900,0.0,sina_index,2026-09-02T14:29:05
2021-01-11,2577.652,2577.869,2540.263,2545.109,3538113800,0.0,sina_index,2026-09-02T14:29:05
2021-01-12,2543.633,2567.527,2541.793,2567.397,2681988800,0.0,sina_index,2026-09-02T14:29:05
2021-01-13,2568.322,2579.244,2555.067,2572.8,3174180700,0.0,sina_index,2026-09-02T14:29:05
2021-01-14,2565.17,2580.484,2557.498,2569.399,3037584500,0.0,sina_index,2026-09-02T14:29:05
2021-01-15,2572.891,2596.617,2572.891,2584.913,4454002500,0.0,sina_index,2026-09-02T14:29:05
2021-01-18,2585.948,2608.886,2581.209,2601.751,3336246500,0.0,sina_index,2026-09-02T14:29:05
2021-01-19,2597.061,2623.467,2583.726,2610.892,3566192000,0.0,sina_index,2026-09-02T14:29:05
2021-01-20,2607.921,2613.276,2594.227,2602.862,2794919400,0.0,sina_index,2026-09-02T14:29:05
2021-01-21,2604.637,2622.643,2595.799,2610.669,2744133500,0.0,sina_index,2026-09-02T14:29:05
2021-01-22,2606.945,2606.945,2574.058,2580.69,2736868500,0.0,sina_index,2026-09-02T14:29:05
2021-01-25,2570.635,2570.635,2539.938,2544.145,2605769600,0.0,sina_index,2026-09-02T14:29:05
2021-01-26,2541.306,2558.639,2530.979,2536.195,2092220100,0.0,sina_index,2026-09-02T14:29:05
2021-01-27,2536.134,2554.902,2529.527,2533.348,2418549000,0.0,sina_index,2026-09-02T14:29:05
2021-01-28,2519.253,2519.253,2499.208,2505.337,2248386900,0.0,sina_index,2026-09-02T14:29:05
2021-01-29,2510.039,2515.175,2470.403,2483.5,2615902800,0.0,sina_index,2026-09-02T14:29:05
2021-02-01,2483.613,2506.653,2471.301,2504.44,2552254700,0.0,sina_index,2026-09-02T14:29:05
2021-02-02,2505.929,2514.293,2502.543,2510.206,2410854900,0.0,sina_index,2026-09-02T14:29:05
2021-02-03,2508.81,2509.053,2481.069,2487.587,2264437900,0.0,sina_index,2026-09-02T14:29:05
2021-02-04,2480.874,2480.874,2457.673,2472.324,2338280100,0.0,sina_index,2026-09-02T14:29:05
2021-02-05,2468.925,2503.161,2463.519,2490.707,4153802900,0.0,sina_index,2026-09-02T14:29:05
2021-02-08,2491.956,2513.181,2485.503,2505.166,3132828300,0.0,sina_index,2026-09-02T14:29:05
2021-02-09,2505.003,2524.309,2493.407,2521.727,2712552500,0.0,sina_index,2026-09-02T14:29:05
2021-02-10,2525.435,2538.231,2521.46,2535.133,3647123900,0.0,sina_index,2026-09-02T14:29:05
2021-02-18,2571.829,2613.071,2571.829,2608.957,4479999200,0.0,sina_index,2026-09-02T14:29:05
2021-02-19,2605.894,2663.137,2601.366,2661.55,3318274800,0.0,sina_index,2026-09-02T14:29:05
2021-02-22,2667.482,2736.492,2666.903,2701.366,5253479100,0.0,sina_index,2026-09-02T14:29:05
2021-02-23,2695.371,2702.326,2670.566,2675.698,4110128300,0.0,sina_index,2026-09-02T14:29:05
2021-02-24,2678.722,2682.921,2628.339,2642.594,3512299100,0.0,sina_index,2026-09-02T14:29:05
2021-02-25,2663.064,2698.897,2663.064,2687.728,4154694000,0.0,sina_index,2026-09-02T14:29:05
2021-02-26,2646.419,2660.754,2624.922,2629.757,3840195800,0.0,sina_index,2026-09-02T14:29:05
2021-03-01,2636.286,2674.666,2635.087,2673.586,2895748100,0.0,sina_index,2026-09-02T14:29:05
2021-03-02,2684.852,2690.785,2637.455,2652.716,3146928900,0.0,sina_index,2026-09-02T14:29:05
2021-03-03,2653.124,2725.251,2653.124,2723.645,4553023000,0.0,sina_index,2026-09-02T14:29:05
2021-03-04,2715.07,2745.115,2708.229,2717.566,4254405300,0.0,sina_index,2026-09-02T14:29:05
2021-03-05,2692.406,2703.739,2667.438,2691.796,3990139200,0.0,sina_index,2026-09-02T14:29:05
2021-03-08,2707.989,2729.312,2673.426,2674.673,3992812000,0.0,sina_index,2026-09-02T14:29:05
2021-03-09,2674.215,2714.16,2630.492,2671.742,4121707600,0.0,sina_index,2026-09-02T14:29:05
2021-03-10,2672.232,2681.514,2646.303,2650.001,2880731700,0.0,sina_index,2026-09-02T14:29:05
2021-03-11,2651.883,2705.979,2649.412,2703.121,3313632100,0.0,sina_index,2026-09-02T14:29:05
2021-03-12,2712.476,2735.725,2698.19,2729.955,3323290300,0.0,sina_index,2026-09-02T14:29:05
2021-03-15,2731.429,2765.527,2729.858,2754.328,3678586900,0.0,sina_index,2026-09-02T14:29:05
2021-03-16,2749.257,2764.812,2729.484,2761.05,2895240600,0.0,sina_index,2026-09-02T14:29:05
2021-03-17,2753.216,2753.216,2723.865,2746.242,2582873800,0.0,sina_index,2026-09-02T14:29:05
2021-03-18,2742.288,2760.66,2739.123,2744.971,2292937100,0.0,sina_index,2026-09-02T14:29:05
2021-03-19,2723.322,2748.794,2709.934,2725.786,3248837900,0.0,sina_index,2026-09-02T14:29:05
2021-03-22,2725.528,2759.299,2725.528,2756.556,2554548900,0.0,sina_index,2026-09-02T14:29:05
2021-03-23,2755.493,2760.47,2715.45,2727.005,2394677000,0.0,sina_index,2026-09-02T14:29:05
2021-03-24,2713.909,2719.65,2670.297,2680.446,2439588900,0.0,sina_index,2026-09-02T14:29:05
2021-03-25,2683.909,2703.866,2679.199,2682.65,2148665800,0.0,sina_index,2026-09-02T14:29:05
2021-03-26,2691.195,2719.557,2689.197,2718.142,2588190000,0.0,sina_index,2026-09-02T14:29:05
2021-03-29,2733.36,2759.577,2718.101,2755.919,3511854500,0.0,sina_index,2026-09-02T14:29:05
2021-03-30,2743.643,2752.384,2727.124,2752.05,2697194800,0.0,sina_index,2026-09-02T14:29:05
2021-03-31,2746.468,2747.207,2729.825,2744.561,3045438900,0.0,sina_index,2026-09-02T14:29:05
2021-04-01,2742.413,2770.932,2733.874,2764.803,2160225900,0.0,sina_index,2026-09-02T14:29:05
2021-04-02,2763.899,2763.899,2730.204,2733.017,2318466000,0.0,sina_index,2026-09-02T14:29:05
2021-04-06,2738.096,2753.093,2735.69,2742.759,1713672000,0.0,sina_index,2026-09-02T14:29:05
2021-04-07,2739.974,2770.67,2730.581,2769.295,2388857000,0.0,sina_index,2026-09-02T14:29:05
2021-04-08,2770.086,2783.158,2756.488,2765.19,2136931400,0.0,sina_index,2026-09-02T14:29:05
2021-04-09,2764.872,2775.969,2750.718,2769.93,1948966800,0.0,sina_index,2026-09-02T14:29:05
2021-04-12,2770.305,2787.921,2760.811,2773.078,2526666300,0.0,sina_index,2026-09-02T14:29:05
2021-04-13,2764.659,2765.165,2738.35,2741.722,2067963200,0.0,sina_index,2026-09-02T14:29:05
2021-04-14,2740.196,2758.575,2734.655,2754.223,1885116200,0.0,sina_index,2026-09-02T14:29:05
2021-04-15,2756.153,2763.577,2746.639,2760.169,1900554100,0.0,sina_index,2026-09-02T14:29:05
2021-04-16,2766.467,2801.448,2762.703,2799.677,1830809000,0.0,sina_index,2026-09-02T14:29:05
2021-04-19,2792.916,2812.826,2790.74,2807.354,2196694700,0.0,sina_index,2026-09-02T14:29:05
2021-04-20,2801.008,2809.749,2795.616,2798.194,2085889800,0.0,sina_index,2026-09-02T14:29:05
2021-04-21,2789.475,2793.175,2775.124,2786.962,2009376300,0.0,sina_index,2026-09-02T14:29:05
2021-04-22,2795.697,2821.039,2789.876,2794.717,2295919100,0.0,sina_index,2026-09-02T14:29:05
2021-04-23,2789.845,2794.664,2778.689,2793.076,2010808700,0.0,sina_index,2026-09-02T14:29:05
2021-04-26,2802.666,2812.815,2776.823,2777.408,2135765700,0.0,sina_index,2026-09-02T14:29:05
2021-04-27,2777.9,2780.95,2750.63,2771.462,1738227500,0.0,sina_index,2026-09-02T14:29:05
2021-04-28,2765.546,2778.15,2752.752,2777.788,1844075800,0.0,sina_index,2026-09-02T14:29:05
2021-04-29,2781.758,2799.135,2763.147,2796.112,2427961100,0.0,sina_index,2026-09-02T14:29:05
2021-04-30,2778.246,2778.93,2750.869,2761.128,3164429500,0.0,sina_index,2026-09-02T14:29:05
2021-05-06,2769.508,2818.014,2769.508,2810.706,2577929900,0.0,sina_index,2026-09-02T14:29:05
2021-05-07,2822.161,2858.717,2808.563,2836.712,3067992300,0.0,sina_index,2026-09-02T14:29:05
2021-05-10,2852.516,2879.703,2839.675,2878.264,2833271800,0.0,sina_index,2026-09-02T14:29:05
2021-05-11,2852.599,2856.126,2805.164,2851.513,2297265500,0.0,sina_index,2026-09-02T14:29:05
2021-05-12,2845.671,2868.825,2843.385,2866.438,2323037800,0.0,sina_index,2026-09-02T14:29:05
2021-05-13,2833.433,2849.092,2807.122,2813.192,2089765000,0.0,sina_index,2026-09-02T14:29:05
2021-05-14,2821.113,2829.949,2808.816,2820.723,2265476000,0.0,sina_index,2026-09-02T14:29:05
2021-05-17,2824.383,2837.426,2808.636,2812.21,2269791200,0.0,sina_index,2026-09-02T14:29:05
2021-05-18,2816.17,2830.271,2806.236,2828.655,1678190500,0.0,sina_index,2026-09-02T14:29:05
2021-05-19,2820.294,2820.294,2799.653,2805.418,2087503500,0.0,sina_index,2026-09-02T14:29:05
2021-05-20,2767.395,2776.217,2747.642,2767.73,2300772700,0.0,sina_index,2026-09-02T14:29:05
2021-05-21,2776.902,2793.165,2769.728,2779.154,1790750200,0.0,sina_index,2026-09-02T14:29:05
2021-05-24,2785.395,2799.483,2777.867,2786.031,1710209300,0.0,sina_index,2026-09-02T14:29:05
2021-05-25,2793.559,2829.653,2777.272,2827.71,3020074900,0.0,sina_index,2026-09-02T14:29:05
2021-05-26,2835.506,2858.46,2822.007,2847.991,2576565300,0.0,sina_index,2026-09-02T14:29:05
2021-05-27,2837.429,2856.431,2833.839,2851.621,2399297400,0.0,sina_index,2026-09-02T14:29:05
2021-05-28,2856.632,2873.002,2843.667,2852.486,2414012300,0.0,sina_index,2026-09-02T14:29:05
2021-05-31,2868.983,2871.469,2839.988,2869.963,2784815200,0.0,sina_index,2026-09-02T14:29:05
2021-06-01,2870.265,2901.336,2856.011,2899.583,2764121000,0.0,sina_index,2026-09-02T14:29:05
2021-06-02,2907.41,2907.41,2873.232,2879.497,2944610100,0.0,sina_index,2026-09-02T14:29:05
2021-06-03,2881.357,2924.027,2878.679,2901.867,2973162500,0.0,sina_index,2026-09-02T14:29:05
2021-06-04,2878.664,2888.382,2857.683,2873.419,2554953000,0.0,sina_index,2026-09-02T14:29:05
2021-06-07,2883.123,2886.889,2864.392,2878.084,2411017400,0.0,sina_index,2026-09-02T14:29:05
2021-06-08,2878.334,2878.334,2844.717,2851.005,2452016100,0.0,sina_index,2026-09-02T14:29:05
2021-06-09,2852.729,2885.888,2850.984,2872.302,2520246600,0.0,sina_index,2026-09-02T14:29:05
2021-06-10,2869.588,2895.448,2863.871,2878.391,2633745000,0.0,sina_index,2026-09-02T14:29:05
2021-06-11,2886.65,2895.674,2872.758,2880.577,3005002200,0.0,sina_index,2026-09-02T14:29:05
2021-06-15,2892.731,2893.756,2849.369,2865.042,3048817500,0.0,sina_index,2026-09-02T14:29:05
2021-06-16,2863.227,2877.359,2834.685,2842.771,2459294900,0.0,sina_index,2026-09-02T14:29:05
2021-06-17,2834.205,2857.066,2818.184,2836.938,2411983200,0.0,sina_index,2026-09-02T14:29:05
2021-06-18,2840.975,2841.996,2810.138,2818.404,2393369600,0.0,sina_index,2026-09-02T14:29:05
2021-06-21,2822.849,2829.563,2804.624,2825.476,2497237700,0.0,sina_index,2026-09-02T14:29:05
2021-06-22,2831.667,2870.495,2828.168,2866.198,2468125400,0.0,sina_index,2026-09-02T14:29:05
2021-06-23,2873.811,2925.816,2861.045,2920.72,2465922300,0.0,sina_index,2026-09-02T14:29:05
2021-06-24,2924.55,2943.697,2904.062,2919.603,2218021500,0.0,sina_index,2026-09-02T14:29:05
2021-06-25,2916.108,2950.431,2913.561,2941.873,2264873100,0.0,sina_index,2026-09-02T14:29:05
2021-06-28,2917.215,2919.386,2880.766,2885.439,2182798800,0.0,sina_index,2026-09-02T14:29:05
2021-06-29,2880.948,2882.728,2858.908,2862.639,2313747000,0.0,sina_index,2026-09-02T14:29:05
2021-06-30,2859.679,2878.395,2847.247,2874.424,2303540100,0.0,sina_index,2026-09-02T14:29:05
2021-07-01,2880.293,2897.985,2860.633,2868.524,2364686500,0.0,sina_index,2026-09-02T14:29:05
2021-07-02,2868.484,2868.539,2835.473,2839.302,2504133100,0.0,sina_index,2026-09-02T14:29:05
2021-07-05,2839.8,2845.27,2817.664,2844.13,2245802100,0.0,sina_index,2026-09-02T14:29:05
2021-07-06,2839.17,2844.184,2817.694,2839.009,2314849500,0.0,sina_index,2026-09-02T14:29:05
2021-07-07,2822.493,2835.519,2808.323,2833.175,1972673600,0.0,sina_index,2026-09-02T14:29:05
2021-07-08,2826.479,2827.383,2773.056,2774.093,2599647500,0.0,sina_index,2026-09-02T14:29:05
2021-07-09,2767.806,2800.167,2762.069,2798.852,2520698300,0.0,sina_index,2026-09-02T14:29:05
2021-07-12,2806.996,2822.963,2792.871,2807.818,2994990000,0.0,sina_index,2026-09-02T14:29:05
2021-07-13,2817.573,2835.329,2804.498,2833.491,2485957200,0.0,sina_index,2026-09-02T14:29:05
2021-07-14,2838.862,2846.754,2827.82,2833.209,2693452400,0.0,sina_index,2026-09-02T14:29:05
2021-07-15,2824.56,2873.96,2807.439,2870.087,2524917100,0.0,sina_index,2026-09-02T14:29:05
2021-07-16,2865.988,2889.042,2860.166,2869.721,2310486800,0.0,sina_index,2026-09-02T14:29:05
2021-07-19,2881.896,2883.422,2849.478,2852.253,2344324700,0.0,sina_index,2026-09-02T14:29:05
2021-07-20,2834.257,2837.456,2812.621,2835.619,1867364200,0.0,sina_index,2026-09-02T14:29:05
2021-07-21,2842.47,2852.832,2818.96,2827.869,2159454400,0.0,sina_index,2026-09-02T14:29:05
2021-07-22,2830.576,2854.593,2815.276,2852.243,2265515700,0.0,sina_index,2026-09-02T14:29:05
2021-07-23,2849.647,2863.83,2814.205,2818.024,2392122500,0.0,sina_index,2026-09-02T14:29:05
2021-07-26,2821.535,2821.535,2741.141,2758.839,2795610000,0.0,sina_index,2026-09-02T14:29:05
2021-07-27,2761.428,2789.207,2697.717,2697.717,2918828100,0.0,sina_index,2026-09-02T14:29:05
2021-07-28,2682.425,2693.921,2639.932,2670.432,2847570000,0.0,sina_index,2026-09-02T14:29:05
2021-07-29,2692.982,2697.897,2664.856,2686.053,2256281700,0.0,sina_index,2026-09-02T14:29:05
2021-07-30,2693.578,2722.022,2681.557,2719.285,2478785100,0.0,sina_index,2026-09-02T14:29:05
2021-08-02,2690.485,2694.893,2639.404,2691.411,3126508300,0.0,sina_index,2026-09-02T14:29:05
2021-08-03,2676.655,2693.231,2647.519,2652.134,2279652900,0.0,sina_index,2026-09-02T14:29:05
2021-08-04,2660.303,2688.324,2658.749,2685.129,1988205900,0.0,sina_index,2026-09-02T14:29:05
2021-08-05,2677.386,2695.484,2653.581,2662.807,2114504300,0.0,sina_index,2026-09-02T14:29:05
2021-08-06,2660.089,2679.628,2640.466,2677.743,1868039700,0.0,sina_index,2026-09-02T14:29:05
2021-08-09,2678.193,2719.573,2671.473,2715.029,2650506400,0.0,sina_index,2026-09-02T14:29:05
2021-08-10,2709.466,2716.92,2693.919,2716.701,2170559800,0.0,sina_index,2026-09-02T14:29:05
2021-08-11,2724.561,2773.57,2724.561,2770.81,3203277400,0.0,sina_index,2026-09-02T14:29:05
2021-08-12,2764.56,2810.921,2751.372,2804.13,2349096200,0.0,sina_index,2026-09-02T14:29:05
2021-08-13,2795.048,2802.83,2781.909,2795.584,1946074900,0.0,sina_index,2026-09-02T14:29:05
2021-08-16,2799.834,2820.417,2788.915,2801.865,2262543200,0.0,sina_index,2026-09-02T14:29:05
2021-08-17,2797.312,2817.759,2758.302,2763.265,2704340100,0.0,sina_index,2026-09-02T14:29:05
2021-08-18,2767.038,2787.065,2760.066,2780.044,2689344400,0.0,sina_index,2026-09-02T14:29:05
2021-08-19,2766.088,2780.028,2755.531,2770.718,2543770600,0.0,sina_index,2026-09-02T14:29:05
2021-08-20,2766.146,2787.304,2752.117,2784.535,2663220500,0.0,sina_index,2026-09-02T14:29:05
2021-08-23,2801.366,2816.142,2797.522,2801.773,2148804200,0.0,sina_index,2026-09-02T14:29:05
2021-08-24,2813.87,2834.69,2807.52,2823.941,2239556500,0.0,sina_index,2026-09-02T14:29:05
2021-08-25,2826.191,2858.803,2819.508,2856.364,2012723300,0.0,sina_index,2026-09-02T14:29:05
2021-08-26,2855.264,2912.014,2852.897,2895.877,2717921100,0.0,sina_index,2026-09-02T14:29:05
2021-08-27,2881.663,2923.917,2875.982,2921.795,2392107100,0.0,sina_index,2026-09-02T14:29:05
2021-08-30,2930.194,2948.058,2914.372,2944.729,3160850200,0.0,sina_index,2026-09-02T14:29:05
2021-08-31,2936.409,3017.62,2932.086,3017.016,3387159400,0.0,sina_index,2026-09-02T14:29:05
2021-09-01,3032.813,3053.734,2979.247,3010.387,4153635600,0.0,sina_index,2026-09-02T14:29:05
2021-09-02,3010.517,3078.968,3010.517,3076.403,3097502700,0.0,sina_index,2026-09-02T14:29:05
2021-09-03,3063.369,3089.623,3049.48,3067.445,3326551800,0.0,sina_index,2026-09-02T14:29:05
2021-09-06,3081.142,3108.553,3064.349,3095.19,3084642400,0.0,sina_index,2026-09-02T14:29:05
2021-09-07,3108.81,3178.039,3098.885,3172.31,3802687800,0.0,sina_index,2026-09-02T14:29:05
2021-09-08,3167.366,3225.325,3159.284,3215.802,3660796200,0.0,sina_index,2026-09-02T14:29:05
2021-09-09,3222.778,3305.896,3199.773,3302.406,4305292500,0.0,sina_index,2026-09-02T14:29:05
2021-09-10,3289.1,3314.98,3242.837,3244.181,4608683800,0.0,sina_index,2026-09-02T14:29:05
2021-09-13,3248.956,3333.205,3248.956,3319.769,3886375300,0.0,sina_index,2026-09-02T14:29:05
2021-09-14,3312.516,3315.519,3238.763,3244.094,4236061000,0.0,sina_index,2026-09-02T14:29:05
2021-09-15,3231.532,3264.505,3207.809,3226.989,3234321200,0.0,sina_index,2026-09-02T14:29:05
2021-09-16,3258.376,3301.084,3206.85,3206.85,3634594200,0.0,sina_index,2026-09-02T14:29:05
2021-09-17,3191.503,3244.237,3082.856,3130.405,3150916400,0.0,sina_index,2026-09-02T14:29:05
2021-09-22,3098.743,3187.489,3079.672,3187.447,3439306800,0.0,sina_index,2026-09-02T14:29:05
2021-09-23,3232.469,3248.434,3152.311,3168.886,3110814600,0.0,sina_index,2026-09-02T14:29:05
2021-09-24,3163.264,3164.661,3055.229,3059.125,2888723400,0.0,sina_index,2026-09-02T14:29:05
2021-09-27,3072.181,3078.897,2971.447,2977.753,3097206100,0.0,sina_index,2026-09-02T14:29:05
2021-09-28,2984.918,3061.06,2980.022,3060.156,3204387500,0.0,sina_index,2026-09-02T14:29:05
2021-09-29,3042.653,3058.491,2949.11,2962.265,3291189600,0.0,sina_index,2026-09-02T14:29:05
2021-09-30,2961.284,2982.722,2932.858,2982.224,2507044400,0.0,sina_index,2026-09-02T14:29:05
2021-10-08,3014.518,3020.192,2943.18,2969.39,2905235300,0.0,sina_index,2026-09-02T14:29:05
2021-10-11,2972.4,3017.55,2961.594,3014.022,2968321000,0.0,sina_index,2026-09-02T14:29:05
2021-10-12,3013.705,3050.1,2933.163,2972.967,2893100300,0.0,sina_index,2026-09-02T14:29:05
2021-10-13,2972.947,2972.947,2892.96,2930.966,2248984700,0.0,sina_index,2026-09-02T14:29:05
2021-10-14,2921.531,2938.5,2890.24,2913.781,1844207200,0.0,sina_index,2026-09-02T14:29:05
2021-10-15,2914.181,2942.876,2893.871,2933.653,2313974300,0.0,sina_index,2026-09-02T14:29:05
2021-10-18,2928.568,2986.867,2922.574,2984.402,2469188900,0.0,sina_index,2026-09-02T14:29:05
2021-10-19,2979.116,3009.912,2960.169,2993.897,2305715600,0.0,sina_index,2026-09-02T14:29:05
2021-10-20,2926.825,2936.067,2912.566,2927.183,2113017500,0.0,sina_index,2026-09-02T14:29:05
2021-10-21,2912.573,2989.588,2912.573,2958.743,2635163800,0.0,sina_index,2026-09-02T14:29:05
2021-10-22,2951.821,2975.374,2888.048,2892.177,2587406900,0.0,sina_index,2026-09-02T14:29:05
2021-10-25,2891.843,2902.963,2861.625,2888.591,2177049000,0.0,sina_index,2026-09-02T14:29:05
2021-10-26,2890.275,2893.825,2857.441,2866.196,1956123200,0.0,sina_index,2026-09-02T14:29:05
2021-10-27,2851.869,2851.965,2799.9,2808.879,2273246200,0.0,sina_index,2026-09-02T14:29:05
2021-10-28,2781.477,2783.007,2724.223,2736.361,2399126100,0.0,sina_index,2026-09-02T14:29:05
2021-10-29,2739.347,2742.679,2715.84,2739.787,2293949300,0.0,sina_index,2026-09-02T14:29:05
2021-11-01,2724.043,2757.532,2713.928,2749.336,2811008100,0.0,sina_index,2026-09-02T14:29:05
2021-11-02,2749.523,2753.454,2665.321,2697.619,3280844400,0.0,sina_index,2026-09-02T14:29:05
2021-11-03,2701.633,2742.616,2698.665,2740.741,2015933900,0.0,sina_index,2026-09-02T14:29:05
2021-11-04,2736.253,2736.548,2709.904,2729.08,1866453600,0.0,sina_index,2026-09-02T14:29:05
2021-11-05,2719.415,2720.861,2683.029,2683.029,1978641900,0.0,sina_index,2026-09-02T14:29:05
2021-11-08,2691.829,2704.024,2679.388,2687.184,1865694200,0.0,sina_index,2026-09-02T14:29:05
2021-11-09,2693.506,2693.631,2662.875,2673.653,1681305300,0.0,sina_index,2026-09-02T14:29:05
2021-11-10,2662.895,2675.025,2627.507,2672.239,2246356100,0.0,sina_index,2026-09-02T14:29:05
2021-11-11,2674.157,2718.668,2672.487,2717.256,2763119400,0.0,sina_index,2026-09-02T14:29:05
2021-11-12,2708.813,2711.344,2686.009,2699.44,2150286000,0.0,sina_index,2026-09-02T14:29:05
2021-11-15,2693.498,2708.023,2687.462,2706.799,1888762400,0.0,sina_index,2026-09-02T14:29:05
2021-11-16,2710.794,2715.805,2682.289,2685.2,1911672400,0.0,sina_index,2026-09-02T14:29:05
2021-11-17,2684.552,2697.635,2675.788,2695.903,1678115400,0.0,sina_index,2026-09-02T14:29:05
2021-11-18,2703.432,2712.771,2690.936,2691.696,1708483600,0.0,sina_index,2026-09-02T14:29:05
2021-11-19,2692.958,2734.355,2679.829,2730.814,2287174100,0.0,sina_index,2026-09-02T14:29:05
2021-11-22,2733.13,2742.467,2721.015,2724.54,2199924400,0.0,sina_index,2026-09-02T14:29:05
2021-11-23,2728.327,2755.096,2723.574,2739.758,2176539400,0.0,sina_index,2026-09-02T14:29:05
2021-11-24,2753.805,2775.318,2745.332,2774.704,2197699400,0.0,sina_index,2026-09-02T14:29:05
2021-11-25,2776.199,2781.181,2744.404,2759.194,1823285500,0.0,sina_index,2026-09-02T14:29:05
2021-11-26,2740.551,2744.684,2720.956,2724.085,1870318600,0.0,sina_index,2026-09-02T14:29:05
2021-11-29,2687.444,2695.383,2676.316,2695.383,2285651100,0.0,sina_index,2026-09-02T14:29:05
2021-11-30,2694.722,2718.607,2680.602,2685.54,1923292700,0.0,sina_index,2026-09-02T14:29:05
2021-12-01,2687.899,2724.774,2684.837,2724.323,1902202600,0.0,sina_index,2026-09-02T14:29:05
2021-12-02,2717.932,2743.821,2715.717,2735.793,2409612800,0.0,sina_index,2026-09-02T14:29:05
2021-12-03,2739.082,2779.875,2714.814,2769.037,2387210500,0.0,sina_index,2026-09-02T14:29:05
2021-12-06,2768.13,2796.301,2753.039,2753.039,2893002900,0.0,sina_index,2026-09-02T14:29:05
2021-12-07,2776.784,2788.304,2746.022,2781.715,3256980300,0.0,sina_index,2026-09-02T14:29:05
2021-12-08,2779.405,2779.695,2752.652,2772.479,2651259600,0.0,sina_index,2026-09-02T14:29:05
2021-12-09,2772.118,2790.267,2762.557,2780.904,3261277700,0.0,sina_index,2026-09-02T14:29:05
2021-12-10,2773.509,2773.509,2744.096,2766.66,3553463600,0.0,sina_index,2026-09-02T14:29:05
2021-12-13,2771.887,2784.043,2767.447,2768.774,2697426600,0.0,sina_index,2026-09-02T14:29:05
2021-12-14,2765.782,2766.502,2736.869,2738.076,2336597900,0.0,sina_index,2026-09-02T14:29:05
2021-12-15,2736.261,2755.843,2725.17,2743.237,1936710400,0.0,sina_index,2026-09-02T14:29:05
2021-12-16,2753.515,2783.517,2751.567,2782.54,2387483000,0.0,sina_index,2026-09-02T14:29:05
2021-12-17,2787.885,2793.905,2762.772,2766.713,2033123300,0.0,sina_index,2026-09-02T14:29:05
2021-12-20,2762.961,2782.388,2737.779,2742.421,2028026000,0.0,sina_index,2026-09-02T14:29:05
2021-12-21,2738.886,2793.001,2738.33,2788.73,2454596400,0.0,sina_index,2026-09-02T14:29:05
2021-12-22,2792.156,2792.81,2770.649,2783.134,1872685900,0.0,sina_index,2026-09-02T14:29:05
2021-12-23,2779.194,2792.347,2772.039,2787.752,1810923300,0.0,sina_index,2026-09-02T14:29:05
2021-12-24,2785.8,2786.628,2765.024,2776.982,1658699300,0.0,sina_index,2026-09-02T14:29:05
2021-12-27,2781.314,2801.149,2780.138,2789.166,1819474600,0.0,sina_index,2026-09-02T14:29:05
2021-12-28,2789.31,2789.6,2759.153,2769.865,2050734500,0.0,sina_index,2026-09-02T14:29:05
2021-12-29,2766.827,2773.894,2757.503,2757.503,1543787500,0.0,sina_index,2026-09-02T14:29:05
2021-12-30,2755.808,2765.16,2755.446,2759.847,1677405600,0.0,sina_index,2026-09-02T14:29:05
2021-12-31,2761.118,2796.543,2760.326,2792.703,1571531000,0.0,sina_index,2026-09-02T14:29:05
2022-01-04,2811.452,2840.448,2807.908,2837.425,2512183300,0.0,sina_index,2026-09-02T14:29:05
2022-01-05,2827.015,2833.685,2805.996,2824.318,3396229800,0.0,sina_index,2026-09-02T14:29:05
2022-01-06,2815.973,2844.595,2813.665,2841.966,2372785900,0.0,sina_index,2026-09-02T14:29:05
2022-01-07,2838.513,2867.969,2835.079,2842.119,3239368900,0.0,sina_index,2026-09-02T14:29:05
2022-01-10,2841.623,2869.344,2840.745,2867.123,2681934300,0.0,sina_index,2026-09-02T14:29:05
2022-01-11,2862.312,2900.612,2861.134,2890.193,2866892700,0.0,sina_index,2026-09-02T14:29:05
2022-01-12,2888.073,2888.42,2859.678,2878.122,2494910000,0.0,sina_index,2026-09-02T14:29:05
2022-01-13,2876.304,2894.883,2869.501,2870.612,2775714700,0.0,sina_index,2026-09-02T14:29:05
2022-01-14,2860.835,2860.835,2824.738,2826.07,2871774400,0.0,sina_index,2026-09-02T14:29:05
2022-01-17,2830.719,2842.458,2822.999,2830.566,1942566900,0.0,sina_index,2026-09-02T14:29:05
2022-01-18,2830.552,2865.41,2819.83,2858.579,2630199600,0.0,sina_index,2026-09-02T14:29:05
2022-01-19,2863.098,2885.933,2859.101,2869.405,2348594200,0.0,sina_index,2026-09-02T14:29:05
2022-01-20,2868.526,2887.96,2846.783,2853.796,3006206300,0.0,sina_index,2026-09-02T14:29:05
2022-01-21,2852.5,2859.651,2828.704,2842.096,2314260100,0.0,sina_index,2026-09-02T14:29:05
2022-01-24,2834.526,2844.511,2806.235,2829.285,2097983900,0.0,sina_index,2026-09-02T14:29:05
2022-01-25,2816.855,2817.915,2739.016,2739.724,2285021100,0.0,sina_index,2026-09-02T14:29:05
2022-01-26,2742.931,2759.41,2725.115,2750.961,1807396000,0.0,sina_index,2026-09-02T14:29:05
2022-01-27,2754.433,2766.262,2727.178,2727.27,2048515100,0.0,sina_index,2026-09-02T14:29:05
2022-01-28,2738.585,2743.91,2702.471,2721.72,2413490500,0.0,sina_index,2026-09-02T14:29:05
2022-02-07,2749.127,2798.376,2749.127,2794.554,2907437100,0.0,sina_index,2026-09-02T14:29:05
2022-02-08,2805.487,2865.393,2804.358,2864.429,3874740700,0.0,sina_index,2026-09-02T14:29:05
2022-02-09,2863.888,2884.827,2854.067,2871.956,3012398300,0.0,sina_index,2026-09-02T14:29:05
2022-02-10,2862.256,2914.311,2850.128,2912.889,2756267900,0.0,sina_index,2026-09-02T14:29:05
2022-02-11,2909.986,2938.73,2903.724,2910.34,2998458400,0.0,sina_index,2026-09-02T14:29:05
2022-02-14,2905.992,2906.142,2858.933,2866.633,2701182100,0.0,sina_index,2026-09-02T14:29:05
2022-02-15,2865.241,2868.745,2836.49,2852.27,2290880800,0.0,sina_index,2026-09-02T14:29:05
2022-02-16,2857.898,2874.39,2852.363,2872.01,1786561700,0.0,sina_index,2026-09-02T14:29:05
2022-02-17,2868.946,2874.614,2852.127,2858.595,1926068900,0.0,sina_index,2026-09-02T14:29:05
2022-02-18,2854.922,2916.494,2851.59,2915.953,2281733300,0.0,sina_index,2026-09-02T14:29:05
2022-02-21,2917.585,2936.952,2897.178,2931.602,1987570300,0.0,sina_index,2026-09-02T14:29:05
2022-02-22,2915.64,2928.208,2892.892,2918.122,1969177600,0.0,sina_index,2026-09-02T14:29:05
2022-02-23,2915.384,2918.779,2885.2,2905.032,2227891500,0.0,sina_index,2026-09-02T14:29:05
2022-02-24,2896.347,2908.176,2843.416,2868.007,3119488800,0.0,sina_index,2026-09-02T14:29:05
2022-02-25,2870.366,2894.257,2837.531,2856.332,2631937800,0.0,sina_index,2026-09-02T14:29:05
2022-02-28,2856.142,2868.487,2830.246,2866.905,2185787500,0.0,sina_index,2026-09-02T14:29:05
2022-03-01,2875.739,2901.098,2864.101,2896.666,2090327800,0.0,sina_index,2026-09-02T14:29:05
2022-03-02,2899.114,2932.58,2897.875,2928.572,2006608400,0.0,sina_index,2026-09-02T14:29:05
2022-03-03,2934.35,2973.322,2933.229,2965.5,2706021600,0.0,sina_index,2026-09-02T14:29:05
2022-03-04,2957.511,2979.008,2928.725,2957.925,2316845400,0.0,sina_index,2026-09-02T14:29:05
2022-03-07,2970.072,2977.054,2920.706,2931.749,2797997800,0.0,sina_index,2026-09-02T14:29:05
2022-03-08,2920.467,2921.696,2833.489,2834.672,2914520700,0.0,sina_index,2026-09-02T14:29:05
2022-03-09,2843.624,2870.169,2730.789,2809.226,3748991600,0.0,sina_index,2026-09-02T14:29:05
2022-03-10,2821.265,2861.6,2790.501,2835.13,2237575000,0.0,sina_index,2026-09-02T14:29:05
2022-03-11,2817.583,2867.541,2776.094,2865.479,2596817300,0.0,sina_index,2026-09-02T14:29:05
2022-03-14,2846.454,2895.245,2818.0,2818.0,2568791000,0.0,sina_index,2026-09-02T14:29:05
2022-03-15,2797.442,2797.442,2650.584,2650.584,4157947500,0.0,sina_index,2026-09-02T14:29:05
2022-03-16,2684.938,2725.318,2606.294,2715.935,3573888100,0.0,sina_index,2026-09-02T14:29:05
2022-03-17,2747.226,2785.026,2730.522,2748.955,3109349500,0.0,sina_index,2026-09-02T14:29:05
2022-03-18,2746.235,2828.645,2740.211,2825.163,3173743000,0.0,sina_index,2026-09-02T14:29:05
2022-03-21,2825.194,2853.199,2813.613,2841.4,2326293000,0.0,sina_index,2026-09-02T14:29:05
2022-03-22,2837.758,2905.657,2834.173,2895.905,2763794800,0.0,sina_index,2026-09-02T14:29:05
2022-03-23,2888.562,2901.991,2860.441,2890.213,2474356000,0.0,sina_index,2026-09-02T14:29:05
2022-03-24,2882.872,2903.292,2875.437,2896.437,1878909800,0.0,sina_index,2026-09-02T14:29:05
2022-03-25,2890.018,2929.208,2885.669,2898.376,2192611200,0.0,sina_index,2026-09-02T14:29:05
2022-03-28,2890.305,2945.337,2869.949,2937.912,2995094700,0.0,sina_index,2026-09-02T14:29:05
2022-03-29,2929.9,2952.046,2914.822,2942.475,2401638900,0.0,sina_index,2026-09-02T14:29:05
2022-03-30,2937.856,2964.594,2927.844,2963.615,3012238800,0.0,sina_index,2026-09-02T14:29:05
2022-03-31,2962.869,3027.199,2958.524,3003.016,3517203100,0.0,sina_index,2026-09-02T14:29:05
2022-04-01,2986.905,3031.052,2981.811,3025.78,3284692700,0.0,sina_index,2026-09-02T14:29:05
2022-04-06,3029.531,3077.089,3016.298,3076.427,4025074400,0.0,sina_index,2026-09-02T14:29:05
2022-04-07,3055.05,3072.295,3016.435,3016.823,3343222600,0.0,sina_index,2026-09-02T14:29:05
2022-04-08,3019.528,3043.84,2979.941,3042.406,2754808700,0.0,sina_index,2026-09-02T14:29:05
2022-04-11,3034.85,3043.578,2985.56,2992.926,3169661200,0.0,sina_index,2026-09-02T14:29:05
2022-04-12,2998.339,3020.509,2964.364,2989.885,3051495300,0.0,sina_index,2026-09-02T14:29:05
2022-04-13,2980.255,3042.0,2970.185,3004.051,2954366600,0.0,sina_index,2026-09-02T14:29:05
2022-04-14,3011.057,3072.718,3001.35,3061.918,2753290500,0.0,sina_index,2026-09-02T14:29:05
2022-04-15,3054.758,3096.617,3018.567,3027.929,3021411800,0.0,sina_index,2026-09-02T14:29:05
2022-04-18,2992.625,3018.34,2954.765,2960.783,2713261800,0.0,sina_index,2026-09-02T14:29:05
2022-04-19,2964.81,3016.831,2944.19,3012.395,2407725400,0.0,sina_index,2026-09-02T14:29:05
2022-04-20,2998.87,3004.022,2907.732,2914.571,2581134800,0.0,sina_index,2026-09-02T14:29:05
2022-04-21,2911.642,2933.004,2847.994,2856.305,2941532100,0.0,sina_index,2026-09-02T14:29:05
2022-04-22,2839.958,2906.593,2830.927,2896.109,2753169800,0.0,sina_index,2026-09-02T14:29:05
2022-04-25,2856.64,2857.594,2763.278,2763.278,3661410400,0.0,sina_index,2026-09-02T14:29:05
2022-04-26,2766.665,2798.722,2721.883,2728.621,3152072200,0.0,sina_index,2026-09-02T14:29:05
2022-04-27,2713.216,2769.369,2701.9,2768.585,3406237000,0.0,sina_index,2026-09-02T14:29:05
2022-04-28,2758.581,2818.818,2757.261,2813.284,3188044300,0.0,sina_index,2026-09-02T14:29:05
2022-04-29,2819.609,2853.953,2781.681,2852.278,3641734600,0.0,sina_index,2026-09-02T14:29:05
2022-05-05,2845.503,2860.737,2816.409,2842.333,3290995200,0.0,sina_index,2026-09-02T14:29:05
2022-05-06,2788.331,2806.284,2750.847,2757.434,2428629800,0.0,sina_index,2026-09-02T14:29:05
2022-05-09,2741.602,2760.898,2730.526,2756.06,1889195800,0.0,sina_index,2026-09-02T14:29:05
2022-05-10,2715.031,2749.788,2685.461,2748.563,2900196500,0.0,sina_index,2026-09-02T14:29:05
2022-05-11,2746.062,2769.95,2742.01,2747.325,2924316000,0.0,sina_index,2026-09-02T14:29:05
2022-05-12,2741.379,2760.439,2711.215,2733.763,1999022000,0.0,sina_index,2026-09-02T14:29:05
2022-05-13,2743.732,2796.182,2742.861,2795.762,2149351300,0.0,sina_index,2026-09-02T14:29:05
2022-05-16,2821.465,2841.508,2793.252,2833.523,2404439200,0.0,sina_index,2026-09-02T14:29:05
2022-05-17,2837.829,2845.29,2802.946,2831.38,2456186000,0.0,sina_index,2026-09-02T14:29:05
2022-05-18,2820.002,2821.56,2791.925,2797.61,2023168700,0.0,sina_index,2026-09-02T14:29:05
2022-05-19,2762.933,2803.436,2759.325,2803.436,2028844500,0.0,sina_index,2026-09-02T14:29:05
2022-05-20,2802.01,2841.442,2800.972,2840.103,2475905000,0.0,sina_index,2026-09-02T14:29:05
2022-05-23,2844.261,2857.048,2831.372,2840.495,2218259400,0.0,sina_index,2026-09-02T14:29:05
2022-05-24,2837.937,2846.104,2788.269,2788.269,2490597700,0.0,sina_index,2026-09-02T14:29:05
2022-05-25,2787.497,2825.615,2778.354,2823.746,1940207900,0.0,sina_index,2026-09-02T14:29:05
2022-05-26,2828.535,2867.503,2817.466,2863.845,2209240200,0.0,sina_index,2026-09-02T14:29:05
2022-05-27,2864.992,2870.708,2845.997,2860.156,2094796600,0.0,sina_index,2026-09-02T14:29:05
2022-05-30,2860.535,2863.072,2826.653,2840.705,2327025100,0.0,sina_index,2026-09-02T14:29:05
2022-05-31,2838.25,2847.001,2822.944,2842.805,2467045500,0.0,sina_index,2026-09-02T14:29:05
2022-06-01,2837.993,2854.26,2824.992,2852.692,1977041300,0.0,sina_index,2026-09-02T14:29:05
2022-06-02,2845.828,2845.828,2815.096,2828.972,1993857000,0.0,sina_index,2026-09-02T14:29:05
2022-06-06,2829.641,2836.372,2806.157,2834.179,3027821000,0.0,sina_index,2026-09-02T14:29:05
2022-06-07,2825.212,2855.41,2816.443,2843.457,2466211100,0.0,sina_index,2026-09-02T14:29:05
2022-06-08,2847.197,2880.53,2828.447,2879.114,2818135200,0.0,sina_index,2026-09-02T14:29:05
2022-06-09,2878.092,2910.285,2868.148,2885.316,3100852800,0.0,sina_index,2026-09-02T14:29:05
2022-06-10,2861.115,2907.218,2852.743,2902.273,3263676900,0.0,sina_index,2026-09-02T14:29:05
2022-06-13,2881.952,2889.956,2833.705,2855.522,2904626700,0.0,sina_index,2026-09-02T14:29:05
2022-06-14,2830.65,2895.219,2825.435,2894.291,2822232200,0.0,sina_index,2026-09-02T14:29:05
2022-06-15,2884.808,2932.097,2873.475,2887.529,3888038000,0.0,sina_index,2026-09-02T14:29:05
2022-06-16,2880.237,2898.658,2824.776,2831.129,2930539400,0.0,sina_index,2026-09-02T14:29:05
2022-06-17,2817.053,2832.537,2802.246,2827.087,2380197900,0.0,sina_index,2026-09-02T14:29:05
2022-06-20,2813.107,2816.516,2789.994,2803.16,2702359900,0.0,sina_index,2026-09-02T14:29:05
2022-06-21,2801.807,2825.601,2792.627,2810.299,2718303600,0.0,sina_index,2026-09-02T14:29:05
2022-06-22,2814.674,2814.864,2766.36,2768.936,2167053700,0.0,sina_index,2026-09-02T14:29:05
2022-06-23,2768.845,2802.807,2757.863,2802.661,2141521900,0.0,sina_index,2026-09-02T14:29:05
2022-06-24,2803.471,2812.522,2788.525,2801.336,2392047800,0.0,sina_index,2026-09-02T14:29:05
2022-06-27,2803.065,2836.603,2802.034,2830.279,2759369200,0.0,sina_index,2026-09-02T14:29:05
2022-06-28,2833.248,2857.421,2829.975,2856.327,2337586500,0.0,sina_index,2026-09-02T14:29:05
2022-06-29,2851.581,2887.862,2849.007,2862.983,2813381300,0.0,sina_index,2026-09-02T14:29:05
2022-06-30,2863.76,2888.474,2853.424,2878.924,2692610700,0.0,sina_index,2026-09-02T14:29:05
2022-07-01,2879.435,2892.394,2851.769,2886.239,2129952300,0.0,sina_index,2026-09-02T14:29:05
2022-07-04,2885.656,2896.399,2872.342,2892.28,2324264600,0.0,sina_index,2026-09-02T14:29:05
2022-07-05,2898.006,2921.027,2887.727,2907.151,2501825000,0.0,sina_index,2026-09-02T14:29:05
2022-07-06,2888.644,2888.644,2819.272,2835.111,2578516700,0.0,sina_index,2026-09-02T14:29:05
2022-07-07,2827.905,2848.869,2817.261,2839.321,1909043200,0.0,sina_index,2026-09-02T14:29:05
2022-07-08,2843.846,2846.703,2823.914,2825.783,1870189200,0.0,sina_index,2026-09-02T14:29:05
2022-07-11,2809.031,2809.031,2781.819,2790.575,2595693200,0.0,sina_index,2026-09-02T14:29:05
2022-07-12,2791.101,2821.62,2791.101,2806.944,2744632200,0.0,sina_index,2026-09-02T14:29:05
2022-07-13,2798.45,2810.362,2788.275,2802.443,2762945000,0.0,sina_index,2026-09-02T14:29:05
2022-07-14,2781.888,2785.519,2750.681,2760.272,3161427300,0.0,sina_index,2026-09-02T14:29:05
2022-07-15,2737.781,2750.122,2691.362,2691.362,3059149000,0.0,sina_index,2026-09-02T14:29:05
2022-07-18,2703.139,2758.082,2703.139,2756.5,2190523700,0.0,sina_index,2026-09-02T14:29:05
2022-07-19,2762.148,2768.434,2745.568,2762.164,1944817600,0.0,sina_index,2026-09-02T14:29:05
2022-07-20,2766.523,2777.578,2760.23,2767.659,1719722500,0.0,sina_index,2026-09-02T14:29:05
2022-07-21,2761.112,2761.112,2710.918,2710.918,1994765200,0.0,sina_index,2026-09-02T14:29:05
2022-07-22,2712.124,2715.429,2683.841,2698.043,1797746100,0.0,sina_index,2026-09-02T14:29:05
2022-07-25,2700.793,2720.867,2699.097,2704.207,1470851600,0.0,sina_index,2026-09-02T14:29:05
2022-07-26,2700.362,2752.372,2695.708,2743.245,1731016900,0.0,sina_index,2026-09-02T14:29:05
2022-07-27,2740.08,2753.673,2724.441,2744.008,1480428800,0.0,sina_index,2026-09-02T14:29:05
2022-07-28,2750.377,2757.822,2738.586,2751.613,1602176800,0.0,sina_index,2026-09-02T14:29:05
2022-07-29,2753.617,2758.554,2723.13,2724.93,1789535000,0.0,sina_index,2026-09-02T14:29:05
2022-08-01,2724.113,2740.786,2702.955,2734.558,1749700300,0.0,sina_index,2026-09-02T14:29:05
2022-08-02,2713.264,2713.264,2650.926,2671.405,2297811200,0.0,sina_index,2026-09-02T14:29:05
2022-08-03,2675.46,2695.945,2637.452,2638.112,1968955300,0.0,sina_index,2026-09-02T14:29:05
2022-08-04,2646.297,2651.392,2619.768,2644.864,1812395700,0.0,sina_index,2026-09-02T14:29:05
2022-08-05,2647.645,2653.801,2620.433,2651.212,1448723900,0.0,sina_index,2026-09-02T14:29:05
2022-08-08,2648.537,2686.349,2645.432,2682.641,1523937600,0.0,sina_index,2026-09-02T14:29:05
2022-08-09,2683.359,2706.411,2672.463,2701.437,1250478800,0.0,sina_index,2026-09-02T14:29:05
2022-08-10,2698.032,2704.02,2676.652,2685.131,1136370500,0.0,sina_index,2026-09-02T14:29:05
2022-08-11,2695.439,2715.422,2688.322,2714.221,1463849500,0.0,sina_index,2026-09-02T14:29:05
2022-08-12,2715.948,2743.057,2715.846,2737.348,1563330200,0.0,sina_index,2026-09-02T14:29:05
2022-08-15,2739.569,2767.243,2734.161,2749.981,1535424400,0.0,sina_index,2026-09-02T14:29:05
2022-08-16,2754.554,2768.132,2745.069,2759.636,1494355900,0.0,sina_index,2026-09-02T14:29:05
2022-08-17,2763.802,2773.098,2749.594,2767.766,1746060200,0.0,sina_index,2026-09-02T14:29:05
2022-08-18,2764.365,2775.241,2739.574,2742.994,1349690600,0.0,sina_index,2026-09-02T14:29:05
2022-08-19,2745.659,2785.25,2744.977,2769.099,1625031700,0.0,sina_index,2026-09-02T14:29:05
2022-08-22,2769.555,2795.532,2764.311,2791.927,1570821500,0.0,sina_index,2026-09-02T14:29:05
2022-08-23,2787.99,2813.635,2770.541,2804.535,1525511100,0.0,sina_index,2026-09-02T14:29:05
2022-08-24,2805.07,2810.34,2758.545,2759.691,1784340000,0.0,sina_index,2026-09-02T14:29:05
2022-08-25,2770.522,2825.183,2770.522,2822.099,1773610400,0.0,sina_index,2026-09-02T14:29:05
2022-08-26,2818.946,2827.224,2797.136,2801.694,1506910900,0.0,sina_index,2026-09-02T14:29:05
2022-08-29,2782.451,2827.978,2759.226,2822.903,1732457800,0.0,sina_index,2026-09-02T14:29:05
2022-08-30,2819.714,2828.668,2780.155,2796.701,1705060100,0.0,sina_index,2026-09-02T14:29:05
2022-08-31,2793.549,2800.014,2768.954,2777.337,2380537000,0.0,sina_index,2026-09-02T14:29:05
2022-09-01,2776.386,2838.222,2771.024,2805.593,1779766700,0.0,sina_index,2026-09-02T14:29:05
2022-09-02,2803.742,2812.08,2788.678,2800.153,1528603600,0.0,sina_index,2026-09-02T14:29:05
2022-09-05,2811.311,2855.912,2800.258,2855.733,1817221500,0.0,sina_index,2026-09-02T14:29:05
2022-09-06,2859.403,2904.365,2852.794,2902.962,2009573700,0.0,sina_index,2026-09-02T14:29:05
2022-09-07,2891.121,2904.998,2876.882,2894.247,1591108900,0.0,sina_index,2026-09-02T14:29:05
2022-09-08,2886.776,2902.405,2862.422,2886.172,1590713400,0.0,sina_index,2026-09-02T14:29:05
2022-09-09,2889.843,2930.424,2888.595,2926.168,2157276200,0.0,sina_index,2026-09-02T14:29:05
2022-09-13,2930.868,2930.868,2895.095,2905.137,2062500300,0.0,sina_index,2026-09-02T14:29:05
2022-09-14,2876.819,2908.402,2875.353,2881.671,1641565000,0.0,sina_index,2026-09-02T14:29:05
2022-09-15,2900.14,2925.129,2855.461,2887.39,2600139200,0.0,sina_index,2026-09-02T14:29:05
2022-09-16,2873.219,2887.179,2797.169,2797.169,2697123000,0.0,sina_index,2026-09-02T14:29:05
2022-09-19,2794.518,2816.285,2775.283,2802.787,2051115900,0.0,sina_index,2026-09-02T14:29:05
2022-09-20,2817.372,2820.777,2791.043,2796.466,1750600000,0.0,sina_index,2026-09-02T14:29:05
2022-09-21,2791.266,2830.015,2780.296,2821.901,1636918200,0.0,sina_index,2026-09-02T14:29:05
2022-09-22,2810.457,2839.333,2808.488,2832.639,1843982200,0.0,sina_index,2026-09-02T14:29:05
2022-09-23,2825.131,2853.945,2802.563,2811.061,2229824100,0.0,sina_index,2026-09-02T14:29:05
2022-09-26,2793.754,2815.442,2756.219,2759.759,2288767600,0.0,sina_index,2026-09-02T14:29:05
2022-09-27,2764.66,2782.406,2724.791,2782.301,1728710600,0.0,sina_index,2026-09-02T14:29:05
2022-09-28,2782.019,2785.411,2754.984,2755.386,1589804600,0.0,sina_index,2026-09-02T14:29:05
2022-09-29,2775.398,2793.712,2739.555,2753.104,1736569300,0.0,sina_index,2026-09-02T14:29:05
2022-09-30,2759.344,2797.707,2752.095,2774.358,1691027000,0.0,sina_index,2026-09-02T14:29:05
2022-10-10,2786.308,2832.77,2777.771,2782.283,2520223700,0.0,sina_index,2026-09-02T14:29:05
2022-10-11,2781.255,2788.287,2746.66,2773.853,1772059900,0.0,sina_index,2026-09-02T14:29:05
2022-10-12,2768.989,2806.652,2742.419,2806.544,1806800200,0.0,sina_index,2026-09-02T14:29:05
2022-10-13,2791.809,2794.29,2737.981,2763.449,1950487100,0.0,sina_index,2026-09-02T14:29:05
2022-10-14,2768.243,2805.059,2768.243,2788.752,2155454500,0.0,sina_index,2026-09-02T14:29:05
2022-10-17,2776.91,2783.966,2735.441,2780.611,1778840800,0.0,sina_index,2026-09-02T14:29:05
2022-10-18,2785.146,2797.586,2763.626,2775.063,1596531000,0.0,sina_index,2026-09-02T14:29:05
2022-10-19,2771.465,2797.827,2767.477,2769.973,1458143900,0.0,sina_index,2026-09-02T14:29:05
2022-10-20,2762.969,2769.376,2739.734,2744.383,1818203100,0.0,sina_index,2026-09-02T14:29:05
2022-10-21,2744.067,2780.187,2744.067,2763.975,1943628400,0.0,sina_index,2026-09-02T14:29:05
2022-10-24,2762.107,2770.896,2694.274,2704.584,2678113400,0.0,sina_index,2026-09-02T14:29:05
2022-10-25,2701.19,2709.0,2666.524,2685.388,1988129200,0.0,sina_index,2026-09-02T14:29:05
2022-10-26,2685.209,2699.02,2656.5,2666.764,2593714300,0.0,sina_index,2026-09-02T14:29:05
2022-10-27,2668.465,2699.011,2668.321,2678.786,2374503900,0.0,sina_index,2026-09-02T14:29:05
2022-10-28,2667.47,2671.128,2621.083,2625.757,2304685400,0.0,sina_index,2026-09-02T14:29:05
2022-10-31,2609.222,2618.129,2560.224,2563.786,2928952800,0.0,sina_index,2026-09-02T14:29:05
2022-11-01,2567.111,2588.481,2545.561,2588.457,3578527800,0.0,sina_index,2026-09-02T14:29:05
2022-11-02,2580.102,2630.204,2575.468,2619.891,2440750400,0.0,sina_index,2026-09-02T14:29:05
2022-11-03,2600.744,2618.482,2595.212,2604.924,1633384800,0.0,sina_index,2026-09-02T14:29:05
2022-11-04,2605.455,2669.76,2605.455,2654.984,2275489200,0.0,sina_index,2026-09-02T14:29:05
2022-11-07,2649.455,2687.089,2646.491,2676.36,1955875800,0.0,sina_index,2026-09-02T14:29:05
2022-11-08,2676.422,2685.012,2665.688,2675.478,1615020600,0.0,sina_index,2026-09-02T14:29:05
2022-11-09,2679.015,2703.046,2673.226,2674.335,1579461300,0.0,sina_index,2026-09-02T14:29:05
2022-11-10,2659.952,2690.875,2635.028,2682.534,1766103300,0.0,sina_index,2026-09-02T14:29:05
2022-11-11,2719.627,2758.869,2710.385,2743.885,2857129700,0.0,sina_index,2026-09-02T14:29:05
2022-11-14,2774.31,2790.2,2723.915,2730.769,3014932800,0.0,sina_index,2026-09-02T14:29:05
2022-11-15,2724.123,2744.542,2710.743,2742.495,2119706900,0.0,sina_index,2026-09-02T14:29:05
2022-11-16,2738.911,2743.936,2728.198,2731.632,1839900000,0.0,sina_index,2026-09-02T14:29:05
2022-11-17,2725.712,2725.712,2693.279,2709.052,1787207000,0.0,sina_index,2026-09-02T14:29:05
2022-11-18,2708.61,2714.733,2691.431,2692.357,1744498200,0.0,sina_index,2026-09-02T14:29:05
2022-11-21,2680.293,2691.69,2659.789,2690.024,1569273000,0.0,sina_index,2026-09-02T14:29:05
2022-11-22,2694.942,2727.24,2687.403,2706.807,2362344800,0.0,sina_index,2026-09-02T14:29:05
2022-11-23,2707.044,2738.171,2704.818,2723.84,2519868600,0.0,sina_index,2026-09-02T14:29:05
2022-11-24,2734.886,2741.929,2718.709,2737.607,1658382000,0.0,sina_index,2026-09-02T14:29:05
2022-11-25,2736.138,2791.387,2736.138,2789.504,3232496600,0.0,sina_index,2026-09-02T14:29:05
2022-11-28,2756.627,2775.804,2737.418,2772.63,2370445100,0.0,sina_index,2026-09-02T14:29:05
2022-11-29,2807.12,2851.302,2798.462,2847.582,3558813500,0.0,sina_index,2026-09-02T14:29:05
2022-11-30,2844.927,2880.607,2825.769,2836.767,3023735600,0.0,sina_index,2026-09-02T14:29:05
2022-12-01,2849.821,2855.931,2808.178,2810.983,2799344500,0.0,sina_index,2026-09-02T14:29:05
2022-12-02,2805.298,2808.168,2778.55,2794.745,2216046100,0.0,sina_index,2026-09-02T14:29:05
2022-12-05,2812.764,2854.253,2812.764,2845.471,3242781000,0.0,sina_index,2026-09-02T14:29:05
2022-12-06,2837.311,2843.859,2820.248,2832.28,2604460200,0.0,sina_index,2026-09-02T14:29:05
2022-12-07,2830.107,2831.391,2795.221,2807.857,2498056000,0.0,sina_index,2026-09-02T14:29:05
2022-12-08,2808.191,2831.527,2799.193,2823.656,2270989900,0.0,sina_index,2026-09-02T14:29:05
2022-12-09,2823.786,2859.912,2818.026,2852.267,3033046700,0.0,sina_index,2026-09-02T14:29:05
2022-12-12,2853.095,2866.433,2810.305,2812.949,2573427400,0.0,sina_index,2026-09-02T14:29:05
2022-12-13,2810.735,2841.039,2810.735,2831.644,1855708700,0.0,sina_index,2026-09-02T14:29:05
2022-12-14,2830.981,2833.079,2815.448,2822.806,1623788000,0.0,sina_index,2026-09-02T14:29:05
2022-12-15,2820.604,2823.85,2784.754,2788.59,1566292800,0.0,sina_index,2026-09-02T14:29:05
2022-12-16,2779.93,2829.395,2779.93,2820.117,2072109400,0.0,sina_index,2026-09-02T14:29:05
2022-12-19,2816.085,2822.842,2755.056,2766.034,1820981800,0.0,sina_index,2026-09-02T14:29:05
2022-12-20,2757.433,2767.787,2727.983,2737.546,1567031300,0.0,sina_index,2026-09-02T14:29:05
2022-12-21,2738.889,2759.144,2733.082,2738.909,1079758500,0.0,sina_index,2026-09-02T14:29:05
2022-12-22,2755.917,2766.818,2710.779,2718.29,1280269500,0.0,sina_index,2026-09-02T14:29:05
2022-12-23,2709.951,2729.537,2701.687,2712.97,1071145700,0.0,sina_index,2026-09-02T14:29:05
2022-12-26,2712.828,2715.66,2700.64,2704.204,1299428500,0.0,sina_index,2026-09-02T14:29:05
2022-12-27,2714.127,2739.51,2713.292,2733.073,1508881100,0.0,sina_index,2026-09-02T14:29:05
2022-12-28,2727.337,2745.63,2716.516,2738.659,1558908400,0.0,sina_index,2026-09-02T14:29:05
2022-12-29,2731.631,2731.631,2702.116,2707.518,1487413300,0.0,sina_index,2026-09-02T14:29:05
2022-12-30,2716.216,2730.395,2706.614,2725.066,1654258700,0.0,sina_index,2026-09-02T14:29:05
2023-01-03,2727.032,2744.921,2717.461,2737.678,1948197600,0.0,sina_index,2026-09-02T14:29:05
2023-01-04,2738.094,2768.366,2731.907,2758.437,2370468800,0.0,sina_index,2026-09-02T14:29:05
2023-01-05,2761.788,2767.829,2754.378,2763.528,1840139000,0.0,sina_index,2026-09-02T14:29:05
2023-01-06,2765.237,2768.48,2752.382,2758.463,1815666500,0.0,sina_index,2026-09-02T14:29:05
2023-01-09,2767.576,2770.135,2751.255,2758.206,1917091000,0.0,sina_index,2026-09-02T14:29:05
2023-01-10,2756.659,2756.92,2737.496,2741.365,1773438300,0.0,sina_index,2026-09-02T14:29:05
2023-01-11,2743.376,2774.803,2741.138,2764.674,1743148100,0.0,sina_index,2026-09-02T14:29:05
2023-01-12,2761.075,2761.075,2741.855,2752.241,1501654100,0.0,sina_index,2026-09-02T14:29:05
2023-01-13,2753.843,2774.12,2753.098,2774.12,1613661500,0.0,sina_index,2026-09-02T14:29:05
2023-01-16,2781.426,2796.609,2775.679,2785.297,2435610500,0.0,sina_index,2026-09-02T14:29:05
2023-01-17,2787.909,2788.674,2772.196,2779.526,1472513600,0.0,sina_index,2026-09-02T14:29:05
2023-01-18,2782.494,2790.266,2778.869,2782.341,1399673000,0.0,sina_index,2026-09-02T14:29:05
2023-01-19,2783.928,2790.846,2770.501,2790.846,1298514300,0.0,sina_index,2026-09-02T14:29:05
2023-01-20,2794.032,2816.34,2791.593,2816.34,1672899700,0.0,sina_index,2026-09-02T14:29:05
2023-01-30,2835.808,2838.077,2799.004,2800.614,2346152600,0.0,sina_index,2026-09-02T14:29:05
2023-01-31,2797.883,2811.366,2794.094,2809.615,1616969900,0.0,sina_index,2026-09-02T14:29:05
2023-02-01,2812.773,2815.408,2793.514,2813.444,1834803900,0.0,sina_index,2026-09-02T14:29:05
2023-02-02,2815.75,2826.066,2800.591,2819.784,1836119300,0.0,sina_index,2026-09-02T14:29:05
2023-02-03,2814.606,2814.606,2783.269,2794.872,1758115400,0.0,sina_index,2026-09-02T14:29:05
2023-02-06,2783.66,2788.501,2773.825,2783.744,1552035400,0.0,sina_index,2026-09-02T14:29:05
2023-02-07,2785.312,2804.007,2785.312,2797.287,1280250900,0.0,sina_index,2026-09-02T14:29:05
2023-02-08,2801.657,2803.614,2783.796,2784.356,1305498800,0.0,sina_index,2026-09-02T14:29:05
2023-02-09,2783.724,2803.866,2781.52,2801.376,1259898500,0.0,sina_index,2026-09-02T14:29:05
2023-02-10,2801.069,2808.981,2790.11,2799.192,1432094500,0.0,sina_index,2026-09-02T14:29:05
2023-02-13,2799.707,2809.937,2785.307,2807.202,1968151100,0.0,sina_index,2026-09-02T14:29:05
2023-02-14,2813.813,2827.754,2810.667,2825.445,1578933400,0.0,sina_index,2026-09-02T14:29:05
2023-02-15,2825.377,2826.211,2803.741,2808.27,1604276800,0.0,sina_index,2026-09-02T14:29:05
2023-02-16,2809.088,2831.436,2776.823,2788.308,1981872600,0.0,sina_index,2026-09-02T14:29:05
2023-02-17,2787.584,2816.173,2787.584,2797.943,1738266000,0.0,sina_index,2026-09-02T14:29:05
2023-02-20,2806.418,2848.936,2805.891,2848.936,2324333900,0.0,sina_index,2026-09-02T14:29:05
2023-02-21,2858.424,2890.095,2852.289,2884.325,2206959500,0.0,sina_index,2026-09-02T14:29:05
2023-02-22,2876.405,2894.358,2867.097,2886.924,1495459600,0.0,sina_index,2026-09-02T14:29:05
2023-02-23,2902.43,2916.467,2886.823,2898.181,1800152700,0.0,sina_index,2026-09-02T14:29:05
2023-02-24,2899.8,2902.251,2874.038,2890.047,1601227900,0.0,sina_index,2026-09-02T14:29:05
2023-02-27,2889.576,2913.417,2888.37,2895.507,1563272100,0.0,sina_index,2026-09-02T14:29:05
2023-02-28,2895.375,2905.389,2879.533,2903.153,1659556700,0.0,sina_index,2026-09-02T14:29:05
2023-03-01,2907.586,2922.221,2903.284,2920.715,2070307700,0.0,sina_index,2026-09-02T14:29:05
2023-03-02,2921.803,2946.293,2916.066,2936.17,2142810600,0.0,sina_index,2026-09-02T14:29:05
2023-03-03,2937.59,2952.976,2926.635,2950.448,2752712000,0.0,sina_index,2026-09-02T14:29:05
2023-03-06,2952.448,2956.623,2932.352,2935.63,2837509100,0.0,sina_index,2026-09-02T14:29:05
2023-03-07,2937.484,2977.102,2925.617,2927.417,4482631300,0.0,sina_index,2026-09-02T14:29:05
2023-03-08,2919.229,2928.235,2906.618,2926.09,2246047200,0.0,sina_index,2026-09-02T14:29:05
2023-03-09,2931.165,2945.483,2918.98,2923.749,2214983700,0.0,sina_index,2026-09-02T14:29:05
2023-03-10,2913.418,2914.114,2874.846,2876.765,2112077500,0.0,sina_index,2026-09-02T14:29:05
2023-03-13,2873.35,2916.141,2873.35,2916.141,2210000300,0.0,sina_index,2026-09-02T14:29:05
2023-03-14,2910.396,2926.887,2884.628,2895.364,2153714200,0.0,sina_index,2026-09-02T14:29:05
2023-03-15,2905.043,2931.59,2894.384,2926.025,2375719900,0.0,sina_index,2026-09-02T14:29:05
2023-03-16,2909.9,2926.048,2895.454,2898.046,3628733300,0.0,sina_index,2026-09-02T14:29:05
2023-03-17,2910.863,2938.569,2910.789,2917.601,3071324000,0.0,sina_index,2026-09-02T14:29:05
2023-03-20,2923.03,2946.073,2904.094,2905.874,3383422900,0.0,sina_index,2026-09-02T14:29:05
2023-03-21,2911.115,2919.238,2890.026,2897.644,2580109000,0.0,sina_index,2026-09-02T14:29:05
2023-03-22,2903.79,2928.097,2898.661,2916.666,2054916200,0.0,sina_index,2026-09-02T14:29:05
2023-03-23,2913.956,2923.012,2901.672,2921.835,2002957800,0.0,sina_index,2026-09-02T14:29:05
2023-03-24,2922.596,2922.596,2892.582,2894.376,2116980300,0.0,sina_index,2026-09-02T14:29:05
2023-03-27,2891.457,2891.457,2860.074,2878.672,2921700100,0.0,sina_index,2026-09-02T14:29:05
2023-03-28,2885.47,2891.018,2869.625,2879.856,2100485900,0.0,sina_index,2026-09-02T14:29:05
2023-03-29,2890.612,2893.278,2874.072,2875.466,2307728000,0.0,sina_index,2026-09-02T14:29:05
2023-03-30,2876.176,2895.585,2859.63,2893.675,2342080700,0.0,sina_index,2026-09-02T14:29:05
2023-03-31,2897.59,2911.89,2890.626,2899.689,2089593100,0.0,sina_index,2026-09-02T14:29:05
2023-04-03,2904.704,2925.325,2904.517,2918.469,2470849400,0.0,sina_index,2026-09-02T14:29:05
2023-04-04,2919.519,2941.512,2912.929,2935.092,2555316900,0.0,sina_index,2026-09-02T14:29:05
2023-04-06,2931.781,2931.781,2911.307,2912.628,1838751500,0.0,sina_index,2026-09-02T14:29:05
2023-04-07,2915.226,2927.361,2911.102,2916.918,1783546300,0.0,sina_index,2026-09-02T14:29:05
2023-04-10,2916.557,2920.098,2905.133,2916.896,2150913800,0.0,sina_index,2026-09-02T14:29:05
2023-04-11,2916.071,2939.921,2908.092,2939.083,2224889400,0.0,sina_index,2026-09-02T14:29:05
2023-04-12,2943.383,2974.798,2942.195,2973.833,2789330700,0.0,sina_index,2026-09-02T14:29:05
2023-04-13,2973.374,2991.068,2968.057,2976.207,2399951200,0.0,sina_index,2026-09-02T14:29:05
2023-04-14,2982.008,2984.461,2959.209,2971.066,1799182900,0.0,sina_index,2026-09-02T14:29:05
2023-04-17,2966.823,3008.143,2959.856,3007.942,3111865800,0.0,sina_index,2026-09-02T14:29:05
2023-04-18,3005.945,3022.633,2998.311,3020.67,2971702500,0.0,sina_index,2026-09-02T14:29:05
2023-04-19,3019.731,3032.121,3013.366,3020.218,2604893400,0.0,sina_index,2026-09-02T14:29:05
2023-04-20,3016.672,3027.947,2989.861,3018.493,2623244500,0.0,sina_index,2026-09-02T14:29:05
2023-04-21,3022.05,3045.542,2994.171,2994.738,2824402200,0.0,sina_index,2026-09-02T14:29:05
2023-04-24,3001.515,3012.354,2980.744,2990.494,3029306000,0.0,sina_index,2026-09-02T14:29:05
2023-04-25,2998.525,3019.786,2976.115,3011.923,3535606400,0.0,sina_index,2026-09-02T14:29:05
2023-04-26,2998.179,3037.659,2973.515,3021.581,3276689800,0.0,sina_index,2026-09-02T14:29:05
2023-04-27,3019.885,3037.35,3000.071,3028.348,2593495600,0.0,sina_index,2026-09-02T14:29:05
2023-04-28,3018.275,3058.472,3015.397,3056.715,2747190800,0.0,sina_index,2026-09-02T14:29:05
2023-05-04,3049.8,3136.566,3043.048,3133.275,5223712500,0.0,sina_index,2026-09-02T14:29:05
2023-05-05,3146.783,3178.933,3121.963,3160.775,4939719100,0.0,sina_index,2026-09-02T14:29:05
2023-05-08,3150.273,3256.541,3150.273,3246.348,7339182700,0.0,sina_index,2026-09-02T14:29:05
2023-05-09,3254.758,3283.442,3212.414,3218.773,7433179600,0.0,sina_index,2026-09-02T14:29:05
2023-05-10,3204.824,3211.846,3130.146,3143.237,6059542500,0.0,sina_index,2026-09-02T14:29:05
2023-05-11,3144.514,3159.055,3122.74,3132.558,3637179800,0.0,sina_index,2026-09-02T14:29:05
2023-05-12,3127.993,3156.441,3110.833,3115.156,3212317000,0.0,sina_index,2026-09-02T14:29:05
2023-05-15,3109.857,3113.504,3044.592,3113.375,4423203000,0.0,sina_index,2026-09-02T14:29:05
2023-05-16,3109.959,3132.339,3086.619,3094.785,3332543200,0.0,sina_index,2026-09-02T14:29:05
2023-05-17,3086.586,3102.752,3067.932,3079.682,2398557000,0.0,sina_index,2026-09-02T14:29:05
2023-05-18,3084.758,3124.739,3083.467,3102.906,3208017800,0.0,sina_index,2026-09-02T14:29:05
2023-05-19,3096.347,3096.347,3057.57,3059.538,2522340200,0.0,sina_index,2026-09-02T14:29:05
2023-05-22,3048.205,3065.705,3036.298,3048.777,2339662200,0.0,sina_index,2026-09-02T14:29:05
2023-05-23,3048.398,3057.086,3011.537,3011.537,2911719500,0.0,sina_index,2026-09-02T14:29:05
2023-05-24,3004.414,3004.414,2961.803,2967.569,3602459700,0.0,sina_index,2026-09-02T14:29:05
2023-05-25,2957.492,2966.988,2920.763,2950.128,2635807400,0.0,sina_index,2026-09-02T14:29:05
2023-05-26,2944.775,2984.856,2933.715,2977.616,2078073400,0.0,sina_index,2026-09-02T14:29:05
2023-05-29,2968.52,3024.882,2965.935,3005.921,2755600600,0.0,sina_index,2026-09-02T14:29:05
2023-05-30,2993.61,3006.483,2964.76,2997.49,2410034100,0.0,sina_index,2026-09-02T14:29:05
2023-05-31,2985.037,2994.856,2957.089,2967.168,2291657300,0.0,sina_index,2026-09-02T14:29:05
2023-06-01,2962.249,2987.534,2947.084,2958.427,2521758900,0.0,sina_index,2026-09-02T14:29:05
2023-06-02,2957.926,2972.926,2949.682,2960.28,2284690400,0.0,sina_index,2026-09-02T14:29:05
2023-06-05,2956.045,2981.122,2947.135,2977.674,2344012000,0.0,sina_index,2026-09-02T14:29:05
2023-06-06,2970.666,3007.937,2952.561,2960.547,2424540500,0.0,sina_index,2026-09-02T14:29:05
2023-06-07,2960.262,2997.295,2960.262,2991.078,2118705100,0.0,sina_index,2026-09-02T14:29:05
2023-06-08,2983.886,3022.573,2968.145,3016.857,2823751600,0.0,sina_index,2026-09-02T14:29:05
2023-06-09,3012.477,3019.648,2993.078,2998.984,2449816300,0.0,sina_index,2026-09-02T14:29:05
2023-06-12,2993.064,2993.279,2966.431,2971.888,2800810600,0.0,sina_index,2026-09-02T14:29:05
2023-06-13,2968.395,2980.969,2958.779,2967.524,1959722300,0.0,sina_index,2026-09-02T14:29:05
2023-06-14,2966.557,2980.531,2944.085,2945.225,2613430500,0.0,sina_index,2026-09-02T14:29:05
2023-06-15,2944.229,2950.244,2930.664,2945.68,1973034200,0.0,sina_index,2026-09-02T14:29:05
2023-06-16,2944.597,2952.732,2935.067,2935.911,2072261400,0.0,sina_index,2026-09-02T14:29:05
2023-06-19,2938.427,2938.427,2897.98,2899.402,2450151500,0.0,sina_index,2026-09-02T14:29:05
2023-06-20,2896.632,2896.926,2870.508,2870.907,1890851600,0.0,sina_index,2026-09-02T14:29:05
2023-06-21,2861.066,2875.673,2843.083,2843.66,2104570000,0.0,sina_index,2026-09-02T14:29:05
2023-06-26,2831.766,2831.766,2797.322,2802.577,2317050700,0.0,sina_index,2026-09-02T14:29:05
2023-06-27,2807.555,2860.398,2801.12,2852.184,2094553800,0.0,sina_index,2026-09-02T14:29:05
2023-06-28,2847.407,2870.366,2838.397,2870.366,1789671500,0.0,sina_index,2026-09-02T14:29:05
2023-06-29,2866.277,2877.054,2851.715,2865.433,1685940400,0.0,sina_index,2026-09-02T14:29:05
2023-06-30,2859.356,2874.167,2855.198,2862.217,1726598100,0.0,sina_index,2026-09-02T14:29:05
2023-07-03,2869.314,2897.381,2867.352,2895.225,2155177300,0.0,sina_index,2026-09-02T14:29:05
2023-07-04,2892.923,2892.923,2861.544,2871.609,2000930500,0.0,sina_index,2026-09-02T14:29:05
2023-07-05,2863.476,2874.479,2852.978,2869.121,1492323200,0.0,sina_index,2026-09-02T14:29:05
2023-07-06,2854.027,2865.827,2843.418,2847.832,1841734600,0.0,sina_index,2026-09-02T14:29:05
2023-07-07,2842.75,2870.662,2839.784,2860.258,1594685000,0.0,sina_index,2026-09-02T14:29:05
2023-07-10,2870.163,2880.887,2861.287,2875.257,1437816300,0.0,sina_index,2026-09-02T14:29:05
2023-07-11,2879.454,2881.33,2857.767,2874.231,1534033000,0.0,sina_index,2026-09-02T14:29:05
2023-07-12,2864.007,2866.226,2839.615,2841.869,1678875100,0.0,sina_index,2026-09-02T14:29:05
2023-07-13,2840.061,2874.102,2839.679,2869.989,2001519800,0.0,sina_index,2026-09-02T14:29:05
2023-07-14,2868.592,2890.702,2867.043,2877.818,2019600600,0.0,sina_index,2026-09-02T14:29:05
2023-07-17,2850.342,2850.342,2826.368,2841.242,1841592300,0.0,sina_index,2026-09-02T14:29:05
2023-07-18,2839.323,2844.804,2825.054,2834.483,1832617600,0.0,sina_index,2026-09-02T14:29:05
2023-07-19,2829.383,2846.387,2826.949,2845.312,1508753900,0.0,sina_index,2026-09-02T14:29:05
2023-07-20,2846.2,2852.622,2826.498,2830.101,1605463200,0.0,sina_index,2026-09-02T14:29:05
2023-07-21,2827.922,2840.555,2822.135,2833.394,1272853100,0.0,sina_index,2026-09-02T14:29:05
2023-07-24,2830.894,2845.592,2819.784,2831.285,1234232300,0.0,sina_index,2026-09-02T14:29:05
2023-07-25,2854.169,2875.704,2854.169,2874.981,2591429400,0.0,sina_index,2026-09-02T14:29:05
2023-07-26,2873.517,2883.72,2866.452,2877.89,1887718300,0.0,sina_index,2026-09-02T14:29:05
2023-07-27,2876.098,2909.468,2869.95,2884.501,2589910800,0.0,sina_index,2026-09-02T14:29:05
2023-07-28,2881.316,2940.194,2879.544,2937.863,3152368900,0.0,sina_index,2026-09-02T14:29:05
2023-07-31,2948.373,2977.438,2941.023,2952.252,3392946800,0.0,sina_index,2026-09-02T14:29:05
2023-08-01,2950.963,2968.549,2944.582,2957.344,2439724300,0.0,sina_index,2026-09-02T14:29:05
2023-08-02,2950.774,2953.39,2913.972,2920.246,2932223800,0.0,sina_index,2026-09-02T14:29:05
2023-08-03,2915.749,2935.477,2901.147,2932.819,2256700900,0.0,sina_index,2026-09-02T14:29:05
2023-08-04,2945.054,2958.583,2922.165,2923.227,2573331100,0.0,sina_index,2026-09-02T14:29:05
2023-08-07,2915.379,2915.542,2888.248,2898.819,2122045300,0.0,sina_index,2026-09-02T14:29:05
2023-08-08,2895.439,2904.459,2882.622,2893.472,1601163700,0.0,sina_index,2026-09-02T14:29:05
2023-08-09,2890.349,2891.593,2877.045,2881.693,1440130500,0.0,sina_index,2026-09-02T14:29:05
2023-08-10,2876.143,2900.424,2872.834,2893.986,1481670600,0.0,sina_index,2026-09-02T14:29:05
2023-08-11,2893.271,2900.996,2850.533,2850.586,2010714100,0.0,sina_index,2026-09-02T14:29:05
2023-08-14,2831.856,2855.306,2814.444,2849.209,1817471900,0.0,sina_index,2026-09-02T14:29:05
2023-08-15,2849.861,2875.678,2843.337,2872.326,1919672000,0.0,sina_index,2026-09-02T14:29:05
2023-08-16,2865.686,2885.412,2848.062,2869.505,1660870300,0.0,sina_index,2026-09-02T14:29:05
2023-08-17,2859.325,2872.444,2843.509,2868.768,1793306200,0.0,sina_index,2026-09-02T14:29:05
2023-08-18,2866.767,2901.283,2864.221,2864.221,1928426800,0.0,sina_index,2026-09-02T14:29:05
2023-08-21,2863.998,2875.358,2839.334,2839.334,1866928600,0.0,sina_index,2026-09-02T14:29:05
2023-08-22,2843.79,2870.597,2836.41,2867.565,2027636500,0.0,sina_index,2026-09-02T14:29:05
2023-08-23,2866.198,2898.51,2862.171,2869.263,2020969100,0.0,sina_index,2026-09-02T14:29:05
2023-08-24,2871.722,2880.772,2850.136,2850.973,1908570700,0.0,sina_index,2026-09-02T14:29:05
2023-08-25,2849.797,2878.056,2842.574,2859.511,1950201900,0.0,sina_index,2026-09-02T14:29:05
2023-08-28,2975.203,2976.108,2886.189,2894.341,3594576700,0.0,sina_index,2026-09-02T14:29:05
2023-08-29,2891.437,2904.77,2874.132,2893.886,3028778000,0.0,sina_index,2026-09-02T14:29:05
2023-08-30,2893.747,2898.663,2861.378,2864.031,2408830400,0.0,sina_index,2026-09-02T14:29:05
2023-08-31,2863.132,2876.584,2829.386,2834.354,2354600600,0.0,sina_index,2026-09-02T14:29:05
2023-09-01,2841.161,2871.756,2840.697,2863.108,2463718100,0.0,sina_index,2026-09-02T14:29:05
2023-09-04,2876.874,2916.424,2876.874,2908.818,3012024900,0.0,sina_index,2026-09-02T14:29:05
2023-09-05,2907.513,2907.513,2878.527,2884.036,1822228800,0.0,sina_index,2026-09-02T14:29:05
2023-09-06,2879.362,2890.714,2866.741,2884.088,1616215000,0.0,sina_index,2026-09-02T14:29:05
2023-09-07,2880.391,2898.776,2875.094,2876.882,1902611100,0.0,sina_index,2026-09-02T14:29:05
2023-09-08,2870.328,2870.328,2846.941,2853.314,1289821800,0.0,sina_index,2026-09-02T14:29:05
2023-09-11,2857.427,2881.131,2857.427,2876.512,1921619700,0.0,sina_index,2026-09-02T14:29:05
2023-09-12,2876.229,2880.168,2867.25,2870.744,1259497100,0.0,sina_index,2026-09-02T14:29:05
2023-09-13,2877.143,2899.734,2874.512,2886.415,1769698800,0.0,sina_index,2026-09-02T14:29:05
2023-09-14,2886.749,2925.235,2882.004,2924.054,2866978000,0.0,sina_index,2026-09-02T14:29:05
2023-09-15,2926.007,2946.762,2908.701,2916.449,2633460200,0.0,sina_index,2026-09-02T14:29:05
2023-09-18,2914.732,2925.79,2888.856,2921.959,1996232300,0.0,sina_index,2026-09-02T14:29:05
2023-09-19,2922.596,2950.417,2920.855,2946.454,2290531300,0.0,sina_index,2026-09-02T14:29:05
2023-09-20,2944.012,2957.683,2931.457,2950.641,2156909600,0.0,sina_index,2026-09-02T14:29:05
2023-09-21,2948.512,2959.004,2932.414,2934.187,2014068000,0.0,sina_index,2026-09-02T14:29:05
2023-09-22,2934.192,2947.625,2919.429,2945.599,2345181600,0.0,sina_index,2026-09-02T14:29:05
2023-09-25,2939.574,2959.917,2933.195,2942.094,2247195500,0.0,sina_index,2026-09-02T14:29:05
2023-09-26,2939.905,2945.488,2925.968,2928.702,1647264800,0.0,sina_index,2026-09-02T14:29:05
2023-09-27,2931.078,2935.779,2913.889,2914.075,1852596200,0.0,sina_index,2026-09-02T14:29:05
2023-09-28,2924.942,2929.822,2912.819,2915.852,1571631200,0.0,sina_index,2026-09-02T14:29:05
2023-10-09,2902.029,2916.996,2881.506,2909.477,2051695900,0.0,sina_index,2026-09-02T14:29:05
2023-10-10,2908.535,2917.883,2880.266,2881.86,1742088000,0.0,sina_index,2026-09-02T14:29:05
2023-10-11,2885.216,2889.2,2867.551,2872.848,2138639000,0.0,sina_index,2026-09-02T14:29:05
2023-10-12,2883.876,2898.274,2880.206,2895.137,3206713700,0.0,sina_index,2026-09-02T14:29:05
2023-10-13,2883.928,2903.427,2877.484,2896.741,2729250300,0.0,sina_index,2026-09-02T14:29:05
2023-10-16,2898.179,2911.026,2885.505,2906.605,2131799600,0.0,sina_index,2026-09-02T14:29:05
2023-10-17,2905.808,2912.782,2893.559,2907.554,1941416600,0.0,sina_index,2026-09-02T14:29:05
2023-10-18,2902.404,2908.363,2882.877,2886.009,2256384500,0.0,sina_index,2026-09-02T14:29:05
2023-10-19,2876.522,2876.522,2839.417,2839.417,2711962100,0.0,sina_index,2026-09-02T14:29:05
2023-10-20,2832.9,2839.518,2815.388,2820.057,2079976400,0.0,sina_index,2026-09-02T14:29:05
2023-10-23,2815.998,2823.102,2777.562,2788.636,2053224500,0.0,sina_index,2026-09-02T14:29:05
2023-10-24,2796.348,2814.48,2789.682,2809.057,2370962600,0.0,sina_index,2026-09-02T14:29:05
2023-10-25,2832.226,2843.612,2821.302,2828.574,2680528700,0.0,sina_index,2026-09-02T14:29:05
2023-10-26,2819.826,2847.741,2815.457,2844.035,2162102600,0.0,sina_index,2026-09-02T14:29:05
2023-10-27,2842.754,2868.017,2839.93,2852.977,2315015800,0.0,sina_index,2026-09-02T14:29:05
2023-10-30,2847.422,2850.206,2808.971,2812.516,3348105300,0.0,sina_index,2026-09-02T14:29:05
2023-10-31,2806.621,2826.857,2803.098,2822.903,2350641500,0.0,sina_index,2026-09-02T14:29:05
2023-11-01,2823.875,2824.804,2804.171,2819.42,1947548900,0.0,sina_index,2026-09-02T14:29:05
2023-11-02,2819.371,2840.223,2819.0,2826.723,1824986200,0.0,sina_index,2026-09-02T14:29:05
2023-11-03,2828.994,2837.927,2808.385,2809.731,1888861600,0.0,sina_index,2026-09-02T14:29:05
2023-11-06,2814.007,2819.612,2790.316,2795.693,2873870100,0.0,sina_index,2026-09-02T14:29:05
2023-11-07,2793.287,2804.228,2783.814,2797.854,1886368000,0.0,sina_index,2026-09-02T14:29:05
2023-11-08,2792.185,2807.431,2788.214,2798.004,1970873200,0.0,sina_index,2026-09-02T14:29:05
2023-11-09,2797.594,2827.966,2797.449,2820.632,2358187400,0.0,sina_index,2026-09-02T14:29:05
2023-11-10,2814.133,2821.673,2798.393,2814.09,2105906700,0.0,sina_index,2026-09-02T14:29:05
2023-11-13,2820.494,2825.174,2796.648,2819.496,1869691200,0.0,sina_index,2026-09-02T14:29:05
2023-11-14,2816.524,2823.538,2802.48,2809.365,1744781700,0.0,sina_index,2026-09-02T14:29:05
2023-11-15,2823.225,2825.497,2811.099,2821.588,1661069600,0.0,sina_index,2026-09-02T14:29:05
2023-11-16,2816.194,2830.046,2811.211,2822.232,1769483200,0.0,sina_index,2026-09-02T14:29:05
2023-11-17,2815.677,2819.821,2800.071,2812.702,1489136000,0.0,sina_index,2026-09-02T14:29:05
2023-11-20,2813.724,2822.992,2805.328,2817.384,1501739300,0.0,sina_index,2026-09-02T14:29:05
2023-11-21,2821.326,2850.457,2820.781,2829.943,2037359300,0.0,sina_index,2026-09-02T14:29:05
2023-11-22,2824.61,2843.889,2823.676,2823.676,1486910300,0.0,sina_index,2026-09-02T14:29:05
2023-11-23,2825.213,2848.677,2820.687,2846.411,1685655900,0.0,sina_index,2026-09-02T14:29:05
2023-11-24,2845.435,2857.985,2841.523,2848.205,1722566700,0.0,sina_index,2026-09-02T14:29:05
2023-11-27,2847.446,2848.412,2826.772,2839.874,2119764700,0.0,sina_index,2026-09-02T14:29:05
2023-11-28,2837.625,2839.649,2818.598,2837.699,1619414100,0.0,sina_index,2026-09-02T14:29:05
2023-11-29,2837.849,2842.516,2820.119,2822.553,1944236200,0.0,sina_index,2026-09-02T14:29:05
2023-11-30,2822.276,2833.567,2818.127,2833.003,1975708800,0.0,sina_index,2026-09-02T14:29:05
2023-12-01,2831.776,2847.516,2830.613,2844.396,2174891000,0.0,sina_index,2026-09-02T14:29:05
2023-12-04,2844.258,2855.685,2838.526,2848.069,1787409000,0.0,sina_index,2026-09-02T14:29:05
2023-12-05,2844.603,2846.012,2809.714,2811.72,1862909100,0.0,sina_index,2026-09-02T14:29:05
2023-12-06,2810.723,2816.809,2783.432,2810.471,2484486900,0.0,sina_index,2026-09-02T14:29:05
2023-12-07,2807.313,2821.43,2796.388,2813.956,2305580700,0.0,sina_index,2026-09-02T14:29:05
2023-12-08,2809.531,2826.311,2795.882,2819.976,3229607600,0.0,sina_index,2026-09-02T14:29:05
2023-12-11,2813.064,2865.898,2777.882,2863.788,3271255300,0.0,sina_index,2026-09-02T14:29:05
2023-12-12,2858.45,2877.838,2843.473,2877.288,2461295800,0.0,sina_index,2026-09-02T14:29:05
2023-12-13,2871.305,2876.085,2853.427,2854.701,1860788700,0.0,sina_index,2026-09-02T14:29:05
2023-12-14,2861.669,2871.786,2844.968,2857.958,1571318900,0.0,sina_index,2026-09-02T14:29:05
2023-12-15,2861.208,2866.893,2835.639,2838.076,1908888000,0.0,sina_index,2026-09-02T14:29:05
2023-12-18,2831.796,2855.796,2825.781,2836.865,1976319300,0.0,sina_index,2026-09-02T14:29:05
2023-12-19,2838.739,2839.053,2818.728,2831.571,1504452500,0.0,sina_index,2026-09-02T14:29:05
2023-12-20,2833.136,2853.909,2824.673,2824.948,1740946200,0.0,sina_index,2026-09-02T14:29:05
2023-12-21,2817.593,2819.525,2794.273,2813.053,2070192700,0.0,sina_index,2026-09-02T14:29:05
2023-12-22,2813.554,2827.517,2798.144,2803.991,2193092200,0.0,sina_index,2026-09-02T14:29:05
2023-12-25,2798.133,2809.815,2783.696,2807.285,1422858000,0.0,sina_index,2026-09-02T14:29:05
2023-12-26,2808.681,2825.668,2784.67,2787.09,1624440200,0.0,sina_index,2026-09-02T14:29:05
2023-12-27,2788.607,2804.519,2774.352,2802.323,1840351500,0.0,sina_index,2026-09-02T14:29:05
2023-12-28,2802.18,2805.91,2774.166,2782.743,2991456000,0.0,sina_index,2026-09-02T14:29:05
2023-12-29,2777.15,2803.91,2776.377,2797.823,1984920100,0.0,sina_index,2026-09-02T14:29:05
2024-01-02,2799.605,2850.635,2799.415,2838.869,2437997500,0.0,sina_index,2026-09-02T14:29:05
2024-01-03,2835.085,2878.081,2834.941,2877.617,2517281200,0.0,sina_index,2026-09-02T14:29:05
2024-01-04,2877.354,2903.227,2868.655,2901.068,2607966000,0.0,sina_index,2026-09-02T14:29:05
2024-01-05,2899.742,2947.705,2892.514,2909.14,3172335000,0.0,sina_index,2026-09-02T14:29:05
2024-01-08,2902.636,2903.53,2879.048,2883.239,2573515600,0.0,sina_index,2026-09-02T14:29:05
2024-01-09,2879.703,2906.283,2859.25,2899.863,2266361800,0.0,sina_index,2026-09-02T14:29:05
2024-01-10,2894.334,2907.988,2880.773,2883.679,1933010700,0.0,sina_index,2026-09-02T14:29:05
2024-01-11,2879.796,2882.403,2856.169,2858.26,2503138800,0.0,sina_index,2026-09-02T14:29:05
2024-01-12,2855.05,2880.916,2854.14,2867.714,1836364300,0.0,sina_index,2026-09-02T14:29:05
2024-01-15,2857.913,2889.302,2854.667,2885.583,1937864900,0.0,sina_index,2026-09-02T14:29:05
2024-01-16,2881.36,2901.474,2872.243,2898.528,2262599000,0.0,sina_index,2026-09-02T14:29:05
2024-01-17,2893.759,2908.191,2860.339,2860.842,2412290300,0.0,sina_index,2026-09-02T14:29:05
2024-01-18,2854.034,2854.034,2768.174,2841.114,3986550800,0.0,sina_index,2026-09-02T14:29:05
2024-01-19,2833.218,2842.654,2810.409,2821.066,2538679600,0.0,sina_index,2026-09-02T14:29:05
2024-01-22,2814.924,2814.924,2716.752,2732.679,3284007100,0.0,sina_index,2026-09-02T14:29:05
2024-01-23,2727.876,2777.714,2708.81,2766.675,2565021500,0.0,sina_index,2026-09-02T14:29:05
2024-01-24,2772.321,2834.434,2764.329,2833.18,2867979900,0.0,sina_index,2026-09-02T14:29:05
2024-01-25,2840.598,2910.044,2838.561,2910.005,3248660400,0.0,sina_index,2026-09-02T14:29:05
2024-01-26,2904.495,2957.74,2904.495,2949.52,3416552400,0.0,sina_index,2026-09-02T14:29:05
2024-01-29,2957.353,2988.674,2953.6,2963.005,3606942100,0.0,sina_index,2026-09-02T14:29:05
2024-01-30,2953.704,2977.748,2926.561,2928.159,2843356000,0.0,sina_index,2026-09-02T14:29:05
2024-01-31,2914.395,2960.921,2912.157,2932.606,3064234700,0.0,sina_index,2026-09-02T14:29:05
2024-02-01,2918.668,2928.691,2893.52,2900.125,2772988900,0.0,sina_index,2026-09-02T14:29:05
2024-02-02,2900.236,2955.117,2852.562,2906.8,3744518100,0.0,sina_index,2026-09-02T14:29:05
2024-02-05,2899.767,2944.224,2860.098,2917.708,4767542200,0.0,sina_index,2026-09-02T14:29:05
2024-02-06,2895.733,2980.964,2887.97,2964.409,4544750700,0.0,sina_index,2026-09-02T14:29:05
2024-02-07,2959.933,3012.364,2932.179,3012.086,5560470800,0.0,sina_index,2026-09-02T14:29:05
2024-02-08,3004.053,3033.003,2987.7,3009.377,4377474800,0.0,sina_index,2026-09-02T14:29:05
2024-02-19,3019.061,3081.738,2983.516,3080.73,4298993000,0.0,sina_index,2026-09-02T14:29:05
2024-02-20,3071.57,3128.412,3059.975,3125.846,3005889900,0.0,sina_index,2026-09-02T14:29:05
2024-02-21,3111.66,3159.53,3103.475,3119.751,3390305000,0.0,sina_index,2026-09-02T14:29:05
2024-02-22,3112.678,3175.746,3111.351,3174.728,2525888400,0.0,sina_index,2026-09-02T14:29:05
2024-02-23,3174.293,3191.941,3146.93,3156.487,2978487600,0.0,sina_index,2026-09-02T14:29:05
2024-02-26,3146.955,3150.287,3076.864,3089.344,3166963700,0.0,sina_index,2026-09-02T14:29:05
2024-02-27,3079.68,3111.018,3068.439,3105.208,2476372100,0.0,sina_index,2026-09-02T14:29:05
2024-02-28,3100.925,3127.943,3078.346,3087.393,3072860200,0.0,sina_index,2026-09-02T14:29:05
2024-02-29,3075.114,3116.497,3074.171,3116.497,2510367100,0.0,sina_index,2026-09-02T14:29:05
2024-03-01,3110.179,3130.949,3102.15,3115.681,2502251400,0.0,sina_index,2026-09-02T14:29:05
2024-03-04,3108.107,3139.191,3094.091,3137.487,2664896000,0.0,sina_index,2026-09-02T14:29:05
2024-03-05,3131.254,3162.795,3125.467,3156.506,2972545600,0.0,sina_index,2026-09-02T14:29:05
2024-03-06,3155.225,3185.791,3150.811,3156.272,2656101300,0.0,sina_index,2026-09-02T14:29:05
2024-03-07,3155.968,3196.852,3155.968,3175.296,2418466400,0.0,sina_index,2026-09-02T14:29:05
2024-03-08,3172.475,3196.659,3157.94,3196.574,2238814400,0.0,sina_index,2026-09-02T14:29:05
2024-03-11,3190.224,3195.173,3134.557,3162.219,2682301700,0.0,sina_index,2026-09-02T14:29:05
2024-03-12,3152.908,3153.17,3077.638,3085.797,3710556900,0.0,sina_index,2026-09-02T14:29:05
2024-03-13,3076.28,3081.594,3045.221,3071.738,2391955500,0.0,sina_index,2026-09-02T14:29:05
2024-03-14,3064.15,3085.386,3060.805,3077.939,2142902300,0.0,sina_index,2026-09-02T14:29:05
2024-03-15,3075.647,3080.157,3049.168,3074.85,2528797600,0.0,sina_index,2026-09-02T14:29:05
2024-03-18,3067.269,3069.392,3042.189,3058.972,2386293900,0.0,sina_index,2026-09-02T14:29:05
2024-03-19,3056.984,3079.265,3048.448,3052.239,2340373500,0.0,sina_index,2026-09-02T14:29:05
2024-03-20,3045.502,3072.335,3033.531,3061.745,2200121000,0.0,sina_index,2026-09-02T14:29:05
2024-03-21,3061.293,3076.026,3046.839,3066.731,2001090300,0.0,sina_index,2026-09-02T14:29:05
2024-03-22,3061.895,3075.683,3042.601,3064.926,2295368500,0.0,sina_index,2026-09-02T14:29:05
2024-03-25,3053.815,3112.736,3051.91,3075.17,2608160400,0.0,sina_index,2026-09-02T14:29:05
2024-03-26,3077.673,3083.559,3044.66,3066.304,2434796300,0.0,sina_index,2026-09-02T14:29:05
2024-03-27,3063.85,3088.327,3061.976,3062.514,2427956500,0.0,sina_index,2026-09-02T14:29:05
2024-03-28,3056.572,3068.656,3032.881,3053.368,3311823300,0.0,sina_index,2026-09-02T14:29:05
2024-03-29,3044.19,3081.951,3042.642,3081.066,2598333000,0.0,sina_index,2026-09-02T14:29:05
2024-04-01,3071.848,3077.205,3059.847,3074.599,2553901900,0.0,sina_index,2026-09-02T14:29:05
2024-04-02,3071.912,3101.495,3070.138,3094.202,2641015100,0.0,sina_index,2026-09-02T14:29:05
2024-04-03,3092.776,3135.448,3090.992,3134.351,2331683200,0.0,sina_index,2026-09-02T14:29:05
2024-04-08,3124.694,3168.011,3110.429,3139.775,2809339800,0.0,sina_index,2026-09-02T14:29:05
2024-04-09,3139.697,3153.458,3111.693,3126.338,2417877600,0.0,sina_index,2026-09-02T14:29:05
2024-04-10,3121.338,3158.442,3121.338,3140.474,2375028700,0.0,sina_index,2026-09-02T14:29:05
2024-04-11,3127.899,3194.45,3125.138,3177.829,2210330200,0.0,sina_index,2026-09-02T14:29:05
2024-04-12,3171.996,3189.183,3157.513,3171.188,2183760700,0.0,sina_index,2026-09-02T14:29:05
2024-04-15,3171.531,3239.068,3160.959,3235.404,3326530700,0.0,sina_index,2026-09-02T14:29:05
2024-04-16,3235.255,3277.916,3212.777,3237.532,3632220400,0.0,sina_index,2026-09-02T14:29:05
2024-04-17,3228.008,3294.141,3213.185,3293.853,3328926300,0.0,sina_index,2026-09-02T14:29:05
2024-04-18,3291.682,3341.166,3290.629,3312.59,3628708800,0.0,sina_index,2026-09-02T14:29:05
2024-04-19,3287.523,3342.43,3285.358,3316.821,2774411600,0.0,sina_index,2026-09-02T14:29:05
2024-04-22,3317.048,3336.75,3238.101,3238.787,3086140300,0.0,sina_index,2026-09-02T14:29:05
2024-04-23,3221.111,3231.545,3181.046,3189.848,2791455100,0.0,sina_index,2026-09-02T14:29:05
2024-04-24,3189.835,3189.835,3154.825,3187.223,2175082500,0.0,sina_index,2026-09-02T14:29:05
2024-04-25,3180.893,3208.407,3175.873,3206.298,1985379700,0.0,sina_index,2026-09-02T14:29:05
2024-04-26,3200.526,3221.866,3158.082,3177.024,3439072300,0.0,sina_index,2026-09-02T14:29:05
2024-04-29,3153.216,3153.487,3115.772,3147.139,3961239100,0.0,sina_index,2026-09-02T14:29:05
2024-04-30,3144.575,3177.271,3137.989,3155.842,3030035500,0.0,sina_index,2026-09-02T14:29:05
2024-05-06,3169.731,3175.09,3142.542,3173.141,3567730100,0.0,sina_index,2026-09-02T14:29:05
2024-05-07,3171.596,3180.534,3158.286,3176.194,2747333400,0.0,sina_index,2026-09-02T14:29:05
2024-05-08,3173.328,3208.243,3170.473,3195.207,2652862300,0.0,sina_index,2026-09-02T14:29:05
2024-05-09,3196.225,3215.005,3187.475,3206.687,2385790800,0.0,sina_index,2026-09-02T14:29:05
2024-05-10,3204.543,3223.559,3193.191,3221.409,2421308100,0.0,sina_index,2026-09-02T14:29:05
2024-05-13,3213.357,3234.857,3185.15,3229.434,2532476600,0.0,sina_index,2026-09-02T14:29:05
2024-05-14,3224.862,3227.753,3195.691,3217.915,2360496300,0.0,sina_index,2026-09-02T14:29:05
2024-05-15,3209.73,3233.082,3196.966,3212.687,1733236200,0.0,sina_index,2026-09-02T14:29:05
2024-05-16,3213.768,3234.219,3209.497,3220.526,2668551600,0.0,sina_index,2026-09-02T14:29:05
2024-05-17,3217.779,3241.93,3202.413,3240.699,2662324200,0.0,sina_index,2026-09-02T14:29:05
2024-05-20,3242.415,3287.626,3239.173,3277.004,3065915500,0.0,sina_index,2026-09-02T14:29:05
2024-05-21,3270.956,3298.004,3266.164,3290.39,2294090100,0.0,sina_index,2026-09-02T14:29:05
2024-05-22,3291.52,3323.436,3290.34,3291.755,2537955000,0.0,sina_index,2026-09-02T14:29:05
2024-05-23,3279.535,3281.332,3238.685,3246.39,2262283000,0.0,sina_index,2026-09-02T14:29:05
2024-05-24,3228.513,3267.944,3223.232,3225.083,2057345900,0.0,sina_index,2026-09-02T14:29:05
2024-05-27,3230.338,3283.972,3230.338,3282.315,2316933500,0.0,sina_index,2026-09-02T14:29:05
2024-05-28,3281.444,3292.76,3262.041,3274.153,1917581000,0.0,sina_index,2026-09-02T14:29:05
2024-05-29,3266.72,3305.842,3263.344,3279.435,2021235000,0.0,sina_index,2026-09-02T14:29:05
2024-05-30,3271.056,3296.117,3243.429,3251.094,2125659800,0.0,sina_index,2026-09-02T14:29:05
2024-05-31,3257.12,3277.824,3251.836,3254.806,1999825300,0.0,sina_index,2026-09-02T14:29:05
2024-06-03,3251.767,3255.813,3214.202,3233.445,2373799300,0.0,sina_index,2026-09-02T14:29:05
2024-06-04,3225.53,3247.942,3211.2,3242.691,1966724900,0.0,sina_index,2026-09-02T14:29:05
2024-06-05,3240.425,3246.552,3200.946,3202.994,1969146000,0.0,sina_index,2026-09-02T14:29:05
2024-06-06,3197.331,3233.413,3197.08,3211.472,2301085400,0.0,sina_index,2026-09-02T14:29:05
2024-06-07,3211.417,3234.57,3208.801,3232.389,2614199700,0.0,sina_index,2026-09-02T14:29:05
2024-06-11,3227.991,3232.122,3164.266,3172.311,2873165300,0.0,sina_index,2026-09-02T14:29:05
2024-06-12,3168.906,3225.195,3158.382,3221.173,2607703300,0.0,sina_index,2026-09-02T14:29:05
2024-06-13,3209.948,3215.529,3172.889,3184.62,2121388100,0.0,sina_index,2026-09-02T14:29:05
2024-06-14,3175.605,3193.831,3164.71,3180.674,3226132800,0.0,sina_index,2026-09-02T14:29:05
2024-06-17,3176.368,3188.008,3133.647,3138.511,2779943200,0.0,sina_index,2026-09-02T14:29:05
2024-06-18,3136.283,3153.913,3117.526,3148.83,1964752100,0.0,sina_index,2026-09-02T14:29:05
2024-06-19,3143.292,3155.836,3133.04,3137.629,2054788200,0.0,sina_index,2026-09-02T14:29:05
2024-06-20,3136.047,3155.728,3132.522,3145.895,1864319200,0.0,sina_index,2026-09-02T14:29:05
2024-06-21,3136.883,3151.754,3127.01,3139.728,2092874200,0.0,sina_index,2026-09-02T14:29:05
2024-06-24,3128.582,3129.306,3083.869,3100.631,2330670100,0.0,sina_index,2026-09-02T14:29:05
2024-06-25,3095.222,3120.728,3092.316,3106.919,2186578400,0.0,sina_index,2026-09-02T14:29:05
2024-06-26,3093.895,3110.241,3080.398,3108.318,1988279100,0.0,sina_index,2026-09-02T14:29:05
2024-06-27,3103.812,3120.391,3091.68,3103.117,2429697900,0.0,sina_index,2026-09-02T14:29:05
2024-06-28,3090.43,3126.767,3087.283,3113.602,2274373400,0.0,sina_index,2026-09-02T14:29:05
2024-07-01,3115.386,3189.278,3113.501,3182.735,2383410400,0.0,sina_index,2026-09-02T14:29:05
2024-07-02,3183.814,3196.38,3162.978,3189.826,2654352300,0.0,sina_index,2026-09-02T14:29:05
2024-07-03,3184.33,3194.127,3157.33,3162.905,2206376900,0.0,sina_index,2026-09-02T14:29:05
2024-07-04,3161.296,3176.523,3140.911,3145.35,2107910400,0.0,sina_index,2026-09-02T14:29:05
2024-07-05,3145.186,3154.249,3109.238,3128.915,2586430900,0.0,sina_index,2026-09-02T14:29:05
2024-07-08,3113.61,3129.476,3103.075,3108.044,2315128100,0.0,sina_index,2026-09-02T14:29:05
2024-07-09,3105.278,3137.831,3083.058,3132.72,2264192400,0.0,sina_index,2026-09-02T14:29:05
2024-07-10,3108.315,3110.275,3049.88,3052.455,2316483400,0.0,sina_index,2026-09-02T14:29:05
2024-07-11,3058.205,3061.686,3032.678,3043.03,2450414400,0.0,sina_index,2026-09-02T14:29:05
2024-07-12,3036.08,3054.636,3023.599,3029.416,2563917700,0.0,sina_index,2026-09-02T14:29:05
2024-07-15,3025.524,3072.825,3011.935,3067.837,2503432600,0.0,sina_index,2026-09-02T14:29:05
2024-07-16,3059.028,3066.427,3034.594,3048.646,2526607800,0.0,sina_index,2026-09-02T14:29:05
2024-07-17,3041.462,3048.464,3022.182,3029.236,2171302800,0.0,sina_index,2026-09-02T14:29:05
2024-07-18,3021.454,3037.675,3001.682,3035.004,2041086100,0.0,sina_index,2026-09-02T14:29:05
2024-07-19,3029.48,3030.742,2998.349,3014.74,2431449400,0.0,sina_index,2026-09-02T14:29:05
2024-07-22,3006.799,3007.339,2956.837,2986.849,2561045900,0.0,sina_index,2026-09-02T14:29:05
2024-07-23,2983.047,2986.118,2959.991,2960.09,2817377900,0.0,sina_index,2026-09-02T14:29:05
2024-07-24,2954.349,2972.574,2943.494,2961.195,2522298400,0.0,sina_index,2026-09-02T14:29:05
2024-07-25,2955.201,2958.299,2926.676,2952.505,2693915100,0.0,sina_index,2026-09-02T14:29:05
2024-07-26,2945.547,2952.362,2915.091,2933.754,2629789600,0.0,sina_index,2026-09-02T14:29:05
2024-07-29,2930.881,2944.447,2917.274,2941.115,2271358700,0.0,sina_index,2026-09-02T14:29:05
2024-07-30,2937.825,2937.825,2914.006,2928.502,1973737400,0.0,sina_index,2026-09-02T14:29:05
2024-07-31,2929.441,2957.369,2924.083,2954.715,3083764300,0.0,sina_index,2026-09-02T14:29:05
2024-08-01,2957.616,2969.424,2948.977,2955.585,2606446200,0.0,sina_index,2026-09-02T14:29:05
2024-08-02,2943.865,2963.43,2930.808,2950.28,1924857300,0.0,sina_index,2026-09-02T14:29:05
2024-08-05,2940.216,2953.047,2907.345,2910.392,2463152000,0.0,sina_index,2026-09-02T14:29:05
2024-08-06,2919.415,2931.843,2880.845,2901.727,2257679500,0.0,sina_index,2026-09-02T14:29:05
2024-08-07,2898.135,2928.165,2890.44,2910.697,1929901500,0.0,sina_index,2026-09-02T14:29:05
2024-08-08,2912.741,2928.438,2902.865,2923.618,1465424600,0.0,sina_index,2026-09-02T14:29:05
2024-08-09,2924.15,2929.892,2910.064,2910.064,1573031700,0.0,sina_index,2026-09-02T14:29:05
2024-08-12,2910.355,2940.183,2900.648,2931.44,1693726900,0.0,sina_index,2026-09-02T14:29:05
2024-08-13,2932.771,2941.333,2916.321,2935.007,1761248900,0.0,sina_index,2026-09-02T14:29:05
2024-08-14,2929.835,2937.847,2921.445,2925.741,1513288900,0.0,sina_index,2026-09-02T14:29:05
2024-08-15,2923.984,2961.493,2918.337,2954.101,1903909600,0.0,sina_index,2026-09-02T14:29:05
2024-08-16,2953.279,2967.398,2947.752,2957.757,2031255700,0.0,sina_index,2026-09-02T14:29:05
2024-08-19,2956.955,2989.536,2956.208,2987.478,2335068900,0.0,sina_index,2026-09-02T14:29:05
2024-08-20,2990.817,2990.817,2936.986,2949.112,2452905200,0.0,sina_index,2026-09-02T14:29:05
2024-08-21,2946.487,2946.487,2902.868,2924.934,2221945300,0.0,sina_index,2026-09-02T14:29:05
2024-08-22,2922.592,2938.507,2915.913,2924.148,2254611700,0.0,sina_index,2026-09-02T14:29:05
2024-08-23,2919.507,2934.385,2907.806,2923.457,1909812900,0.0,sina_index,2026-09-02T14:29:05
2024-08-26,2920.867,2924.19,2889.811,2909.183,1843686400,0.0,sina_index,2026-09-02T14:29:05
2024-08-27,2906.24,2919.429,2902.454,2916.106,2249259100,0.0,sina_index,2026-09-02T14:29:05
2024-08-28,2910.75,2921.964,2891.653,2901.756,2170074700,0.0,sina_index,2026-09-02T14:29:05
2024-08-29,2897.956,2897.956,2843.152,2844.058,3464629300,0.0,sina_index,2026-09-02T14:29:05
2024-08-30,2845.154,2878.385,2822.302,2846.016,4821341000,0.0,sina_index,2026-09-02T14:29:05
2024-09-02,2837.256,2888.716,2820.403,2870.604,3786933200,0.0,sina_index,2026-09-02T14:29:05
2024-09-03,2868.501,2878.818,2824.801,2842.04,3486598300,0.0,sina_index,2026-09-02T14:29:05
2024-09-04,2829.679,2852.55,2818.202,2845.771,2404744500,0.0,sina_index,2026-09-02T14:29:05
2024-09-05,2843.849,2853.97,2829.491,2845.074,2265448200,0.0,sina_index,2026-09-02T14:29:05
2024-09-06,2840.976,2857.223,2815.525,2817.652,1893948000,0.0,sina_index,2026-09-02T14:29:05
2024-09-09,2811.44,2811.44,2761.27,2770.71,2397944800,0.0,sina_index,2026-09-02T14:29:05
2024-09-10,2769.523,2780.771,2750.96,2775.722,2418331300,0.0,sina_index,2026-09-02T14:29:05
2024-09-11,2766.684,2766.684,2703.539,2711.685,2723303400,0.0,sina_index,2026-09-02T14:29:05
2024-09-12,2710.726,2735.045,2701.008,2722.674,2231492000,0.0,sina_index,2026-09-02T14:29:05
2024-09-13,2722.862,2740.825,2710.037,2710.838,2006896600,0.0,sina_index,2026-09-02T14:29:05
2024-09-18,2709.998,2750.075,2709.329,2746.764,1878007300,0.0,sina_index,2026-09-02T14:29:05
2024-09-19,2751.768,2754.513,2715.887,2740.017,2321856900,0.0,sina_index,2026-09-02T14:29:05
2024-09-20,2736.245,2748.714,2721.466,2738.693,2322628500,0.0,sina_index,2026-09-02T14:29:05
2024-09-23,2736.057,2779.079,2732.611,2771.738,1958500400,0.0,sina_index,2026-09-02T14:29:05
2024-09-24,2786.666,2899.163,2786.666,2898.574,4104841000,0.0,sina_index,2026-09-02T14:29:05
2024-09-25,2937.58,2999.907,2936.125,2940.752,4595319900,0.0,sina_index,2026-09-02T14:29:05
2024-09-26,2941.365,3040.205,2930.292,3039.672,4340212300,0.0,sina_index,2026-09-02T14:29:05
2024-09-27,3079.131,3102.478,3011.4,3063.2,4256735600,0.0,sina_index,2026-09-02T14:29:05
2024-09-30,3139.121,3277.05,3090.248,3241.301,10383910500,0.0,sina_index,2026-09-02T14:29:05
2024-10-08,3519.563,3525.624,3172.494,3240.567,11452750700,0.0,sina_index,2026-09-02T14:29:05
2024-10-09,3189.538,3189.538,3005.722,3005.722,7315650000,0.0,sina_index,2026-09-02T14:29:05
2024-10-10,3013.141,3179.601,3013.141,3115.677,7075344400,0.0,sina_index,2026-09-02T14:29:05
2024-10-11,3119.888,3146.8,3049.443,3073.759,4498145000,0.0,sina_index,2026-09-02T14:29:05
2024-10-14,3099.383,3180.979,3099.383,3156.189,5519197500,0.0,sina_index,2026-09-02T14:29:05
2024-10-15,3139.662,3154.558,3084.556,3084.556,3953896400,0.0,sina_index,2026-09-02T14:29:05
2024-10-16,3068.377,3147.987,3066.885,3126.875,3689819800,0.0,sina_index,2026-09-02T14:29:05
2024-10-17,3131.108,3151.367,3076.189,3076.189,3042162000,0.0,sina_index,2026-09-02T14:29:05
2024-10-18,3074.56,3133.982,3036.182,3097.173,4097292600,0.0,sina_index,2026-09-02T14:29:05
2024-10-21,3103.25,3103.883,3061.346,3079.681,4002919400,0.0,sina_index,2026-09-02T14:29:05
2024-10-22,3078.695,3106.404,3068.875,3096.129,2947689600,0.0,sina_index,2026-09-02T14:29:05
2024-10-23,3095.243,3105.069,3085.835,3096.121,2649251100,0.0,sina_index,2026-09-02T14:29:05
2024-10-24,3086.436,3091.166,3065.587,3076.09,2162867900,0.0,sina_index,2026-09-02T14:29:05
2024-10-25,3072.706,3082.712,3063.216,3073.794,2373915800,0.0,sina_index,2026-09-02T14:29:05
2024-10-28,3076.393,3095.281,3065.839,3095.281,3417818400,0.0,sina_index,2026-09-02T14:29:05
2024-10-29,3096.271,3098.999,3044.688,3050.02,3173715600,0.0,sina_index,2026-09-02T14:29:05
2024-10-30,3037.469,3053.886,2999.316,3018.39,2897413000,0.0,sina_index,2026-09-02T14:29:05
2024-10-31,3008.459,3014.472,2970.74,2998.431,3265707400,0.0,sina_index,2026-09-02T14:29:05
2024-11-01,2994.988,3042.226,2988.713,3023.831,3585739400,0.0,sina_index,2026-09-02T14:29:05
2024-11-04,3029.463,3041.556,2993.979,3041.556,2757900200,0.0,sina_index,2026-09-02T14:29:05
2024-11-05,3036.479,3066.872,3027.632,3066.872,3013461400,0.0,sina_index,2026-09-02T14:29:05
2024-11-06,3064.603,3065.149,3030.961,3043.679,3112563800,0.0,sina_index,2026-09-02T14:29:05
2024-11-07,3033.473,3104.763,3028.746,3104.763,3549688000,0.0,sina_index,2026-09-02T14:29:05
2024-11-08,3116.359,3126.958,3058.229,3069.875,3708162300,0.0,sina_index,2026-09-02T14:29:05
2024-11-11,3053.624,3055.91,3019.014,3039.614,3358754700,0.0,sina_index,2026-09-02T14:29:05
2024-11-12,3037.195,3063.012,3010.891,3022.667,3305047500,0.0,sina_index,2026-09-02T14:29:05
2024-11-13,3016.209,3045.847,3013.992,3040.902,2660648500,0.0,sina_index,2026-09-02T14:29:05
2024-11-14,3039.642,3049.081,3011.177,3012.933,3048772900,0.0,sina_index,2026-09-02T14:29:05
2024-11-15,3008.02,3043.248,3004.692,3016.622,3325980400,0.0,sina_index,2026-09-02T14:29:05
2024-11-18,3037.29,3107.169,3037.29,3065.491,5396945600,0.0,sina_index,2026-09-02T14:29:05
2024-11-19,3061.187,3076.781,3027.143,3060.037,3638507800,0.0,sina_index,2026-09-02T14:29:05
2024-11-20,3050.987,3065.291,3042.722,3064.722,2487398800,0.0,sina_index,2026-09-02T14:29:05
2024-11-21,3058.651,3071.64,3052.495,3066.586,1926159900,0.0,sina_index,2026-09-02T14:29:05
2024-11-22,3066.939,3078.64,2989.845,2989.845,2706656100,0.0,sina_index,2026-09-02T14:29:05
2024-11-25,2995.9,3024.546,2983.214,2998.904,2609564200,0.0,sina_index,2026-09-02T14:29:05
2024-11-26,2992.273,3021.877,2988.232,3009.183,2651297200,0.0,sina_index,2026-09-02T14:29:05
2024-11-27,3003.198,3042.744,2977.213,3042.739,2764458800,0.0,sina_index,2026-09-02T14:29:05
2024-11-28,3038.946,3050.821,3030.309,3035.123,2206105900,0.0,sina_index,2026-09-02T14:29:05
2024-11-29,3035.914,3064.579,3035.086,3047.435,2877096300,0.0,sina_index,2026-09-02T14:29:05
2024-12-02,3057.516,3062.302,3032.281,3057.68,3279316300,0.0,sina_index,2026-09-02T14:29:05
2024-12-03,3053.257,3091.48,3043.497,3091.48,3651044300,0.0,sina_index,2026-09-02T14:29:05
2024-12-04,3079.566,3124.205,3067.159,3112.83,3578480200,0.0,sina_index,2026-09-02T14:29:05
2024-12-05,3107.774,3115.818,3098.773,3106.338,2545349100,0.0,sina_index,2026-09-02T14:29:05
2024-12-06,3108.597,3155.188,3108.597,3149.275,3287962900,0.0,sina_index,2026-09-02T14:29:05
2024-12-09,3146.923,3172.603,3132.486,3153.928,2989474400,0.0,sina_index,2026-09-02T14:29:05
2024-12-10,3202.457,3209.765,3145.938,3150.844,3880421800,0.0,sina_index,2026-09-02T14:29:05
2024-12-11,3142.683,3166.84,3141.374,3160.301,3550221800,0.0,sina_index,2026-09-02T14:29:05
2024-12-12,3159.886,3170.182,3149.337,3168.822,3325258500,0.0,sina_index,2026-09-02T14:29:05
2024-12-13,3158.628,3158.88,3123.521,3126.867,4496355500,0.0,sina_index,2026-09-02T14:29:05
2024-12-16,3129.347,3186.0,3129.347,3168.989,4240431800,0.0,sina_index,2026-09-02T14:29:05
2024-12-17,3168.193,3193.358,3155.934,3162.707,3515369900,0.0,sina_index,2026-09-02T14:29:05
2024-12-18,3168.62,3206.651,3168.62,3184.524,3828466400,0.0,sina_index,2026-09-02T14:29:05
2024-12-19,3168.77,3179.268,3137.895,3150.551,3155527200,0.0,sina_index,2026-09-02T14:29:05
2024-12-20,3148.761,3157.106,3121.656,3123.947,3032007900,0.0,sina_index,2026-09-02T14:29:05
2024-12-23,3124.707,3162.831,3123.636,3136.272,4192877700,0.0,sina_index,2026-09-02T14:29:05
2024-12-24,3135.153,3172.994,3132.526,3171.648,3345958000,0.0,sina_index,2026-09-02T14:29:05
2024-12-25,3171.102,3190.321,3162.993,3188.002,3764253500,0.0,sina_index,2026-09-02T14:29:05
2024-12-26,3185.924,3186.141,3161.186,3171.713,3056057100,0.0,sina_index,2026-09-02T14:29:05
2024-12-27,3167.389,3176.309,3140.175,3173.964,3404518000,0.0,sina_index,2026-09-02T14:29:05
2024-12-30,3169.466,3221.975,3169.466,3218.545,3701176500,0.0,sina_index,2026-09-02T14:29:05
2024-12-31,3219.879,3243.391,3201.875,3202.172,3904201400,0.0,sina_index,2026-09-02T14:29:05
2025-01-02,3203.93,3225.334,3114.161,3130.015,4600010300,0.0,sina_index,2026-09-02T14:29:05
2025-01-03,3139.103,3150.267,3098.717,3105.437,3852500900,0.0,sina_index,2026-09-02T14:29:05
2025-01-06,3105.374,3109.17,3072.408,3105.09,3633619900,0.0,sina_index,2026-09-02T14:29:05
2025-01-07,3097.227,3102.248,3063.447,3091.327,3071414400,0.0,sina_index,2026-09-02T14:29:05
2025-01-08,3083.477,3101.093,3052.471,3088.544,3389172500,0.0,sina_index,2026-09-02T14:29:05
2025-01-09,3076.746,3076.746,3039.025,3039.629,2850658000,0.0,sina_index,2026-09-02T14:29:05
2025-01-10,3037.758,3049.045,3003.379,3003.379,2769117700,0.0,sina_index,2026-09-02T14:29:05
2025-01-13,2993.358,3010.551,2968.237,2983.594,2951975400,0.0,sina_index,2026-09-02T14:29:05
2025-01-14,2989.976,3036.882,2983.695,3033.396,2964103000,0.0,sina_index,2026-09-02T14:29:05
2025-01-15,3028.316,3068.26,3025.878,3037.233,3030373900,0.0,sina_index,2026-09-02T14:29:05
2025-01-16,3047.221,3077.183,3045.672,3066.16,2656197100,0.0,sina_index,2026-09-02T14:29:05
2025-01-17,3062.742,3069.96,3037.651,3050.533,2457699300,0.0,sina_index,2026-09-02T14:29:05
2025-01-20,3053.717,3059.123,3031.987,3036.331,2531788400,0.0,sina_index,2026-09-02T14:29:05
2025-01-21,3044.553,3046.5,3012.238,3020.225,2314462600,0.0,sina_index,2026-09-02T14:29:05
2025-01-22,3014.013,3014.013,2986.125,2996.785,2775927000,0.0,sina_index,2026-09-02T14:29:05
2025-01-23,3009.114,3049.494,3009.114,3034.962,3865381900,0.0,sina_index,2026-09-02T14:29:05
2025-01-24,3029.822,3064.049,3017.678,3051.061,2952194100,0.0,sina_index,2026-09-02T14:29:05
2025-01-27,3052.47,3101.059,3052.47,3090.187,3160882000,0.0,sina_index,2026-09-02T14:29:05
2025-02-05,3098.772,3098.772,3020.219,3027.131,3043815700,0.0,sina_index,2026-09-02T14:29:05
2025-02-06,3024.291,3034.836,3006.727,3024.358,2498662900,0.0,sina_index,2026-09-02T14:29:05
2025-02-07,3020.416,3048.783,3008.997,3039.419,3261967100,0.0,sina_index,2026-09-02T14:29:05
2025-02-10,3035.629,3038.906,3025.007,3029.707,2623214800,0.0,sina_index,2026-09-02T14:29:05
2025-02-11,3032.413,3049.454,3032.413,3048.482,2980001500,0.0,sina_index,2026-09-02T14:29:05
2025-02-12,3045.642,3051.918,3032.161,3048.55,2521680200,0.0,sina_index,2026-09-02T14:29:05
2025-02-13,3046.323,3060.836,3045.59,3048.396,2520120400,0.0,sina_index,2026-09-02T14:29:05
2025-02-14,3049.653,3056.261,3037.987,3055.221,2419647200,0.0,sina_index,2026-09-02T14:29:05
2025-02-17,3054.977,3055.632,3029.428,3043.258,2846846800,0.0,sina_index,2026-09-02T14:29:05
2025-02-18,3038.762,3059.425,3028.809,3037.287,3470289400,0.0,sina_index,2026-09-02T14:29:05
2025-02-19,3034.032,3034.2,3018.531,3023.272,2765436900,0.0,sina_index,2026-09-02T14:29:05
2025-02-20,3020.293,3020.871,3006.948,3011.8,2140244200,0.0,sina_index,2026-09-02T14:29:05
2025-02-21,3013.16,3014.438,2983.65,2988.661,3490185500,0.0,sina_index,2026-09-02T14:29:05
2025-02-24,2980.295,2990.092,2968.841,2980.885,3195457800,0.0,sina_index,2026-09-02T14:29:05
2025-02-25,2974.783,2986.423,2958.727,2963.456,2956411300,0.0,sina_index,2026-09-02T14:29:05
2025-02-26,2964.865,2997.294,2964.865,2989.426,2970754100,0.0,sina_index,2026-09-02T14:29:05
2025-02-27,2996.76,3015.08,2984.598,3014.995,3278332700,0.0,sina_index,2026-09-02T14:29:05
2025-02-28,3015.734,3026.402,2995.324,2995.324,3350640000,0.0,sina_index,2026-09-02T14:29:05
2025-03-03,2996.64,3006.08,2981.754,2986.706,3015512700,0.0,sina_index,2026-09-02T14:29:05
2025-03-04,2979.438,2990.283,2973.068,2982.061,2391197600,0.0,sina_index,2026-09-02T14:29:05
2025-03-05,2983.408,2993.123,2969.858,2992.389,3305728900,0.0,sina_index,2026-09-02T14:29:05
2025-03-06,2992.46,2993.121,2972.401,2986.485,3070788500,0.0,sina_index,2026-09-02T14:29:05
2025-03-07,2985.26,2996.55,2982.27,2984.373,2622427800,0.0,sina_index,2026-09-02T14:29:05
2025-03-10,2982.193,2992.586,2972.212,2991.002,2721606600,0.0,sina_index,2026-09-02T14:29:05
2025-03-11,2976.43,3014.699,2974.127,3014.699,2479336000,0.0,sina_index,2026-09-02T14:29:05
2025-03-12,3013.929,3015.427,3000.611,3006.459,2398708700,0.0,sina_index,2026-09-02T14:29:05
2025-03-13,3005.916,3037.563,3003.99,3036.84,2953792800,0.0,sina_index,2026-09-02T14:29:05
2025-03-14,3034.966,3065.656,3034.408,3058.092,3828532600,0.0,sina_index,2026-09-02T14:29:05
2025-03-17,3061.246,3071.066,3053.204,3063.493,2927136200,0.0,sina_index,2026-09-02T14:29:05
2025-03-18,3064.127,3066.073,3044.503,3052.899,2115960500,0.0,sina_index,2026-09-02T14:29:05
2025-03-19,3048.972,3060.901,3040.908,3057.097,2560516900,0.0,sina_index,2026-09-02T14:29:05
2025-03-20,3055.803,3066.33,3048.721,3052.358,2398770100,0.0,sina_index,2026-09-02T14:29:05
2025-03-21,3048.656,3069.802,3031.551,3042.206,2864206200,0.0,sina_index,2026-09-02T14:29:05
2025-03-24,3047.532,3068.311,3047.532,3065.147,3092988400,0.0,sina_index,2026-09-02T14:29:05
2025-03-25,3065.289,3091.424,3063.779,3090.562,2628746600,0.0,sina_index,2026-09-02T14:29:05
2025-03-26,3086.294,3091.416,3073.716,3087.395,2290016500,0.0,sina_index,2026-09-02T14:29:05
2025-03-27,3085.884,3094.81,3080.493,3087.705,2210438600,0.0,sina_index,2026-09-02T14:29:05
2025-03-28,3086.821,3087.753,3062.832,3067.509,2147327300,0.0,sina_index,2026-09-02T14:29:05
2025-03-31,3063.0,3085.202,3054.12,3061.056,3468516100,0.0,sina_index,2026-09-02T14:29:05
2025-04-01,3064.517,3087.551,3060.216,3086.055,3080761200,0.0,sina_index,2026-09-02T14:29:05
2025-04-02,3080.606,3105.652,3080.606,3101.515,2666704800,0.0,sina_index,2026-09-02T14:29:05
2025-04-03,3080.988,3109.836,3077.32,3107.181,2692115300,0.0,sina_index,2026-09-02T14:29:05
2025-04-07,3010.18,3030.836,2863.709,2911.836,6843057800,0.0,sina_index,2026-09-02T14:29:05
2025-04-08,2919.274,2995.133,2919.274,2995.133,5421489900,0.0,sina_index,2026-09-02T14:29:05
2025-04-09,2978.79,3002.135,2933.491,3002.135,4349637500,0.0,sina_index,2026-09-02T14:29:05
2025-04-10,3027.237,3037.566,2999.809,3028.361,3588324900,0.0,sina_index,2026-09-02T14:29:05
2025-04-11,3023.705,3023.705,3003.555,3008.395,2795077100,0.0,sina_index,2026-09-02T14:29:05
2025-04-14,3015.303,3044.997,3009.852,3042.597,3049205100,0.0,sina_index,2026-09-02T14:29:05
2025-04-15,3041.555,3057.816,3033.96,3056.22,3128008800,0.0,sina_index,2026-09-02T14:29:05
2025-04-16,3054.623,3076.315,3046.343,3076.163,3414421200,0.0,sina_index,2026-09-02T14:29:05
2025-04-17,3066.131,3069.48,3050.356,3067.41,2438169800,0.0,sina_index,2026-09-02T14:29:05
2025-04-18,3060.308,3069.517,3054.275,3064.451,2262924100,0.0,sina_index,2026-09-02T14:29:05
2025-04-21,3060.518,3083.84,3054.787,3055.56,2687034900,0.0,sina_index,2026-09-02T14:29:05
2025-04-22,3055.372,3073.039,3054.588,3065.824,2587590100,0.0,sina_index,2026-09-02T14:29:05
2025-04-23,3069.345,3070.502,3047.27,3047.431,2202674700,0.0,sina_index,2026-09-02T14:29:05
2025-04-24,3047.484,3071.697,3047.484,3065.046,2517885100,0.0,sina_index,2026-09-02T14:29:05
2025-04-25,3062.762,3068.776,3050.592,3058.879,2475471800,0.0,sina_index,2026-09-02T14:29:05
2025-04-28,3057.234,3066.551,3047.068,3059.511,2853807700,0.0,sina_index,2026-09-02T14:29:05
2025-04-29,3048.58,3064.718,3043.352,3047.802,2295906600,0.0,sina_index,2026-09-02T14:29:05
2025-04-30,3043.007,3044.058,3019.951,3021.294,4116015000,0.0,sina_index,2026-09-02T14:29:05
2025-05-06,3030.302,3030.362,3006.284,3018.49,3233385600,0.0,sina_index,2026-09-02T14:29:05
2025-05-07,3039.982,3045.078,3025.67,3039.527,3271937100,0.0,sina_index,2026-09-02T14:29:05
2025-05-08,3028.31,3042.718,3021.491,3033.746,2523723100,0.0,sina_index,2026-09-02T14:29:05
2025-05-09,3034.28,3055.012,3034.28,3052.195,2694461100,0.0,sina_index,2026-09-02T14:29:05
2025-05-12,3057.768,3064.423,3046.576,3063.27,2723677100,0.0,sina_index,2026-09-02T14:29:05
2025-05-13,3077.933,3088.281,3062.931,3087.077,2988185500,0.0,sina_index,2026-09-02T14:29:05
2025-05-14,3086.723,3115.041,3074.933,3113.741,3233909800,0.0,sina_index,2026-09-02T14:29:05
2025-05-15,3111.181,3122.139,3101.447,3101.715,2794302800,0.0,sina_index,2026-09-02T14:29:05
2025-05-16,3096.806,3100.963,3066.149,3082.007,2852585200,0.0,sina_index,2026-09-02T14:29:05
2025-05-19,3086.738,3099.987,3086.098,3093.039,2318154800,0.0,sina_index,2026-09-02T14:29:05
2025-05-20,3097.727,3105.7,3089.546,3097.965,2113116000,0.0,sina_index,2026-09-02T14:29:05
2025-05-21,3098.474,3134.433,3098.474,3126.657,2475486800,0.0,sina_index,2026-09-02T14:29:05
2025-05-22,3125.936,3134.062,3114.725,3130.205,2442746500,0.0,sina_index,2026-09-02T14:29:05
2025-05-23,3127.819,3141.126,3094.26,3094.26,2621803500,0.0,sina_index,2026-09-02T14:29:05
2025-05-26,3090.981,3099.337,3074.022,3077.651,2413079800,0.0,sina_index,2026-09-02T14:29:05
2025-05-27,3079.762,3086.574,3059.786,3066.285,2146559600,0.0,sina_index,2026-09-02T14:29:05
2025-05-28,3065.637,3077.075,3057.631,3074.852,2125435000,0.0,sina_index,2026-09-02T14:29:05
2025-05-29,3075.499,3083.815,3069.706,3077.544,2120382200,0.0,sina_index,2026-09-02T14:29:05
2025-05-30,3074.784,3090.801,3074.743,3082.448,2747417700,0.0,sina_index,2026-09-02T14:29:05
2025-06-03,3082.381,3106.655,3072.052,3101.802,3483874500,0.0,sina_index,2026-09-02T14:29:05
2025-06-04,3098.213,3106.642,3087.468,3105.668,2482492200,0.0,sina_index,2026-09-02T14:29:05
2025-06-05,3104.61,3112.715,3078.728,3084.437,2531886400,0.0,sina_index,2026-09-02T14:29:05
2025-06-06,3089.932,3099.746,3082.904,3084.888,2312814700,0.0,sina_index,2026-09-02T14:29:05
2025-06-09,3081.389,3088.555,3067.815,3086.488,2590019400,0.0,sina_index,2026-09-02T14:29:05
2025-06-10,3087.533,3106.576,3075.371,3089.159,3156852200,0.0,sina_index,2026-09-02T14:29:05
2025-06-11,3089.387,3101.129,3088.308,3096.729,2512918600,0.0,sina_index,2026-09-02T14:29:05
2025-06-12,3096.537,3099.548,3087.545,3093.55,2531730700,0.0,sina_index,2026-09-02T14:29:05
2025-06-13,3085.82,3089.052,3065.902,3068.896,4457471200,0.0,sina_index,2026-09-02T14:29:05
2025-06-16,3067.459,3078.422,3061.903,3077.665,3262748900,0.0,sina_index,2026-09-02T14:29:05
2025-06-17,3075.889,3082.336,3069.756,3079.418,2511659100,0.0,sina_index,2026-09-02T14:29:05
2025-06-18,3078.663,3081.548,3061.949,3080.013,2997201100,0.0,sina_index,2026-09-02T14:29:05
2025-06-19,3077.37,3080.207,3056.306,3066.501,2785014600,0.0,sina_index,2026-09-02T14:29:05
2025-06-20,3063.55,3081.492,3060.863,3076.166,3037571200,0.0,sina_index,2026-09-02T14:29:05
2025-06-23,3070.519,3090.877,3047.971,3083.852,3659043400,0.0,sina_index,2026-09-02T14:29:05
2025-06-24,3076.832,3093.592,3070.453,3088.455,3751436800,0.0,sina_index,2026-09-02T14:29:05
2025-06-25,3078.195,3096.045,3060.615,3091.868,3476047900,0.0,sina_index,2026-09-02T14:29:05
2025-06-26,3085.551,3099.748,3077.736,3094.072,2947822200,0.0,sina_index,2026-09-02T14:29:05
2025-06-27,3092.088,3103.656,3055.122,3060.432,4356598700,0.0,sina_index,2026-09-02T14:29:05
2025-06-30,3053.898,3063.672,3046.39,3058.114,2792839400,0.0,sina_index,2026-09-02T14:29:05
2025-07-01,3062.156,3085.862,3060.673,3083.638,2604110600,0.0,sina_index,2026-09-02T14:29:05
2025-07-02,3088.222,3109.204,3084.018,3107.75,2608872500,0.0,sina_index,2026-09-02T14:29:05
2025-07-03,3104.992,3111.436,3092.953,3103.75,2520378100,0.0,sina_index,2026-09-02T14:29:05
2025-07-04,3102.316,3136.043,3101.304,3124.21,3154375600,0.0,sina_index,2026-09-02T14:29:05
2025-07-07,3119.126,3133.567,3107.984,3132.941,2393519900,0.0,sina_index,2026-09-02T14:29:05
2025-07-08,3132.603,3139.539,3115.287,3126.988,2420045400,0.0,sina_index,2026-09-02T14:29:05
2025-07-09,3124.407,3147.545,3124.122,3138.037,2809175900,0.0,sina_index,2026-09-02T14:29:05
2025-07-10,3132.827,3165.535,3132.827,3154.416,3949471400,0.0,sina_index,2026-09-02T14:29:05
2025-07-11,3158.559,3172.791,3131.439,3131.439,5483080600,0.0,sina_index,2026-09-02T14:29:05
2025-07-14,3132.091,3167.32,3132.091,3151.135,3619184800,0.0,sina_index,2026-09-02T14:29:05
2025-07-15,3148.69,3154.466,3106.419,3115.036,2963305800,0.0,sina_index,2026-09-02T14:29:05
2025-07-16,3113.693,3117.99,3087.855,3101.6,2827797800,0.0,sina_index,2026-09-02T14:29:05
2025-07-17,3101.221,3108.523,3085.287,3090.804,2499551500,0.0,sina_index,2026-09-02T14:29:05
2025-07-18,3091.935,3104.071,3089.867,3099.529,2623832300,0.0,sina_index,2026-09-02T14:29:05
2025-07-21,3102.403,3124.665,3102.403,3122.648,3286759300,0.0,sina_index,2026-09-02T14:29:05
2025-07-22,3125.498,3176.109,3101.867,3172.807,5159366600,0.0,sina_index,2026-09-02T14:29:05
2025-07-23,3192.852,3203.292,3170.264,3172.212,4887105700,0.0,sina_index,2026-09-02T14:29:05
2025-07-24,3171.098,3182.076,3149.099,3180.316,4305909400,0.0,sina_index,2026-09-02T14:29:05
2025-07-25,3181.667,3198.049,3161.452,3165.368,3488376000,0.0,sina_index,2026-09-02T14:29:05
2025-07-28,3148.115,3155.55,3123.115,3125.497,3303414500,0.0,sina_index,2026-09-02T14:29:05
2025-07-29,3125.97,3133.22,3107.921,3120.105,3088242000,0.0,sina_index,2026-09-02T14:29:05
2025-07-30,3125.367,3157.756,3123.852,3134.035,3594226500,0.0,sina_index,2026-09-02T14:29:05
2025-07-31,3122.807,3125.393,3073.564,3083.191,4024115600,0.0,sina_index,2026-09-02T14:29:05
2025-08-01,3082.357,3097.651,3073.038,3080.917,3483315100,0.0,sina_index,2026-09-02T14:29:05
2025-08-04,3068.539,3098.057,3068.539,3097.006,3255630700,0.0,sina_index,2026-09-02T14:29:05
2025-08-05,3094.524,3128.756,3091.689,3128.65,3133884000,0.0,sina_index,2026-09-02T14:29:05
2025-08-06,3129.23,3142.833,3124.132,3139.503,2860678100,0.0,sina_index,2026-09-02T14:29:05
2025-08-07,3136.765,3153.84,3128.976,3148.898,2905550600,0.0,sina_index,2026-09-02T14:29:05
2025-08-08,3149.016,3159.136,3141.946,3149.59,2428884800,0.0,sina_index,2026-09-02T14:29:05
2025-08-11,3151.46,3154.465,3127.665,3130.524,3040495700,0.0,sina_index,2026-09-02T14:29:05
2025-08-12,3135.658,3162.852,3135.658,3149.809,2984906000,0.0,sina_index,2026-09-02T14:29:05
2025-08-13,3151.297,3151.918,3123.722,3125.615,3648711600,0.0,sina_index,2026-09-02T14:29:05
2025-08-14,3123.135,3135.118,3101.827,3101.827,3097787200,0.0,sina_index,2026-09-02T14:29:05
2025-08-15,3100.373,3101.047,3078.638,3096.589,4805274200,0.0,sina_index,2026-09-02T14:29:05
2025-08-18,3107.659,3108.309,3088.013,3092.753,4056191800,0.0,sina_index,2026-09-02T14:29:05
2025-08-19,3091.794,3096.893,3084.489,3090.848,3282100500,0.0,sina_index,2026-09-02T14:29:05
2025-08-20,3089.217,3115.62,3081.933,3113.507,3614668100,0.0,sina_index,2026-09-02T14:29:05
2025-08-21,3114.312,3133.949,3106.351,3129.24,3545380600,0.0,sina_index,2026-09-02T14:29:05
2025-08-22,3128.981,3128.981,3100.104,3124.594,3603758500,0.0,sina_index,2026-09-02T14:29:05
2025-08-25,3126.292,3145.924,3118.333,3145.924,4254003500,0.0,sina_index,2026-09-02T14:29:05
2025-08-26,3143.798,3148.739,3133.775,3136.845,3335605000,0.0,sina_index,2026-09-02T14:29:05
2025-08-27,3133.412,3133.412,3078.346,3078.346,4486492100,0.0,sina_index,2026-09-02T14:29:05
2025-08-28,3073.948,3088.569,3050.928,3081.81,4070989300,0.0,sina_index,2026-09-02T14:29:05
2025-08-29,3076.202,3103.241,3060.587,3060.587,5620163600,0.0,sina_index,2026-09-02T14:29:05
2025-09-01,3063.933,3074.104,3041.408,3045.799,5631991300,0.0,sina_index,2026-09-02T14:29:05
2025-09-02,3045.432,3062.297,3040.074,3061.672,5149776200,0.0,sina_index,2026-09-02T14:29:05
2025-09-03,3064.97,3065.493,3023.253,3030.878,3539045300,0.0,sina_index,2026-09-02T14:29:05
2025-09-04,3025.481,3049.786,2998.932,3047.666,5561581500,0.0,sina_index,2026-09-02T14:29:05
2025-09-05,3044.332,3044.471,3019.721,3039.455,3755503300,0.0,sina_index,2026-09-02T14:29:05
2025-09-08,3033.182,3049.333,3026.679,3043.867,3854189500,0.0,sina_index,2026-09-02T14:29:05
2025-09-09,3042.679,3052.408,3032.591,3047.937,2823055900,0.0,sina_index,2026-09-02T14:29:05
2025-09-10,3047.215,3050.589,3036.235,3042.658,2872220000,0.0,sina_index,2026-09-02T14:29:05
2025-09-11,3040.171,3051.512,3024.34,3050.696,3731114700,0.0,sina_index,2026-09-02T14:29:05
2025-09-12,3047.503,3053.967,3026.963,3030.911,3809921800,0.0,sina_index,2026-09-02T14:29:05
2025-09-15,3029.559,3029.94,3010.231,3018.202,3824682400,0.0,sina_index,2026-09-02T14:29:05
2025-09-16,3024.65,3034.434,3005.206,3010.161,4276647200,0.0,sina_index,2026-09-02T14:29:05
2025-09-17,3005.853,3026.978,3001.097,3020.547,3520840100,0.0,sina_index,2026-09-02T14:29:05
2025-09-18,3018.57,3019.619,2956.297,2966.482,4501957900,0.0,sina_index,2026-09-02T14:29:05
2025-09-19,2966.828,2991.011,2954.744,2987.027,3919133800,0.0,sina_index,2026-09-02T14:29:05
2025-09-22,2985.557,2989.432,2955.425,2962.031,3031127800,0.0,sina_index,2026-09-02T14:29:05
2025-09-23,2957.037,2983.456,2945.583,2983.042,4898555800,0.0,sina_index,2026-09-02T14:29:05
2025-09-24,2973.289,2997.72,2969.37,2986.455,3603993400,0.0,sina_index,2026-09-02T14:29:05
2025-09-25,2982.963,2983.423,2958.071,2967.074,3045079400,0.0,sina_index,2026-09-02T14:29:05
2025-09-26,2965.702,2977.075,2952.241,2969.729,3081012800,0.0,sina_index,2026-09-02T14:29:05
2025-09-29,2961.407,2974.791,2940.838,2960.964,4004547500,0.0,sina_index,2026-09-02T14:29:05
2025-09-30,2959.446,2959.557,2942.784,2952.831,3139635900,0.0,sina_index,2026-09-02T14:29:05
2025-10-09,2949.936,2972.697,2936.882,2971.88,4362507300,0.0,sina_index,2026-09-02T14:29:05
2025-10-10,2964.81,3010.651,2962.58,3005.756,5029759900,0.0,sina_index,2026-09-02T14:29:05
2025-10-13,2966.388,3013.877,2963.764,3006.478,4952632300,0.0,sina_index,2026-09-02T14:29:05
2025-10-14,3008.27,3072.146,2997.158,3070.458,6285844200,0.0,sina_index,2026-09-02T14:29:05
2025-10-15,3071.061,3081.782,3055.286,3073.746,4405315800,0.0,sina_index,2026-09-02T14:29:05
2025-10-16,3068.102,3108.135,3068.102,3105.365,4806021800,0.0,sina_index,2026-09-02T14:29:05
2025-10-17,3104.107,3131.553,3089.28,3094.744,4519998600,0.0,sina_index,2026-09-02T14:29:05
2025-10-20,3096.961,3120.358,3064.125,3118.073,4512010300,0.0,sina_index,2026-09-02T14:29:05
2025-10-21,3111.336,3117.006,3090.943,3111.682,3844240400,0.0,sina_index,2026-09-02T14:29:05
2025-10-22,3102.693,3120.059,3102.693,3116.249,3782846300,0.0,sina_index,2026-09-02T14:29:05
2025-10-23,3116.607,3146.926,3116.607,3141.507,4560900600,0.0,sina_index,2026-09-02T14:29:05
2025-10-24,3124.671,3128.365,3108.33,3116.772,4256880300,0.0,sina_index,2026-09-02T14:29:05
2025-10-27,3109.972,3142.75,3092.233,3128.605,4692307600,0.0,sina_index,2026-09-02T14:29:05
2025-10-28,3127.585,3136.629,3111.322,3123.653,3606914600,0.0,sina_index,2026-09-02T14:29:05
2025-10-29,3119.665,3119.665,3086.046,3108.074,3895807400,0.0,sina_index,2026-09-02T14:29:05
2025-10-30,3104.03,3127.755,3098.108,3103.713,3910863000,0.0,sina_index,2026-09-02T14:29:05
2025-10-31,3100.751,3105.429,3082.907,3096.858,4577759300,0.0,sina_index,2026-09-02T14:29:05
2025-11-03,3101.389,3142.648,3101.389,3141.016,4180808300,0.0,sina_index,2026-09-02T14:29:05
2025-11-04,3140.323,3183.93,3137.731,3167.205,4436141900,0.0,sina_index,2026-09-02T14:29:05
2025-11-05,3159.555,3188.745,3150.725,3176.567,3502002200,0.0,sina_index,2026-09-02T14:29:05
2025-11-06,3171.83,3191.608,3159.486,3183.007,3258331800,0.0,sina_index,2026-09-02T14:29:05
2025-11-07,3183.249,3205.962,3180.656,3185.045,3116759800,0.0,sina_index,2026-09-02T14:29:05
2025-11-10,3185.753,3210.576,3173.029,3209.296,3281394100,0.0,sina_index,2026-09-02T14:29:05
2025-11-11,3204.306,3205.62,3181.999,3200.851,2709230100,0.0,sina_index,2026-09-02T14:29:05
2025-11-12,3202.136,3228.038,3201.149,3209.361,3669105000,0.0,sina_index,2026-09-02T14:29:05
2025-11-13,3208.378,3220.866,3188.969,3216.28,3278139800,0.0,sina_index,2026-09-02T14:29:05
2025-11-14,3214.989,3234.834,3197.37,3197.584,3364738500,0.0,sina_index,2026-09-02T14:29:05
2025-11-17,3198.409,3201.558,3167.44,3185.682,3416140100,0.0,sina_index,2026-09-02T14:29:05
2025-11-18,3182.04,3183.319,3132.69,3140.629,2883899300,0.0,sina_index,2026-09-02T14:29:05
2025-11-19,3141.5,3164.294,3138.505,3155.224,3535198900,0.0,sina_index,2026-09-02T14:29:05
2025-11-20,3153.347,3184.931,3147.6,3151.767,4430836900,0.0,sina_index,2026-09-02T14:29:05
2025-11-21,3149.63,3154.976,3101.463,3103.741,4624174100,0.0,sina_index,2026-09-02T14:29:05
2025-11-24,3109.261,3117.244,3078.985,3078.985,4024582500,0.0,sina_index,2026-09-02T14:29:05
2025-11-25,3085.721,3100.405,3072.407,3093.553,3330455900,0.0,sina_index,2026-09-02T14:29:05
2025-11-26,3092.85,3105.863,3076.103,3077.604,3148001800,0.0,sina_index,2026-09-02T14:29:05
2025-11-27,3076.201,3092.791,3061.972,3082.997,2777244400,0.0,sina_index,2026-09-02T14:29:05
2025-11-28,3080.703,3087.555,3069.388,3083.867,2746497700,0.0,sina_index,2026-09-02T14:29:05
2025-12-01,3083.966,3099.808,3077.319,3098.894,3389013500,0.0,sina_index,2026-09-02T14:29:05
2025-12-02,3097.011,3103.523,3091.487,3103.347,2667191600,0.0,sina_index,2026-09-02T14:29:05
2025-12-03,3100.06,3119.366,3090.598,3095.461,2827168900,0.0,sina_index,2026-09-02T14:29:05
2025-12-04,3095.608,3103.479,3078.739,3082.606,2385350500,0.0,sina_index,2026-09-02T14:29:05
2025-12-05,3081.012,3084.844,3060.547,3079.625,2844234700,0.0,sina_index,2026-09-02T14:29:05
2025-12-08,3080.888,3080.888,3051.68,3062.836,3002599300,0.0,sina_index,2026-09-02T14:29:05
2025-12-09,3060.056,3060.056,3037.19,3039.202,2891618900,0.0,sina_index,2026-09-02T14:29:05
2025-12-10,3039.407,3048.92,3016.96,3027.927,3122741600,0.0,sina_index,2026-09-02T14:29:05
2025-12-11,3026.645,3027.186,2999.303,3006.035,2997270800,0.0,sina_index,2026-09-02T14:29:05
2025-12-12,3007.524,3008.118,2985.048,2998.524,4876964700,0.0,sina_index,2026-09-02T14:29:05
2025-12-15,2987.18,3030.593,2986.109,3020.974,3434873400,0.0,sina_index,2026-09-02T14:29:05
2025-12-16,3016.306,3020.744,2990.758,2994.391,3085852100,0.0,sina_index,2026-09-02T14:29:05
2025-12-17,2992.272,3010.574,2982.068,2998.611,3025336400,0.0,sina_index,2026-09-02T14:29:05
2025-12-18,3002.872,3037.851,2999.368,3033.868,3108565000,0.0,sina_index,2026-09-02T14:29:05
2025-12-19,3028.28,3040.758,3016.036,3028.686,2896516300,0.0,sina_index,2026-09-02T14:29:05
2025-12-22,3029.694,3031.193,3012.492,3015.166,2640965400,0.0,sina_index,2026-09-02T14:29:05
2025-12-23,3015.888,3030.605,3011.825,3019.215,2676345500,0.0,sina_index,2026-09-02T14:29:05
2025-12-24,3018.864,3026.391,3002.189,3021.629,2705359200,0.0,sina_index,2026-09-02T14:29:05
2025-12-25,3025.693,3033.794,3019.133,3029.182,2556204600,0.0,sina_index,2026-09-02T14:29:05
2025-12-26,3025.959,3042.698,3023.972,3040.809,2620001800,0.0,sina_index,2026-09-02T14:29:05
2025-12-29,3038.835,3056.654,3028.832,3045.344,3632621100,0.0,sina_index,2026-09-02T14:29:05
2025-12-30,3035.099,3052.104,3026.936,3043.154,3367419200,0.0,sina_index,2026-09-02T14:29:05
2025-12-31,3042.218,3049.992,3030.329,3037.618,2925608800,0.0,sina_index,2026-09-02T14:29:05
2026-01-05,3043.334,3047.684,3025.239,3036.401,4181047000,0.0,sina_index,2026-09-02T14:29:05
2026-01-06,3037.202,3071.851,3028.64,3071.851,4274066700,0.0,sina_index,2026-09-02T14:29:05
2026-01-07,3077.722,3087.864,3057.598,3085.83,4281836300,0.0,sina_index,2026-09-02T14:29:05
2026-01-08,3088.077,3088.077,3067.542,3079.522,3552496500,0.0,sina_index,2026-09-02T14:29:05
2026-01-09,3081.524,3090.194,3072.643,3090.035,3906236700,0.0,sina_index,2026-09-02T14:29:05
2026-01-12,3082.397,3092.908,3069.986,3088.768,4157449400,0.0,sina_index,2026-09-02T14:29:05
2026-01-13,3087.55,3101.389,3077.154,3083.552,4413173800,0.0,sina_index,2026-09-02T14:29:05
2026-01-14,3087.035,3088.684,3050.63,3054.075,5484672700,0.0,sina_index,2026-09-02T14:29:05
2026-01-15,3047.924,3064.019,3038.293,3044.132,3736751400,0.0,sina_index,2026-09-02T14:29:05
2026-01-16,3048.359,3054.664,3010.004,3018.82,4452260700,0.0,sina_index,2026-09-02T14:29:05
2026-01-19,3009.386,3034.79,3008.626,3034.758,3591085000,0.0,sina_index,2026-09-02T14:29:05
2026-01-20,3035.479,3070.934,3029.461,3069.921,4178573900,0.0,sina_index,2026-09-02T14:29:05
2026-01-21,3064.865,3067.815,3048.645,3053.18,4550784000,0.0,sina_index,2026-09-02T14:29:05
2026-01-22,3053.62,3080.548,3052.96,3073.647,4643551100,0.0,sina_index,2026-09-02T14:29:05
2026-01-23,3075.558,3075.558,3052.33,3060.681,4363539000,0.0,sina_index,2026-09-02T14:29:05
2026-01-26,3062.614,3107.409,3060.269,3098.912,6092885500,0.0,sina_index,2026-09-02T14:29:05
2026-01-27,3092.152,3108.691,3069.121,3071.475,5215085500,0.0,sina_index,2026-09-02T14:29:05
2026-01-28,3073.409,3147.439,3066.919,3128.683,7104986000,0.0,sina_index,2026-09-02T14:29:05
2026-01-29,3136.422,3166.517,3115.41,3164.831,6993164700,0.0,sina_index,2026-09-02T14:29:05
2026-01-30,3155.194,3194.609,3118.369,3138.422,5728556400,0.0,sina_index,2026-09-02T14:29:05
2026-02-02,3103.405,3112.761,3039.114,3040.154,6053583500,0.0,sina_index,2026-09-02T14:29:05
2026-02-03,3052.696,3059.843,3021.824,3047.272,4541712200,0.0,sina_index,2026-09-02T14:29:05
2026-02-04,3059.631,3145.359,3058.993,3141.075,4766421900,0.0,sina_index,2026-09-02T14:29:05
2026-02-05,3129.101,3139.112,3105.026,3128.003,4729050000,0.0,sina_index,2026-09-02T14:29:05
2026-02-06,3103.678,3136.629,3093.21,3117.538,3807925200,0.0,sina_index,2026-09-02T14:29:05
2026-02-09,3123.569,3140.116,3118.79,3136.314,3026185700,0.0,sina_index,2026-09-02T14:29:05
2026-02-10,3138.238,3154.233,3124.352,3149.876,3048498000,0.0,sina_index,2026-09-02T14:29:05
2026-02-11,3145.752,3185.848,3134.146,3178.2,2852235800,0.0,sina_index,2026-09-02T14:29:05
2026-02-12,3180.29,3190.186,3160.749,3172.238,3673637000,0.0,sina_index,2026-09-02T14:29:05
2026-02-13,3162.433,3164.923,3123.089,3125.78,3481433000,0.0,sina_index,2026-09-02T14:29:05
2026-02-24,3153.818,3190.17,3153.818,3183.888,3639209900,0.0,sina_index,2026-09-02T14:29:05
2026-02-25,3184.782,3231.363,3181.816,3191.957,4352840200,0.0,sina_index,2026-09-02T14:29:05
2026-02-26,3191.676,3204.71,3169.694,3189.327,3218102400,0.0,sina_index,2026-09-02T14:29:05
2026-02-27,3185.892,3232.567,3184.596,3226.755,3265054300,0.0,sina_index,2026-09-02T14:29:05
2026-03-02,3272.157,3298.794,3231.902,3297.595,7448901500,0.0,sina_index,2026-09-02T14:29:05
2026-03-03,3309.66,3392.356,3293.118,3357.67,10484716100,0.0,sina_index,2026-09-02T14:29:05
2026-03-04,3327.187,3327.187,3246.623,3298.442,8622637700,0.0,sina_index,2026-09-02T14:29:05
2026-03-05,3279.705,3306.04,3249.006,3286.285,5774049600,0.0,sina_index,2026-09-02T14:29:05
2026-03-06,3265.987,3284.75,3247.225,3277.552,4487857100,0.0,sina_index,2026-09-02T14:29:05
2026-03-09,3345.435,3366.349,3302.746,3304.669,7374051900,0.0,sina_index,2026-09-02T14:29:05
2026-03-10,3242.734,3275.979,3242.734,3258.515,5002098600,0.0,sina_index,2026-09-02T14:29:05
2026-03-11,3249.155,3312.653,3232.205,3308.293,4823005500,0.0,sina_index,2026-09-02T14:29:05
2026-03-12,3327.914,3387.54,3309.802,3377.026,5328705300,0.0,sina_index,2026-09-02T14:29:05
2026-03-13,3378.76,3403.464,3350.721,3359.121,5225834900,0.0,sina_index,2026-09-02T14:29:05
2026-03-16,3365.111,3374.21,3322.593,3327.313,4360831900,0.0,sina_index,2026-09-02T14:29:05
2026-03-17,3314.993,3344.71,3302.53,3304.682,4713767900,0.0,sina_index,2026-09-02T14:29:05
2026-03-18,3298.9,3314.272,3255.685,3289.984,4472362700,0.0,sina_index,2026-09-02T14:29:05
2026-03-19,3304.342,3324.133,3290.228,3299.574,5394150400,0.0,sina_index,2026-09-02T14:29:05
2026-03-20,3272.766,3323.336,3268.521,3294.33,4668353700,0.0,sina_index,2026-09-02T14:29:05
2026-03-23,3297.981,3299.846,3219.531,3234.527,6587715900,0.0,sina_index,2026-09-02T14:29:05
2026-03-24,3224.731,3265.358,3222.942,3265.358,4584434900,0.0,sina_index,2026-09-02T14:29:05
2026-03-25,3241.514,3251.336,3204.271,3248.745,4505521400,0.0,sina_index,2026-09-02T14:29:05
2026-03-26,3241.966,3284.066,3241.966,3262.89,3945952800,0.0,sina_index,2026-09-02T14:29:05
2026-03-27,3246.939,3278.764,3234.862,3258.085,3429547300,0.0,sina_index,2026-09-02T14:29:05
2026-03-30,3264.866,3298.098,3264.866,3289.858,3982003500,0.0,sina_index,2026-09-02T14:29:05
2026-03-31,3282.882,3307.705,3240.325,3240.612,5259874300,0.0,sina_index,2026-09-02T14:29:05
2026-04-01,3238.134,3263.68,3228.715,3232.464,4125580600,0.0,sina_index,2026-09-02T14:29:05
2026-04-02,3234.162,3264.726,3234.162,3253.527,3710832100,0.0,sina_index,2026-09-02T14:29:05
2026-04-03,3254.794,3254.794,3197.039,3206.243,3121207100,0.0,sina_index,2026-09-02T14:29:05
2026-04-07,3205.814,3228.343,3187.868,3223.848,3119569000,0.0,sina_index,2026-09-02T14:29:05
2026-04-08,3188.984,3222.251,3179.124,3221.307,4628707500,0.0,sina_index,2026-09-02T14:29:05
2026-04-09,3212.594,3225.184,3197.124,3204.539,2928688300,0.0,sina_index,2026-09-02T14:29:05
2026-04-10,3210.215,3226.636,3199.057,3210.946,2617117200,0.0,sina_index,2026-09-02T14:29:05
2026-04-13,3223.967,3228.856,3196.085,3218.345,2871218400,0.0,sina_index,2026-09-02T14:29:05
2026-04-14,3211.339,3218.629,3197.826,3218.265,2832291200,0.0,sina_index,2026-09-02T14:29:05
2026-04-15,3214.846,3237.777,3200.201,3230.986,3310894000,0.0,sina_index,2026-09-02T14:29:05
2026-04-16,3229.531,3245.873,3226.721,3237.253,3038791100,0.0,sina_index,2026-09-02T14:29:05
2026-04-17,3234.039,3239.121,3209.001,3214.507,2742561100,0.0,sina_index,2026-09-02T14:29:05
2026-04-20,3214.897,3231.052,3205.604,3219.105,3104010700,0.0,sina_index,2026-09-02T14:29:05
2026-04-21,3216.987,3267.347,3216.987,3261.209,3029154900,0.0,sina_index,2026-09-02T14:29:05
2026-04-22,3261.089,3277.065,3254.689,3261.702,2784131000,0.0,sina_index,2026-09-02T14:29:05
2026-04-23,3252.027,3288.496,3248.298,3284.395,3893056300,0.0,sina_index,2026-09-02T14:29:05
2026-04-24,3264.081,3286.972,3259.424,3274.321,3290299300,0.0,sina_index,2026-09-02T14:29:05
2026-04-27,3262.944,3289.266,3258.014,3267.99,3353915100,0.0,sina_index,2026-09-02T14:29:05
2026-04-28,3256.978,3322.12,3256.978,3321.616,3991612300,0.0,sina_index,2026-09-02T14:29:05
2026-04-29,3313.33,3357.411,3311.832,3345.002,4298068600,0.0,sina_index,2026-09-02T14:29:05
2026-04-30,3340.799,3354.792,3322.206,3335.005,4407901400,0.0,sina_index,2026-09-02T14:29:05
2026-05-06,3323.188,3335.647,3295.281,3333.939,4599204600,0.0,sina_index,2026-09-02T14:29:05
2026-05-07,3316.486,3316.486,3262.948,3267.466,4069078400,0.0,sina_index,2026-09-02T14:29:05
2026-05-08,3273.412,3288.608,3243.633,3254.142,3357781300,0.0,sina_index,2026-09-02T14:29:05
2026-05-11,3252.486,3268.124,3242.874,3253.215,4160030600,0.0,sina_index,2026-09-02T14:29:05
2026-05-12,3255.353,3275.904,3244.649,3247.745,3596450700,0.0,sina_index,2026-09-02T14:29:05
2026-05-13,3246.076,3261.306,3216.749,3231.474,3366263900,0.0,sina_index,2026-09-02T14:29:05
2026-05-14,3227.231,3234.208,3205.728,3205.728,3809945500,0.0,sina_index,2026-09-02T14:29:05
2026-05-15,3208.156,3231.246,3195.221,3210.356,3913642300,0.0,sina_index,2026-09-02T14:29:05
2026-05-18,3208.425,3221.921,3185.183,3204.088,3318689800,0.0,sina_index,2026-09-02T14:29:05
2026-05-19,3192.67,3216.824,3192.67,3209.043,3155910100,0.0,sina_index,2026-09-02T14:29:05
2026-05-20,3204.585,3219.406,3194.665,3199.082,3206576600,0.0,sina_index,2026-09-02T14:29:05
2026-05-21,3186.074,3204.347,3152.479,3153.432,3688178900,0.0,sina_index,2026-09-02T14:29:05
2026-05-22,3157.857,3159.028,3123.372,3141.371,3349076200,0.0,sina_index,2026-09-02T14:29:05
2026-05-25,3177.594,3205.451,3168.369,3173.204,3297372800,0.0,sina_index,2026-09-02T14:29:05
2026-05-26,3157.818,3179.725,3148.956,3171.221,3464155100,0.0,sina_index,2026-09-02T14:29:05
2026-05-27,3164.347,3168.261,3126.152,3153.338,3758882100,0.0,sina_index,2026-09-02T14:29:05
2026-05-28,3143.063,3177.221,3140.608,3150.595,3372764500,0.0,sina_index,2026-09-02T14:29:05
2026-05-29,3143.564,3195.129,3143.564,3185.291,4346735900,0.0,sina_index,2026-09-02T14:29:05
2026-06-01,3193.719,3294.088,3188.84,3293.399,4968411400,0.0,sina_index,2026-09-02T14:29:05
2026-06-02,3294.027,3347.411,3277.619,3291.756,4653486700,0.0,sina_index,2026-09-02T14:29:05
2026-06-03,3273.387,3321.559,3244.948,3306.652,4036592300,0.0,sina_index,2026-09-02T14:29:05
2026-06-04,3288.599,3337.367,3273.916,3307.114,3545855300,0.0,sina_index,2026-09-02T14:29:05
2026-06-05,3294.526,3336.526,3292.754,3302.187,4121141300,0.0,sina_index,2026-09-02T14:29:05
2026-06-08,3273.495,3318.226,3257.331,3284.747,4879956100,0.0,sina_index,2026-09-02T14:29:05
2026-06-09,3258.304,3279.966,3242.986,3268.0,4495031400,0.0,sina_index,2026-09-02T14:29:05
2026-06-10,3254.35,3263.332,3227.002,3239.841,4099535900,0.0,sina_index,2026-09-02T14:29:05
2026-06-11,3245.91,3261.232,3223.679,3236.579,3678393600,0.0,sina_index,2026-09-02T14:29:05
2026-06-12,3214.71,3286.007,3212.712,3279.099,5479819700,0.0,sina_index,2026-09-02T14:29:05
2026-06-15,3258.433,3258.433,3209.949,3224.487,5270323100,0.0,sina_index,2026-09-02T14:29:05
2026-06-16,3208.544,3208.544,3165.485,3169.014,3761638800,0.0,sina_index,2026-09-02T14:29:05
2026-06-17,3161.666,3162.391,3116.579,3124.973,3429514400,0.0,sina_index,2026-09-02T14:29:05
2026-06-18,3108.686,3109.84,3050.129,3051.087,4254684100,0.0,sina_index,2026-09-02T14:29:05
2026-06-22,3046.099,3088.104,3018.957,3086.591,4510939600,0.0,sina_index,2026-09-02T14:29:05
2026-06-23,3083.276,3119.901,3059.242,3066.912,4763604800,0.0,sina_index,2026-09-02T14:29:05
2026-06-24,3062.844,3062.927,3003.303,3004.763,4349766200,0.0,sina_index,2026-09-02T14:29:05
2026-06-25,2982.912,3007.371,2957.401,2960.381,4212577500,0.0,sina_index,2026-09-02T14:29:05
2026-06-26,2959.782,2960.271,2894.768,2894.899,3994938900,0.0,sina_index,2026-09-02T14:29:05
2026-06-29,2893.963,2926.106,2843.125,2924.275,4321562300,0.0,sina_index,2026-09-02T14:29:05
2026-06-30,2915.465,2915.789,2842.277,2855.489,4401589400,0.0,sina_index,2026-09-02T14:29:05
2026-07-01,2854.1,2921.022,2845.938,2906.143,3639010200,0.0,sina_index,2026-09-02T14:29:05
2026-07-02,2907.273,2963.651,2905.946,2939.793,4216221900,0.0,sina_index,2026-09-02T14:29:05
2026-07-03,2949.559,2985.551,2946.219,2967.624,3732445900,0.0,sina_index,2026-09-02T14:29:05
2026-07-06,2960.273,3035.709,2950.508,3030.723,4249589100,0.0,sina_index,2026-09-02T14:29:05
2026-07-07,3030.398,3037.463,2968.213,2987.201,3761171300,0.0,sina_index,2026-09-02T14:29:05
2026-07-08,2986.489,3046.738,2976.498,3022.253,3894149900,0.0,sina_index,2026-09-02T14:29:05
2026-07-09,3006.636,3010.37,2973.997,2983.984,3648819900,0.0,sina_index,2026-09-02T14:29:05
2026-07-10,2960.089,2992.498,2943.664,2979.099,3690705300,0.0,sina_index,2026-09-02T14:29:05
2026-07-13,2971.387,3003.99,2957.639,2995.35,4805128400,0.0,sina_index,2026-09-02T14:29:05
2026-07-14,2997.185,3074.188,2996.507,3071.899,4830748100,0.0,sina_index,2026-09-02T14:29:05
2026-07-15,3052.243,3119.505,3042.866,3115.387,4177117300,0.0,sina_index,2026-09-02T14:29:05
2026-07-16,3105.474,3134.683,3063.859,3074.291,3636821900,0.0,sina_index,2026-09-02T14:29:05
2026-07-17,3073.347,3101.433,3058.986,3059.915,5281038100,0.0,sina_index,2026-09-02T14:29:05
2026-07-20,3069.32,3174.097,3067.884,3174.097,6284383800,0.0,sina_index,2026-09-02T14:29:05
2026-07-21,3164.812,3202.935,3121.373,3129.306,5885993100,0.0,sina_index,2026-09-02T14:29:05
2026-07-22,3123.439,3178.041,3103.494,3178.041,4468813800,0.0,sina_index,2026-09-02T14:29:05
2026-07-23,3160.201,3209.233,3154.172,3205.605,3627294000,0.0,sina_index,2026-09-02T14:29:05
2026-07-24,3200.687,3213.389,3140.132,3140.447,3833941300,0.0,sina_index,2026-09-02T14:29:05
2026-07-27,3120.478,3160.909,3106.411,3152.453,3884930800,0.0,sina_index,2026-09-02T14:29:05
2026-07-28,3139.014,3155.944,3109.302,3151.495,4465197300,0.0,sina_index,2026-09-02T14:29:05
2026-07-29,3157.391,3203.55,3154.624,3190.997,4299080500,0.0,sina_index,2026-09-02T14:29:05
2026-07-30,3192.327,3227.461,3192.099,3227.272,5279899000,0.0,sina_index,2026-09-02T14:29:05
2026-07-31,3181.726,3223.652,3161.657,3220.684,5772824600,0.0,sina_index,2026-09-02T14:29:05
2026-08-03,3203.654,3237.626,3192.504,3198.089,4639399700,0.0,sina_index,2026-09-02T14:29:05
2026-08-04,3192.46,3194.402,3136.335,3148.814,4873479100,0.0,sina_index,2026-09-02T14:29:05
2026-08-05,3140.249,3152.117,3119.894,3141.457,4819491300,0.0,sina_index,2026-09-02T14:29:05
2026-08-06,3144.178,3209.845,3140.319,3200.115,4592775400,0.0,sina_index,2026-09-02T14:29:05
2026-08-07,3193.91,3207.259,3170.796,3197.712,3872327700,0.0,sina_index,2026-09-02T14:29:05
2026-08-10,3191.55,3246.221,3189.759,3233.902,3658395200,0.0,sina_index,2026-09-02T14:29:05
2026-08-11,3248.543,3262.339,3217.2,3223.765,3563498300,0.0,sina_index,2026-09-02T14:29:05
2026-08-12,3215.262,3234.493,3203.591,3212.359,3281644000,0.0,sina_index,2026-09-02T14:29:05
2026-08-13,3201.056,3212.305,3183.635,3187.458,3562185500,0.0,sina_index,2026-09-02T14:29:05
2026-08-14,3181.418,3216.873,3169.174,3206.983,3038581500,0.0,sina_index,2026-09-02T14:29:05
2026-08-17,3207.984,3222.732,3191.92,3218.174,2892163600,0.0,sina_index,2026-09-02T14:29:05
2026-08-18,3221.262,3257.316,3219.104,3256.308,3663666800,0.0,sina_index,2026-09-02T14:29:05
2026-08-19,3271.997,3289.849,3265.806,3279.143,5014137800,0.0,sina_index,2026-09-02T14:29:05
2026-08-20,3256.352,3311.692,3256.352,3296.659,4005779500,0.0,sina_index,2026-09-02T14:29:05
2026-08-21,3290.047,3311.975,3285.842,3300.463,3479199800,0.0,sina_index,2026-09-02T14:29:05
2026-08-24,3308.245,3360.45,3304.837,3349.953,4598379400,0.0,sina_index,2026-09-02T14:29:05
2026-08-25,3350.95,3365.614,3315.06,3322.304,3883750900,0.0,sina_index,2026-09-02T14:29:05
2026-08-26,3293.297,3355.312,3291.593,3351.481,3536036700,0.0,sina_index,2026-09-02T14:29:05
2026-08-27,3338.434,3375.269,3325.78,3366.867,3988209600,0.0,sina_index,2026-09-02T14:29:05
2026-08-28,3361.681,3377.447,3337.826,3372.004,3398496000,0.0,sina_index,2026-09-02T14:29:05
2026-08-31,3380.779,3405.485,3362.634,3404.039,5600835200,0.0,sina_index,2026-09-02T14:29:05
2026-09-01,3393.269,3446.97,3389.446,3396.149,5153052200,0.0,sina_index,2026-09-02T14:29:05
