trade_date,hfq_factor,source,updated_at
2012-05-28,1.0,legacy_research,
2012-05-29,1.0,legacy_research,
2012-05-30,1.0,legacy_research,
2012-05-31,1.0,legacy_research,
2012-06-01,1.0,legacy_research,
2012-06-04,1.0,legacy_research,
2012-06-05,1.0,legacy_research,
2012-06-06,1.0,legacy_research,
2012-06-07,1.0,legacy_research,
2012-06-08,1.0,legacy_research,
2012-06-11,1.0,legacy_research,
2012-06-12,1.0,legacy_research,
2012-06-13,1.0,legacy_research,
2012-06-14,1.0,legacy_research,
2012-06-15,1.0,legacy_research,
2012-06-18,1.0,legacy_research,
2012-06-19,1.0,legacy_research,
2012-06-20,1.0,legacy_research,
2012-06-21,1.0,legacy_research,
2012-06-25,1.0,legacy_research,
2012-06-26,1.0,legacy_research,
2012-06-27,1.0,legacy_research,
2012-06-28,1.0,legacy_research,
2012-06-29,1.0,legacy_research,
2012-07-02,1.0,legacy_research,
2012-07-03,1.0,legacy_research,
2012-07-04,1.0,legacy_research,
2012-07-05,1.0,legacy_research,
2012-07-06,1.0,legacy_research,
2012-07-09,1.0,legacy_research,
2012-07-10,1.0,legacy_research,
2012-07-11,1.0,legacy_research,
2012-07-12,1.0,legacy_research,
2012-07-13,1.0,legacy_research,
2012-07-16,1.0,legacy_research,
2012-07-17,1.0,legacy_research,
2012-07-18,1.0,legacy_research,
2012-07-19,1.0,legacy_research,
2012-07-20,1.0,legacy_research,
2012-07-23,1.0,legacy_research,
2012-07-24,1.0,legacy_research,
2012-07-25,1.0,legacy_research,
2012-07-26,1.0,legacy_research,
2012-07-27,1.0,legacy_research,
2012-07-30,1.0,legacy_research,
2012-07-31,1.0,legacy_research,
2012-08-01,1.0,legacy_research,
2012-08-02,1.0,legacy_research,
2012-08-03,1.0,legacy_research,
2012-08-06,1.0,legacy_research,
2012-08-07,1.0,legacy_research,
2012-08-08,1.0,legacy_research,
2012-08-09,1.0,legacy_research,
2012-08-10,1.0,legacy_research,
2012-08-13,1.0,legacy_research,
2012-08-14,1.0,legacy_research,
2012-08-15,1.0,legacy_research,
2012-08-16,1.0,legacy_research,
2012-08-17,1.0,legacy_research,
2012-08-20,1.0,legacy_research,
2012-08-21,1.0,legacy_research,
2012-08-22,1.0,legacy_research,
2012-08-23,1.0,legacy_research,
2012-08-24,1.0,legacy_research,
2012-08-27,1.0,legacy_research,
2012-08-28,1.0,legacy_research,
2012-08-29,1.0,legacy_research,
2012-08-30,1.0,legacy_research,
2012-08-31,1.0,legacy_research,
2012-09-03,1.0,legacy_research,
2012-09-04,1.0,legacy_research,
2012-09-05,1.0,legacy_research,
2012-09-06,1.0,legacy_research,
2012-09-07,1.0,legacy_research,
2012-09-10,1.0,legacy_research,
2012-09-11,1.0,legacy_research,
2012-09-12,1.0,legacy_research,
2012-09-13,1.0,legacy_research,
2012-09-14,1.0,legacy_research,
2012-09-17,1.0,legacy_research,
2012-09-18,1.0,legacy_research,
2012-09-19,1.0,legacy_research,
2012-09-20,1.0,legacy_research,
2012-09-21,1.0,legacy_research,
2012-09-24,1.0,legacy_research,
2012-09-25,1.0,legacy_research,
2012-09-26,1.0,legacy_research,
2012-09-27,1.0,legacy_research,
2012-09-28,1.0,legacy_research,
2012-10-08,1.0,legacy_research,
2012-10-09,1.0,legacy_research,
2012-10-10,1.0,legacy_research,
2012-10-11,1.0,legacy_research,
2012-10-12,1.0,legacy_research,
2012-10-15,1.0,legacy_research,
2012-10-16,1.0,legacy_research,
2012-10-17,1.0,legacy_research,
2012-10-18,1.0,legacy_research,
2012-10-19,1.0,legacy_research,
2012-10-22,1.0,legacy_research,
2012-10-23,1.0,legacy_research,
2012-10-24,1.0,legacy_research,
2012-10-25,1.0,legacy_research,
2012-10-26,1.0,legacy_research,
2012-10-29,1.0,legacy_research,
2012-10-30,1.0,legacy_research,
2012-10-31,1.0,legacy_research,
2012-11-01,1.0,legacy_research,
2012-11-02,1.0,legacy_research,
2012-11-05,1.0,legacy_research,
2012-11-06,1.0,legacy_research,
2012-11-07,1.0,legacy_research,
2012-11-08,1.0,legacy_research,
2012-11-09,1.0,legacy_research,
2012-11-12,1.0,legacy_research,
2012-11-13,1.0,legacy_research,
2012-11-14,1.0,legacy_research,
2012-11-15,1.0,legacy_research,
2012-11-16,1.0,legacy_research,
2012-11-19,1.0,legacy_research,
2012-11-20,1.0,legacy_research,
2012-11-21,1.0,legacy_research,
2012-11-22,1.0,legacy_research,
2012-11-23,1.0,legacy_research,
2012-11-26,1.0,legacy_research,
2012-11-27,1.0,legacy_research,
2012-11-28,1.0,legacy_research,
2012-11-29,1.0,legacy_research,
2012-11-30,1.0,legacy_research,
2012-12-03,1.0,legacy_research,
2012-12-04,1.0,legacy_research,
2012-12-05,1.0,legacy_research,
2012-12-06,1.0,legacy_research,
2012-12-07,1.0,legacy_research,
2012-12-10,1.0,legacy_research,
2012-12-11,1.0,legacy_research,
2012-12-12,1.0,legacy_research,
2012-12-13,1.0,legacy_research,
2012-12-14,1.0,legacy_research,
2012-12-17,1.0,legacy_research,
2012-12-18,1.0139475908706677,legacy_research,
2012-12-19,1.0139123102866778,legacy_research,
2012-12-20,1.013819095477387,legacy_research,
2012-12-21,1.0138772077375946,legacy_research,
2012-12-24,1.0138655462184871,legacy_research,
2012-12-25,1.0134914145543743,legacy_research,
2012-12-26,1.0134529147982063,legacy_research,
2012-12-27,1.0134803921568627,legacy_research,
2012-12-28,1.0132850241545894,legacy_research,
2012-12-31,1.0130744849445326,legacy_research,
2013-01-04,1.0130434782608695,legacy_research,
2013-01-07,1.0130228887134969,legacy_research,
2013-01-08,1.0130796670630202,legacy_research,
2013-01-09,1.0130900436334789,legacy_research,
2013-01-10,1.0130589631974674,legacy_research,
2013-01-11,1.013258336681398,legacy_research,
2013-01-14,1.0128055878928988,legacy_research,
2013-01-15,1.0127314814814814,legacy_research,
2013-01-16,1.0128254955305092,legacy_research,
2013-01-17,1.0129057489245208,legacy_research,
2013-01-18,1.0127167630057805,legacy_research,
2013-01-21,1.0126728110599077,legacy_research,
2013-01-22,1.0126923076923076,legacy_research,
2013-01-23,1.0126679462571977,legacy_research,
2013-01-24,1.0127511591962906,legacy_research,
2013-01-25,1.012810559006211,legacy_research,
2013-01-28,1.0124716553287982,legacy_research,
2013-01-29,1.012378094523631,legacy_research,
2013-01-30,1.01230883998508,legacy_research,
2013-01-31,1.0122767857142856,legacy_research,
2013-02-01,1.012043795620438,legacy_research,
2013-02-04,1.0120218579234972,legacy_research,
2013-02-05,1.0119349005424954,legacy_research,
2013-02-06,1.0119004688063469,legacy_research,
2013-02-07,1.0119565217391306,legacy_research,
2013-02-08,1.0119176598049835,legacy_research,
2013-02-18,1.0120967741935485,legacy_research,
2013-02-19,1.0122950819672132,legacy_research,
2013-02-20,1.012240356083086,legacy_research,
2013-02-21,1.0126923076923076,legacy_research,
2013-02-22,1.0127314814814814,legacy_research,
2013-02-25,1.0127118644067796,legacy_research,
2013-02-26,1.012900703674746,legacy_research,
2013-02-27,1.0127807900852055,legacy_research,
2013-02-28,1.0123641813413262,legacy_research,
2013-03-01,1.012378094523631,legacy_research,
2013-03-04,1.012992125984252,legacy_research,
2013-03-05,1.012629161882893,legacy_research,
2013-03-06,1.0124952669443392,legacy_research,
2013-03-07,1.012648524338827,legacy_research,
2013-03-08,1.0126679462571977,legacy_research,
2013-03-11,1.0127560881329725,legacy_research,
2013-03-12,1.0129411764705885,legacy_research,
2013-03-13,1.013084853291039,legacy_research,
2013-03-14,1.0130589631974674,legacy_research,
2013-03-15,1.0130486358244366,legacy_research,
2013-03-18,1.0131894484412471,legacy_research,
2013-03-19,1.0130744849445326,legacy_research,
2013-03-20,1.0126874279123417,legacy_research,
2013-03-21,1.0126533742331287,legacy_research,
2013-03-22,1.012619502868069,legacy_research,
2013-03-25,1.012638835695136,legacy_research,
2013-03-26,1.0128504672897196,legacy_research,
2013-03-27,1.012820512820513,legacy_research,
2013-03-28,1.0132317562149158,legacy_research,
2013-03-29,1.0132689987937271,legacy_research,
2013-04-01,1.013290374546919,legacy_research,
2013-04-02,1.0132689987937271,legacy_research,
2013-04-03,1.0132957292506044,legacy_research,
2013-04-08,1.0133603238866395,legacy_research,
2013-04-09,1.0132796780684103,legacy_research,
2013-04-10,1.0132796780684103,legacy_research,
2013-04-11,1.013338722716249,legacy_research,
2013-04-12,1.01338199513382,legacy_research,
2013-04-15,1.0135190495698485,legacy_research,
2013-04-16,1.0134364820846906,legacy_research,
2013-04-17,1.01340373679935,legacy_research,
2013-04-18,1.0133765707336846,legacy_research,
2013-04-19,1.0130074891604255,legacy_research,
2013-04-22,1.0130486358244366,legacy_research,
2013-04-23,1.0134584013050572,legacy_research,
2013-04-24,1.0132317562149158,legacy_research,
2013-04-25,1.0133711507293357,legacy_research,
2013-04-26,1.0134969325153376,legacy_research,
2013-05-02,1.013485901103392,legacy_research,
2013-05-03,1.0132476916900843,legacy_research,
2013-05-06,1.013095238095238,legacy_research,
2013-05-07,1.0130641330166272,legacy_research,
2013-05-08,1.0129819040125887,legacy_research,
2013-05-09,1.0130486358244366,legacy_research,
2013-05-10,1.0129972430090586,legacy_research,
2013-05-13,1.0130486358244366,legacy_research,
2013-05-14,1.0132423756019262,legacy_research,
2013-05-15,1.0131789137380192,legacy_research,
2013-05-16,1.0129158512720156,legacy_research,
2013-05-17,1.0126971912273952,legacy_research,
2013-05-20,1.0126243305279266,legacy_research,
2013-05-21,1.0126243305279266,legacy_research,
2013-05-22,1.0126098586167367,legacy_research,
2013-05-23,1.012746234067207,legacy_research,
2013-05-24,1.012677679600461,legacy_research,
2013-05-27,1.0127069695802848,legacy_research,
2013-05-28,1.0124481327800832,legacy_research,
2013-05-29,1.0124905374716124,legacy_research,
2013-05-30,1.0125237191650855,legacy_research,
2013-05-31,1.0126679462571977,legacy_research,
2013-06-03,1.0126436781609196,legacy_research,
2013-06-04,1.0128304821150855,legacy_research,
2013-06-05,1.0128654970760234,legacy_research,
2013-06-06,1.012992125984252,legacy_research,
2013-06-07,1.0132317562149158,legacy_research,
2013-06-13,1.0136532892014896,legacy_research,
2013-06-14,1.0135579293344288,legacy_research,
2013-06-17,1.013642000826788,legacy_research,
2013-06-18,1.0135523613963038,legacy_research,
2013-06-19,1.0136307311028503,legacy_research,
2013-06-20,1.0140724946695097,legacy_research,
2013-06-21,1.0141388174807198,legacy_research,
2013-06-24,1.0150616157005936,legacy_research,
2013-06-25,1.0150547445255471,legacy_research,
2013-06-26,1.0150891632373116,legacy_research,
2013-06-27,1.0150822669104205,legacy_research,
2013-06-28,1.0148114901256733,legacy_research,
2013-07-01,1.0147518998658918,legacy_research,
2013-07-02,1.0147058823529411,legacy_research,
2013-07-03,1.0147387226440374,legacy_research,
2013-07-04,1.0146341463414634,legacy_research,
2013-07-05,1.014582412726469,legacy_research,
2013-07-08,1.0149863760217983,legacy_research,
2013-07-09,1.0150204824761038,legacy_research,
2013-07-10,1.0146147032772364,legacy_research,
2013-07-11,1.013918177983973,legacy_research,
2013-07-12,1.0142733564013842,legacy_research,
2013-07-15,1.0140724946695097,legacy_research,
2013-07-16,1.0139889783806697,legacy_research,
2013-07-17,1.014199655765921,legacy_research,
2013-07-18,1.014423076923077,legacy_research,
2013-07-19,1.0148314606741573,legacy_research,
2013-07-22,1.0147387226440374,legacy_research,
2013-07-23,1.014291901255955,legacy_research,
2013-07-24,1.0143979057591626,legacy_research,
2013-07-25,1.0144356955380578,legacy_research,
2013-07-26,1.014569536423841,legacy_research,
2013-07-29,1.014858171994597,legacy_research,
2013-07-30,1.014771709937332,legacy_research,
2013-07-31,1.0147387226440374,legacy_research,
2013-08-01,1.014360313315927,legacy_research,
2013-08-02,1.0143853530950304,legacy_research,
2013-08-05,1.01418134937688,legacy_research,
2013-08-06,1.0140905209222886,legacy_research,
2013-08-07,1.0141874462596732,legacy_research,
2013-08-08,1.01418134937688,legacy_research,
2013-08-09,1.0141206675224648,legacy_research,
2013-08-12,1.0137100124636476,legacy_research,
2013-08-13,1.0137100124636476,legacy_research,
2013-08-14,1.0137385512073271,legacy_research,
2013-08-15,1.0139005897219882,legacy_research,
2013-08-16,1.0140008485362748,legacy_research,
2013-08-19,1.0138830458561212,legacy_research,
2013-08-20,1.0139830508474577,legacy_research,
2013-08-21,1.0139830508474577,legacy_research,
2013-08-22,1.014030612244898,legacy_research,
2013-08-23,1.0141206675224648,legacy_research,
2013-08-26,1.0138133110087904,legacy_research,
2013-08-27,1.0138133110087904,legacy_research,
2013-08-28,1.0138772077375946,legacy_research,
2013-08-29,1.013918177983973,legacy_research,
2013-08-30,1.0139416983523446,legacy_research,
2013-09-02,1.0139299282397636,legacy_research,
2013-09-03,1.013721413721414,legacy_research,
2013-09-04,1.0137271214642265,legacy_research,
2013-09-05,1.013784461152882,legacy_research,
2013-09-06,1.013704318936877,legacy_research,
2013-09-09,1.0132158590308369,legacy_research,
2013-09-10,1.0130434782608695,legacy_research,
2013-09-11,1.0129870129870129,legacy_research,
2013-09-12,1.0128604832424009,legacy_research,
2013-09-13,1.0129564193168432,legacy_research,
2013-09-16,1.0130228887134969,legacy_research,
2013-09-17,1.0132850241545894,legacy_research,
2013-09-18,1.0132689987937271,legacy_research,
2013-09-23,1.013084853291039,legacy_research,
2013-09-24,1.013210568454764,legacy_research,
2013-09-25,1.013290374546919,legacy_research,
2013-09-26,1.0135135135135134,legacy_research,
2013-09-27,1.0134638922888617,legacy_research,
2013-09-30,1.0133765707336846,legacy_research,
2013-10-08,1.0131894484412471,legacy_research,
2013-10-09,1.013173652694611,legacy_research,
2013-10-10,1.013290374546919,legacy_research,
2013-10-11,1.0130796670630202,legacy_research,
2013-10-14,1.0130744849445326,legacy_research,
2013-10-15,1.0130900436334789,legacy_research,
2013-10-16,1.0133225676221236,legacy_research,
2013-10-17,1.0133928571428572,legacy_research,
2013-10-18,1.0133279483037156,legacy_research,
2013-10-21,1.0130486358244366,legacy_research,
2013-10-22,1.0131947221111557,legacy_research,
2013-10-23,1.013338722716249,legacy_research,
2013-10-24,1.0134474327628362,legacy_research,
2013-10-25,1.013664596273292,legacy_research,
2013-10-28,1.0136476426799008,legacy_research,
2013-10-29,1.0136307311028503,legacy_research,
2013-10-30,1.0134419551934826,legacy_research,
2013-10-31,1.013574660633484,legacy_research,
2013-11-01,1.0135190495698485,legacy_research,
2013-11-04,1.0135579293344288,legacy_research,
2013-11-05,1.0135579293344288,legacy_research,
2013-11-06,1.013715710723192,legacy_research,
2013-11-07,1.0137729549248748,legacy_research,
2013-11-08,1.0139830508474577,legacy_research,
2013-11-11,1.0139652983495555,legacy_research,
2013-11-12,1.0138248847926268,legacy_research,
2013-11-13,1.0140905209222886,legacy_research,
2013-11-14,1.0140485312899106,legacy_research,
2013-11-15,1.0137614678899085,legacy_research,
2013-11-18,1.0133225676221236,legacy_research,
2013-11-19,1.01338199513382,legacy_research,
2013-11-20,1.0133225676221236,legacy_research,
2013-11-21,1.0133874239350915,legacy_research,
2013-11-22,1.0134638922888617,legacy_research,
2013-11-25,1.0135356849876949,legacy_research,
2013-11-26,1.01354123922856,legacy_research,
2013-11-27,1.0133874239350915,legacy_research,
2013-11-28,1.0132476916900843,legacy_research,
2013-11-29,1.01323706377858,legacy_research,
2013-12-02,1.0133603238866395,legacy_research,
2013-12-03,1.0132423756019262,legacy_research,
2013-12-04,1.0130744849445326,legacy_research,
2013-12-05,1.0130744849445326,legacy_research,
2013-12-06,1.0131631431990429,legacy_research,
2013-12-09,1.0131683958499602,legacy_research,
2013-12-10,1.013173652694611,legacy_research,
2013-12-11,1.01338199513382,legacy_research,
2013-12-12,1.013409183258838,legacy_research,
2013-12-13,1.0134146341463417,legacy_research,
2013-12-16,1.0136363636363637,legacy_research,
2013-12-17,1.013721413721414,legacy_research,
2013-12-18,1.0137100124636476,legacy_research,
2013-12-19,1.0138422818791946,legacy_research,
2013-12-20,1.014144877839691,legacy_research,
2013-12-23,1.014144877839691,legacy_research,
2013-12-24,1.0141267123287674,legacy_research,
2013-12-25,1.0140545144804087,legacy_research,
2013-12-26,1.0142487046632125,legacy_research,
2013-12-27,1.0140605027694929,legacy_research,
2013-12-30,1.0140485312899106,legacy_research,
2013-12-31,1.0138888888888888,legacy_research,
2014-01-02,1.0139358108108107,legacy_research,
2014-01-03,1.0140905209222886,legacy_research,
2014-01-06,1.0144356955380578,legacy_research,
2014-01-07,1.014429383471797,legacy_research,
2014-01-08,1.0144420131291028,legacy_research,
2014-01-09,1.0145310435931307,legacy_research,
2014-01-10,1.0146341463414634,legacy_research,
2014-01-13,1.0147387226440374,legacy_research,
2014-01-14,1.0146406388642413,legacy_research,
2014-01-15,1.0146406388642413,legacy_research,
2014-01-16,1.0146341463414634,legacy_research,
2014-01-17,1.0148448043184886,legacy_research,
2014-01-20,1.0149186256781193,legacy_research,
2014-01-21,1.037121906507791,legacy_research,
2014-01-22,1.036128456735058,legacy_research,
2014-01-23,1.036322869955157,legacy_research,
2014-01-24,1.036128456735058,legacy_research,
2014-01-27,1.0366018978761862,legacy_research,
2014-01-28,1.036568848758465,legacy_research,
2014-01-29,1.0364536453645363,legacy_research,
2014-01-30,1.0369694203560018,legacy_research,
2014-02-07,1.036734693877551,legacy_research,
2014-02-10,1.0356985456148082,legacy_research,
2014-02-11,1.035526315789474,legacy_research,
2014-02-12,1.0354640980735554,legacy_research,
2014-02-13,1.0355575065847231,legacy_research,
2014-02-14,1.0354330708661417,legacy_research,
2014-02-17,1.0351867940920938,legacy_research,
2014-02-18,1.0356043956043957,legacy_research,
2014-02-19,1.0351409978308026,legacy_research,
2014-02-20,1.0354485776805251,legacy_research,
2014-02-21,1.0358565737051793,legacy_research,
2014-02-24,1.0366847826086956,legacy_research,
2014-02-25,1.0376569037656906,legacy_research,
2014-02-26,1.0376044568245124,legacy_research,
2014-02-27,1.037691949744067,legacy_research,
2014-02-28,1.0373099953938276,legacy_research,
2014-03-03,1.0371730151445615,legacy_research,
2014-03-04,1.0372585096596136,legacy_research,
2014-03-05,1.037587006960557,legacy_research,
2014-03-06,1.0373961218836565,legacy_research,
2014-03-07,1.0375173691523856,legacy_research,
2014-03-10,1.038718929254302,legacy_research,
2014-03-11,1.0385530699666825,legacy_research,
2014-03-12,1.038516405135521,legacy_research,
2014-03-13,1.0379213483146068,legacy_research,
2014-03-14,1.038243626062323,legacy_research,
2014-03-17,1.0379568884723525,legacy_research,
2014-03-18,1.0379924953095685,legacy_research,
2014-03-19,1.0382255781028786,legacy_research,
2014-03-20,1.0389048991354466,legacy_research,
2014-03-21,1.0375173691523856,legacy_research,
2014-03-24,1.037344398340249,legacy_research,
2014-03-25,1.0373961218836565,legacy_research,
2014-03-26,1.0373961218836565,legacy_research,
2014-03-27,1.0376569037656906,legacy_research,
2014-03-28,1.0376744186046511,legacy_research,
2014-03-31,1.0378327884166276,legacy_research,
2014-04-01,1.0376219228982817,legacy_research,
2014-04-02,1.037327188940092,legacy_research,
2014-04-03,1.037587006960557,legacy_research,
2014-04-04,1.0371389270976616,legacy_research,
2014-04-08,1.0362740707568294,legacy_research,
2014-04-09,1.0363391655450875,legacy_research,
2014-04-10,1.0357615894039736,legacy_research,
2014-04-11,1.0357773851590109,legacy_research,
2014-04-14,1.035793194874061,legacy_research,
2014-04-15,1.0364372469635628,legacy_research,
2014-04-16,1.0364372469635628,legacy_research,
2014-04-17,1.0365029292474088,legacy_research,
2014-04-18,1.036568848758465,legacy_research,
2014-04-21,1.0372413793103448,legacy_research,
2014-04-22,1.036986301369863,legacy_research,
2014-04-23,1.0370879120879122,legacy_research,
2014-04-24,1.0370201096892138,legacy_research,
2014-04-25,1.037482646922721,legacy_research,
2014-04-28,1.0380103237916474,legacy_research,
2014-04-29,1.0376744186046511,legacy_research,
2014-04-30,1.037691949744067,legacy_research,
2014-05-05,1.0376744186046511,legacy_research,
2014-05-06,1.0377270610153704,legacy_research,
2014-05-07,1.0379746835443038,legacy_research,
2014-05-08,1.0380460310004698,legacy_research,
2014-05-09,1.038063909774436,legacy_research,
2014-05-12,1.0373099953938276,legacy_research,
2014-05-13,1.0374133949191686,legacy_research,
2014-05-14,1.0374133949191686,legacy_research,
2014-05-15,1.0378327884166276,legacy_research,
2014-05-16,1.0378504672897195,legacy_research,
2014-05-19,1.038370440549503,legacy_research,
2014-05-20,1.038406827880512,legacy_research,
2014-05-21,1.0380460310004698,legacy_research,
2014-05-22,1.038153556288271,legacy_research,
2014-05-23,1.0377270610153704,legacy_research,
2014-05-26,1.0376044568245124,legacy_research,
2014-05-27,1.0377270610153704,legacy_research,
2014-05-28,1.037344398340249,legacy_research,
2014-05-29,1.037569573283859,legacy_research,
2014-05-30,1.0376044568245124,legacy_research,
2014-06-03,1.0377270610153704,legacy_research,
2014-06-04,1.038063909774436,legacy_research,
2014-06-05,1.0376219228982817,legacy_research,
2014-06-06,1.0379391100702575,legacy_research,
2014-06-09,1.0379746835443038,legacy_research,
2014-06-10,1.0374653098982425,legacy_research,
2014-06-11,1.0375347544022242,legacy_research,
2014-06-12,1.037569573283859,legacy_research,
2014-06-13,1.0371559633027525,legacy_research,
2014-06-16,1.0369188696444849,legacy_research,
2014-06-17,1.0372242647058822,legacy_research,
2014-06-18,1.0373961218836565,legacy_research,
2014-06-19,1.0379391100702575,legacy_research,
2014-06-20,1.037797480167989,legacy_research,
2014-06-23,1.0378504672897195,legacy_research,
2014-06-24,1.0375347544022242,legacy_research,
2014-06-25,1.0376569037656906,legacy_research,
2014-06-26,1.037482646922721,legacy_research,
2014-06-27,1.0374133949191686,legacy_research,
2014-06-30,1.0371730151445615,legacy_research,
2014-07-01,1.0371559633027525,legacy_research,
2014-07-02,1.036986301369863,legacy_research,
2014-07-03,1.0368516833484986,legacy_research,
2014-07-04,1.0368516833484986,legacy_research,
2014-07-07,1.036885245901639,legacy_research,
2014-07-08,1.0368349249658937,legacy_research,
2014-07-09,1.0373099953938276,legacy_research,
2014-07-10,1.037344398340249,legacy_research,
2014-07-11,1.0372413793103448,legacy_research,
2014-07-14,1.036734693877551,legacy_research,
2014-07-15,1.0367847411444142,legacy_research,
2014-07-16,1.036801453884598,legacy_research,
2014-07-17,1.0369525547445255,legacy_research,
2014-07-18,1.0367680435769404,legacy_research,
2014-07-21,1.0367847411444142,legacy_research,
2014-07-22,1.0363554757630162,legacy_research,
2014-07-23,1.0362903225806452,legacy_research,
2014-07-24,1.035526315789474,legacy_research,
2014-07-25,1.0351257588898526,legacy_research,
2014-07-28,1.0342060810810811,legacy_research,
2014-07-29,1.0341196293176074,legacy_research,
2014-07-30,1.0342349957734571,legacy_research,
2014-07-31,1.0337781484570476,legacy_research,
2014-08-01,1.034191642043056,legacy_research,
2014-08-04,1.0334710743801652,legacy_research,
2014-08-05,1.033568172399503,legacy_research,
2014-08-06,1.0337781484570476,legacy_research,
2014-08-07,1.0341483979763912,legacy_research,
2014-08-08,1.034134007585335,legacy_research,
2014-08-11,1.0336658354114714,legacy_research,
2014-08-12,1.0338063439065108,legacy_research,
2014-08-13,1.0337078651685394,legacy_research,
2014-08-14,1.0341196293176074,legacy_research,
2014-08-15,1.03369384359401,legacy_research,
2014-08-18,1.0335820895522387,legacy_research,
2014-08-19,1.0335542667771334,legacy_research,
2014-08-20,1.0336798336798338,legacy_research,
2014-08-21,1.0338063439065108,legacy_research,
2014-08-22,1.0336378737541527,legacy_research,
2014-08-25,1.0339338081273566,legacy_research,
2014-08-26,1.0341483979763912,legacy_research,
2014-08-27,1.0341628005061156,legacy_research,
2014-08-28,1.034322033898305,legacy_research,
2014-08-29,1.033990767939572,legacy_research,
2014-09-01,1.033834586466165,legacy_research,
2014-09-02,1.0333333333333332,legacy_research,
2014-09-03,1.0330207908683244,legacy_research,
2014-09-04,1.0327140549273022,legacy_research,
2014-09-05,1.0324,legacy_research,
2014-09-09,1.032477947072975,legacy_research,
2014-09-10,1.0326876513317191,legacy_research,
2014-09-11,1.0328733766233766,legacy_research,
2014-09-12,1.0326086956521738,legacy_research,
2014-09-15,1.0327008477997577,legacy_research,
2014-09-16,1.033278553820871,legacy_research,
2014-09-17,1.0331695331695332,legacy_research,
2014-09-18,1.0330342577487766,legacy_research,
2014-09-19,1.0327669902912622,legacy_research,
2014-09-22,1.0334710743801652,legacy_research,
2014-09-23,1.0331288343558285,legacy_research,
2014-09-24,1.0325040128410914,legacy_research,
2014-09-25,1.0326744655102864,legacy_research,
2014-09-26,1.0326612903225807,legacy_research,
2014-09-29,1.032517061421116,legacy_research,
2014-09-30,1.032517061421116,legacy_research,
2014-10-08,1.0321683876092138,legacy_research,
2014-10-09,1.0321556173084556,legacy_research,
2014-10-10,1.0323095333067411,legacy_research,
2014-10-13,1.032490974729242,legacy_research,
2014-10-14,1.0326086956521738,legacy_research,
2014-10-15,1.0324,legacy_research,
2014-10-16,1.032517061421116,legacy_research,
2014-10-17,1.0326612903225807,legacy_research,
2014-10-20,1.032517061421116,legacy_research,
2014-10-21,1.0327272727272727,legacy_research,
2014-10-22,1.0329134498171475,legacy_research,
2014-10-23,1.033264887063655,legacy_research,
2014-10-24,1.033292231812577,legacy_research,
2014-10-27,1.033609958506224,legacy_research,
2014-10-28,1.032953620829943,legacy_research,
2014-10-29,1.032543190036159,legacy_research,
2014-10-30,1.0323482428115016,legacy_research,
2014-10-31,1.0317149569303057,legacy_research,
2014-11-03,1.0317771675166731,legacy_research,
2014-11-04,1.0318021201413428,legacy_research,
2014-11-05,1.0318396226415094,legacy_research,
2014-11-06,1.0318271119842828,legacy_research,
2014-11-07,1.0318897637795277,legacy_research,
2014-11-10,1.0310225967062427,legacy_research,
2014-11-11,1.0312259059367772,legacy_research,
2014-11-12,1.030775075987842,legacy_research,
2014-11-13,1.030951471150172,legacy_research,
2014-11-14,1.0309160305343512,legacy_research,
2014-11-17,1.0310463779225756,legacy_research,
2014-11-18,1.0313831848120882,legacy_research,
2014-11-19,1.031480761756704,legacy_research,
2014-11-20,1.0314318975552967,legacy_research,
2014-11-21,1.0308453922315308,legacy_research,
2014-11-24,1.0299888930025916,legacy_research,
2014-11-25,1.0296812019054598,legacy_research,
2014-11-26,1.0293584632113084,legacy_research,
2014-11-27,1.029094827586207,legacy_research,
2014-11-28,1.028421052631579,legacy_research,
2014-12-01,1.028391167192429,legacy_research,
2014-12-02,1.0273095077545515,legacy_research,
2014-12-03,1.0270180120080052,legacy_research,
2014-12-04,1.0254716981132077,legacy_research,
2014-12-05,1.02562480227776,legacy_research,
2014-12-08,1.0244491397524902,legacy_research,
2014-12-09,1.0258785942492012,legacy_research,
2014-12-10,1.024976873265495,legacy_research,
2014-12-11,1.0252493765586037,legacy_research,
2014-12-12,1.0251709136109384,legacy_research,
2014-12-15,1.0248847926267282,legacy_research,
2014-12-16,1.0243170219153408,legacy_research,
2014-12-17,1.0239079102715467,legacy_research,
2014-12-18,1.0239361702127658,legacy_research,
2014-12-19,1.0235876528829353,legacy_research,
2014-12-22,1.0237536656891495,legacy_research,
2014-12-23,1.0242442382520205,legacy_research,
2014-12-24,1.0249384236453205,legacy_research,
2014-12-25,1.0240641711229947,legacy_research,
2014-12-26,1.023162710895053,legacy_research,
2014-12-29,1.0232758620689657,legacy_research,
2014-12-30,1.0232758620689657,legacy_research,
2014-12-31,1.0226636821488528,legacy_research,
2015-01-05,1.0219631236442517,legacy_research,
2015-01-06,1.022113022113022,legacy_research,
2015-01-07,1.0221190606226105,legacy_research,
2015-01-08,1.0226130653266332,legacy_research,
2015-01-09,1.0227784026996625,legacy_research,
2015-01-12,1.0228490832157968,legacy_research,
2015-01-13,1.0228942905596383,legacy_research,
2015-01-14,1.022946175637394,legacy_research,
2015-01-15,1.0223140495867769,legacy_research,
2015-01-16,1.0221190606226105,legacy_research,
2015-01-19,1.024575242718447,legacy_research,
2015-01-20,1.0342992312241277,legacy_research,
2015-01-21,1.0327961549335596,legacy_research,
2015-01-22,1.03274061529777,legacy_research,
2015-01-23,1.0325842696629213,legacy_research,
2015-01-26,1.0322760155815247,legacy_research,
2015-01-27,1.032602585722316,legacy_research,
2015-01-28,1.0331333904598687,legacy_research,
2015-01-29,1.0334872979214782,legacy_research,
2015-01-30,1.0339082139725226,legacy_research,
2015-02-02,1.034688995215311,legacy_research,
2015-02-03,1.0338884019865615,legacy_research,
2015-02-04,1.0342789598108748,legacy_research,
2015-02-05,1.034688995215311,legacy_research,
2015-02-06,1.0352155434122647,legacy_research,
2015-02-09,1.0348139255702282,legacy_research,
2015-02-10,1.0341276846131215,legacy_research,
2015-02-11,1.0339082139725226,legacy_research,
2015-02-12,1.033770014556041,legacy_research,
2015-02-13,1.0335551055828751,legacy_research,
2015-02-16,1.0332759609868043,legacy_research,
2015-02-17,1.0329826556724482,legacy_research,
2015-02-25,1.0334969679468669,legacy_research,
2015-02-26,1.0325294447560291,legacy_research,
2015-02-27,1.0325934251194155,legacy_research,
2015-03-02,1.0323390019514913,legacy_research,
2015-03-03,1.0332473488105474,legacy_research,
2015-03-04,1.0329732802728824,legacy_research,
2015-03-05,1.033256880733945,legacy_research,
2015-03-06,1.033467974610502,legacy_research,
2015-03-09,1.0328239954725524,legacy_research,
2015-03-10,1.0330578512396695,legacy_research,
2015-03-11,1.033010813887308,legacy_research,
2015-03-12,1.0324203465623254,legacy_research,
2015-03-13,1.0322401334074487,legacy_research,
2015-03-16,1.0314618931380526,legacy_research,
2015-03-17,1.031065881092662,legacy_research,
2015-03-18,1.030263501174015,legacy_research,
2015-03-19,1.030422239706268,legacy_research,
2015-03-20,1.029997414016033,legacy_research,
2015-03-23,1.029404309252218,legacy_research,
2015-03-24,1.0294341537680791,legacy_research,
2015-03-25,1.0296145008935411,legacy_research,
2015-03-26,1.029591836734694,legacy_research,
2015-03-27,1.029367088607595,legacy_research,
2015-03-30,1.028459273797841,legacy_research,
2015-03-31,1.0287769784172662,legacy_research,
2015-04-01,1.028313400048816,legacy_research,
2015-04-02,1.028354925446101,legacy_research,
2015-04-03,1.027904738994467,legacy_research,
2015-04-07,1.0274231678486996,legacy_research,
2015-04-08,1.027204502814259,legacy_research,
2015-04-09,1.0274037325773684,legacy_research,
2015-04-10,1.0267774699907666,legacy_research,
2015-04-13,1.0263396911898273,legacy_research,
2015-04-14,1.0263277349069453,legacy_research,
2015-04-15,1.026550698100252,legacy_research,
2015-04-16,1.025709219858156,legacy_research,
2015-04-17,1.0252723311546843,legacy_research,
2015-04-20,1.0258351893095767,legacy_research,
2015-04-21,1.025299890948746,legacy_research,
2015-04-22,1.024628450106157,legacy_research,
2015-04-23,1.024654622741764,legacy_research,
2015-04-24,1.0247440273037545,legacy_research,
2015-04-27,1.0242424242424242,legacy_research,
2015-04-28,1.0245606605970785,legacy_research,
2015-04-29,1.0244261949884188,legacy_research,
2015-04-30,1.0244777379193923,legacy_research,
2015-05-04,1.0243441762854146,legacy_research,
2015-05-05,1.025305410122164,legacy_research,
2015-05-06,1.025573192239859,legacy_research,
2015-05-07,1.0260264752075388,legacy_research,
2015-05-08,1.0256296950950068,legacy_research,
2015-05-11,1.024812834224599,legacy_research,
2015-05-12,1.024529498836963,legacy_research,
2015-05-13,1.024759871931697,legacy_research,
2015-05-14,1.0248181429182712,legacy_research,
2015-05-15,1.0252833478639929,legacy_research,
2015-05-18,1.025472112428634,legacy_research,
2015-05-19,1.0246232222458076,legacy_research,
2015-05-20,1.0245087682231144,legacy_research,
2015-05-21,1.024016563146998,legacy_research,
2015-05-22,1.0235103364410214,legacy_research,
2015-05-25,1.0227897838899804,legacy_research,
2015-05-26,1.022458857696031,legacy_research,
2015-05-27,1.022458857696031,legacy_research,
2015-05-28,1.0240913811007268,legacy_research,
2015-05-29,1.024076380240764,legacy_research,
2015-06-01,1.0228796844181458,legacy_research,
2015-06-02,1.0224980605120249,legacy_research,
2015-06-03,1.0226872677488754,legacy_research,
2015-06-04,1.0224327982982016,legacy_research,
2015-06-05,1.0223981463603011,legacy_research,
2015-06-08,1.0218620429702223,legacy_research,
2015-06-09,1.0220406612198365,legacy_research,
2015-06-10,1.0220616203879802,legacy_research,
2015-06-11,1.022057425366039,legacy_research,
2015-06-12,1.0218950547376369,legacy_research,
2015-06-15,1.0224327982982016,legacy_research,
2015-06-16,1.023038728897716,legacy_research,
2015-06-17,1.0227005870841486,legacy_research,
2015-06-18,1.0236300672234673,legacy_research,
2015-06-19,1.0252009558983273,legacy_research,
2015-06-23,1.0243390684011748,legacy_research,
2015-06-24,1.0238144118250871,legacy_research,
2015-06-25,1.0247018739352642,legacy_research,
2015-06-26,1.0266912103083294,legacy_research,
2015-06-29,1.0277379244380678,legacy_research,
2015-06-30,1.0258697591436217,legacy_research,
2015-07-01,1.0276387896116272,legacy_research,
2015-07-02,1.0282375851996106,legacy_research,
2015-07-03,1.0295993875988774,legacy_research,
2015-07-06,1.028819875776397,legacy_research,
2015-07-07,1.0301455301455302,legacy_research,
2015-07-08,1.0334969679468669,legacy_research,
2015-07-09,1.0304541874507744,legacy_research,
2015-07-10,1.0276915731678204,legacy_research,
2015-07-13,1.0273972602739725,legacy_research,
2015-07-14,1.027924891670679,legacy_research,
2015-07-15,1.029404309252218,legacy_research,
2015-07-16,1.028741328047572,legacy_research,
2015-07-17,1.0276190476190474,legacy_research,
2015-07-20,1.0276981852913087,legacy_research,
2015-07-21,1.0275272899857617,legacy_research,
2015-07-22,1.027658559847401,legacy_research,
2015-07-23,1.0269266480965646,legacy_research,
2015-07-24,1.0275011853959222,legacy_research,
2015-07-27,1.0305022350775703,legacy_research,
2015-07-28,1.0301533662594229,legacy_research,
2015-07-29,1.029087261785356,legacy_research,
2015-07-30,1.0301220462217606,legacy_research,
2015-07-31,1.0301220462217606,legacy_research,
2015-08-03,1.0301142263759089,legacy_research,
2015-08-04,1.0289637952559303,legacy_research,
2015-08-05,1.0296220633299284,legacy_research,
2015-08-06,1.029950942421895,legacy_research,
2015-08-07,1.0293448014166455,legacy_research,
2015-08-10,1.0279652844744456,legacy_research,
2015-08-11,1.0282995852646986,legacy_research,
2015-08-12,1.0285925560759182,legacy_research,
2015-08-13,1.0282101167315174,legacy_research,
2015-08-14,1.0282788883471476,legacy_research,
2015-08-17,1.028230713068873,legacy_research,
2015-08-18,1.0303109485236477,legacy_research,
2015-08-19,1.0296296296296297,legacy_research,
2015-08-20,1.0304062909567495,legacy_research,
2015-08-21,1.032,legacy_research,
2015-08-24,1.0355501072632547,legacy_research,
2015-08-25,1.038887026483406,legacy_research,
2015-08-26,1.0378219758721876,legacy_research,
2015-08-27,1.0356155971753147,legacy_research,
2015-08-28,1.034097589653145,legacy_research,
2015-08-31,1.0341678939617085,legacy_research,
2015-09-01,1.0342992312241277,legacy_research,
2015-09-02,1.0344009489916963,legacy_research,
2015-09-07,1.0352690787473395,legacy_research,
2015-09-08,1.034339846062759,legacy_research,
2015-09-09,1.0337013364323069,legacy_research,
2015-09-10,1.0343093759242827,legacy_research,
2015-09-11,1.0342384887839433,legacy_research,
2015-09-14,1.035484857754665,legacy_research,
2015-09-15,1.036558462023322,legacy_research,
2015-09-16,1.034678624813154,legacy_research,
2015-09-17,1.0353658536585366,legacy_research,
2015-09-18,1.0353766392192745,legacy_research,
2015-09-21,1.0347409404013177,legacy_research,
2015-09-22,1.0344725111441306,legacy_research,
2015-09-23,1.035290538484941,legacy_research,
2015-09-24,1.0349924585218704,legacy_research,
2015-09-25,1.0357693493678692,legacy_research,
2015-09-28,1.035561005518087,legacy_research,
2015-09-29,1.0362613316661458,legacy_research,
2015-09-30,1.0360136603539274,legacy_research,
2015-10-08,1.034761762061732,legacy_research,
2015-10-09,1.0343296833382658,legacy_research,
2015-10-12,1.0329545454545457,legacy_research,
2015-10-13,1.0331902718168813,legacy_research,
2015-10-14,1.0335551055828751,legacy_research,
2015-10-15,1.032712915961647,legacy_research,
2015-10-16,1.0322670375521557,legacy_research,
2015-10-19,1.032320980774589,legacy_research,
2015-10-20,1.031903190319032,legacy_research,
2015-10-21,1.032889140912957,legacy_research,
2015-10-22,1.032474804031355,legacy_research,
2015-10-23,1.0319119669876204,legacy_research,
2015-10-26,1.0318593792914037,legacy_research,
2015-10-27,1.03184188855339,legacy_research,
2015-10-28,1.032411288069293,legacy_research,
2015-10-29,1.0323660714285714,legacy_research,
2015-10-30,1.0323570432357043,legacy_research,
2015-11-02,1.03290780141844,legacy_research,
2015-11-03,1.0331618067467123,legacy_research,
2015-11-04,1.0312837108953612,legacy_research,
2015-11-05,1.0307937350676932,legacy_research,
2015-11-06,1.0300751879699248,legacy_research,
2015-11-09,1.029766487041314,legacy_research,
2015-11-10,1.0298507462686566,legacy_research,
2015-11-11,1.0298892038134502,legacy_research,
2015-11-12,1.030200468627961,legacy_research,
2015-11-13,1.0304942166140905,legacy_research,
2015-11-16,1.0303188708834292,legacy_research,
2015-11-17,1.030430220356768,legacy_research,
2015-11-18,1.0306959513098704,legacy_research,
2015-11-19,1.0302398331595413,legacy_research,
2015-11-20,1.0303267973856207,legacy_research,
2015-11-23,1.0304781923279034,legacy_research,
2015-11-24,1.0304541874507744,legacy_research,
2015-11-25,1.0302713987473904,legacy_research,
2015-11-26,1.0304142632406923,legacy_research,
2015-11-27,1.0321507760532151,legacy_research,
2015-11-30,1.032141867553339,legacy_research,
2015-12-01,1.0318944184767669,legacy_research,
2015-12-02,1.0305826522541524,legacy_research,
2015-12-03,1.030518284661931,legacy_research,
2015-12-04,1.0311075355323145,legacy_research,
2015-12-07,1.0310575635876842,legacy_research,
2015-12-08,1.0315131757674545,legacy_research,
2015-12-09,1.031470428648942,legacy_research,
2015-12-10,1.0315303071486817,legacy_research,
2015-12-11,1.0316853318765364,legacy_research,
2015-12-14,1.0307447654386428,legacy_research,
2015-12-15,1.031040941932031,legacy_research,
2015-12-16,1.0310326377742107,legacy_research,
2015-12-17,1.0304621848739497,legacy_research,
2015-12-18,1.0303506017791733,legacy_research,
2015-12-21,1.029576746557879,legacy_research,
2015-12-22,1.029539088362618,legacy_research,
2015-12-23,1.029576746557879,legacy_research,
2015-12-24,1.0299354838709678,legacy_research,
2015-12-25,1.0297817715019255,legacy_research,
2015-12-28,1.03070407623081,legacy_research,
2015-12-29,1.030422239706268,legacy_research,
2015-12-30,1.030430220356768,legacy_research,
2015-12-31,1.03070407623081,legacy_research,
2016-01-04,1.0328147100424327,legacy_research,
2016-01-05,1.032889140912957,legacy_research,
2016-01-06,1.0323841429369067,legacy_research,
2016-01-07,1.0332950631458095,legacy_research,
2016-01-08,1.034037558685446,legacy_research,
2016-01-11,1.0358799876275906,legacy_research,
2016-01-12,1.0356265356265355,legacy_research,
2016-01-13,1.0361258175023358,legacy_research,
2016-01-14,1.0355283307810106,legacy_research,
2016-01-15,1.0366046071315873,legacy_research,
2016-01-18,1.0365815200252286,legacy_research,
2016-01-19,1.035561005518087,legacy_research,
2016-01-20,1.0526980119911644,legacy_research,
2016-01-21,1.0542560103963614,legacy_research,
2016-01-22,1.0537323037323036,legacy_research,
2016-01-25,1.053525641025641,legacy_research,
2016-01-26,1.056725543478261,legacy_research,
2016-01-27,1.0573489010989012,legacy_research,
2016-01-28,1.0586170586170585,legacy_research,
2016-01-29,1.0569965870307167,legacy_research,
2016-02-01,1.0576259489302966,legacy_research,
2016-02-02,1.0564189189189188,legacy_research,
2016-02-03,1.0566870332654446,legacy_research,
2016-02-04,1.0559463986599666,legacy_research,
2016-02-05,1.0566101694915253,legacy_research,
2016-02-15,1.0568220483157535,legacy_research,
2016-02-16,1.0552614162806089,legacy_research,
2016-02-17,1.054700294792008,legacy_research,
2016-02-18,1.0547720564119385,legacy_research,
2016-02-19,1.054916146004604,legacy_research,
2016-02-22,1.0538015463917525,legacy_research,
2016-02-23,1.0542207792207792,legacy_research,
2016-02-24,1.0538188849500485,legacy_research,
2016-02-25,1.057487091222031,legacy_research,
2016-02-26,1.0569382884418683,legacy_research,
2016-02-29,1.058310055865922,legacy_research,
2016-03-01,1.057230980123372,legacy_research,
2016-03-02,1.0547720564119385,legacy_research,
2016-03-03,1.054898093359632,legacy_research,
2016-03-04,1.054238389087366,legacy_research,
2016-03-07,1.0538188849500485,legacy_research,
2016-03-08,1.0540103492884862,legacy_research,
2016-03-09,1.0548260013131978,legacy_research,
2016-03-10,1.0555740432612313,legacy_research,
2016-03-11,1.0556852284094698,legacy_research,
2016-03-14,1.054503916449086,legacy_research,
2016-03-15,1.0546823837590047,legacy_research,
2016-03-16,1.054326610279766,legacy_research,
2016-03-17,1.0534571062740077,legacy_research,
2016-03-18,1.0527146464646464,legacy_research,
2016-03-21,1.0515750463248918,legacy_research,
2016-03-22,1.0519278606965174,legacy_research,
2016-03-23,1.0518311607697082,legacy_research,
2016-03-24,1.0526481715006304,legacy_research,
2016-03-25,1.0524332810047097,legacy_research,
2016-03-28,1.052931854199683,legacy_research,
2016-03-29,1.0533716842441674,legacy_research,
2016-03-30,1.0519440124416797,legacy_research,
2016-03-31,1.0520411343097538,legacy_research,
2016-04-01,1.0518794656725692,legacy_research,
2016-04-05,1.0513846153846154,legacy_research,
2016-04-06,1.0514796547472256,legacy_research,
2016-04-07,1.0521223470661671,legacy_research,
2016-04-08,1.0525653131885426,legacy_research,
2016-04-11,1.0519925280199252,legacy_research,
2016-04-12,1.0520573566084788,legacy_research,
2016-04-13,1.051400430901816,legacy_research,
2016-04-14,1.051211284881938,legacy_research,
2016-04-15,1.0511642156862746,legacy_research,
2016-04-18,1.0518955873213176,legacy_research,
2016-04-19,1.0518311607697082,legacy_research,
2016-04-20,1.052747946936197,legacy_research,
2016-04-21,1.052999047921295,legacy_research,
2016-04-22,1.0527646129541863,legacy_research,
2016-04-25,1.052931854199683,legacy_research,
2016-04-26,1.0526315789473684,legacy_research,
2016-04-27,1.0528815706143129,legacy_research,
2016-04-28,1.0529150823827629,legacy_research,
2016-04-29,1.052982233502538,legacy_research,
2016-05-03,1.051976346093993,legacy_research,
2016-05-04,1.0521711965010934,legacy_research,
2016-05-05,1.0521711965010934,legacy_research,
2016-05-06,1.053388746803069,legacy_research,
2016-05-09,1.054503916449086,legacy_research,
2016-05-10,1.0545573342045085,legacy_research,
2016-05-11,1.054344288968435,legacy_research,
2016-05-12,1.0541504539559017,legacy_research,
2016-05-13,1.054344288968435,legacy_research,
2016-05-16,1.0541329011345215,legacy_research,
2016-05-17,1.0542207792207792,legacy_research,
2016-05-18,1.0545751633986928,legacy_research,
2016-05-19,1.0546823837590047,legacy_research,
2016-05-20,1.054326610279766,legacy_research,
2016-05-23,1.054238389087366,legacy_research,
2016-05-24,1.0545751633986928,legacy_research,
2016-05-25,1.05461085676913,legacy_research,
2016-05-26,1.05461085676913,legacy_research,
2016-05-27,1.0545751633986928,legacy_research,
2016-05-30,1.0545395166557807,legacy_research,
2016-05-31,1.0526980119911644,legacy_research,
2016-06-01,1.0529150823827629,legacy_research,
2016-06-02,1.0528648306426085,legacy_research,
2016-06-03,1.052252816020025,legacy_research,
2016-06-06,1.0525653131885426,legacy_research,
2016-06-07,1.0525653131885426,legacy_research,
2016-06-08,1.0526315789473684,legacy_research,
2016-06-13,1.054415118931248,legacy_research,
2016-06-14,1.054185593770279,legacy_research,
2016-06-15,1.053474223503042,legacy_research,
2016-06-16,1.0538015463917525,legacy_research,
2016-06-17,1.0535771575232595,legacy_research,
2016-06-20,1.0535599743425272,legacy_research,
2016-06-21,1.0536804885888782,legacy_research,
2016-06-22,1.0533546325878596,legacy_research,
2016-06-23,1.053525641025641,legacy_research,
2016-06-24,1.0540978296080337,legacy_research,
2016-06-27,1.0534229046705057,legacy_research,
2016-06-28,1.0531508593252703,legacy_research,
2016-06-29,1.0529150823827629,legacy_research,
2016-06-30,1.0528313824739006,legacy_research,
2016-07-01,1.0528815706143129,legacy_research,
2016-07-04,1.0520087200249144,legacy_research,
2016-07-05,1.0518794656725692,legacy_research,
2016-07-06,1.0516228748068006,legacy_research,
2016-07-07,1.0515591231861687,legacy_research,
2016-07-08,1.0517508521846917,legacy_research,
2016-07-11,1.0516228748068006,legacy_research,
2016-07-12,1.0503466988242387,legacy_research,
2016-07-13,1.0502406738868832,legacy_research,
2016-07-14,1.050316360349503,legacy_research,
2016-07-15,1.0502557929581704,legacy_research,
2016-07-18,1.0504379341588646,legacy_research,
2016-07-19,1.0506982392228292,legacy_research,
2016-07-20,1.0508062062671129,legacy_research,
2016-07-21,1.0505295007564297,legacy_research,
2016-07-22,1.050976800976801,legacy_research,
2016-07-25,1.0509923664122138,legacy_research,
2016-07-26,1.0503466988242387,legacy_research,
2016-07-27,1.0512899262899265,legacy_research,
2016-07-28,1.0511485451761102,legacy_research,
2016-07-29,1.051321450522434,legacy_research,
2016-08-01,1.0517508521846917,legacy_research,
2016-08-02,1.0516228748068006,legacy_research,
2016-08-03,1.0515591231861687,legacy_research,
2016-08-04,1.051400430901816,legacy_research,
2016-08-05,1.0511955855303494,legacy_research,
2016-08-08,1.0507753116448768,legacy_research,
2016-08-09,1.0505447941888622,legacy_research,
2016-08-10,1.0506982392228292,legacy_research,
2016-08-11,1.0507598784194527,legacy_research,
2016-08-12,1.0498805256869774,legacy_research,
2016-08-15,1.048447925732521,legacy_research,
2016-08-16,1.0485888856560954,legacy_research,
2016-08-17,1.0487022455526394,legacy_research,
2016-08-18,1.0487733644859814,legacy_research,
2016-08-19,1.0488304093567251,legacy_research,
2016-08-22,1.0491755005889285,legacy_research,
2016-08-23,1.0491465567981164,legacy_research,
2016-08-24,1.0493498817966904,legacy_research,
2016-08-25,1.0496137849079026,legacy_research,
2016-08-26,1.0496728138013087,legacy_research,
2016-08-29,1.0496875929782803,legacy_research,
2016-08-30,1.0494814814814817,legacy_research,
2016-08-31,1.0492770728828564,legacy_research,
2016-09-01,1.049806143751864,legacy_research,
2016-09-02,1.04958432304038,legacy_research,
2016-09-05,1.0494814814814817,legacy_research,
2016-09-06,1.0490599294947125,legacy_research,
2016-09-07,1.0490311215502055,legacy_research,
2016-09-08,1.0491032049397238,legacy_research,
2016-09-09,1.0493498817966904,legacy_research,
2016-09-12,1.0503466988242387,legacy_research,
2016-09-13,1.0503466988242387,legacy_research,
2016-09-14,1.0506521079769486,legacy_research,
2016-09-19,1.050331525015069,legacy_research,
2016-09-20,1.0503922751961376,legacy_research,
2016-09-21,1.05019537120529,legacy_research,
2016-09-22,1.0498656315318005,legacy_research,
2016-09-23,1.049985034420832,legacy_research,
2016-09-26,1.0508371385083712,legacy_research,
2016-09-27,1.0505754088431254,legacy_research,
2016-09-28,1.0506521079769486,legacy_research,
2016-09-29,1.0504227053140098,legacy_research,
2016-09-30,1.0502709211318482,legacy_research,
2016-10-10,1.049702380952381,legacy_research,
2016-10-11,1.04958432304038,legacy_research,
2016-10-12,1.049702380952381,legacy_research,
2016-10-13,1.049702380952381,legacy_research,
2016-10-14,1.0495548961424332,legacy_research,
2016-10-17,1.0500149745432763,legacy_research,
2016-10-18,1.049393670511683,legacy_research,
2016-10-19,1.0494229061852618,legacy_research,
2016-10-20,1.0494961470065205,legacy_research,
2016-10-21,1.0492480094367442,legacy_research,
2016-10-24,1.0486596736596738,legacy_research,
2016-10-25,1.048787613204791,legacy_research,
2016-10-26,1.0489305596249634,legacy_research,
2016-10-27,1.0490023474178405,legacy_research,
2016-10-28,1.0490743461651484,legacy_research,
2016-10-31,1.0491755005889285,legacy_research,
2016-11-01,1.048873280655546,legacy_research,
2016-11-02,1.0492044784914554,legacy_research,
2016-11-03,1.0488304093567251,legacy_research,
2016-11-04,1.0489879730126137,legacy_research,
2016-11-07,1.0489449003517,legacy_research,
2016-11-08,1.0486880466472304,legacy_research,
2016-11-09,1.048873280655546,legacy_research,
2016-11-10,1.04837775202781,legacy_research,
2016-11-11,1.0479609419873634,legacy_research,
2016-11-14,1.047892170920562,legacy_research,
2016-11-15,1.0479471719781797,legacy_research,
2016-11-16,1.0479334098737083,legacy_research,
2016-11-17,1.047823596792669,legacy_research,
2016-11-18,1.0479885057471263,legacy_research,
2016-11-21,1.0477688787185355,legacy_research,
2016-11-22,1.0472953837439818,legacy_research,
2016-11-23,1.0472151540853831,legacy_research,
2016-11-24,1.047082041161545,legacy_research,
2016-11-25,1.0465699944227551,legacy_research,
2016-11-28,1.046363131593559,legacy_research,
2016-11-29,1.0460055096418734,legacy_research,
2016-11-30,1.0464275785376702,legacy_research,
2016-12-01,1.0459928394381717,legacy_research,
2016-12-02,1.0465051517683095,legacy_research,
2016-12-05,1.0474566638249505,legacy_research,
2016-12-06,1.0475377170509537,legacy_research,
2016-12-07,1.047322187588552,legacy_research,
2016-12-08,1.0472151540853831,legacy_research,
2016-12-09,1.046949676693843,legacy_research,
2016-12-12,1.048224083164886,legacy_research,
2016-12-13,1.0482938114517062,legacy_research,
2016-12-14,1.048631333721607,legacy_research,
2016-12-15,1.0491899852724595,legacy_research,
2016-12-16,1.0491899852724595,legacy_research,
2016-12-19,1.0493353028064991,legacy_research,
2016-12-20,1.049702380952381,legacy_research,
2016-12-21,1.0491610244333236,legacy_research,
2016-12-22,1.0492480094367442,legacy_research,
2016-12-23,1.0496432818073722,legacy_research,
2016-12-26,1.0494668246445498,legacy_research,
2016-12-27,1.0495401957876,legacy_research,
2016-12-28,1.049806143751864,legacy_research,
2016-12-29,1.0497764530551414,legacy_research,
2016-12-30,1.049731983323407,legacy_research,
2017-01-03,1.0491755005889285,legacy_research,
2017-01-04,1.048744892002335,legacy_research,
2017-01-05,1.0488446914302427,legacy_research,
2017-01-06,1.0490023474178405,legacy_research,
2017-01-09,1.0488304093567251,legacy_research,
2017-01-10,1.048959249486954,legacy_research,
2017-01-11,1.0493207324276432,legacy_research,
2017-01-12,1.049569605224102,legacy_research,
2017-01-13,1.0494814814814817,legacy_research,
2017-01-16,1.0495401957876,legacy_research,
2017-01-17,1.0494668246445498,legacy_research,
2017-01-18,1.0491465567981164,legacy_research,
2017-01-19,1.0493207324276432,legacy_research,
2017-01-20,1.0489019033674962,legacy_research,
2017-01-23,1.0660517703064565,legacy_research,
2017-01-24,1.0660124888492415,legacy_research,
2017-01-25,1.0658167803142602,legacy_research,
2017-01-26,1.0655447298494245,legacy_research,
2017-02-03,1.065934065934066,legacy_research,
2017-02-06,1.0659536541889485,legacy_research,
2017-02-07,1.0660714285714286,legacy_research,
2017-02-08,1.065622228791014,legacy_research,
2017-02-09,1.0653902798232695,legacy_research,
2017-02-10,1.065045414591269,legacy_research,
2017-02-13,1.0647041678810842,legacy_research,
2017-02-14,1.0646288209606989,legacy_research,
2017-02-15,1.0648553900087645,legacy_research,
2017-02-16,1.0645724258289704,legacy_research,
2017-02-17,1.0649502633118784,legacy_research,
2017-02-20,1.063903281519862,legacy_research,
2017-02-21,1.063903281519862,legacy_research,
2017-02-22,1.0637015781922523,legacy_research,
2017-02-23,1.0639769452449568,legacy_research,
2017-02-24,1.0640323045860975,legacy_research,
2017-02-27,1.0645348837209303,legacy_research,
2017-02-28,1.0644412191582002,legacy_research,
2017-03-01,1.064366483038562,legacy_research,
2017-03-02,1.0645912132673845,legacy_research,
2017-03-03,1.0648364485981308,legacy_research,
2017-03-06,1.064516129032258,legacy_research,
2017-03-07,1.0644225188624492,legacy_research,
2017-03-08,1.0643478260869563,legacy_research,
2017-03-09,1.064931266452179,legacy_research,
2017-03-10,1.064874342489772,legacy_research,
2017-03-13,1.0641803989592369,legacy_research,
2017-03-14,1.0643291799478412,legacy_research,
2017-03-15,1.0642175296499856,legacy_research,
2017-03-16,1.0638297872340423,legacy_research,
2017-03-17,1.064553649316662,legacy_research,
2017-03-20,1.064516129032258,legacy_research,
2017-03-21,1.0640692640692642,legacy_research,
2017-03-22,1.0644038294168845,legacy_research,
2017-03-23,1.0642175296499856,legacy_research,
2017-03-24,1.0636103151862464,legacy_research,
2017-03-27,1.063903281519862,legacy_research,
2017-03-28,1.063995387719804,legacy_research,
2017-03-29,1.0641247833622185,legacy_research,
2017-03-30,1.0647419072615922,legacy_research,
2017-03-31,1.0642733063115228,legacy_research,
2017-04-05,1.0632298490458558,legacy_research,
2017-04-06,1.0633019674935842,legacy_research,
2017-04-07,1.063175867956745,legacy_research,
2017-04-10,1.0633380884450785,legacy_research,
2017-04-11,1.063175867956745,legacy_research,
2017-04-12,1.0634104541559557,legacy_research,
2017-04-13,1.063175867956745,legacy_research,
2017-04-14,1.0637015781922523,legacy_research,
2017-04-17,1.0639216815433343,legacy_research,
2017-04-18,1.0640692640692642,legacy_research,
2017-04-19,1.0645724258289704,legacy_research,
2017-04-20,1.0642175296499856,legacy_research,
2017-04-21,1.0641618497109826,legacy_research,
2017-04-24,1.0648553900087645,legacy_research,
2017-04-25,1.0646476412347117,legacy_research,
2017-04-26,1.0644973852411388,legacy_research,
2017-04-27,1.0644599303135889,legacy_research,
2017-04-28,1.0647041678810842,legacy_research,
2017-05-02,1.064798598949212,legacy_research,
2017-05-03,1.0651217365796422,legacy_research,
2017-05-04,1.0653710247349824,legacy_research,
2017-05-05,1.065797273266153,legacy_research,
2017-05-08,1.0663677130044842,legacy_research,
2017-05-09,1.0663082437275986,legacy_research,
2017-05-10,1.066546762589928,legacy_research,
2017-05-11,1.0662093647479869,legacy_research,
2017-05-12,1.0656804733727812,legacy_research,
2017-05-15,1.0654095462581026,legacy_research,
2017-05-16,1.0646476412347117,legacy_research,
2017-05-17,1.0650835532102023,legacy_research,
2017-05-18,1.0653710247349824,legacy_research,
2017-05-19,1.0652557319223983,legacy_research,
2017-05-22,1.0651982378854623,legacy_research,
2017-05-23,1.0649122807017544,legacy_research,
2017-05-24,1.0649122807017544,legacy_research,
2017-05-25,1.0635556827941597,legacy_research,
2017-05-26,1.0636650415830229,legacy_research,
2017-05-31,1.063628546861565,legacy_research,
2017-06-01,1.063482985416071,legacy_research,
2017-06-02,1.0636467889908257,legacy_research,
2017-06-05,1.0640692640692642,legacy_research,
2017-06-06,1.063573883161512,legacy_research,
2017-06-07,1.0627118644067797,legacy_research,
2017-06-08,1.0622720897615707,legacy_research,
2017-06-09,1.0618901589071648,legacy_research,
2017-06-12,1.0620111731843576,legacy_research,
2017-06-13,1.0618901589071648,legacy_research,
2017-06-14,1.062517600675866,legacy_research,
2017-06-15,1.062729584628426,legacy_research,
2017-06-16,1.062836116614775,legacy_research,
2017-06-19,1.062132661628883,legacy_research,
2017-06-20,1.0623245367770917,legacy_research,
2017-06-21,1.0615469919600775,legacy_research,
2017-06-22,1.061478814732761,legacy_research,
2017-06-23,1.0608886450905102,legacy_research,
2017-06-26,1.0601463018152262,legacy_research,
2017-06-27,1.0601137286758733,legacy_research,
2017-06-28,1.0605234460196291,legacy_research,
2017-06-29,1.0601626016260162,legacy_research,
2017-06-30,1.0602605863192185,legacy_research,
2017-07-03,1.0605234460196291,legacy_research,
2017-07-04,1.0610225398570643,legacy_research,
2017-07-05,1.0602442333785618,legacy_research,
2017-07-06,1.060293318848452,legacy_research,
2017-07-07,1.0603260869565216,legacy_research,
2017-07-10,1.0602605863192185,legacy_research,
2017-07-11,1.059773828756058,legacy_research,
2017-07-12,1.0601300108342362,legacy_research,
2017-07-13,1.0595174262734584,legacy_research,
2017-07-14,1.059121171770972,legacy_research,
2017-07-17,1.0599352051835853,legacy_research,
2017-07-18,1.0599028602266594,legacy_research,
2017-07-19,1.0586835844567803,legacy_research,
2017-07-20,1.058405682715075,legacy_research,
2017-07-21,1.0586991010047593,legacy_research,
2017-07-24,1.058405682715075,legacy_research,
2017-07-25,1.0588547189819726,legacy_research,
2017-07-26,1.0591842175419888,legacy_research,
2017-07-27,1.059011164274322,legacy_research,
2017-07-28,1.058792372881356,legacy_research,
2017-07-31,1.058575197889182,legacy_research,
2017-08-01,1.0581151832460731,legacy_research,
2017-08-02,1.0581151832460731,legacy_research,
2017-08-03,1.0586991010047593,legacy_research,
2017-08-04,1.0590582601755787,legacy_research,
2017-08-07,1.0586991010047593,legacy_research,
2017-08-08,1.0586835844567803,legacy_research,
2017-08-09,1.0587301587301587,legacy_research,
2017-08-10,1.0588547189819726,legacy_research,
2017-08-11,1.06,legacy_research,
2017-08-14,1.0592632140950349,legacy_research,
2017-08-15,1.0591054313099042,legacy_research,
2017-08-16,1.0592,legacy_research,
2017-08-17,1.058745699920614,legacy_research,
2017-08-18,1.0587146257603808,legacy_research,
2017-08-21,1.0584672109560178,legacy_research,
2017-08-22,1.0583749671312124,legacy_research,
2017-08-23,1.058221872541306,legacy_research,
2017-08-24,1.0585288689691537,legacy_research,
2017-08-25,1.057527856957761,legacy_research,
2017-08-28,1.056879323597233,legacy_research,
2017-08-29,1.0569961489088575,legacy_research,
2017-08-30,1.0570547417116425,legacy_research,
2017-08-31,1.057157569515963,legacy_research,
2017-09-01,1.0570840833119053,legacy_research,
2017-09-04,1.056879323597233,legacy_research,
2017-09-05,1.0566760275721216,legacy_research,
2017-09-06,1.0568501920614597,legacy_research,
2017-09-07,1.057098765432099,legacy_research,
2017-09-08,1.057157569515963,legacy_research,
2017-09-11,1.0570694087403598,legacy_research,
2017-09-12,1.0569230769230769,legacy_research,
2017-09-13,1.056879323597233,legacy_research,
2017-09-14,1.0570694087403598,legacy_research,
2017-09-15,1.056981519507187,legacy_research,
2017-09-18,1.0567629762209154,legacy_research,
2017-09-19,1.0571281523417395,legacy_research,
2017-09-20,1.056864754098361,legacy_research,
2017-09-21,1.0568501920614597,legacy_research,
2017-09-22,1.057010785824345,legacy_research,
2017-09-25,1.0572460030943784,legacy_research,
2017-09-26,1.0572164948453608,legacy_research,
2017-09-27,1.0571722894669071,legacy_research,
2017-09-28,1.0570840833119053,legacy_research,
2017-09-29,1.0568939005638134,legacy_research,
2017-10-09,1.0563023078873954,legacy_research,
2017-10-10,1.0562310030395137,legacy_research,
2017-10-11,1.056018168054504,legacy_research,
2017-10-12,1.0557788944723618,legacy_research,
2017-10-13,1.055667001003009,legacy_research,
2017-10-16,1.0558631102164064,legacy_research,
2017-10-17,1.055891238670695,legacy_research,
2017-10-18,1.0555555555555556,legacy_research,
2017-10-19,1.0557089084065243,legacy_research,
2017-10-20,1.0557368817474266,legacy_research,
2017-10-23,1.055569461827284,legacy_research,
2017-10-24,1.0552101467296693,legacy_research,
2017-10-25,1.0550322260783342,legacy_research,
2017-10-26,1.0546394289933547,legacy_research,
2017-10-27,1.0543717854518737,legacy_research,
2017-10-30,1.0546125461254612,legacy_research,
2017-10-31,1.054652880354505,legacy_research,
2017-11-01,1.0548418972332014,legacy_research,
2017-11-02,1.0547472256473491,legacy_research,
2017-11-03,1.0548961424332346,legacy_research,
2017-11-06,1.0544117647058822,legacy_research,
2017-11-07,1.0538834951456308,legacy_research,
2017-11-08,1.0540014594989056,legacy_research,
2017-11-09,1.053597295992274,legacy_research,
2017-11-10,1.0531227566403445,legacy_research,
2017-11-13,1.053008595988539,legacy_research,
2017-11-14,1.0534167468719924,legacy_research,
2017-11-15,1.0538051381483275,legacy_research,
2017-11-16,1.0533013205282111,legacy_research,
2017-11-17,1.0532374100719426,legacy_research,
2017-11-20,1.0528194147037828,legacy_research,
2017-11-21,1.0517965468968735,legacy_research,
2017-11-22,1.051808634772462,legacy_research,
2017-11-23,1.0535068691250904,legacy_research,
2017-11-24,1.05345533349386,legacy_research,
2017-11-27,1.054331864904552,legacy_research,
2017-11-28,1.0540803897685749,legacy_research,
2017-11-29,1.0541331382589614,legacy_research,
2017-11-30,1.0547607301430684,legacy_research,
2017-12-01,1.05472023662805,legacy_research,
2017-12-04,1.0544918998527246,legacy_research,
2017-12-05,1.0541595511100268,legacy_research,
2017-12-06,1.0545722713864307,legacy_research,
2017-12-07,1.0551964196916956,legacy_research,
2017-12-08,1.0546663383403103,legacy_research,
2017-12-11,1.0537790697674418,legacy_research,
2017-12-12,1.0546394289933547,legacy_research,
2017-12-13,1.05425219941349,legacy_research,
2017-12-14,1.054425104192204,legacy_research,
2017-12-15,1.0551552795031054,legacy_research,
2017-12-18,1.0551415797317438,legacy_research,
2017-12-19,1.054425104192204,legacy_research,
2017-12-20,1.0545454545454545,legacy_research,
2017-12-21,1.0538834951456308,legacy_research,
2017-12-22,1.0541331382589614,legacy_research,
2017-12-25,1.0543851053405195,legacy_research,
2017-12-26,1.0542256961406935,legacy_research,
2017-12-27,1.0551415797317438,legacy_research,
2017-12-28,1.0546394289933547,legacy_research,
2017-12-29,1.0544651619234544,legacy_research,
2018-01-02,1.0536750483558992,legacy_research,
2018-01-03,1.053391053391053,legacy_research,
2018-01-04,1.0532246463677777,legacy_research,
2018-01-05,1.0530212562694052,legacy_research,
2018-01-08,1.0528068506184587,legacy_research,
2018-01-09,1.0523831996224633,legacy_research,
2018-01-10,1.0521616541353382,legacy_research,
2018-01-11,1.0522352941176472,legacy_research,
2018-01-12,1.0519541305874094,legacy_research,
2018-01-15,1.0520515826494723,legacy_research,
2018-01-16,1.051532033426184,legacy_research,
2018-01-17,1.0516880093131549,legacy_research,
2018-01-18,1.051353226925746,legacy_research,
2018-01-19,1.05121107266436,legacy_research,
2018-01-22,1.0505694760820046,legacy_research,
2018-01-23,1.0610756608933454,legacy_research,
2018-01-24,1.0610339330448644,legacy_research,
2018-01-25,1.0614256245702498,legacy_research,
2018-01-26,1.0611174458380843,legacy_research,
2018-01-29,1.0622966062296608,legacy_research,
2018-01-30,1.062940347581024,legacy_research,
2018-01-31,1.0627487707796768,legacy_research,
2018-02-01,1.063192643244518,legacy_research,
2018-02-02,1.0628075931567846,legacy_research,
2018-02-05,1.062866525920713,legacy_research,
2018-02-06,1.0646874245715665,legacy_research,
2018-02-07,1.0662546353522868,legacy_research,
2018-02-08,1.066799601196411,legacy_research,
2018-02-09,1.0700287431408413,legacy_research,
2018-02-12,1.069036579082947,legacy_research,
2018-02-13,1.068210740646475,legacy_research,
2018-02-14,1.0676084762865792,legacy_research,
2018-02-22,1.0662382600098863,legacy_research,
2018-02-23,1.065880039331367,legacy_research,
2018-02-26,1.0650485436893202,legacy_research,
2018-02-27,1.0659935976360502,legacy_research,
2018-02-28,1.0666666666666669,legacy_research,
2018-03-01,1.066189182514201,legacy_research,
2018-03-02,1.066633515663849,legacy_research,
2018-03-05,1.0667829553949664,legacy_research,
2018-03-06,1.065799165234471,legacy_research,
2018-03-07,1.0663366336633664,legacy_research,
2018-03-08,1.065670178877726,legacy_research,
2018-03-09,1.0651909511067863,legacy_research,
2018-03-12,1.0650012127091923,legacy_research,
2018-03-13,1.065702378033832,legacy_research,
2018-03-14,1.0659286592865929,legacy_research,
2018-03-15,1.0654456654456657,legacy_research,
2018-03-16,1.0661728395061727,legacy_research,
2018-03-19,1.0658153241650294,legacy_research,
2018-03-20,1.065847665847666,legacy_research,
2018-03-21,1.066189182514201,legacy_research,
2018-03-22,1.0667829553949664,legacy_research,
2018-03-23,1.068823831535696,legacy_research,
2018-03-26,1.0691434468524252,legacy_research,
2018-03-27,1.0685246739964205,legacy_research,
2018-03-28,1.0699373695198329,legacy_research,
2018-03-29,1.0686827268067658,legacy_research,
2018-03-30,1.068788501026694,legacy_research,
2018-04-02,1.069018799896987,legacy_research,
2018-04-03,1.0694660445826851,legacy_research,
2018-04-04,1.0696465696465696,legacy_research,
2018-04-09,1.0695561899818324,legacy_research,
2018-04-10,1.0682281059063137,legacy_research,
2018-04-11,1.068141367912535,legacy_research,
2018-04-12,1.0688591983556013,legacy_research,
2018-04-13,1.069340232858991,legacy_research,
2018-04-16,1.0704521556256572,legacy_research,
2018-04-17,1.071504802561366,legacy_research,
2018-04-18,1.071352502662407,legacy_research,
2018-04-19,1.0703596744552375,legacy_research,
2018-04-20,1.0714666666666666,legacy_research,
2018-04-23,1.0711630377057886,legacy_research,
2018-04-24,1.069700910273082,legacy_research,
2018-04-25,1.0701203558346415,legacy_research,
2018-04-26,1.0715429791777895,legacy_research,
2018-04-27,1.0713905167820992,legacy_research,
2018-05-02,1.0711630377057886,legacy_research,
2018-05-03,1.0707497360084477,legacy_research,
2018-05-04,1.0710875331564986,legacy_research,
2018-05-07,1.0699556251631428,legacy_research,
2018-05-08,1.0690543674310746,legacy_research,
2018-05-09,1.069250645994832,legacy_research,
2018-05-10,1.068788501026694,legacy_research,
2018-05-11,1.0691970049057578,legacy_research,
2018-05-14,1.0685948297926795,legacy_research,
2018-05-15,1.068332483426823,legacy_research,
2018-05-16,1.0688946015424166,legacy_research,
2018-05-17,1.0694840549649989,legacy_research,
2018-05-18,1.0687355732239034,legacy_research,
2018-05-21,1.0684022460439,legacy_research,
2018-05-22,1.0686827268067658,legacy_research,
2018-05-23,1.0695923136847572,legacy_research,
2018-05-24,1.0701570680628274,legacy_research,
2018-05-25,1.0703227499344004,legacy_research,
2018-05-28,1.069882659713168,legacy_research,
2018-05-29,1.07054488023164,legacy_research,
2018-05-30,1.071907700563456,legacy_research,
2018-05-31,1.0704706810412832,legacy_research,
2018-06-01,1.0709557850145617,legacy_research,
2018-06-04,1.0702674357629784,legacy_research,
2018-06-05,1.0696827873114925,legacy_research,
2018-06-06,1.0698098463141443,legacy_research,
2018-06-07,1.0698280354351224,legacy_research,
2018-06-08,1.0707684182730393,legacy_research,
2018-06-11,1.070582038451409,legacy_research,
2018-06-12,1.069882659713168,legacy_research,
2018-06-13,1.070600632244468,legacy_research,
2018-06-14,1.070787110406762,legacy_research,
2018-06-15,1.070899470899471,legacy_research,
2018-06-19,1.0734246575342463,legacy_research,
2018-06-20,1.0734246575342463,legacy_research,
2018-06-21,1.074033149171271,legacy_research,
2018-06-22,1.0737073707370737,legacy_research,
2018-06-25,1.074755927475593,legacy_research,
2018-06-26,1.075492957746479,legacy_research,
2018-06-27,1.0773225620311595,legacy_research,
2018-06-28,1.0777713290771909,legacy_research,
2018-06-29,1.075770426915465,legacy_research,
2018-07-02,1.0778390938135347,legacy_research,
2018-07-03,1.078134110787172,legacy_research,
2018-07-04,1.0789628756629346,legacy_research,
2018-07-05,1.07961972667855,legacy_research,
2018-07-06,1.078939617083947,legacy_research,
2018-07-09,1.0767029192902118,legacy_research,
2018-07-10,1.0765058521267483,legacy_research,
2018-07-11,1.0777939042089986,legacy_research,
2018-07-12,1.0759637188208615,legacy_research,
2018-07-13,1.0758347481607244,legacy_research,
2018-07-16,1.0761579994316566,legacy_research,
2018-07-17,1.076637117529311,legacy_research,
2018-07-18,1.0769893708704397,legacy_research,
2018-07-19,1.07694516221648,legacy_research,
2018-07-20,1.075492957746479,legacy_research,
2018-07-23,1.0750069969213547,legacy_research,
2018-07-24,1.0736466062104977,legacy_research,
2018-07-25,1.0736668499175372,legacy_research,
2018-07-26,1.074631021999443,legacy_research,
2018-07-27,1.074818537130095,legacy_research,
2018-07-30,1.0752386299831556,legacy_research,
2018-07-31,1.0749650349650348,legacy_research,
2018-08-01,1.0766809728183118,legacy_research,
2018-08-02,1.0784313725490198,legacy_research,
2018-08-03,1.0795488275452656,legacy_research,
2018-08-06,1.080383923215357,legacy_research,
2018-08-07,1.0782025094835133,legacy_research,
2018-08-08,1.0793603790346462,legacy_research,
2018-08-09,1.0775014459224983,legacy_research,
2018-08-10,1.0773672055427252,legacy_research,
2018-08-13,1.0777036822267323,legacy_research,
2018-08-14,1.0780430984274898,legacy_research,
2018-08-15,1.0799522673031028,legacy_research,
2018-08-16,1.0802875973636907,legacy_research,
2018-08-17,1.0815333130514146,legacy_research,
2018-08-20,1.0806742925948225,legacy_research,
2018-08-21,1.0793134063332346,legacy_research,
2018-08-22,1.0794544915505484,legacy_research,
2018-08-23,1.0792196275495125,legacy_research,
2018-08-24,1.079102715466352,legacy_research,
2018-08-27,1.0771667146559172,legacy_research,
2018-08-28,1.0773895466358647,legacy_research,
2018-08-29,1.0776811594202895,legacy_research,
2018-08-30,1.0784543325526932,legacy_research,
2018-08-31,1.07905604719764,legacy_research,
2018-09-03,1.0792196275495125,legacy_research,
2018-09-04,1.0782938942448144,legacy_research,
2018-09-05,1.0799284223083805,legacy_research,
2018-09-06,1.0806257521058966,legacy_research,
2018-09-07,1.0800956365809922,legacy_research,
2018-09-10,1.0812613705275924,legacy_research,
2018-09-11,1.0815581253804016,legacy_research,
2018-09-12,1.0821330064357957,legacy_research,
2018-09-13,1.0812613705275924,legacy_research,
2018-09-14,1.0811383590675143,legacy_research,
2018-09-17,1.0819070904645478,legacy_research,
2018-09-18,1.0803598200899551,legacy_research,
2018-09-19,1.0792899408284025,legacy_research,
2018-09-20,1.0793368857312018,legacy_research,
2018-09-21,1.0769230769230769,legacy_research,
2018-09-25,1.0777036822267323,legacy_research,
2018-09-26,1.0768568970461714,legacy_research,
2018-09-27,1.077188940092166,legacy_research,
2018-09-28,1.0763968072976051,legacy_research,
2018-10-08,1.080215504340018,legacy_research,
2018-10-09,1.0800477897252092,legacy_research,
2018-10-10,1.0800956365809922,legacy_research,
2018-10-11,1.0844360428481412,legacy_research,
2018-10-12,1.0828951438292609,legacy_research,
2018-10-15,1.084118016321406,legacy_research,
2018-10-16,1.0846761453396525,legacy_research,
2018-10-17,1.0843828715365238,legacy_research,
2018-10-18,1.0862846104314232,legacy_research,
2018-10-19,1.08414442700157,legacy_research,
2018-10-22,1.0799284223083805,legacy_research,
2018-10-23,1.082716049382716,legacy_research,
2018-10-24,1.0825885978428351,legacy_research,
2018-10-25,1.0821833793314934,legacy_research,
2018-10-26,1.0830235439900866,legacy_research,
2018-10-29,1.0855956563398277,legacy_research,
2018-10-30,1.0845959595959596,legacy_research,
2018-10-31,1.083619344773791,legacy_research,
2018-11-01,1.0830235439900866,legacy_research,
2018-11-02,1.07969075230449,legacy_research,
2018-11-05,1.0807228915662652,legacy_research,
2018-11-06,1.0812367384055774,legacy_research,
2018-11-07,1.0819070904645478,legacy_research,
2018-11-08,1.0819822575711229,legacy_research,
2018-11-09,1.0830235439900866,legacy_research,
2018-11-12,1.082107843137255,legacy_research,
2018-11-13,1.0812613705275924,legacy_research,
2018-11-14,1.0822590546347453,legacy_research,
2018-11-15,1.0811875189336564,legacy_research,
2018-11-16,1.080942313500453,legacy_research,
2018-11-19,1.0800477897252092,legacy_research,
2018-11-20,1.0818320610687024,legacy_research,
2018-11-21,1.081757169005491,legacy_research,
2018-11-22,1.0819822575711229,legacy_research,
2018-11-23,1.0841708542713566,legacy_research,
2018-11-26,1.08403888366259,legacy_research,
2018-11-27,1.084118016321406,legacy_research,
2018-11-28,1.08286951144094,legacy_research,
2018-11-29,1.08369768894441,legacy_research,
2018-11-30,1.0828438948995365,legacy_research,
2018-12-03,1.0807472130159688,legacy_research,
2018-12-04,1.0806257521058966,legacy_research,
2018-12-05,1.0809912360229676,legacy_research,
2018-12-06,1.08266502159161,legacy_research,
2018-12-07,1.0828438948995365,legacy_research,
2018-12-10,1.083619344773791,legacy_research,
2018-12-11,1.0832815413300187,legacy_research,
2018-12-12,1.0829978321461753,legacy_research,
2018-12-13,1.0816077953714982,legacy_research,
2018-12-14,1.083049271769445,legacy_research,
2018-12-17,1.083152342538008,legacy_research,
2018-12-18,1.0841972981464028,legacy_research,
2018-12-19,1.085079365079365,legacy_research,
2018-12-20,1.085705148704829,legacy_research,
2018-12-21,1.0867875647668392,legacy_research,
2018-12-24,1.0865912762520191,legacy_research,
2018-12-25,1.0871261378413524,legacy_research,
2018-12-26,1.0876103301732591,legacy_research,
2018-12-27,1.0878112712975097,legacy_research,
2018-12-28,1.0876103301732591,legacy_research,
2019-01-02,1.0888299635399403,legacy_research,
2019-01-03,1.0888299635399403,legacy_research,
2019-01-04,1.0866192630898517,legacy_research,
2019-01-07,1.0862568393949146,legacy_research,
2019-01-08,1.0862568393949146,legacy_research,
2019-01-09,1.0856230031948884,legacy_research,
2019-01-10,1.0855410150015958,legacy_research,
2019-01-11,1.0849176172370087,legacy_research,
2019-01-14,1.085650367529562,legacy_research,
2019-01-15,1.084065244667503,legacy_research,
2019-01-16,1.1045062320230106,legacy_research,
2019-01-17,1.105077120822622,legacy_research,
2019-01-18,1.1032849020846494,legacy_research,
2019-01-21,1.1027332704995287,legacy_research,
2019-01-22,1.1040407254215718,legacy_research,
2019-01-23,1.104306220095694,legacy_research,
2019-01-24,1.103513770180437,legacy_research,
2019-01-25,1.1027332704995287,legacy_research,
2019-01-28,1.1028625353884869,legacy_research,
2019-01-29,1.1024115252114,legacy_research,
2019-01-30,1.1030895334174022,legacy_research,
2019-01-31,1.1021236727045596,legacy_research,
2019-02-01,1.1004608294930875,legacy_research,
2019-02-11,1.0990909090909091,legacy_research,
2019-02-12,1.098375451263538,legacy_research,
2019-02-13,1.0963748894783378,legacy_research,
2019-02-14,1.096261407123933,legacy_research,
2019-02-15,1.097874887758156,legacy_research,
2019-02-18,1.0951134380453753,legacy_research,
2019-02-19,1.0953630796150482,legacy_research,
2019-02-20,1.0951134380453753,legacy_research,
2019-02-21,1.0952242283051834,legacy_research,
2019-02-22,1.092739648326716,legacy_research,
2019-02-25,1.0866225165562915,legacy_research,
2019-02-26,1.0886178861788618,legacy_research,
2019-02-27,1.089100817438692,legacy_research,
2019-02-28,1.0892710892710893,legacy_research,
2019-03-01,1.0874799357945426,legacy_research,
2019-03-04,1.0865766481334391,legacy_research,
2019-03-05,1.0858493042793385,legacy_research,
2019-03-06,1.0852672750977836,legacy_research,
2019-03-07,1.0862114421302398,legacy_research,
2019-03-08,1.0893198579623051,legacy_research,
2019-03-11,1.0881401617250674,legacy_research,
2019-03-12,1.087550200803213,legacy_research,
2019-03-13,1.0880689469431726,legacy_research,
2019-03-14,1.0887140531741726,legacy_research,
2019-03-15,1.087550200803213,legacy_research,
2019-03-18,1.0849350649350649,legacy_research,
2019-03-19,1.085557299843014,legacy_research,
2019-03-20,1.085557299843014,legacy_research,
2019-03-21,1.0855125523012552,legacy_research,
2019-03-22,1.0854008879603028,legacy_research,
2019-03-25,1.0875736475629352,legacy_research,
2019-03-26,1.0884979702300408,legacy_research,
2019-03-27,1.0877381271800377,legacy_research,
2019-03-28,1.0879741727199352,legacy_research,
2019-03-29,1.0845179632980098,legacy_research,
2019-04-01,1.0823885109599396,legacy_research,
2019-04-02,1.0825340737001514,legacy_research,
2019-04-03,1.081444582814446,legacy_research,
2019-04-04,1.0805022156573116,legacy_research,
2019-04-08,1.0810208126858278,legacy_research,
2019-04-09,1.0805418719211823,legacy_research,
2019-04-10,1.0804230201672405,legacy_research,
2019-04-11,1.0818318318318318,legacy_research,
2019-04-12,1.082119537920643,legacy_research,
2019-04-15,1.0826383623957545,legacy_research,
2019-04-16,1.0802060338484178,legacy_research,
2019-04-17,1.0804032456356036,legacy_research,
2019-04-18,1.0805418719211823,legacy_research,
2019-04-19,1.0793689320388349,legacy_research,
2019-04-22,1.0814040328603436,legacy_research,
2019-04-23,1.0815461346633417,legacy_research,
2019-04-24,1.0814243027888446,legacy_research,
2019-04-25,1.0831426392067125,legacy_research,
2019-04-26,1.0843000773395206,legacy_research,
2019-04-29,1.083975346687211,legacy_research,
2019-04-30,1.0839322381930183,legacy_research,
2019-05-06,1.0890280424720935,legacy_research,
2019-05-07,1.088211491772323,legacy_research,
2019-05-08,1.0893686799672042,legacy_research,
2019-05-09,1.0906570557249793,legacy_research,
2019-05-10,1.0879032258064514,legacy_research,
2019-05-13,1.089539978094195,legacy_research,
2019-05-14,1.0899834892680242,legacy_research,
2019-05-15,1.088092672413793,legacy_research,
2019-05-16,1.087667560321716,legacy_research,
2019-05-17,1.089687328579265,legacy_research,
2019-05-20,1.0906821963394342,legacy_research,
2019-05-21,1.0895645028759244,legacy_research,
2019-05-22,1.0897858319604612,legacy_research,
2019-05-23,1.0912388392857142,legacy_research,
2019-05-24,1.0910863509749305,legacy_research,
2019-05-27,1.0900082576383154,legacy_research,
2019-05-28,1.0895890410958904,legacy_research,
2019-05-29,1.089539978094195,legacy_research,
2019-05-30,1.0895890410958904,legacy_research,
2019-05-31,1.090033039647577,legacy_research,
2019-06-03,1.0898351648351647,legacy_research,
2019-06-04,1.0906570557249793,legacy_research,
2019-06-05,1.090858571825507,legacy_research,
2019-06-06,1.0916479820627802,legacy_research,
2019-06-10,1.0904814609850582,legacy_research,
2019-06-11,1.0877381271800377,legacy_research,
2019-06-12,1.0884022708840226,legacy_research,
2019-06-13,1.088569880823402,legacy_research,
2019-06-14,1.089100817438692,legacy_research,
2019-06-17,1.0890280424720935,legacy_research,
2019-06-18,1.0888345558272208,legacy_research,
2019-06-19,1.087550200803213,legacy_research,
2019-06-20,1.085089773614364,legacy_research,
2019-06-21,1.0849350649350649,legacy_research,
2019-06-24,1.0848029045643153,legacy_research,
2019-06-25,1.085669373853812,legacy_research,
2019-06-26,1.0856469355683602,legacy_research,
2019-06-27,1.084715025906736,legacy_research,
2019-06-28,1.0847369784918373,legacy_research,
2019-07-01,1.0827010622154778,legacy_research,
2019-07-02,1.0825757575757575,legacy_research,
2019-07-03,1.0832696715049654,legacy_research,
2019-07-04,1.0838246603435016,legacy_research,
2019-07-05,1.083397092578424,legacy_research,
2019-07-08,1.0853563038371183,legacy_research,
2019-07-09,1.085557299843014,legacy_research,
2019-07-10,1.0855349202197229,legacy_research,
2019-07-11,1.0855125523012552,legacy_research,
2019-07-12,1.0848249027237356,legacy_research,
2019-07-15,1.0845179632980098,legacy_research,
2019-07-16,1.084868933298728,legacy_research,
2019-07-17,1.085001299714063,legacy_research,
2019-07-18,1.085557299843014,legacy_research,
2019-07-19,1.084671154842051,legacy_research,
2019-07-22,1.0853340292275575,legacy_research,
2019-07-23,1.0851340796667537,legacy_research,
2019-07-24,1.084452479338843,legacy_research,
2019-07-25,1.0836959303813667,legacy_research,
2019-07-26,1.0835889570552146,legacy_research,
2019-07-29,1.083717357910906,legacy_research,
2019-07-30,1.0833333333333337,legacy_research,
2019-07-31,1.0839322381930183,legacy_research,
2019-08-01,1.084715025906736,legacy_research,
2019-08-02,1.0860299921073402,legacy_research,
2019-08-05,1.087550200803213,legacy_research,
2019-08-06,1.0884740259740258,legacy_research,
2019-08-07,1.0890522875816993,legacy_research,
2019-08-08,1.0877616747181964,legacy_research,
2019-08-09,1.0884500946713551,legacy_research,
2019-08-12,1.0870607028753996,legacy_research,
2019-08-13,1.0878088077336197,legacy_research,
2019-08-14,1.0874799357945426,legacy_research,
2019-08-15,1.0871302957633893,legacy_research,
2019-08-16,1.086760413902892,legacy_research,
2019-08-19,1.0847369784918373,legacy_research,
2019-08-20,1.085089773614364,legacy_research,
2019-08-21,1.0851119208745443,legacy_research,
2019-08-22,1.0849350649350649,legacy_research,
2019-08-23,1.0843435646118134,legacy_research,
2019-08-26,1.0852895148669794,legacy_research,
2019-08-27,1.084408879710893,legacy_research,
2019-08-28,1.084671154842051,legacy_research,
2019-08-29,1.084913009607894,legacy_research,
2019-08-30,1.0846930846930845,legacy_research,
2019-09-02,1.083760245901639,legacy_research,
2019-09-03,1.0836745138178097,legacy_research,
2019-09-04,1.0826383623957545,legacy_research,
2019-09-05,1.0818728092138206,legacy_research,
2019-09-06,1.081323053966675,legacy_research,
2019-09-09,1.0810007431260835,legacy_research,
2019-09-10,1.0812220566318926,legacy_research,
2019-09-11,1.081811358518889,legacy_research,
2019-09-12,1.0809806835066864,legacy_research,
2019-09-16,1.081262425447316,legacy_research,
2019-09-17,1.0827638572513287,legacy_research,
2019-09-18,1.0824092741935485,legacy_research,
2019-09-19,1.0820165537998494,legacy_research,
2019-09-20,1.081893313298272,legacy_research,
2019-09-23,1.0826174835775644,legacy_research,
2019-09-24,1.0825549103761678,legacy_research,
2019-09-25,1.0831215048296898,legacy_research,
2019-09-26,1.0836959303813667,legacy_research,
2019-09-27,1.0835035750766089,legacy_research,
2019-09-30,1.0845179632980098,legacy_research,
2019-10-08,1.083975346687211,legacy_research,
2019-10-09,1.0837387964148528,legacy_research,
2019-10-10,1.0831426392067125,legacy_research,
2019-10-11,1.0821401657874905,legacy_research,
2019-10-14,1.0815461346633417,legacy_research,
2019-10-15,1.081811358518889,legacy_research,
2019-10-16,1.0820989204117497,legacy_research,
2019-10-17,1.081975432439208,legacy_research,
2019-10-18,1.083184940218774,legacy_research,
2019-10-21,1.0829949238578682,legacy_research,
2019-10-22,1.0826801517067004,legacy_research,
2019-10-23,1.0831215048296898,legacy_research,
2019-10-24,1.083015993907083,legacy_research,
2019-10-25,1.0825132475397423,legacy_research,
2019-10-28,1.082037129954842,legacy_research,
2019-10-29,1.0823055625471936,legacy_research,
2019-10-30,1.0828477324550292,legacy_research,
2019-10-31,1.0828897338403043,legacy_research,
2019-11-01,1.0812220566318926,legacy_research,
2019-11-04,1.0809606338202524,legacy_research,
2019-11-05,1.0805022156573116,legacy_research,
2019-11-06,1.0808405438813349,legacy_research,
2019-11-07,1.0807407407407408,legacy_research,
2019-11-08,1.081060981655925,legacy_research,
2019-11-11,1.0824300478951348,legacy_research,
2019-11-12,1.0825340737001514,legacy_research,
2019-11-13,1.0825966153068955,legacy_research,
2019-11-14,1.0825340737001514,legacy_research,
2019-11-15,1.0829317778341363,legacy_research,
2019-11-18,1.0823470158650217,legacy_research,
2019-11-19,1.081525804038893,legacy_research,
2019-11-20,1.082367758186398,legacy_research,
2019-11-21,1.0827848101265822,legacy_research,
2019-11-22,1.0836745138178097,legacy_research,
2019-11-25,1.0830792682926829,legacy_research,
2019-11-26,1.082952815829528,legacy_research,
2019-11-27,1.0830792682926829,legacy_research,
2019-11-28,1.0832061068702288,legacy_research,
2019-11-29,1.0841265757653715,legacy_research,
2019-12-02,1.0839537869062903,legacy_research,
2019-12-03,1.083610329838916,legacy_research,
2019-12-04,1.0835675951955024,legacy_research,
2019-12-05,1.082952815829528,legacy_research,
2019-12-06,1.0824508320726172,legacy_research,
2019-12-09,1.08272198330382,legacy_research,
2019-12-10,1.0826592517694642,legacy_research,
2019-12-11,1.0997435897435897,legacy_research,
2019-12-12,1.1000257135510414,legacy_research,
2019-12-13,1.0980342741935485,legacy_research,
2019-12-16,1.0977386934673363,legacy_research,
2019-12-17,1.0962394854032658,legacy_research,
2019-12-18,1.0965979637447232,legacy_research,
2019-12-19,1.096766169154229,legacy_research,
2019-12-20,1.096862549800797,legacy_research,
2019-12-23,1.098133198789102,legacy_research,
2019-12-24,1.097616060225847,legacy_research,
2019-12-25,1.0974448897795592,legacy_research,
2019-12-26,1.0967421039542402,legacy_research,
2019-12-27,1.0968384366442616,legacy_research,
2019-12-30,1.0954601226993863,legacy_research,
2019-12-31,1.094970703125,legacy_research,
2020-01-02,1.0937575319354065,legacy_research,
2020-01-03,1.0939840541193524,legacy_research,
2020-01-06,1.0943487751637155,legacy_research,
2020-01-07,1.0936221419975931,legacy_research,
2020-01-08,1.094555177442878,legacy_research,
2020-01-09,1.0935545935545934,legacy_research,
2020-01-10,1.093577098869377,legacy_research,
2020-01-13,1.092574964302713,legacy_research,
2020-01-14,1.0929732313575526,legacy_research,
2020-01-15,1.09368978805395,legacy_research,
2020-01-16,1.0938253738543176,legacy_research,
2020-01-17,1.0937123584678392,legacy_research,
2020-01-20,1.0930399425974648,legacy_research,
2020-01-21,1.0947624847746649,legacy_research,
2020-01-22,1.094440398154892,legacy_research,
2020-01-23,1.0973473473473474,legacy_research,
2020-02-03,1.1063132003279583,legacy_research,
2020-02-04,1.103183023872679,legacy_research,
2020-02-05,1.102180194378776,legacy_research,
2020-02-06,1.0998203746471644,legacy_research,
2020-02-07,1.100051440329218,legacy_research,
2020-02-10,1.0997180210202513,legacy_research,
2020-02-11,1.0986558458026885,legacy_research,
2020-02-12,1.097960211533619,legacy_research,
2020-02-13,1.0984810126582278,legacy_research,
2020-02-14,1.0978124214231832,legacy_research,
2020-02-17,1.095718503937008,legacy_research,
2020-02-18,1.0963109680614014,legacy_research,
2020-02-19,1.0962871287128713,legacy_research,
2020-02-20,1.094166061486323,legacy_research,
2020-02-21,1.093848009650181,legacy_research,
2020-02-24,1.0946011673151752,legacy_research,
2020-02-25,1.094785575048733,legacy_research,
2020-02-26,1.0955773955773953,legacy_research,
2020-02-27,1.095553917956276,legacy_research,
2020-02-28,1.0989066870073736,legacy_research,
2020-03-02,1.0954367026496563,legacy_research,
2020-03-03,1.095506997299288,legacy_research,
2020-03-04,1.0948317893710384,legacy_research,
2020-03-05,1.0926190476190476,legacy_research,
2020-03-06,1.09439456442611,legacy_research,
2020-03-09,1.0974937343358395,legacy_research,
2020-03-10,1.095389897008337,legacy_research,
2020-03-11,1.0969832959361756,legacy_research,
2020-03-12,1.098530901722391,legacy_research,
2020-03-13,1.1000257135510414,legacy_research,
2020-03-16,1.1044015029522276,legacy_research,
2020-03-17,1.1053344164635797,legacy_research,
2020-03-18,1.107133021206279,legacy_research,
2020-03-19,1.1081757508342602,legacy_research,
2020-03-20,1.1067508232711307,legacy_research,
2020-03-23,1.110323312535451,legacy_research,
2020-03-24,1.1077263915812794,legacy_research,
2020-03-25,1.1049649217485158,legacy_research,
2020-03-26,1.105620418137388,legacy_research,
2020-03-27,1.1051351351351353,legacy_research,
2020-03-30,1.1061102018548827,legacy_research,
2020-03-31,1.1060234396293267,legacy_research,
2020-04-01,1.1059079771304112,legacy_research,
2020-04-02,1.1044856298683858,legacy_research,
2020-04-03,1.105220449012713,legacy_research,
2020-04-07,1.1029100529100528,legacy_research,
2020-04-08,1.1033200531208498,legacy_research,
2020-04-09,1.1030190677966103,legacy_research,
2020-04-10,1.103347502656748,legacy_research,
2020-04-13,1.1039273310179,legacy_research,
2020-04-14,1.102233902759527,legacy_research,
2020-04-15,1.1028284430346285,legacy_research,
2020-04-16,1.102774108322325,legacy_research,
2020-04-17,1.101859125425504,legacy_research,
2020-04-20,1.1014341590612775,legacy_research,
2020-04-21,1.1025032938076418,legacy_research,
2020-04-22,1.1015931052494123,legacy_research,
2020-04-23,1.1017791732077449,legacy_research,
2020-04-24,1.1026385224274406,legacy_research,
2020-04-27,1.102180194378776,legacy_research,
2020-04-28,1.1015400678673974,legacy_research,
2020-04-29,1.1010127239678007,legacy_research,
2020-04-30,1.099539406345957,legacy_research,
2020-05-06,1.099285349668198,legacy_research,
2020-05-07,1.09946305292764,legacy_research,
2020-05-08,1.0984062737161648,legacy_research,
2020-05-11,1.0985808413583376,legacy_research,
2020-05-12,1.0986058301647654,legacy_research,
2020-05-13,1.0983813859382905,legacy_research,
2020-05-14,1.099209385360877,legacy_research,
2020-05-15,1.099692465402358,legacy_research,
2020-05-18,1.0993868165559528,legacy_research,
2020-05-19,1.0986558458026885,legacy_research,
2020-05-20,1.0990578049401578,legacy_research,
2020-05-21,1.0997180210202513,legacy_research,
2020-05-22,1.1019659239842725,legacy_research,
2020-05-25,1.101912496725177,legacy_research,
2020-05-26,1.1006989386487185,legacy_research,
2020-05-27,1.1011703511053317,legacy_research,
2020-05-28,1.101038961038961,legacy_research,
2020-05-29,1.1006207966890842,legacy_research,
2020-06-01,1.0980342741935485,legacy_research,
2020-06-02,1.097763257099774,legacy_research,
2020-06-03,1.0977878330819506,legacy_research,
2020-06-04,1.0977386934673363,legacy_research,
2020-06-05,1.0971771171621283,legacy_research,
2020-06-08,1.096718050721034,legacy_research,
2020-06-09,1.0960731044702394,legacy_research,
2020-06-10,1.0962871287128713,legacy_research,
2020-06-11,1.0971771171621283,legacy_research,
2020-06-12,1.0969349613755297,legacy_research,
2020-06-15,1.0983316481294236,legacy_research,
2020-06-16,1.0968143354902935,legacy_research,
2020-06-17,1.096718050721034,legacy_research,
2020-06-18,1.0959782876881323,legacy_research,
2020-06-19,1.0947624847746649,legacy_research,
2020-06-22,1.0946702360671696,legacy_research,
2020-06-23,1.0942344961240311,legacy_research,
2020-06-24,1.0934197886647454,legacy_research,
2020-06-29,1.0942344961240311,legacy_research,
2020-06-30,1.0931067496409763,legacy_research,
2020-07-01,1.0910580524344569,legacy_research,
2020-07-02,1.0890160183066362,legacy_research,
2020-07-03,1.0872784384114875,legacy_research,
2020-07-06,1.0813127090301005,legacy_research,
2020-07-07,1.0821368243243243,legacy_research,
2020-07-08,1.0810754481033764,legacy_research,
2020-07-09,1.0798440065681445,legacy_research,
2020-07-10,1.0812957157784744,legacy_research,
2020-07-13,1.0796315250767656,legacy_research,
2020-07-14,1.080338703015283,legacy_research,
2020-07-15,1.0813127090301005,legacy_research,
2020-07-16,1.0853819139596137,legacy_research,
2020-07-17,1.084473398479913,legacy_research,
2020-07-20,1.0822932092236088,legacy_research,
2020-07-21,1.0820848280227895,legacy_research,
2020-07-22,1.0811769616026712,legacy_research,
2020-07-23,1.0816198069660092,legacy_research,
2020-07-24,1.0854194115063678,legacy_research,
2020-07-27,1.0848974247053689,legacy_research,
2020-07-28,1.0842538444877627,legacy_research,
2020-07-29,1.081911981469783,legacy_research,
2020-07-30,1.0825201527365294,legacy_research,
2020-07-31,1.0818947368421052,legacy_research,
2020-08-03,1.0806217616580311,legacy_research,
2020-08-04,1.08055498032719,legacy_research,
2020-08-05,1.0805216311322705,legacy_research,
2020-08-06,1.0808227716600871,legacy_research,
2020-08-07,1.0816369359916056,legacy_research,
2020-08-10,1.081363731436938,legacy_research,
2020-08-11,1.0821715251373047,legacy_research,
2020-08-12,1.0827307528711188,legacy_research,
2020-08-13,1.0829955195220822,legacy_research,
2020-08-14,1.081414817915446,legacy_research,
2020-08-17,1.0797621488620053,legacy_research,
2020-08-18,1.079876796714579,legacy_research,
2020-08-19,1.0811430955360868,legacy_research,
2020-08-20,1.0820156019397005,legacy_research,
2020-08-21,1.0813127090301005,legacy_research,
2020-08-24,1.080805982550893,legacy_research,
2020-08-25,1.080655193862741,legacy_research,
2020-08-26,1.0816540722082282,legacy_research,
2020-08-27,1.081041666666667,legacy_research,
2020-08-28,1.0791132804555623,legacy_research,
2020-08-31,1.0798112433319655,legacy_research,
2020-09-01,1.0792583537082314,legacy_research,
2020-09-02,1.079323001631321,legacy_research,
2020-09-03,1.0796478296478296,legacy_research,
2020-09-04,1.08055498032719,legacy_research,
2020-09-07,1.0822062552831784,legacy_research,
2020-09-08,1.0817914213624893,legacy_research,
2020-09-09,1.083745963401507,legacy_research,
2020-09-10,1.083673908367391,legacy_research,
2020-09-11,1.0830309498399149,legacy_research,
2020-09-14,1.0825551782682514,legacy_research,
2020-09-15,1.0819464925215927,legacy_research,
2020-09-16,1.082432718796355,legacy_research,
2020-09-17,1.0829424307036246,legacy_research,
2020-09-18,1.080856370816878,legacy_research,
2020-09-21,1.0817914213624893,legacy_research,
2020-09-22,1.0827835709725473,legacy_research,
2020-09-23,1.082537661786548,legacy_research,
2020-09-24,1.0839085418464194,legacy_research,
2020-09-25,1.0838542789394263,legacy_research,
2020-09-28,1.083673908367391,legacy_research,
2020-09-29,1.0834763948497854,legacy_research,
2020-09-30,1.0837279380111924,legacy_research,
2020-10-09,1.0820848280227895,legacy_research,
2020-10-12,1.079598935952527,legacy_research,
2020-10-13,1.07933918009382,legacy_research,
2020-10-14,1.0797294527567125,legacy_research,
2020-10-15,1.07992603246353,legacy_research,
2020-10-16,1.0801566041623738,legacy_research,
2020-10-19,1.080671920364994,legacy_research,
2020-10-20,1.0801731244847483,legacy_research,
2020-10-21,1.080074104569782,legacy_research,
2020-10-22,1.080338703015283,legacy_research,
2020-10-23,1.081278729628082,legacy_research,
2020-10-26,1.0818947368421052,legacy_research,
2020-10-27,1.0816540722082282,legacy_research,
2020-10-28,1.0809741881765194,legacy_research,
2020-10-29,1.0802392739273927,legacy_research,
2020-10-30,1.081774227454278,legacy_research,
2020-11-02,1.0812957157784744,legacy_research,
2020-11-03,1.0804383788254754,legacy_research,
2020-11-04,1.0798276215883438,legacy_research,
2020-11-05,1.078601737724793,legacy_research,
2020-11-06,1.078569985861442,legacy_research,
2020-11-09,1.0770602218700476,legacy_research,
2020-11-10,1.0774746066520613,legacy_research,
2020-11-11,1.0782066747084842,legacy_research,
2020-11-12,1.0782538724602695,legacy_research,
2020-11-13,1.0790650406504063,legacy_research,
2020-11-16,1.0782224009652122,legacy_research,
2020-11-17,1.078364222401289,legacy_research,
2020-11-18,1.078474884002421,legacy_research,
2020-11-19,1.0778155631126225,legacy_research,
2020-11-20,1.077582768248903,legacy_research,
2020-11-23,1.0766955835962146,legacy_research,
2020-11-24,1.0771825396825396,legacy_research,
2020-11-25,1.0781438328646042,legacy_research,
2020-11-26,1.0780341023069206,legacy_research,
2020-11-27,1.0769382911392404,legacy_research,
2020-11-30,1.0773206122043333,legacy_research,
2020-12-01,1.0756514974718008,legacy_research,
2020-12-02,1.0758136815435586,legacy_research,
2020-12-03,1.075843244297134,legacy_research,
2020-12-04,1.07568093385214,legacy_research,
2020-12-07,1.0763343799058085,legacy_research,
2020-12-08,1.0765748031496063,legacy_research,
2020-12-09,1.0774900398406375,legacy_research,
2020-12-10,1.0776447105788425,legacy_research,
2020-12-11,1.0785224061364551,legacy_research,
2020-12-14,1.077831132452981,legacy_research,
2020-12-15,1.0775982445641332,legacy_research,
2020-12-16,1.0774437587099344,legacy_research,
2020-12-17,1.07636435021594,legacy_research,
2020-12-18,1.0768015794669297,legacy_research,
2020-12-21,1.076125244618395,legacy_research,
2020-12-22,1.0772898867474665,legacy_research,
2020-12-23,1.0766653527788728,legacy_research,
2020-12-24,1.0766653527788728,legacy_research,
2020-12-25,1.0760359655981235,legacy_research,
2020-12-28,1.0758284600389865,legacy_research,
2020-12-29,1.0760657019945248,legacy_research,
2020-12-30,1.0751255310930865,legacy_research,
2020-12-31,1.073576697560053,legacy_research,
2021-01-04,1.072928383952006,legacy_research,
2021-01-05,1.071599484630959,legacy_research,
2021-01-06,1.0709595038307187,legacy_research,
2021-01-07,1.0694766922664762,legacy_research,
2021-01-08,1.0698258840423622,legacy_research,
2021-01-11,1.0706245461147423,legacy_research,
2021-01-12,1.0686309103740297,legacy_research,
2021-01-13,1.0688983351044987,legacy_research,
2021-01-14,1.070178603644236,legacy_research,
2021-01-15,1.070394498733261,legacy_research,
2021-01-18,1.0836205332849629,legacy_research,
2021-01-19,1.08477381390217,legacy_research,
2021-01-20,1.0843087051938551,legacy_research,
2021-01-21,1.082883854728515,legacy_research,
2021-01-22,1.082839173405211,legacy_research,
2021-01-25,1.0818682294441484,legacy_research,
2021-01-26,1.0836508800580658,legacy_research,
2021-01-27,1.083499366056874,legacy_research,
2021-01-28,1.0856081708449397,legacy_research,
2021-01-29,1.0862004487658938,legacy_research,
2021-02-01,1.085196821289965,legacy_research,
2021-02-02,1.0839555636496083,legacy_research,
2021-02-03,1.0840474020054691,legacy_research,
2021-02-04,1.0842162952137375,legacy_research,
2021-02-05,1.0840933965705946,legacy_research,
2021-02-08,1.083003240907454,legacy_research,
2021-02-09,1.080990864371047,legacy_research,
2021-02-10,1.0793869467883588,legacy_research,
2021-02-18,1.0799791811242192,legacy_research,
2021-02-19,1.0795376121463076,legacy_research,
2021-02-22,1.082483449633208,legacy_research,
2021-02-23,1.0827054180121995,legacy_research,
2021-02-24,1.084945642159573,legacy_research,
2021-02-25,1.084154801022271,legacy_research,
2021-02-26,1.0865077875774067,legacy_research,
2021-03-01,1.0850867478774455,legacy_research,
2021-03-02,1.086184333520284,legacy_research,
2021-03-03,1.0845251191785843,legacy_research,
2021-03-04,1.0871950066200111,legacy_research,
2021-03-05,1.0875427269274591,legacy_research,
2021-03-08,1.0907480314960631,legacy_research,
2021-03-09,1.0925888732677245,legacy_research,
2021-03-10,1.0922,legacy_research,
2021-03-11,1.0898810684343927,legacy_research,
2021-03-12,1.0896538311940878,legacy_research,
2021-03-15,1.091468253968254,legacy_research,
2021-03-16,1.0908732505420855,legacy_research,
2021-03-17,1.0904631083202512,legacy_research,
2021-03-18,1.0897585669781933,legacy_research,
2021-03-19,1.0922553532119272,legacy_research,
2021-03-22,1.091214879303522,legacy_research,
2021-03-23,1.0920343381912556,legacy_research,
2021-03-24,1.0934522602878574,legacy_research,
2021-03-25,1.093528099005883,legacy_research,
2021-03-26,1.0915954698986687,legacy_research,
2021-03-29,1.091413840967678,legacy_research,
2021-03-30,1.0906231570670335,legacy_research,
2021-03-31,1.0912871287128714,legacy_research,
2021-04-01,1.0901799687010956,legacy_research,
2021-04-02,1.0893237744623137,legacy_research,
2021-04-06,1.089811026690045,legacy_research,
2021-04-07,1.09042761867399,legacy_research,
2021-04-08,1.090232922293991,legacy_research,
2021-04-09,1.091504565303692,legacy_research,
2021-04-12,1.093056116269681,legacy_research,
2021-04-13,1.0931877905801497,legacy_research,
2021-04-14,1.0926633165829147,legacy_research,
2021-04-15,1.0931877905801497,legacy_research,
2021-04-16,1.0928873665121903,legacy_research,
2021-04-19,1.09058754175673,legacy_research,
2021-04-20,1.0907301712261364,legacy_research,
2021-04-21,1.0905163950520322,legacy_research,
2021-04-22,1.09058754175673,legacy_research,
2021-04-23,1.0896887159533075,legacy_research,
2021-04-26,1.0908195429472023,legacy_research,
2021-04-27,1.09058754175673,legacy_research,
2021-04-28,1.0899161302906184,legacy_research,
2021-04-29,1.0891165667890972,legacy_research,
2021-04-30,1.089898595943838,legacy_research,
2021-05-06,1.0910887176447344,legacy_research,
2021-05-07,1.0922,legacy_research,
2021-05-10,1.092218443688738,legacy_research,
2021-05-11,1.0917412935323385,legacy_research,
2021-05-12,1.0911787974683544,legacy_research,
2021-05-13,1.0921815636872625,legacy_research,
2021-05-14,1.0899161302906184,legacy_research,
2021-05-17,1.088858905165767,legacy_research,
2021-05-18,1.088824662813102,legacy_research,
2021-05-19,1.089064914992272,legacy_research,
2021-05-20,1.088824662813102,legacy_research,
2021-05-21,1.0897760467380722,legacy_research,
2021-05-24,1.0892891729614564,legacy_research,
2021-05-25,1.0865402665665478,legacy_research,
2021-05-26,1.086524024024024,legacy_research,
2021-05-27,1.0862165700392743,legacy_research,
2021-05-28,1.0864591147786948,legacy_research,
2021-05-31,1.0863619333083552,legacy_research,
2021-06-01,1.0862326973438086,legacy_research,
2021-06-02,1.0869319253252876,legacy_research,
2021-06-03,1.087609274040289,legacy_research,
2021-06-04,1.087063267233239,legacy_research,
2021-06-07,1.0871620344110418,legacy_research,
2021-06-08,1.0878597293691634,legacy_research,
2021-06-09,1.0877259752616557,legacy_research,
2021-06-10,1.0871620344110418,legacy_research,
2021-06-11,1.087977099236641,legacy_research,
2021-06-15,1.0889789615904266,legacy_research,
2021-06-16,1.0902152641878669,legacy_research,
2021-06-17,1.0900214801796524,legacy_research,
2021-06-18,1.0899336714787358,legacy_research,
2021-06-21,1.0900566516897832,legacy_research,
2021-06-22,1.0896015549076774,legacy_research,
2021-06-23,1.089064914992272,legacy_research,
2021-06-24,1.088841780689921,legacy_research,
2021-06-25,1.0874762808349148,legacy_research,
2021-06-28,1.0873271452926692,legacy_research,
2021-06-29,1.0882296650717704,legacy_research,
2021-06-30,1.0877092846270928,legacy_research,
2021-07-01,1.0877426722497143,legacy_research,
2021-07-02,1.090162331312341,legacy_research,
2021-07-05,1.0900390625,legacy_research,
2021-07-06,1.0899161302906184,legacy_research,
2021-07-07,1.0889961389961391,legacy_research,
2021-07-08,1.0897585669781933,legacy_research,
2021-07-09,1.0901799687010956,legacy_research,
2021-07-12,1.0889961389961391,legacy_research,
2021-07-13,1.0887220939183988,legacy_research,
2021-07-14,1.0897061685152751,legacy_research,
2021-07-15,1.0885346648742078,legacy_research,
2021-07-16,1.089410395655547,legacy_research,
2021-07-19,1.089030513711858,legacy_research,
2021-07-20,1.0892545982575024,legacy_research,
2021-07-21,1.08858570330515,legacy_research,
2021-07-22,1.0885006719139951,legacy_research,
2021-07-23,1.0893930579794455,legacy_research,
2021-07-26,1.0925331192292251,legacy_research,
2021-07-27,1.0958619255562485,legacy_research,
2021-07-28,1.095663000622536,legacy_research,
2021-07-29,1.0939665715450468,legacy_research,
2021-07-30,1.0946223316912973,legacy_research,
2021-08-02,1.0923292609653514,legacy_research,
2021-08-03,1.0922922922922924,legacy_research,
2021-08-04,1.091486406032943,legacy_research,
2021-08-05,1.0920343381912556,legacy_research,
2021-08-06,1.0923292609653514,legacy_research,
2021-08-09,1.091323296354992,legacy_research,
2021-08-10,1.090303623898139,legacy_research,
2021-08-11,1.090783773139031,legacy_research,
2021-08-12,1.0913594926674592,legacy_research,
2021-08-13,1.091850966327954,legacy_research,
2021-08-16,1.0919059011164276,legacy_research,
2021-08-17,1.094004893964111,legacy_research,
2021-08-18,1.0929997982650796,legacy_research,
2021-08-19,1.0936420881576274,legacy_research,
2021-08-20,1.0953858886819778,legacy_research,
2021-08-23,1.093985728848114,legacy_research,
2021-08-24,1.0929997982650796,legacy_research,
2021-08-25,1.092737879702273,legacy_research,
2021-08-26,1.0943512075317234,legacy_research,
2021-08-27,1.094100836905491,legacy_research,
2021-08-30,1.0944478590452775,legacy_research,
2021-08-31,1.094486575117852,legacy_research,
2021-09-01,1.0931501313396643,legacy_research,
2021-09-02,1.093225480283114,legacy_research,
2021-09-03,1.0937372915819437,legacy_research,
2021-09-06,1.0921631347461016,legacy_research,
2021-09-07,1.0910167818361305,legacy_research,
2021-09-08,1.0913957176843776,legacy_research,
2021-09-09,1.0914319714399048,legacy_research,
2021-09-10,1.0905519544293851,legacy_research,
2021-09-13,1.0910347551342812,legacy_research,
2021-09-14,1.092236894757903,legacy_research,
2021-09-15,1.093225480283114,legacy_research,
2021-09-16,1.0942933115156472,legacy_research,
2021-09-17,1.093547077922078,legacy_research,
2021-09-22,1.0941777323799795,legacy_research,
2021-09-23,1.0936230706742485,legacy_research,
2021-09-24,1.093490164266883,legacy_research,
2021-09-27,1.0928873665121903,legacy_research,
2021-09-28,1.093056116269681,legacy_research,
2021-09-29,1.0936801463117252,legacy_research,
2021-09-30,1.0934143870314084,legacy_research,
2021-10-08,1.0920894926088691,legacy_research,
2021-10-11,1.0921078921078922,legacy_research,
2021-10-12,1.093074904098526,legacy_research,
2021-10-13,1.0920343381912556,legacy_research,
2021-10-14,1.0925331192292251,legacy_research,
2021-10-15,1.0920894926088691,legacy_research,
2021-10-18,1.0931689571544057,legacy_research,
2021-10-19,1.0922922922922924,legacy_research,
2021-10-20,1.0925516964464967,legacy_research,
2021-10-21,1.0921447131720967,legacy_research,
2021-10-22,1.0915409054805405,legacy_research,
2021-10-25,1.0912329309321196,legacy_research,
2021-10-26,1.0915409054805405,legacy_research,
2021-10-27,1.0927565392354126,legacy_research,
2021-10-28,1.0931501313396643,legacy_research,
2021-10-29,1.0925516964464967,legacy_research,
2021-11-01,1.0928499496475328,legacy_research,
2021-11-02,1.0938326887848564,legacy_research,
2021-11-03,1.0942162272634377,legacy_research,
2021-11-04,1.09331983805668,legacy_research,
2021-11-05,1.0936420881576274,legacy_research,
2021-11-08,1.093718235413702,legacy_research,
2021-11-09,1.093756355501322,legacy_research,
2021-11-10,1.0942354865085853,legacy_research,
2021-11-11,1.0927192276749798,legacy_research,
2021-11-12,1.0927565392354126,legacy_research,
2021-11-15,1.0928686543110393,legacy_research,
2021-11-16,1.0929435483870968,legacy_research,
2021-11-17,1.0929622907844323,legacy_research,
2021-11-18,1.093794506612411,legacy_research,
2021-11-19,1.0927565392354126,legacy_research,
2021-11-22,1.0925145494681918,legacy_research,
2021-11-23,1.0924588848776575,legacy_research,
2021-11-24,1.0922553532119272,legacy_research,
2021-11-25,1.092607472880675,legacy_research,
2021-11-26,1.0933954619124795,legacy_research,
2021-11-29,1.093528099005883,legacy_research,
2021-11-30,1.0938709020566078,legacy_research,
2021-12-01,1.0936230706742485,legacy_research,
2021-12-02,1.0934333198216457,legacy_research,
2021-12-03,1.0925888732677245,legacy_research,
2021-12-06,1.092681946119823,legacy_research,
2021-12-07,1.0921631347461016,legacy_research,
2021-12-08,1.0908553409538826,legacy_research,
2021-12-09,1.089375727025979,legacy_research,
2021-12-10,1.089636398988917,legacy_research,
2021-12-13,1.089410395655547,legacy_research,
2021-12-14,1.0899512195121952,legacy_research,
2021-12-15,1.0907658987989763,legacy_research,
2021-12-16,1.0902859381120251,legacy_research,
2021-12-17,1.0915954698986687,legacy_research,
2021-12-20,1.092981040742235,legacy_research,
2021-12-21,1.0925888732677245,legacy_research,
2021-12-22,1.0925331192292251,legacy_research,
2021-12-23,1.0918326693227092,legacy_research,
2021-12-24,1.0922553532119272,legacy_research,
2021-12-27,1.0921815636872625,legacy_research,
2021-12-28,1.0917047941117963,legacy_research,
2021-12-29,1.0929435483870968,legacy_research,
2021-12-30,1.092273819055244,legacy_research,
2021-12-31,1.0920527156549522,legacy_research,
2022-01-04,1.092384769539078,legacy_research,
2022-01-05,1.0932632004855352,legacy_research,
2022-01-06,1.0943319009617354,legacy_research,
2022-01-07,1.094100836905491,legacy_research,
2022-01-10,1.0938517915309447,legacy_research,
2022-01-11,1.0947195397575509,legacy_research,
2022-01-12,1.093718235413702,legacy_research,
2022-01-13,1.0952873088052917,legacy_research,
2022-01-14,1.0961618690029205,legacy_research,
2022-01-17,1.0953464322647364,legacy_research,
2022-01-18,1.0944478590452775,legacy_research,
2022-01-19,1.1121338912133891,legacy_research,
2022-01-20,1.1112494811124949,legacy_research,
2022-01-21,1.1120401337792645,legacy_research,
2022-01-24,1.1119933138320102,legacy_research,
2022-01-25,1.1145299145299146,legacy_research,
2022-01-26,1.1138971525711856,legacy_research,
2022-01-27,1.115891891891892,legacy_research,
2022-01-28,1.1176987263943785,legacy_research,
2022-02-07,1.115866839602248,legacy_research,
2022-02-08,1.1164205039096438,legacy_research,
2022-02-09,1.1154426017660997,legacy_research,
2022-02-10,1.1157167530224523,legacy_research,
2022-02-11,1.1166231505657092,legacy_research,
2022-02-14,1.117879920826919,legacy_research,
2022-02-15,1.116801045979516,legacy_research,
2022-02-16,1.1162689804772232,legacy_research,
2022-02-17,1.116017316017316,legacy_research,
2022-02-18,1.11541774332472,legacy_research,
2022-02-21,1.1158417981413444,legacy_research,
2022-02-22,1.117363696080578,legacy_research,
2022-02-23,1.1161430119176596,legacy_research,
2022-02-24,1.1183222958057395,legacy_research,
2022-02-25,1.1174151150054763,legacy_research,
2022-02-28,1.1172609932181143,legacy_research,
2022-03-01,1.116294206986331,legacy_research,
2022-03-02,1.117184083952777,legacy_research,
2022-03-03,1.117931793179318,legacy_research,
2022-03-04,1.119270137961727,legacy_research,
2022-03-07,1.1233317993557292,legacy_research,
2022-03-08,1.125703564727955,legacy_research,
2022-03-09,1.1268939393939392,legacy_research,
2022-03-10,1.1251167133520077,legacy_research,
2022-03-11,1.12430426716141,legacy_research,
2022-03-14,1.1284755512943434,legacy_research,
2022-03-15,1.134910646866348,legacy_research,
2022-03-16,1.1292812349252292,legacy_research,
2022-03-17,1.1267139479905437,legacy_research,
2022-03-18,1.125880695162048,legacy_research,
2022-03-21,1.1260583254938854,legacy_research,
2022-03-22,1.1261770244821092,legacy_research,
2022-03-23,1.12543880177861,legacy_research,
2022-03-24,1.1262364578426751,legacy_research,
2022-03-25,1.1285680019189257,legacy_research,
2022-03-28,1.1293436293436292,legacy_research,
2022-03-29,1.1299079011148812,legacy_research,
2022-03-30,1.1261473287832433,legacy_research,
2022-03-31,1.1270744428639166,legacy_research,
2022-04-01,1.1255563363785428,legacy_research,
2022-04-06,1.1259102654451494,legacy_research,
2022-04-07,1.1274673008323424,legacy_research,
2022-04-08,1.126624143633357,legacy_research,
2022-04-11,1.1306998293099244,legacy_research,
2022-04-12,1.1285063533924715,legacy_research,
2022-04-13,1.129499879197874,legacy_research,
2022-04-14,1.1281377002151567,legacy_research,
2022-04-15,1.1281989954556326,legacy_research,
2022-04-18,1.1288151886565732,legacy_research,
2022-04-19,1.1296565070149975,legacy_research,
2022-04-20,1.1318897637795275,legacy_research,
2022-04-21,1.1341341341341342,legacy_research,
2022-04-22,1.1337993010484273,legacy_research,
2022-04-25,1.1405717282979282,legacy_research,
2022-04-26,1.141686492201956,legacy_research,
2022-04-27,1.1378246335818978,legacy_research,
2022-04-28,1.1369093231162195,legacy_research,
2022-04-29,1.133499377334994,legacy_research,
2022-05-05,1.134,legacy_research,
2022-05-06,1.1373302587753011,legacy_research,
2022-05-09,1.1384655127873935,legacy_research,
2022-05-10,1.136874361593463,legacy_research,
2022-05-11,1.1349785948123898,legacy_research,
2022-05-12,1.1356618577575297,legacy_research,
2022-05-13,1.1346057257659468,legacy_research,
2022-05-16,1.1356618577575297,legacy_research,
2022-05-17,1.134,legacy_research,
2022-05-18,1.134470647265429,legacy_research,
2022-05-19,1.1341677096370462,legacy_research,
2022-05-20,1.1314047560676637,legacy_research,
2022-05-23,1.1324437855201386,legacy_research,
2022-05-24,1.1351828499369483,legacy_research,
2022-05-25,1.1346057257659468,legacy_research,
2022-05-26,1.134268537074148,legacy_research,
2022-05-27,1.1339330334832585,legacy_research,
2022-05-30,1.133167701863354,legacy_research,
2022-05-31,1.131083394472976,legacy_research,
2022-06-01,1.1312760225324516,legacy_research,
2022-06-02,1.1309233023937468,legacy_research,
2022-06-06,1.128352490421456,legacy_research,
2022-06-07,1.1281683405069345,legacy_research,
2022-06-08,1.1268939393939392,legacy_research,
2022-06-09,1.127923627684964,legacy_research,
2022-06-10,1.1261770244821092,legacy_research,
2022-06-13,1.1277407054337465,legacy_research,
2022-06-14,1.1265344664778094,legacy_research,
2022-06-15,1.1250875145857642,legacy_research,
2022-06-16,1.125880695162048,legacy_research,
2022-06-17,1.1240453598704006,legacy_research,
2022-06-20,1.1234454168585906,legacy_research,
2022-06-21,1.1235023041474657,legacy_research,
2022-06-22,1.1249417249417248,legacy_research,
2022-06-23,1.122794959908362,legacy_research,
2022-06-24,1.121459324722411,legacy_research,
2022-06-27,1.1201524321900918,legacy_research,
2022-06-28,1.1187680035453136,legacy_research,
2022-06-29,1.1202332884701658,legacy_research,
2022-06-30,1.118899733806566,legacy_research,
2022-07-01,1.119296683730247,legacy_research,
2022-07-04,1.1185578411855783,legacy_research,
2022-07-05,1.118820660607404,legacy_research,
2022-07-06,1.120395327942498,legacy_research,
2022-07-07,1.1199641897940913,legacy_research,
2022-07-08,1.1200716845878136,legacy_research,
2022-07-11,1.1221513217866912,legacy_research,
2022-07-12,1.1231617647058822,legacy_research,
2022-07-13,1.1229639825648083,legacy_research,
2022-07-14,1.1229357798165136,legacy_research,
2022-07-15,1.1247962747380675,legacy_research,
2022-07-18,1.1234738539507023,legacy_research,
2022-07-19,1.1241028015744383,legacy_research,
2022-07-20,1.123758947125375,legacy_research,
2022-07-21,1.125058329444704,legacy_research,
2022-07-22,1.124970855677314,legacy_research,
2022-07-25,1.125497541559354,legacy_research,
2022-07-26,1.124651162790698,legacy_research,
2022-07-27,1.125350795135641,legacy_research,
2022-07-28,1.1252629118953028,legacy_research,
2022-07-29,1.1270142180094789,legacy_research,
2022-08-01,1.1264747522416232,legacy_research,
2022-08-02,1.1286297096232305,legacy_research,
2022-08-03,1.1300339640950996,legacy_research,
2022-08-04,1.129063327714905,legacy_research,
2022-08-05,1.1270744428639166,legacy_research,
2022-08-08,1.1274976213130354,legacy_research,
2022-08-09,1.1272856803609592,legacy_research,
2022-08-10,1.1286605856937109,legacy_research,
2022-08-11,1.1259990597085097,legacy_research,
2022-08-12,1.1259694477085782,legacy_research,
2022-08-15,1.126266195524146,legacy_research,
2022-08-16,1.1265643447461628,legacy_research,
2022-08-17,1.125350795135641,legacy_research,
2022-08-18,1.1264449162538337,legacy_research,
2022-08-19,1.1273461629840815,legacy_research,
2022-08-22,1.1265344664778094,legacy_research,
2022-08-23,1.126954050213169,legacy_research,
2022-08-24,1.1293124246079616,legacy_research,
2022-08-25,1.1281989954556326,legacy_research,
2022-08-26,1.1283832335329342,legacy_research,
2022-08-29,1.129156626506024,legacy_research,
2022-08-30,1.1294373339773,legacy_research,
2022-08-31,1.1294373339773,legacy_research,
2022-09-01,1.130508887265644,legacy_research,
2022-09-02,1.1312438785504408,legacy_research,
2022-09-05,1.1313081822635964,legacy_research,
2022-09-06,1.1303819022135737,legacy_research,
2022-09-07,1.130128672007769,legacy_research,
2022-09-08,1.1306998293099244,legacy_research,
2022-09-09,1.1288771339264247,legacy_research,
2022-09-13,1.1284447639587825,legacy_research,
2022-09-14,1.1298764235522172,legacy_research,
2022-09-15,1.1310513447432764,legacy_research,
2022-09-16,1.134,legacy_research,
2022-09-19,1.1343695161694662,legacy_research,
2022-09-20,1.134302179904786,legacy_research,
2022-09-21,1.135319363797021,legacy_research,
2022-09-22,1.1363173957273651,legacy_research,
2022-09-23,1.1365953109072375,legacy_research,
2022-09-26,1.1374711464478071,legacy_research,
2022-09-27,1.135730564699924,legacy_research,
2022-09-28,1.137683020806576,legacy_research,
2022-09-29,1.137647663071392,legacy_research,
2022-09-30,1.138572905894519,legacy_research,
2022-10-10,1.1414621272103458,legacy_research,
2022-10-11,1.1415742208135236,legacy_research,
2022-10-12,1.1392931392931394,legacy_research,
2022-10-13,1.1404980340760158,legacy_research,
2022-10-14,1.1373302587753011,legacy_research,
2022-10-17,1.1373654536135314,legacy_research,
2022-10-18,1.137612323491656,legacy_research,
2022-10-19,1.1397288842544318,legacy_research,
2022-10-20,1.1401673640167365,legacy_research,
2022-10-21,1.140978432403998,legacy_research,
2022-10-24,1.144708423326134,legacy_research,
2022-10-25,1.1453362255965294,legacy_research,
2022-10-26,1.1442411194833153,legacy_research,
2022-10-27,1.1452574525745258,legacy_research,
2022-10-28,1.148723640399556,legacy_research,
2022-10-31,1.150350631136045,legacy_research,
2022-11-01,1.1447475020253848,legacy_research,
2022-11-02,1.1434305592721432,legacy_research,
2022-11-03,1.1445913137307795,legacy_research,
2022-11-04,1.1398017736045905,legacy_research,
2022-11-07,1.1398017736045905,legacy_research,
2022-11-08,1.140645499868801,legacy_research,
2022-11-09,1.1421373640944048,legacy_research,
2022-11-10,1.1429333333333331,legacy_research,
2022-11-11,1.1392931392931394,legacy_research,
2022-11-14,1.1392207792207791,legacy_research,
2022-11-15,1.1365605095541402,legacy_research,
2022-11-16,1.1375770020533882,legacy_research,
2022-11-17,1.1381799432843516,legacy_research,
2022-11-18,1.1386445938954992,legacy_research,
2022-11-21,1.1398382468040698,legacy_research,
2022-11-22,1.1399112503262856,legacy_research,
2022-11-23,1.1398017736045905,legacy_research,
2022-11-24,1.1404612159329142,legacy_research,
2022-11-25,1.139692468074016,legacy_research,
2022-11-28,1.1413502109704643,legacy_research,
2022-11-29,1.1371545547594677,legacy_research,
2022-11-30,1.1370493479928407,legacy_research,
2022-12-01,1.1354903943377148,legacy_research,
2022-12-02,1.13628273582507,legacy_research,
2022-12-05,1.133866133866134,legacy_research,
2022-12-06,1.1331015644400295,legacy_research,
2022-12-07,1.133499377334994,legacy_research,
2022-12-08,1.133200795228628,legacy_research,
2022-12-09,1.1320847708230657,legacy_research,
2022-12-12,1.1334661354581672,legacy_research,
2022-12-13,1.133832709113608,legacy_research,
2022-12-14,1.133499377334994,legacy_research,
2022-12-15,1.1335659107899327,legacy_research,
2022-12-16,1.1334329101319391,legacy_research,
2022-12-19,1.135387724172771,legacy_research,
2022-12-20,1.1375770020533882,legacy_research,
2022-12-21,1.137683020806576,legacy_research,
2022-12-22,1.1374006664957703,legacy_research,
2022-12-23,1.1377537907992803,legacy_research,
2022-12-26,1.1374358974358971,legacy_research,
2022-12-27,1.135799341271852,legacy_research,
2022-12-28,1.1362480935434671,legacy_research,
2022-12-29,1.1366649668536462,legacy_research,
2022-12-30,1.1361097003555105,legacy_research,
2023-01-03,1.135730564699924,legacy_research,
2023-01-04,1.135558927668184,legacy_research,
2023-01-05,1.133035492678084,legacy_research,
2023-01-06,1.1325092707045736,legacy_research,
2023-01-09,1.1316953316953315,legacy_research,
2023-01-10,1.1315014720314034,legacy_research,
2023-01-11,1.1315014720314034,legacy_research,
2023-01-12,1.1313081822635964,legacy_research,
2023-01-13,1.1293436293436292,legacy_research,
2023-01-16,1.1448225923244026,legacy_research,
2023-01-17,1.1449625513409034,legacy_research,
2023-01-18,1.1452784503631963,legacy_research,
2023-01-19,1.1443001443001442,legacy_research,
2023-01-20,1.1435063381966035,legacy_research,
2023-01-30,1.1426872770511296,legacy_research,
2023-01-31,1.1442654484251022,legacy_research,
2023-02-01,1.143198090692124,legacy_research,
2023-02-02,1.1435406698564594,legacy_research,
2023-02-03,1.1450326323422773,legacy_research,
2023-02-06,1.1470588235294117,legacy_research,
2023-02-07,1.1466992665036675,legacy_research,
2023-02-08,1.147311563957771,legacy_research,
2023-02-09,1.1453840562151685,legacy_research,
2023-02-10,1.14623446258835,legacy_research,
2023-02-13,1.1451027811366383,legacy_research,
2023-02-14,1.1447876447876446,legacy_research,
2023-02-15,1.1457725947521866,legacy_research,
2023-02-16,1.1468069488622463,legacy_research,
2023-02-17,1.1489203276247206,legacy_research,
2023-02-20,1.1451378809869377,legacy_research,
2023-02-21,1.1449625513409034,legacy_research,
2023-02-22,1.1463771651622343,legacy_research,
2023-02-23,1.1463771651622343,legacy_research,
2023-02-24,1.1477832512315271,legacy_research,
2023-02-27,1.1483312731767614,legacy_research,
2023-02-28,1.1473839351510686,legacy_research,
2023-03-01,1.145631067961165,legacy_research,
2023-03-02,1.1458080194410691,legacy_research,
2023-03-03,1.1454898157129003,legacy_research,
2023-03-06,1.1463771651622343,legacy_research,
2023-03-07,1.1484413656605643,legacy_research,
2023-03-08,1.1490312965722804,legacy_research,
2023-03-09,1.1494023904382469,legacy_research,
2023-03-10,1.151476899772785,legacy_research,
2023-03-13,1.1498127340823971,legacy_research,
2023-03-14,1.150753768844221,legacy_research,
2023-03-15,1.1507916561950238,legacy_research,
2023-03-16,1.1525553012967202,legacy_research,
2023-03-17,1.1517450682852808,legacy_research,
2023-03-20,1.152594099694812,legacy_research,
2023-03-21,1.150943396226415,legacy_research,
2023-03-22,1.1502629601803156,legacy_research,
2023-03-23,1.148846440089308,legacy_research,
2023-03-24,1.1490312965722804,legacy_research,
2023-03-27,1.1498127340823971,legacy_research,
2023-03-28,1.1501125844383289,legacy_research,
2023-03-29,1.1501125844383289,legacy_research,
2023-03-30,1.1485148514851484,legacy_research,
2023-03-31,1.1481481481481484,legacy_research,
2023-04-03,1.1470588235294117,legacy_research,
2023-04-04,1.1463414634146345,legacy_research,
2023-04-06,1.146771037181996,legacy_research,
2023-04-07,1.1457371872722857,legacy_research,
2023-04-10,1.1462701121404193,legacy_research,
2023-04-11,1.1466275659824048,legacy_research,
2023-04-12,1.146771037181996,legacy_research,
2023-04-13,1.147674132414472,legacy_research,
2023-04-14,1.1469147894221352,legacy_research,
2023-04-17,1.1447527141133895,legacy_research,
2023-04-18,1.1445086705202312,legacy_research,
2023-04-19,1.1456664238892935,legacy_research,
2023-04-20,1.14623446258835,legacy_research,
2023-04-21,1.1488833746898262,legacy_research,
2023-04-24,1.1507916561950238,legacy_research,
2023-04-25,1.1515151515151514,legacy_research,
2023-04-26,1.151860288534548,legacy_research,
2023-04-27,1.1505268439538383,legacy_research,
2023-04-28,1.1490683229813663,legacy_research,
2023-05-04,1.1490683229813663,legacy_research,
2023-05-05,1.149663257670242,legacy_research,
2023-05-08,1.1480019733596447,legacy_research,
2023-05-09,1.1492908683752177,legacy_research,
2023-05-10,1.1504513540621866,legacy_research,
2023-05-11,1.1506402209389908,legacy_research,
2023-05-12,1.152594099694812,legacy_research,
2023-05-15,1.1501877346683351,legacy_research,
2023-05-16,1.1508295625942684,legacy_research,
2023-05-17,1.151860288534548,legacy_research,
2023-05-18,1.1518987341772151,legacy_research,
2023-05-19,1.152129817444219,legacy_research,
2023-05-22,1.1513622603430878,legacy_research,
2023-05-23,1.1535705144612234,legacy_research,
2023-05-24,1.1556824078879089,legacy_research,
2023-05-25,1.1560468140442133,legacy_research,
2023-05-26,1.155844155844156,legacy_research,
2023-05-29,1.1564945226917058,legacy_research,
2023-05-30,1.1563314226159458,legacy_research,
2023-05-31,1.1578116780641767,legacy_research,
2023-06-01,1.15748031496063,legacy_research,
2023-06-02,1.1553196997152473,legacy_research,
2023-06-05,1.1560468140442133,legacy_research,
2023-06-06,1.157563025210084,legacy_research,
2023-06-07,1.1580611169652266,legacy_research,
2023-06-08,1.1567398119122256,legacy_research,
2023-06-09,1.1560874089490114,legacy_research,
2023-06-12,1.155925155925156,legacy_research,
2023-06-13,1.1547588341501165,legacy_research,
2023-06-14,1.1547588341501165,legacy_research,
2023-06-15,1.15220700152207,legacy_research,
2023-06-16,1.1507916561950238,legacy_research,
2023-06-19,1.15193719929096,legacy_research,
2023-06-20,1.15220700152207,legacy_research,
2023-06-21,1.1543606894777465,legacy_research,
2023-06-26,1.156128024980484,legacy_research,
2023-06-27,1.1550788317394676,legacy_research,
2023-06-28,1.1547588341501165,legacy_research,
2023-06-29,1.1554806944804352,legacy_research,
2023-06-30,1.1545595054095827,legacy_research,
2023-07-03,1.1527883880825058,legacy_research,
2023-07-04,1.152516522623284,legacy_research,
2023-07-05,1.1535705144612234,legacy_research,
2023-07-06,1.154679040989946,legacy_research,
2023-07-07,1.15511892450879,legacy_research,
2023-07-10,1.1544799176107106,legacy_research,
2023-07-11,1.1534526854219949,legacy_research,
2023-07-12,1.1542020046260602,legacy_research,
2023-07-13,1.1517450682852808,legacy_research,
2023-07-14,1.151821862348178,legacy_research,
2023-07-17,1.1529051987767585,legacy_research,
2023-07-18,1.1531393568147013,legacy_research,
2023-07-19,1.153217568947906,legacy_research,
2023-07-20,1.1543209876543212,legacy_research,
2023-07-21,1.154241645244216,legacy_research,
2023-07-24,1.1549186676994576,legacy_research,
2023-07-25,1.150564617314931,legacy_research,
2023-07-26,1.1509054325955734,legacy_research,
2023-07-27,1.151057401812689,legacy_research,
2023-07-28,1.1474926253687316,legacy_research,
2023-07-31,1.1469147894221352,legacy_research,
2023-08-01,1.14756517461879,legacy_research,
2023-08-02,1.1486252167451076,legacy_research,
2023-08-03,1.147311563957771,legacy_research,
2023-08-04,1.1465559355153885,legacy_research,
2023-08-07,1.147674132414472,legacy_research,
2023-08-08,1.1482213438735176,legacy_research,
2023-08-09,1.1485148514851484,legacy_research,
2023-08-10,1.1483312731767614,legacy_research,
2023-08-11,1.1518987341772151,legacy_research,
2023-08-14,1.1529441753759877,legacy_research,
2023-08-15,1.153100280683848,legacy_research,
2023-08-16,1.154281306248393,legacy_research,
2023-08-17,1.1537672988211172,legacy_research,
2023-08-18,1.1557632398753894,legacy_research,
2023-08-21,1.1578947368421053,legacy_research,
2023-08-22,1.1569448077426103,legacy_research,
2023-08-23,1.159235668789809,legacy_research,
2023-08-24,1.1582695858612504,legacy_research,
2023-08-25,1.1585623678646937,legacy_research,
2023-08-28,1.1563721657544956,legacy_research,
2023-08-29,1.1554806944804352,legacy_research,
2023-08-30,1.15552099533437,legacy_research,
2023-08-31,1.156290700703308,legacy_research,
2023-09-01,1.1553599171413775,legacy_research,
2023-09-04,1.1530612244897958,legacy_research,
2023-09-05,1.154122784484973,legacy_research,
2023-09-06,1.1545197012619108,legacy_research,
2023-09-07,1.156657963446475,legacy_research,
2023-09-08,1.157521659228144,legacy_research,
2023-09-11,1.1563721657544956,legacy_research,
2023-09-12,1.1565762004175366,legacy_research,
2023-09-13,1.157604412923562,legacy_research,
2023-09-14,1.1577287066246058,legacy_research,
2023-09-15,1.1584367573277,legacy_research,
2023-09-18,1.1578947368421053,legacy_research,
2023-09-19,1.158102766798419,legacy_research,
2023-09-20,1.1588562351072278,legacy_research,
2023-09-21,1.160342063067878,legacy_research,
2023-09-22,1.1571915116583704,legacy_research,
2023-09-25,1.1583531274742676,legacy_research,
2023-09-26,1.159235668789809,legacy_research,
2023-09-27,1.1588141874007412,legacy_research,
2023-09-28,1.1594048884165782,legacy_research,
2023-10-09,1.159829515183804,legacy_research,
2023-10-10,1.16098738932117,legacy_research,
2023-10-11,1.1606425702811245,legacy_research,
2023-10-12,1.159108989657916,legacy_research,
2023-10-13,1.1605995717344757,legacy_research,
2023-10-16,1.1624695369618196,legacy_research,
2023-10-17,1.1619433198380569,legacy_research,
2023-10-18,1.163176502583628,legacy_research,
2023-10-19,1.1666666666666667,legacy_research,
2023-10-20,1.1675041876046903,legacy_research,
2023-10-23,1.1693002257336342,legacy_research,
2023-10-24,1.169061707523246,legacy_research,
2023-10-25,1.1681143177360604,legacy_research,
2023-10-26,1.1675041876046903,legacy_research,
2023-10-27,1.165016501650165,legacy_research,
2023-10-30,1.1642935377875137,legacy_research,
2023-10-31,1.1646542261251371,legacy_research,
2023-11-01,1.1647446457990116,legacy_research,
2023-11-02,1.1655172413793102,legacy_research,
2023-11-03,1.1642485628250754,legacy_research,
2023-11-06,1.1621183463928668,legacy_research,
2023-11-07,1.1626016260162602,legacy_research,
2023-11-08,1.1630877955966294,legacy_research,
2023-11-09,1.1629549158066268,legacy_research,
2023-11-10,1.1641586867305065,legacy_research,
2023-11-13,1.1643835616438356,legacy_research,
2023-11-14,1.1643835616438356,legacy_research,
2023-11-15,1.1632653061224492,legacy_research,
2023-11-16,1.1648804616652928,legacy_research,
2023-11-17,1.1651073197578423,legacy_research,
2023-11-20,1.1646090534979423,legacy_research,
2023-11-21,1.1643835616438356,legacy_research,
2023-11-22,1.166158958737192,legacy_research,
2023-11-23,1.1652892561983472,legacy_research,
2023-11-24,1.1664355062413314,legacy_research,
2023-11-27,1.1675509634180397,legacy_research,
2023-11-28,1.1673640167364017,legacy_research,
2023-11-29,1.1686340640809445,legacy_research,
2023-11-30,1.1684446939921391,legacy_research,
2023-12-01,1.1691093573844418,legacy_research,
2023-12-04,1.170261066969353,legacy_research,
2023-12-05,1.1735106998264893,legacy_research,
2023-12-06,1.1732601790355182,legacy_research,
2023-12-07,1.1737116386797917,legacy_research,
2023-12-08,1.1733603004911874,legacy_research,
2023-12-11,1.1721664275466284,legacy_research,
2023-12-12,1.1717721156598913,legacy_research,
2023-12-13,1.1746724890829694,legacy_research,
2023-12-14,1.1754899093302136,legacy_research,
2023-12-15,1.1758499413833527,legacy_research,
2023-12-18,1.1765744555620954,legacy_research,
2023-12-19,1.1764705882352942,legacy_research,
2023-12-20,1.178094390026714,legacy_research,
2023-12-21,1.1764705882352942,legacy_research,
2023-12-22,1.176159718144451,legacy_research,
2023-12-25,1.1756954612005857,legacy_research,
2023-12-26,1.1767304860088366,legacy_research,
2023-12-27,1.1762114537444934,legacy_research,
2023-12-28,1.1719690455717973,legacy_research,
2023-12-29,1.1714775650185767,legacy_research,
2024-01-02,1.1737619461337967,legacy_research,
2024-01-03,1.1742666279407494,legacy_research,
2024-01-04,1.1757984178142398,legacy_research,
2024-01-05,1.176678445229682,legacy_research,
2024-01-08,1.1791579575992832,legacy_research,
2024-01-09,1.1787310098302055,legacy_research,
2024-01-10,1.1795869500149654,legacy_research,
2024-01-11,1.1785714285714286,legacy_research,
2024-01-12,1.1791579575992832,legacy_research,
2024-01-15,1.179372197309417,legacy_research,
2024-01-16,1.1782001782001783,legacy_research,
2024-01-17,1.1822600243013366,legacy_research,
2024-01-18,1.2047123623011016,legacy_research,
2024-01-19,1.2042748091603053,legacy_research,
2024-01-22,1.208671241422333,legacy_research,
2024-01-23,1.20724907063197,legacy_research,
2024-01-24,1.2040256175663313,legacy_research,
2024-01-25,1.200599700149925,legacy_research,
2024-01-26,1.200961249624512,legacy_research,
2024-01-29,1.2027887238557138,legacy_research,
2024-01-30,1.206290471785384,legacy_research,
2024-01-31,1.2076350093109869,legacy_research,
2024-02-01,1.2078931013051586,legacy_research,
2024-02-02,1.209849435382685,legacy_research,
2024-02-05,1.2085411471321694,legacy_research,
2024-02-06,1.202053760193295,legacy_research,
2024-02-07,1.200299401197605,legacy_research,
2024-02-08,1.198988697204045,legacy_research,
2024-02-19,1.197403363824137,legacy_research,
2024-02-20,1.1967068509261984,legacy_research,
2024-02-21,1.1939692664540449,legacy_research,
2024-02-22,1.192517985611511,legacy_research,
2024-02-23,1.1923519263944795,legacy_research,
2024-02-26,1.1943072901539356,legacy_research,
2024-02-27,1.1920206659012629,legacy_research,
2024-02-28,1.1940255220417633,legacy_research,
2024-02-29,1.1909791607193834,legacy_research,
2024-03-01,1.1895184135977337,legacy_research,
2024-03-04,1.1896796144031754,legacy_research,
2024-03-05,1.1881327334083238,legacy_research,
2024-03-06,1.1888763410502543,legacy_research,
2024-03-07,1.1898949758728357,legacy_research,
2024-03-08,1.1893574865553354,legacy_research,
2024-03-11,1.1868193242111142,legacy_research,
2024-03-12,1.186558839933073,legacy_research,
2024-03-13,1.18765778401122,legacy_research,
2024-03-14,1.1883445945945943,legacy_research,
2024-03-15,1.1878685762426286,legacy_research,
2024-03-18,1.1862472160356348,legacy_research,
2024-03-19,1.1874474642757076,legacy_research,
2024-03-20,1.1872900335946248,legacy_research,
2024-03-21,1.1873949579831933,legacy_research,
2024-03-22,1.1890364509748517,legacy_research,
2024-03-25,1.1900568181818183,legacy_research,
2024-03-26,1.18946474086661,legacy_research,
2024-03-27,1.1915259089607788,legacy_research,
2024-03-28,1.1905982905982908,legacy_research,
2024-03-29,1.1897334089619966,legacy_research,
2024-04-01,1.1866629464285714,legacy_research,
2024-04-02,1.1872900335946248,legacy_research,
2024-04-03,1.188026981450253,legacy_research,
2024-04-08,1.189572116746954,legacy_research,
2024-04-09,1.1898949758728357,legacy_research,
2024-04-10,1.1913068344295112,legacy_research,
2024-04-11,1.1914710933028048,legacy_research,
2024-04-12,1.1930178880553952,legacy_research,
2024-04-15,1.1890364509748517,legacy_research,
2024-04-16,1.1907613344739094,legacy_research,
2024-04-17,1.1882915845764144,legacy_research,
2024-04-18,1.1879741500421466,legacy_research,
2024-04-19,1.18946474086661,legacy_research,
2024-04-22,1.1898410896708285,legacy_research,
2024-04-23,1.191197484995713,legacy_research,
2024-04-24,1.1904355251921437,legacy_research,
2024-04-25,1.1898949758728357,legacy_research,
2024-04-26,1.1872376154492024,legacy_research,
2024-04-29,1.1850110619469028,legacy_research,
2024-04-30,1.1859366314619235,legacy_research,
2024-05-06,1.183388157894737,legacy_research,
2024-05-07,1.1832876712328768,legacy_research,
2024-05-08,1.1847555923777962,legacy_research,
2024-05-09,1.1829868708971554,legacy_research,
2024-05-10,1.1828868234007657,legacy_research,
2024-05-13,1.1830369357045143,legacy_research,
2024-05-14,1.1833379007947382,legacy_research,
2024-05-15,1.1846536019873033,legacy_research,
2024-05-16,1.18404401650619,legacy_research,
2024-05-17,1.1819912948857452,legacy_research,
2024-05-20,1.1815960912052117,legacy_research,
2024-05-21,1.18218954248366,legacy_research,
2024-05-22,1.1817934782608697,legacy_research,
2024-05-23,1.1836398572604998,legacy_research,
2024-05-24,1.185730149916713,legacy_research,
2024-05-27,1.184196035242291,legacy_research,
2024-05-28,1.1853699085619285,legacy_research,
2024-05-29,1.1853185595567868,legacy_research,
2024-05-30,1.186040044493882,legacy_research,
2024-05-31,1.1867671691792296,legacy_research,
2024-06-03,1.1865068302202395,legacy_research,
2024-06-04,1.1852159468438537,legacy_research,
2024-06-05,1.1858849680466794,legacy_research,
2024-06-06,1.1858849680466794,legacy_research,
2024-06-07,1.1870805369127515,legacy_research,
2024-06-11,1.1883976344691636,legacy_research,
2024-06-12,1.1886100930363688,legacy_research,
2024-06-13,1.1893039049235994,legacy_research,
2024-06-14,1.1882386043894204,legacy_research,
2024-06-17,1.1887697516930025,legacy_research,
2024-06-18,1.1881856540084388,legacy_research,
2024-06-19,1.188716502115656,legacy_research,
2024-06-20,1.189948892674617,legacy_research,
2024-06-21,1.190273037542662,legacy_research,
2024-06-24,1.191197484995713,legacy_research,
2024-06-25,1.1923519263944795,legacy_research,
2024-06-26,1.191197484995713,legacy_research,
2024-06-27,1.1922413793103448,legacy_research,
2024-06-28,1.1918554631488385,legacy_research,
2024-07-01,1.1910882604970008,legacy_research,
2024-07-02,1.1913615560640731,legacy_research,
2024-07-03,1.1916905444126074,legacy_research,
2024-07-04,1.192517985611511,legacy_research,
2024-07-05,1.1934644303065354,legacy_research,
2024-07-08,1.194816540477577,legacy_research,
2024-07-09,1.1927398444252375,legacy_research,
2024-07-10,1.1931850996246027,legacy_research,
2024-07-11,1.1906526075805073,legacy_research,
2024-07-12,1.1901108269394711,legacy_research,
2024-07-15,1.1897334089619966,legacy_research,
2024-07-16,1.1883976344691636,legacy_research,
2024-07-17,1.1881327334083238,legacy_research,
2024-07-18,1.187028235951915,legacy_research,
2024-07-19,1.1858333333333333,legacy_research,
2024-07-22,1.1873424810977318,legacy_research,
2024-07-23,1.1910882604970008,legacy_research,
2024-07-24,1.1922966369646448,legacy_research,
2024-07-25,1.1934084995663488,legacy_research,
2024-07-26,1.192573402417962,legacy_research,
2024-07-29,1.1936884771279677,legacy_research,
2024-07-30,1.1949868842902942,legacy_research,
2024-07-31,1.1907069555302163,legacy_research,
2024-08-01,1.1920757967269595,legacy_research,
2024-08-02,1.1940818102697996,legacy_research,
2024-08-05,1.1963028169014085,legacy_research,
2024-08-06,1.1963028169014085,legacy_research,
2024-08-07,1.1967068509261984,legacy_research,
2024-08-08,1.19647577092511,legacy_research,
2024-08-09,1.1971706454465076,legacy_research,
2024-08-12,1.197403363824137,legacy_research,
2024-08-13,1.197112551561579,legacy_research,
2024-08-14,1.1985163204747773,legacy_research,
2024-08-15,1.1963028169014085,legacy_research,
2024-08-16,1.1961876832844571,legacy_research,
2024-08-19,1.195671248903188,legacy_research,
2024-08-20,1.196591243020864,legacy_research,
2024-08-21,1.1974616292798113,legacy_research,
2024-08-22,1.1979875702870673,legacy_research,
2024-08-23,1.1971706454465076,legacy_research,
2024-08-26,1.197112551561579,legacy_research,
2024-08-27,1.198104826769322,legacy_research,
2024-08-28,1.199285075960679,legacy_research,
2024-08-29,1.1998804899910367,legacy_research,
2024-08-30,1.1972287735849056,legacy_research,
2024-09-02,1.20078031212485,legacy_research,
2024-09-03,1.20005980861244,legacy_research,
2024-09-04,1.2013241047246463,legacy_research,
2024-09-05,1.2009009009009008,legacy_research,
2024-09-06,1.2026044821320412,legacy_research,
2024-09-09,1.2051517939282428,legacy_research,
2024-09-10,1.2051517939282428,legacy_research,
2024-09-11,1.2055931161647204,legacy_research,
2024-09-12,1.206290471785384,legacy_research,
2024-09-13,1.20724907063197,legacy_research,
2024-09-18,1.2066090179122917,legacy_research,
2024-09-19,1.2049004594180706,legacy_research,
2024-09-20,1.2043372021991448,legacy_research,
2024-09-23,1.2037770332013402,legacy_research,
2024-09-24,1.1952144733002623,legacy_research,
2024-09-25,1.192573402417962,legacy_research,
2024-09-26,1.1837912087912088,legacy_research,
2024-09-27,1.1729128973895064,legacy_research,
2024-09-30,1.1580439404677534,legacy_research,
2024-10-08,1.151631912964642,legacy_research,
2024-10-09,1.1663351566384883,legacy_research,
2024-10-10,1.1637298091042585,legacy_research,
2024-10-11,1.1682172491828011,legacy_research,
2024-10-14,1.1655940594059404,legacy_research,
2024-10-15,1.170185703383363,legacy_research,
2024-10-16,1.1712749615975422,legacy_research,
2024-10-17,1.1731814651825003,legacy_research,
2024-10-18,1.1665836653386452,legacy_research,
2024-10-21,1.1665836653386452,legacy_research,
2024-10-22,1.1655940594059404,legacy_research,
2024-10-23,1.1649815043156595,legacy_research,
2024-10-24,1.1667913238593866,legacy_research,
2024-10-25,1.1655940594059404,legacy_research,
2024-10-28,1.1653484923381117,legacy_research,
2024-10-29,1.1667081983553451,legacy_research,
2024-10-30,1.1684714177788968,legacy_research,
2024-10-31,1.1684714177788968,legacy_research,
2024-11-01,1.1681326966574517,legacy_research,
2024-11-04,1.1659226190476188,legacy_research,
2024-11-05,1.161711385061639,legacy_research,
2024-11-06,1.162734127949404,legacy_research,
2024-11-07,1.1574858757062143,legacy_research,
2024-11-08,1.159513590844063,legacy_research,
2024-11-11,1.1587188612099646,legacy_research,
2024-11-12,1.160470136723435,legacy_research,
2024-11-13,1.1594755661501788,legacy_research,
2024-11-14,1.1622211445198838,legacy_research,
2024-11-15,1.1649815043156595,legacy_research,
2024-11-18,1.165676077265973,legacy_research,
2024-11-19,1.164859536717595,legacy_research,
2024-11-20,1.164454277286136,legacy_research,
2024-11-21,1.164252393812914,legacy_research,
2024-11-22,1.1692385529977232,legacy_research,
2024-11-25,1.170185703383363,legacy_research,
2024-11-26,1.1705327555442262,legacy_research,
2024-11-27,1.1677953348382242,legacy_research,
2024-11-28,1.1690247599797876,legacy_research,
2024-11-29,1.1672081979505122,legacy_research,
2024-12-02,1.1659637806995784,legacy_research,
2024-12-03,1.165799256505576,legacy_research,
2024-12-04,1.1666666666666663,legacy_research,
2024-12-05,1.1669578238083356,legacy_research,
2024-12-06,1.1649001725412866,legacy_research,
2024-12-09,1.1650222002960038,legacy_research,
2024-12-10,1.1637698898408813,legacy_research,
2024-12-11,1.164171779141104,legacy_research,
2024-12-12,1.1624969638085985,legacy_research,
2024-12-13,1.1664179104477614,legacy_research,
2024-12-16,1.1674174174174174,legacy_research,
2024-12-17,1.1669578238083356,legacy_research,
2024-12-18,1.166252485089463,legacy_research,
2024-12-19,1.1660049627791562,legacy_research,
2024-12-20,1.1665007466401196,legacy_research,
2024-12-23,1.1663351566384883,legacy_research,
2024-12-24,1.164413860899484,legacy_research,
2024-12-25,1.1642927308447937,legacy_research,
2024-12-26,1.164252393812914,legacy_research,
2024-12-27,1.1644947135480697,legacy_research,
2024-12-30,1.1637298091042585,legacy_research,
2024-12-31,1.1663351566384883,legacy_research,
2025-01-02,1.1711435149654643,legacy_research,
2025-01-03,1.1729128973895064,legacy_research,
2025-01-06,1.1736309369322606,legacy_research,
2025-01-07,1.1724226804123712,legacy_research,
2025-01-08,1.1726897263810017,legacy_research,
2025-01-09,1.1730470770822556,legacy_research,
2025-01-10,1.1749934606330108,legacy_research,
2025-01-13,1.175682773109244,legacy_research,
2025-01-14,1.1712749615975422,legacy_research,
2025-01-15,1.1722894669070305,legacy_research,
2025-01-16,1.1722007722007723,legacy_research,
2025-01-17,1.1716264751154437,legacy_research,
2025-01-20,1.170793974980853,legacy_research,
2025-01-21,1.1705762366139725,legacy_research,
2025-01-22,1.1721564590838909,legacy_research,
2025-01-23,1.1716705157813705,legacy_research,
2025-01-24,1.170272333927208,legacy_research,
2025-01-27,1.171231123624264,legacy_research,
2025-02-05,1.1721121687676872,legacy_research,
2025-02-06,1.1701424211597151,legacy_research,
2025-02-07,1.167753259779338,legacy_research,
2025-02-10,1.1675851703406812,legacy_research,
2025-02-11,1.1682595573440644,legacy_research,
2025-02-12,1.1666666666666663,legacy_research,
2025-02-13,1.1670829170829171,legacy_research,
2025-02-14,1.165840356965791,legacy_research,
2025-02-17,1.165553080920564,legacy_research,
2025-02-18,1.1667497507477569,legacy_research,
2025-02-19,1.1658814778080833,legacy_research,
2025-02-20,1.1663765232529222,legacy_research,
2025-02-21,1.164171779141104,legacy_research,
2025-02-24,1.1646971935007384,legacy_research,
2025-02-25,1.1663765232529222,legacy_research,
2025-02-26,1.1650222002960038,legacy_research,
2025-02-27,1.1644947135480697,legacy_research,
2025-02-28,1.1675012518778167,legacy_research,
2025-03-03,1.1680482290881689,legacy_research,
2025-03-04,1.1682172491828011,legacy_research,
2025-03-05,1.1675012518778167,legacy_research,
2025-03-06,1.1652259817238824,legacy_research,
2025-03-07,1.1656350581827186,legacy_research,
2025-03-10,1.1662938105891127,legacy_research,
2025-03-11,1.165799256505576,legacy_research,
2025-03-12,1.1662111801242234,legacy_research,
2025-03-13,1.1670411985018727,legacy_research,
2025-03-14,1.1629322942036049,legacy_research,
2025-03-17,1.163409868099658,legacy_research,
2025-03-18,1.1630514257860105,legacy_research,
2025-03-19,1.1628133365782427,legacy_research,
2025-03-20,1.1641315014720317,legacy_research,
2025-03-21,1.1668329177057355,legacy_research,
2025-03-24,1.1661286317357833,legacy_research,
2025-03-25,1.1660461653015637,legacy_research,
2025-03-26,1.1667081983553451,legacy_research,
2025-03-27,1.1661286317357833,legacy_research,
2025-03-28,1.1669161676646709,legacy_research,
2025-03-31,1.167921686746988,legacy_research,
2025-04-01,1.1680060271220492,legacy_research,
2025-04-02,1.1681326966574517,legacy_research,
2025-04-03,1.168982066178328,legacy_research,
2025-04-07,1.1810554803788904,legacy_research,
2025-04-08,1.1793565683646112,legacy_research,
2025-04-09,1.1776420605416886,legacy_research,
2025-04-10,1.1747192478453905,legacy_research,
2025-04-11,1.17421875,legacy_research,
2025-04-14,1.1738565488565489,legacy_research,
2025-04-15,1.1737211113996364,legacy_research,
2025-04-16,1.1733160621761658,legacy_research,
2025-04-17,1.1731814651825003,legacy_research,
2025-04-18,1.1727343144848954,legacy_research,
2025-04-21,1.1726451612903224,legacy_research,
2025-04-22,1.172511603919546,legacy_research,
2025-04-23,1.1723338485316848,legacy_research,
2025-04-24,1.1723338485316848,legacy_research,
2025-04-25,1.1723338485316848,legacy_research,
2025-04-28,1.1726006191950464,legacy_research,
2025-04-29,1.1729128973895064,legacy_research,
2025-04-30,1.1730470770822556,legacy_research,
2025-05-06,1.1714066102997691,legacy_research,
2025-05-07,1.1703590527119938,legacy_research,
2025-05-08,1.1693670886075949,legacy_research,
2025-05-09,1.1695817490494296,legacy_research,
2025-05-12,1.1676691729323307,legacy_research,
2025-05-13,1.1675012518778167,legacy_research,
2025-05-14,1.1653893695920892,legacy_research,
2025-05-15,1.1667913238593866,legacy_research,
2025-05-16,1.1677112058159942,legacy_research,
2025-05-19,1.1679638463469746,legacy_research,
2025-05-20,1.1671246565076192,legacy_research,
2025-05-21,1.1664593182383676,legacy_research,
2025-05-22,1.1665421956684092,legacy_research,
2025-05-23,1.167753259779338,legacy_research,
2025-05-26,1.1686412906478447,legacy_research,
2025-05-27,1.1695387734414595,legacy_research,
2025-05-28,1.169710806697108,legacy_research,
2025-05-29,1.1686838124054462,legacy_research,
2025-05-30,1.168982066178328,legacy_research,
2025-06-03,1.1690674753601211,legacy_research,
2025-06-04,1.168344237544036,legacy_research,
2025-06-05,1.167921686746988,legacy_research,
2025-06-06,1.1678374310085298,legacy_research,
2025-06-09,1.1674593241551938,legacy_research,
2025-06-10,1.168429003021148,legacy_research,
2025-06-11,1.1670829170829171,legacy_research,
2025-06-12,1.1669995007488765,legacy_research,
2025-06-13,1.1680904522613065,legacy_research,
2025-06-16,1.1676691729323307,legacy_research,
2025-06-17,1.1677112058159942,legacy_research,
2025-06-18,1.1939036885245902,legacy_research,
2025-06-19,1.1954557190808155,legacy_research,
2025-06-20,1.1952037132542548,legacy_research,
2025-06-23,1.1945515291698792,legacy_research,
2025-06-24,1.1923272357723576,legacy_research,
2025-06-25,1.1892026993251683,legacy_research,
2025-06-26,1.1899147014550928,legacy_research,
2025-06-27,1.1910169063840523,legacy_research,
2025-06-30,1.1901054746358612,legacy_research,
2025-07-01,1.1898194583751254,legacy_research,
2025-07-02,1.189629258517034,legacy_research,
2025-07-03,1.18854296388543,legacy_research,
2025-07-04,1.1877480158730158,legacy_research,
2025-07-07,1.1885899352267064,legacy_research,
2025-07-08,1.1870059288537549,legacy_research,
2025-07-09,1.1871446229913474,legacy_research,
2025-07-10,1.1862238622386223,legacy_research,
2025-07-11,1.1855847021328758,legacy_research,
2025-07-14,1.18563021088769,legacy_research,
2025-07-15,1.18563021088769,legacy_research,
2025-07-16,1.1860407962644384,legacy_research,
2025-07-17,1.1845441248171622,legacy_research,
2025-07-18,1.1832042594385288,legacy_research,
2025-07-21,1.1821024777483762,legacy_research,
2025-07-22,1.1801951916210427,legacy_research,
2025-07-23,1.1802810192903073,legacy_research,
2025-07-24,1.1791715976331365,legacy_research,
2025-07-25,1.1801094456340708,legacy_research,
2025-07-28,1.179639297579497,legacy_research,
2025-07-29,1.1787485242030695,legacy_research,
2025-07-30,1.178875236294896,legacy_research,
2025-07-31,1.1821901323706376,legacy_research,
2025-08-01,1.183159932252601,legacy_research,
2025-08-04,1.1823217726396915,legacy_research,
2025-08-05,1.1809705952665552,legacy_research,
2025-08-06,1.180495946590367,legacy_research,
2025-08-07,1.1805389935606965,legacy_research,
2025-08-08,1.1809705952665552,legacy_research,
2025-08-11,1.1801523084245598,legacy_research,
2025-08-12,1.1790444654683068,legacy_research,
2025-08-13,1.177574478067089,legacy_research,
2025-08-14,1.177866541353383,legacy_research,
2025-08-15,1.1762514551804424,legacy_research,
2025-08-18,1.174948000924428,legacy_research,
2025-08-19,1.1758420441347273,legacy_research,
2025-08-20,1.1734647112740606,legacy_research,
2025-08-21,1.172910004568296,legacy_research,
2025-08-22,1.1690109399419513,legacy_research,
2025-08-25,1.1658269441401972,legacy_research,
2025-08-26,1.1667033693019158,legacy_research,
2025-08-27,1.1691620111731844,legacy_research,
2025-08-28,1.166045185347664,legacy_research,
2025-08-29,1.1645294501195391,legacy_research,
2025-09-01,1.163994800693241,legacy_research,
2025-09-02,1.164923747276689,legacy_research,
2025-09-03,1.1664102000439656,legacy_research,
2025-09-04,1.169883303411131,legacy_research,
2025-09-05,1.1662274923144489,legacy_research,
2025-09-08,1.1661909989023054,legacy_research,
2025-09-09,1.1671819787985869,legacy_research,
2025-09-10,1.166813574261789,legacy_research,
2025-09-11,1.1624463519313304,legacy_research,
2025-09-12,1.1638173555507465,legacy_research,
2025-09-15,1.1635342406567295,legacy_research,
2025-09-16,1.1638528138528137,legacy_research,
2025-09-17,1.1626907371588224,legacy_research,
2025-09-18,1.1647801480191553,legacy_research,
2025-09-19,1.164422241529105,legacy_research,
2025-09-22,1.163888287508119,legacy_research,
2025-09-23,1.1637819125919515,legacy_research,
2025-09-24,1.1623418400171563,legacy_research,
2025-09-25,1.161235356762513,legacy_research,
2025-09-26,1.162760696624382,legacy_research,
2025-09-29,1.1601099830795265,legacy_research,
2025-09-30,1.1596709554946216,legacy_research,
2025-10-09,1.15718438538206,legacy_research,
2025-10-10,1.160415342233524,legacy_research,
2025-10-13,1.1613384484228473,legacy_research,
2025-10-14,1.1629709364908505,legacy_research,
2025-10-15,1.1608584785380365,legacy_research,
2025-10-16,1.1603473840288074,legacy_research,
2025-10-17,1.16371107266436,legacy_research,
2025-10-20,1.1631465517241382,legacy_research,
2025-10-21,1.1607218683651803,legacy_research,
2025-10-22,1.161235356762513,legacy_research,
2025-10-23,1.160619562911097,legacy_research,
2025-10-24,1.158700209643606,legacy_research,
2025-10-27,1.156858682138417,legacy_research,
2025-10-28,1.1576426488962934,legacy_research,
2025-10-29,1.155697243932538,legacy_research,
2025-10-30,1.1569562512958738,legacy_research,
2025-10-31,1.1591673675357443,legacy_research,
2025-11-03,1.1589334453075792,legacy_research,
2025-11-04,1.1600761260308732,legacy_research,
2025-11-05,1.1598732840549102,legacy_research,
2025-11-06,1.157544224765869,legacy_research,
2025-11-07,1.1578727841501564,legacy_research,
2025-11-10,1.1574786769294778,legacy_research,
2025-11-11,1.1589334453075792,legacy_research,
2025-11-12,1.1588667366211964,legacy_research,
2025-11-13,1.1573150457190358,legacy_research,
2025-11-14,1.1596709554946216,legacy_research,
2025-11-17,1.1607218683651803,legacy_research,
2025-11-18,1.1616485159086056,legacy_research,
2025-11-19,1.1611667021503087,legacy_research,
2025-11-20,1.161890504704876,legacy_research,
2025-11-21,1.165863277826468,legacy_research,
2025-11-24,1.1661180601272767,legacy_research,
2025-11-25,1.1646726125734173,legacy_research,
2025-11-26,1.1636402939904884,legacy_research,
2025-11-27,1.1637819125919515,legacy_research,
2025-11-28,1.1633225458468175,legacy_research,
2025-12-01,1.1615105611265202,legacy_research,
2025-12-02,1.162237462494642,legacy_research,
2025-12-03,1.1629709364908505,legacy_research,
2025-12-04,1.1625509984968865,legacy_research,
2025-12-05,1.1611323967645806,legacy_research,
2025-12-08,1.1599746407438714,legacy_research,
2025-12-09,1.1607901444350042,legacy_research,
2025-12-10,1.1609953211399404,legacy_research,
2025-12-11,1.1621679520137105,legacy_research,
2025-12-12,1.161269706007669,legacy_research,
2025-12-15,1.1622026998071568,legacy_research,
2025-12-16,1.1638528138528137,legacy_research,
2025-12-17,1.161098105979996,legacy_research,
2025-12-18,1.1621679520137105,legacy_research,
2025-12-19,1.1614761092150172,legacy_research,
2025-12-22,1.1600422832980972,legacy_research,
2025-12-23,1.1597046413502108,legacy_research,
2025-12-24,1.159133907925163,legacy_research,
2025-12-25,1.158833403273185,legacy_research,
2025-12-26,1.158235785953177,legacy_research,
2025-12-29,1.1589334453075792,legacy_research,
2025-12-30,1.1586004609260423,legacy_research,
2025-12-31,1.1592678308436777,legacy_research,
2026-01-05,1.1562758051197355,legacy_research,
2026-01-06,1.1538930676966863,legacy_research,
2026-01-07,1.154458273821669,legacy_research,
2026-01-08,1.1556652272259922,legacy_research,
2026-01-09,1.15496417604913,legacy_research,
2026-01-12,1.1540810095664562,legacy_research,
2026-01-13,1.1546160130718954,legacy_research,
2026-01-14,1.1555692560624744,legacy_research,
2026-01-15,1.1552820512820512,legacy_research,
2026-01-16,1.1557933731220416,legacy_research,
2026-01-19,1.1857323765301817,legacy_research,
2026-01-20,1.1862828111769683,legacy_research,
2026-01-21,1.1860465116279069,legacy_research,
2026-01-22,1.1861645864184471,legacy_research,
2026-01-23,1.1870748299319729,legacy_research,
2026-01-26,1.1867572156196944,legacy_research,
2026-01-27,1.186836518046709,legacy_research,
2026-01-28,1.1862433862433863,legacy_research,
2026-01-29,1.1845637583892616,legacy_research,
2026-01-30,1.186796858416472,legacy_research,
2026-02-02,1.1913043478260872,legacy_research,
2026-02-03,1.1886792452830188,legacy_research,
2026-02-04,1.1869555980454642,legacy_research,
2026-02-05,1.1880743748664244,legacy_research,
2026-02-06,1.1892880189288018,legacy_research,
2026-02-09,1.1861645864184471,legacy_research,
2026-02-10,1.1859285865201776,legacy_research,
2026-02-11,1.1863222528054205,legacy_research,
2026-02-12,1.1861645864184471,legacy_research,
2026-02-13,1.1883964889745235,legacy_research,
2026-02-24,1.186598812553011,legacy_research,
2026-02-25,1.1852631578947368,legacy_research,
2026-02-26,1.1858500527983105,legacy_research,
2026-02-27,1.1862433862433863,legacy_research,
2026-03-02,1.1856931842160794,legacy_research,
2026-03-03,1.1881145788798633,legacy_research,
2026-03-04,1.1908893709327548,legacy_research,
2026-03-05,1.1890846583584014,legacy_research,
2026-03-06,1.188557960145704,legacy_research,
2026-03-09,1.190105854396198,legacy_research,
2026-03-10,1.1879137305146277,legacy_research,
2026-03-11,1.186796858416472,legacy_research,
2026-03-12,1.1874733702599063,legacy_research,
2026-03-13,1.188154800085525,legacy_research,
2026-03-16,1.189491817398794,legacy_research,
2026-03-17,1.189491817398794,corporate_actions,2026-09-02T14:33:45
2026-03-18,1.189491817398794,corporate_actions,2026-09-02T14:33:45
2026-03-19,1.189491817398794,corporate_actions,2026-09-02T14:33:45
2026-03-20,1.189491817398794,corporate_actions,2026-09-02T14:33:45
2026-03-23,1.189491817398794,corporate_actions,2026-09-02T14:33:45
2026-03-24,1.189491817398794,corporate_actions,2026-09-02T14:33:45
2026-03-25,1.189491817398794,corporate_actions,2026-09-02T14:33:45
2026-03-26,1.189491817398794,corporate_actions,2026-09-02T14:33:45
2026-03-27,1.189491817398794,corporate_actions,2026-09-02T14:33:45
2026-03-30,1.189491817398794,corporate_actions,2026-09-02T14:33:45
2026-03-31,1.189491817398794,corporate_actions,2026-09-02T14:33:45
2026-04-01,1.189491817398794,corporate_actions,2026-09-02T14:33:45
2026-04-02,1.189491817398794,corporate_actions,2026-09-02T14:33:45
2026-04-03,1.189491817398794,corporate_actions,2026-09-02T14:33:45
2026-04-07,1.189491817398794,corporate_actions,2026-09-02T14:33:45
2026-04-08,1.189491817398794,corporate_actions,2026-09-02T14:33:45
2026-04-09,1.189491817398794,corporate_actions,2026-09-02T14:33:45
2026-04-10,1.189491817398794,corporate_actions,2026-09-02T14:33:45
2026-04-13,1.189491817398794,corporate_actions,2026-09-02T14:33:45
2026-04-14,1.189491817398794,corporate_actions,2026-09-02T14:33:45
2026-04-15,1.189491817398794,corporate_actions,2026-09-02T14:33:45
2026-04-16,1.189491817398794,corporate_actions,2026-09-02T14:33:45
2026-04-17,1.189491817398794,corporate_actions,2026-09-02T14:33:45
2026-04-20,1.189491817398794,corporate_actions,2026-09-02T14:33:45
2026-04-21,1.189491817398794,corporate_actions,2026-09-02T14:33:45
2026-04-22,1.189491817398794,corporate_actions,2026-09-02T14:33:45
2026-04-23,1.189491817398794,corporate_actions,2026-09-02T14:33:45
2026-04-24,1.189491817398794,corporate_actions,2026-09-02T14:33:45
2026-04-27,1.189491817398794,corporate_actions,2026-09-02T14:33:45
2026-04-28,1.189491817398794,corporate_actions,2026-09-02T14:33:45
2026-04-29,1.189491817398794,corporate_actions,2026-09-02T14:33:45
2026-04-30,1.189491817398794,corporate_actions,2026-09-02T14:33:45
2026-05-06,1.189491817398794,corporate_actions,2026-09-02T14:33:45
2026-05-07,1.189491817398794,corporate_actions,2026-09-02T14:33:45
2026-05-08,1.189491817398794,corporate_actions,2026-09-02T14:33:45
2026-05-11,1.189491817398794,corporate_actions,2026-09-02T14:33:45
2026-05-12,1.189491817398794,corporate_actions,2026-09-02T14:33:45
2026-05-13,1.189491817398794,corporate_actions,2026-09-02T14:33:45
2026-05-14,1.189491817398794,corporate_actions,2026-09-02T14:33:45
2026-05-15,1.189491817398794,corporate_actions,2026-09-02T14:33:45
2026-05-18,1.189491817398794,corporate_actions,2026-09-02T14:33:45
2026-05-19,1.189491817398794,corporate_actions,2026-09-02T14:33:45
2026-05-20,1.189491817398794,corporate_actions,2026-09-02T14:33:45
2026-05-21,1.189491817398794,corporate_actions,2026-09-02T14:33:45
2026-05-22,1.189491817398794,corporate_actions,2026-09-02T14:33:45
2026-05-25,1.189491817398794,corporate_actions,2026-09-02T14:33:45
2026-05-26,1.189491817398794,corporate_actions,2026-09-02T14:33:45
2026-05-27,1.189491817398794,corporate_actions,2026-09-02T14:33:45
2026-05-28,1.189491817398794,corporate_actions,2026-09-02T14:33:45
2026-05-29,1.189491817398794,corporate_actions,2026-09-02T14:33:45
2026-06-01,1.189491817398794,corporate_actions,2026-09-02T14:33:45
2026-06-02,1.189491817398794,corporate_actions,2026-09-02T14:33:45
2026-06-03,1.189491817398794,corporate_actions,2026-09-02T14:33:45
2026-06-04,1.189491817398794,corporate_actions,2026-09-02T14:33:45
2026-06-05,1.189491817398794,corporate_actions,2026-09-02T14:33:45
2026-06-08,1.189491817398794,corporate_actions,2026-09-02T14:33:45
2026-06-09,1.189491817398794,corporate_actions,2026-09-02T14:33:45
2026-06-10,1.189491817398794,corporate_actions,2026-09-02T14:33:45
2026-06-11,1.189491817398794,corporate_actions,2026-09-02T14:33:45
2026-06-12,1.189491817398794,corporate_actions,2026-09-02T14:33:45
2026-06-15,1.189491817398794,corporate_actions,2026-09-02T14:33:45
2026-06-16,1.189491817398794,corporate_actions,2026-09-02T14:33:45
2026-06-17,1.189491817398794,corporate_actions,2026-09-02T14:33:45
2026-06-18,1.189491817398794,corporate_actions,2026-09-02T14:33:45
2026-06-22,1.189491817398794,corporate_actions,2026-09-02T14:33:45
2026-06-23,1.189491817398794,corporate_actions,2026-09-02T14:33:45
2026-06-24,1.189491817398794,corporate_actions,2026-09-02T14:33:45
2026-06-25,1.189491817398794,corporate_actions,2026-09-02T14:33:45
2026-06-26,1.189491817398794,corporate_actions,2026-09-02T14:33:45
2026-06-29,1.189491817398794,corporate_actions,2026-09-02T14:33:45
2026-06-30,1.189491817398794,corporate_actions,2026-09-02T14:33:45
2026-07-01,1.189491817398794,corporate_actions,2026-09-02T14:33:45
2026-07-02,1.189491817398794,corporate_actions,2026-09-02T14:33:45
2026-07-03,1.189491817398794,corporate_actions,2026-09-02T14:33:45
2026-07-06,1.189491817398794,corporate_actions,2026-09-02T14:33:45
2026-07-07,1.189491817398794,corporate_actions,2026-09-02T14:33:45
2026-07-08,1.189491817398794,corporate_actions,2026-09-02T14:33:45
2026-07-09,1.189491817398794,corporate_actions,2026-09-02T14:33:45
2026-07-10,1.189491817398794,corporate_actions,2026-09-02T14:33:45
2026-07-13,1.189491817398794,corporate_actions,2026-09-02T14:33:45
2026-07-14,1.189491817398794,corporate_actions,2026-09-02T14:33:45
2026-07-15,1.189491817398794,corporate_actions,2026-09-02T14:33:45
2026-07-16,1.189491817398794,corporate_actions,2026-09-02T14:33:45
2026-07-17,1.189491817398794,corporate_actions,2026-09-02T14:33:45
2026-07-20,1.189491817398794,corporate_actions,2026-09-02T14:33:45
2026-07-21,1.189491817398794,corporate_actions,2026-09-02T14:33:45
2026-07-22,1.189491817398794,corporate_actions,2026-09-02T14:33:45
2026-07-23,1.189491817398794,corporate_actions,2026-09-02T14:33:45
2026-07-24,1.189491817398794,corporate_actions,2026-09-02T14:33:45
2026-07-27,1.189491817398794,corporate_actions,2026-09-02T14:33:45
2026-07-28,1.189491817398794,corporate_actions,2026-09-02T14:33:45
2026-07-29,1.189491817398794,corporate_actions,2026-09-02T14:33:45
2026-07-30,1.189491817398794,corporate_actions,2026-09-02T14:33:45
2026-07-31,1.189491817398794,corporate_actions,2026-09-02T14:33:45
2026-08-03,1.189491817398794,corporate_actions,2026-09-02T14:33:45
2026-08-04,1.189491817398794,corporate_actions,2026-09-02T14:33:45
2026-08-05,1.189491817398794,corporate_actions,2026-09-02T14:33:45
2026-08-06,1.189491817398794,corporate_actions,2026-09-02T14:33:45
2026-08-07,1.189491817398794,corporate_actions,2026-09-02T14:33:45
2026-08-10,1.189491817398794,corporate_actions,2026-09-02T14:33:45
2026-08-11,1.189491817398794,corporate_actions,2026-09-02T14:33:45
2026-08-12,1.189491817398794,corporate_actions,2026-09-02T14:33:45
2026-08-13,1.189491817398794,corporate_actions,2026-09-02T14:33:45
2026-08-14,1.189491817398794,corporate_actions,2026-09-02T14:33:45
2026-08-17,1.189491817398794,corporate_actions,2026-09-02T14:33:45
2026-08-18,1.189491817398794,corporate_actions,2026-09-02T14:33:45
2026-08-19,1.189491817398794,corporate_actions,2026-09-02T14:33:45
2026-08-20,1.189491817398794,corporate_actions,2026-09-02T14:33:45
2026-08-21,1.189491817398794,corporate_actions,2026-09-02T14:33:45
2026-08-24,1.189491817398794,corporate_actions,2026-09-02T14:33:45
2026-08-25,1.189491817398794,corporate_actions,2026-09-02T14:33:45
2026-08-26,1.189491817398794,corporate_actions,2026-09-02T14:33:45
2026-08-27,1.189491817398794,corporate_actions,2026-09-02T14:33:45
2026-08-28,1.189491817398794,corporate_actions,2026-09-02T14:33:45
2026-08-31,1.189491817398794,corporate_actions,2026-09-02T14:33:45
2026-09-01,1.189491817398794,corporate_actions,2026-09-02T14:33:45
2026-09-02,1.189491817398794,corporate_actions,2026-09-06T20:53:26
2026-09-03,1.189491817398794,corporate_actions,2026-09-06T20:53:26
2026-09-04,1.189491817398794,corporate_actions,2026-09-06T20:53:26
