trade_date,open,high,low,close,volume,amount,adjust_factor,source,updated_at
2011-01-04,100.2104,100.2104,100.2104,100.2104,0.0,0.0,1.0,chinabond_official,2026-08-04T15:34:50
2011-01-05,100.6073,100.6073,100.6073,100.6073,0.0,0.0,1.0,chinabond_official,2026-08-04T15:34:50
2011-01-06,100.5305,100.5305,100.5305,100.5305,0.0,0.0,1.0,chinabond_official,2026-08-04T15:34:50
2011-01-07,100.623,100.623,100.623,100.623,0.0,0.0,1.0,chinabond_official,2026-08-04T15:34:50
2011-01-10,100.5296,100.5296,100.5296,100.5296,0.0,0.0,1.0,chinabond_official,2026-08-04T15:34:50
2011-01-11,100.3314,100.3314,100.3314,100.3314,0.0,0.0,1.0,chinabond_official,2026-08-04T15:34:50
2011-01-12,100.4559,100.4559,100.4559,100.4559,0.0,0.0,1.0,chinabond_official,2026-08-04T15:34:50
2011-01-13,100.372,100.372,100.372,100.372,0.0,0.0,1.0,chinabond_official,2026-08-04T15:34:50
2011-01-14,100.0856,100.0856,100.0856,100.0856,0.0,0.0,1.0,chinabond_official,2026-08-04T15:34:50
2011-01-17,99.8848,99.8848,99.8848,99.8848,0.0,0.0,1.0,chinabond_official,2026-08-04T15:34:50
2011-01-18,99.6494,99.6494,99.6494,99.6494,0.0,0.0,1.0,chinabond_official,2026-08-04T15:34:50
2011-01-19,99.7926,99.7926,99.7926,99.7926,0.0,0.0,1.0,chinabond_official,2026-08-04T15:34:50
2011-01-20,99.8051,99.8051,99.8051,99.8051,0.0,0.0,1.0,chinabond_official,2026-08-04T15:34:50
2011-01-21,99.6199,99.6199,99.6199,99.6199,0.0,0.0,1.0,chinabond_official,2026-08-04T15:34:50
2011-01-24,99.5921,99.5921,99.5921,99.5921,0.0,0.0,1.0,chinabond_official,2026-08-04T15:34:50
2011-01-25,99.4627,99.4627,99.4627,99.4627,0.0,0.0,1.0,chinabond_official,2026-08-04T15:34:50
2011-01-26,99.5356,99.5356,99.5356,99.5356,0.0,0.0,1.0,chinabond_official,2026-08-04T15:34:50
2011-01-27,99.512,99.512,99.512,99.512,0.0,0.0,1.0,chinabond_official,2026-08-04T15:34:50
2011-01-28,99.5356,99.5356,99.5356,99.5356,0.0,0.0,1.0,chinabond_official,2026-08-04T15:34:50
2011-01-30,99.5562,99.5562,99.5562,99.5562,0.0,0.0,1.0,chinabond_official,2026-08-04T15:34:50
2011-01-31,99.4964,99.4964,99.4964,99.4964,0.0,0.0,1.0,chinabond_official,2026-08-04T15:34:50
2011-02-01,99.503,99.503,99.503,99.503,0.0,0.0,1.0,chinabond_official,2026-08-04T15:34:50
2011-02-09,99.0412,99.0412,99.0412,99.0412,0.0,0.0,1.0,chinabond_official,2026-08-04T15:34:50
2011-02-10,98.8959,98.8959,98.8959,98.8959,0.0,0.0,1.0,chinabond_official,2026-08-04T15:34:50
2011-02-11,98.9848,98.9848,98.9848,98.9848,0.0,0.0,1.0,chinabond_official,2026-08-04T15:34:50
2011-02-12,98.9766,98.9766,98.9766,98.9766,0.0,0.0,1.0,chinabond_official,2026-08-04T15:34:50
2011-02-14,99.3884,99.3884,99.3884,99.3884,0.0,0.0,1.0,chinabond_official,2026-08-04T15:34:50
2011-02-15,99.525,99.525,99.525,99.525,0.0,0.0,1.0,chinabond_official,2026-08-04T15:34:50
2011-02-16,99.5354,99.5354,99.5354,99.5354,0.0,0.0,1.0,chinabond_official,2026-08-04T15:34:50
2011-02-17,99.5457,99.5457,99.5457,99.5457,0.0,0.0,1.0,chinabond_official,2026-08-04T15:34:50
2011-02-18,99.5563,99.5563,99.5563,99.5563,0.0,0.0,1.0,chinabond_official,2026-08-04T15:34:50
2011-02-21,99.3881,99.3881,99.3881,99.3881,0.0,0.0,1.0,chinabond_official,2026-08-04T15:34:50
2011-02-22,99.6125,99.6125,99.6125,99.6125,0.0,0.0,1.0,chinabond_official,2026-08-04T15:34:50
2011-02-23,100.0738,100.0738,100.0738,100.0738,0.0,0.0,1.0,chinabond_official,2026-08-04T15:34:50
2011-02-24,100.6452,100.6452,100.6452,100.6452,0.0,0.0,1.0,chinabond_official,2026-08-04T15:34:50
2011-02-25,100.3293,100.3293,100.3293,100.3293,0.0,0.0,1.0,chinabond_official,2026-08-04T15:34:50
2011-02-28,100.4685,100.4685,100.4685,100.4685,0.0,0.0,1.0,chinabond_official,2026-08-04T15:34:50
2011-03-01,100.4903,100.4903,100.4903,100.4903,0.0,0.0,1.0,chinabond_official,2026-08-04T15:34:50
2011-03-02,100.5646,100.5646,100.5646,100.5646,0.0,0.0,1.0,chinabond_official,2026-08-04T15:34:50
2011-03-03,100.5349,100.5349,100.5349,100.5349,0.0,0.0,1.0,chinabond_official,2026-08-04T15:34:50
2011-03-04,100.4647,100.4647,100.4647,100.4647,0.0,0.0,1.0,chinabond_official,2026-08-04T15:34:50
2011-03-07,100.5295,100.5295,100.5295,100.5295,0.0,0.0,1.0,chinabond_official,2026-08-04T15:34:50
2011-03-08,100.7816,100.7816,100.7816,100.7816,0.0,0.0,1.0,chinabond_official,2026-08-04T15:34:50
2011-03-09,100.756,100.756,100.756,100.756,0.0,0.0,1.0,chinabond_official,2026-08-04T15:34:50
2011-03-10,100.4816,100.4816,100.4816,100.4816,0.0,0.0,1.0,chinabond_official,2026-08-04T15:34:50
2011-03-11,100.4814,100.4814,100.4814,100.4814,0.0,0.0,1.0,chinabond_official,2026-08-04T15:34:50
2011-03-14,100.7267,100.7267,100.7267,100.7267,0.0,0.0,1.0,chinabond_official,2026-08-04T15:34:50
2011-03-15,101.0859,101.0859,101.0859,101.0859,0.0,0.0,1.0,chinabond_official,2026-08-04T15:34:50
2011-03-16,100.8498,100.8498,100.8498,100.8498,0.0,0.0,1.0,chinabond_official,2026-08-04T15:34:50
2011-03-17,101.0788,101.0788,101.0788,101.0788,0.0,0.0,1.0,chinabond_official,2026-08-04T15:34:50
2011-03-18,100.7084,100.7084,100.7084,100.7084,0.0,0.0,1.0,chinabond_official,2026-08-04T15:34:50
2011-03-21,100.5448,100.5448,100.5448,100.5448,0.0,0.0,1.0,chinabond_official,2026-08-04T15:34:50
2011-03-22,100.6617,100.6617,100.6617,100.6617,0.0,0.0,1.0,chinabond_official,2026-08-04T15:34:50
2011-03-23,100.6574,100.6574,100.6574,100.6574,0.0,0.0,1.0,chinabond_official,2026-08-04T15:34:50
2011-03-24,100.7294,100.7294,100.7294,100.7294,0.0,0.0,1.0,chinabond_official,2026-08-04T15:34:50
2011-03-25,100.7624,100.7624,100.7624,100.7624,0.0,0.0,1.0,chinabond_official,2026-08-04T15:34:50
2011-03-28,100.6424,100.6424,100.6424,100.6424,0.0,0.0,1.0,chinabond_official,2026-08-04T15:34:50
2011-03-29,100.7863,100.7863,100.7863,100.7863,0.0,0.0,1.0,chinabond_official,2026-08-04T15:34:50
2011-03-30,101.1252,101.1252,101.1252,101.1252,0.0,0.0,1.0,chinabond_official,2026-08-04T15:34:50
2011-03-31,101.0935,101.0935,101.0935,101.0935,0.0,0.0,1.0,chinabond_official,2026-08-04T15:34:50
2011-04-01,101.1609,101.1609,101.1609,101.1609,0.0,0.0,1.0,chinabond_official,2026-08-04T15:34:50
2011-04-02,101.2136,101.2136,101.2136,101.2136,0.0,0.0,1.0,chinabond_official,2026-08-04T15:34:50
2011-04-06,101.0427,101.0427,101.0427,101.0427,0.0,0.0,1.0,chinabond_official,2026-08-04T15:34:50
2011-04-07,101.1069,101.1069,101.1069,101.1069,0.0,0.0,1.0,chinabond_official,2026-08-04T15:34:50
2011-04-08,101.2007,101.2007,101.2007,101.2007,0.0,0.0,1.0,chinabond_official,2026-08-04T15:34:50
2011-04-11,100.9832,100.9832,100.9832,100.9832,0.0,0.0,1.0,chinabond_official,2026-08-04T15:34:50
2011-04-12,101.1766,101.1766,101.1766,101.1766,0.0,0.0,1.0,chinabond_official,2026-08-04T15:34:50
2011-04-13,100.9301,100.9301,100.9301,100.9301,0.0,0.0,1.0,chinabond_official,2026-08-04T15:34:50
2011-04-14,101.0238,101.0238,101.0238,101.0238,0.0,0.0,1.0,chinabond_official,2026-08-04T15:34:50
2011-04-15,101.0295,101.0295,101.0295,101.0295,0.0,0.0,1.0,chinabond_official,2026-08-04T15:34:50
2011-04-18,100.9474,100.9474,100.9474,100.9474,0.0,0.0,1.0,chinabond_official,2026-08-04T15:34:50
2011-04-19,101.072,101.072,101.072,101.072,0.0,0.0,1.0,chinabond_official,2026-08-04T15:34:50
2011-04-20,101.0899,101.0899,101.0899,101.0899,0.0,0.0,1.0,chinabond_official,2026-08-04T15:34:50
2011-04-21,101.1013,101.1013,101.1013,101.1013,0.0,0.0,1.0,chinabond_official,2026-08-04T15:34:50
2011-04-22,101.0715,101.0715,101.0715,101.0715,0.0,0.0,1.0,chinabond_official,2026-08-04T15:34:50
2011-04-25,101.072,101.072,101.072,101.072,0.0,0.0,1.0,chinabond_official,2026-08-04T15:34:50
2011-04-26,101.1598,101.1598,101.1598,101.1598,0.0,0.0,1.0,chinabond_official,2026-08-04T15:34:50
2011-04-27,101.3988,101.3988,101.3988,101.3988,0.0,0.0,1.0,chinabond_official,2026-08-04T15:34:50
2011-04-28,101.4889,101.4889,101.4889,101.4889,0.0,0.0,1.0,chinabond_official,2026-08-04T15:34:50
2011-04-29,101.4147,101.4147,101.4147,101.4147,0.0,0.0,1.0,chinabond_official,2026-08-04T15:34:50
2011-05-03,101.4282,101.4282,101.4282,101.4282,0.0,0.0,1.0,chinabond_official,2026-08-04T15:34:50
2011-05-04,101.4677,101.4677,101.4677,101.4677,0.0,0.0,1.0,chinabond_official,2026-08-04T15:34:50
2011-05-05,101.5171,101.5171,101.5171,101.5171,0.0,0.0,1.0,chinabond_official,2026-08-04T15:34:50
2011-05-06,101.8377,101.8377,101.8377,101.8377,0.0,0.0,1.0,chinabond_official,2026-08-04T15:34:50
2011-05-09,101.8336,101.8336,101.8336,101.8336,0.0,0.0,1.0,chinabond_official,2026-08-04T15:34:50
2011-05-10,101.8994,101.8994,101.8994,101.8994,0.0,0.0,1.0,chinabond_official,2026-08-04T15:34:50
2011-05-11,101.9352,101.9352,101.9352,101.9352,0.0,0.0,1.0,chinabond_official,2026-08-04T15:34:50
2011-05-12,102.0277,102.0277,102.0277,102.0277,0.0,0.0,1.0,chinabond_official,2026-08-04T15:34:50
2011-05-13,101.9217,101.9217,101.9217,101.9217,0.0,0.0,1.0,chinabond_official,2026-08-04T15:34:50
2011-05-16,101.756,101.756,101.756,101.756,0.0,0.0,1.0,chinabond_official,2026-08-04T15:34:50
2011-05-17,101.7428,101.7428,101.7428,101.7428,0.0,0.0,1.0,chinabond_official,2026-08-04T15:34:50
2011-05-18,101.681,101.681,101.681,101.681,0.0,0.0,1.0,chinabond_official,2026-08-04T15:34:50
2011-05-19,101.6877,101.6877,101.6877,101.6877,0.0,0.0,1.0,chinabond_official,2026-08-04T15:34:50
2011-05-20,101.6236,101.6236,101.6236,101.6236,0.0,0.0,1.0,chinabond_official,2026-08-04T15:34:50
2011-05-23,101.6213,101.6213,101.6213,101.6213,0.0,0.0,1.0,chinabond_official,2026-08-04T15:34:50
2011-05-24,101.6227,101.6227,101.6227,101.6227,0.0,0.0,1.0,chinabond_official,2026-08-04T15:34:50
2011-05-25,101.4183,101.4183,101.4183,101.4183,0.0,0.0,1.0,chinabond_official,2026-08-04T15:34:50
2011-05-26,101.4257,101.4257,101.4257,101.4257,0.0,0.0,1.0,chinabond_official,2026-08-04T15:34:50
2011-05-27,101.5109,101.5109,101.5109,101.5109,0.0,0.0,1.0,chinabond_official,2026-08-04T15:34:50
2011-05-30,101.4936,101.4936,101.4936,101.4936,0.0,0.0,1.0,chinabond_official,2026-08-04T15:34:50
2011-05-31,101.3154,101.3154,101.3154,101.3154,0.0,0.0,1.0,chinabond_official,2026-08-04T15:34:50
2011-06-01,101.3935,101.3935,101.3935,101.3935,0.0,0.0,1.0,chinabond_official,2026-08-04T15:34:50
2011-06-02,101.3602,101.3602,101.3602,101.3602,0.0,0.0,1.0,chinabond_official,2026-08-04T15:34:50
2011-06-03,101.3748,101.3748,101.3748,101.3748,0.0,0.0,1.0,chinabond_official,2026-08-04T15:34:50
2011-06-07,101.4213,101.4213,101.4213,101.4213,0.0,0.0,1.0,chinabond_official,2026-08-04T15:34:50
2011-06-08,101.2231,101.2231,101.2231,101.2231,0.0,0.0,1.0,chinabond_official,2026-08-04T15:34:50
2011-06-09,101.097,101.097,101.097,101.097,0.0,0.0,1.0,chinabond_official,2026-08-04T15:34:50
2011-06-10,100.8846,100.8846,100.8846,100.8846,0.0,0.0,1.0,chinabond_official,2026-08-04T15:34:50
2011-06-13,100.8166,100.8166,100.8166,100.8166,0.0,0.0,1.0,chinabond_official,2026-08-04T15:34:50
2011-06-14,100.5609,100.5609,100.5609,100.5609,0.0,0.0,1.0,chinabond_official,2026-08-04T15:34:50
2011-06-15,100.0672,100.0672,100.0672,100.0672,0.0,0.0,1.0,chinabond_official,2026-08-04T15:34:50
2011-06-16,100.2255,100.2255,100.2255,100.2255,0.0,0.0,1.0,chinabond_official,2026-08-04T15:34:50
2011-06-17,100.2262,100.2262,100.2262,100.2262,0.0,0.0,1.0,chinabond_official,2026-08-04T15:34:50
2011-06-20,100.456,100.456,100.456,100.456,0.0,0.0,1.0,chinabond_official,2026-08-04T15:34:50
2011-06-21,100.512,100.512,100.512,100.512,0.0,0.0,1.0,chinabond_official,2026-08-04T15:34:50
2011-06-22,99.5843,99.5843,99.5843,99.5843,0.0,0.0,1.0,chinabond_official,2026-08-04T15:34:50
2011-06-23,98.6489,98.6489,98.6489,98.6489,0.0,0.0,1.0,chinabond_official,2026-08-04T15:34:50
2011-06-24,98.8651,98.8651,98.8651,98.8651,0.0,0.0,1.0,chinabond_official,2026-08-04T15:34:50
2011-06-27,98.8917,98.8917,98.8917,98.8917,0.0,0.0,1.0,chinabond_official,2026-08-04T15:34:50
2011-06-28,98.7716,98.7716,98.7716,98.7716,0.0,0.0,1.0,chinabond_official,2026-08-04T15:34:50
2011-06-29,98.7749,98.7749,98.7749,98.7749,0.0,0.0,1.0,chinabond_official,2026-08-04T15:34:50
2011-06-30,98.7841,98.7841,98.7841,98.7841,0.0,0.0,1.0,chinabond_official,2026-08-04T15:34:50
2011-07-01,98.8491,98.8491,98.8491,98.8491,0.0,0.0,1.0,chinabond_official,2026-08-04T15:34:50
2011-07-04,98.8314,98.8314,98.8314,98.8314,0.0,0.0,1.0,chinabond_official,2026-08-04T15:34:50
2011-07-05,98.8652,98.8652,98.8652,98.8652,0.0,0.0,1.0,chinabond_official,2026-08-04T15:34:50
2011-07-06,99.0113,99.0113,99.0113,99.0113,0.0,0.0,1.0,chinabond_official,2026-08-04T15:34:50
2011-07-07,99.0253,99.0253,99.0253,99.0253,0.0,0.0,1.0,chinabond_official,2026-08-04T15:34:50
2011-07-08,99.1708,99.1708,99.1708,99.1708,0.0,0.0,1.0,chinabond_official,2026-08-04T15:34:50
2011-07-11,99.127,99.127,99.127,99.127,0.0,0.0,1.0,chinabond_official,2026-08-04T15:34:50
2011-07-12,99.2066,99.2066,99.2066,99.2066,0.0,0.0,1.0,chinabond_official,2026-08-04T15:34:50
2011-07-13,99.3683,99.3683,99.3683,99.3683,0.0,0.0,1.0,chinabond_official,2026-08-04T15:34:50
2011-07-14,99.1388,99.1388,99.1388,99.1388,0.0,0.0,1.0,chinabond_official,2026-08-04T15:34:50
2011-07-15,99.309,99.309,99.309,99.309,0.0,0.0,1.0,chinabond_official,2026-08-04T15:34:50
2011-07-18,99.1041,99.1041,99.1041,99.1041,0.0,0.0,1.0,chinabond_official,2026-08-04T15:34:50
2011-07-19,98.7427,98.7427,98.7427,98.7427,0.0,0.0,1.0,chinabond_official,2026-08-04T15:34:50
2011-07-20,98.4068,98.4068,98.4068,98.4068,0.0,0.0,1.0,chinabond_official,2026-08-04T15:34:50
2011-07-21,98.2356,98.2356,98.2356,98.2356,0.0,0.0,1.0,chinabond_official,2026-08-04T15:34:50
2011-07-22,98.4107,98.4107,98.4107,98.4107,0.0,0.0,1.0,chinabond_official,2026-08-04T15:34:50
2011-07-25,98.4532,98.4532,98.4532,98.4532,0.0,0.0,1.0,chinabond_official,2026-08-04T15:34:50
2011-07-26,98.3847,98.3847,98.3847,98.3847,0.0,0.0,1.0,chinabond_official,2026-08-04T15:34:50
2011-07-27,98.1001,98.1001,98.1001,98.1001,0.0,0.0,1.0,chinabond_official,2026-08-04T15:34:50
2011-07-28,97.7338,97.7338,97.7338,97.7338,0.0,0.0,1.0,chinabond_official,2026-08-04T15:34:50
2011-07-29,97.7461,97.7461,97.7461,97.7461,0.0,0.0,1.0,chinabond_official,2026-08-04T15:34:50
2011-08-01,97.932,97.932,97.932,97.932,0.0,0.0,1.0,chinabond_official,2026-08-04T15:34:50
2011-08-02,97.6712,97.6712,97.6712,97.6712,0.0,0.0,1.0,chinabond_official,2026-08-04T15:34:50
2011-08-03,97.3649,97.3649,97.3649,97.3649,0.0,0.0,1.0,chinabond_official,2026-08-04T15:34:50
2011-08-04,97.5186,97.5186,97.5186,97.5186,0.0,0.0,1.0,chinabond_official,2026-08-04T15:34:50
2011-08-05,97.7716,97.7716,97.7716,97.7716,0.0,0.0,1.0,chinabond_official,2026-08-04T15:34:50
2011-08-08,97.8791,97.8791,97.8791,97.8791,0.0,0.0,1.0,chinabond_official,2026-08-04T15:34:50
2011-08-09,97.9833,97.9833,97.9833,97.9833,0.0,0.0,1.0,chinabond_official,2026-08-04T15:34:50
2011-08-10,98.5595,98.5595,98.5595,98.5595,0.0,0.0,1.0,chinabond_official,2026-08-04T15:34:50
2011-08-11,98.6655,98.6655,98.6655,98.6655,0.0,0.0,1.0,chinabond_official,2026-08-04T15:34:50
2011-08-12,98.7335,98.7335,98.7335,98.7335,0.0,0.0,1.0,chinabond_official,2026-08-04T15:34:50
2011-08-15,99.0155,99.0155,99.0155,99.0155,0.0,0.0,1.0,chinabond_official,2026-08-04T15:34:50
2011-08-16,99.0754,99.0754,99.0754,99.0754,0.0,0.0,1.0,chinabond_official,2026-08-04T15:34:50
2011-08-17,99.1465,99.1465,99.1465,99.1465,0.0,0.0,1.0,chinabond_official,2026-08-04T15:34:50
2011-08-18,98.9777,98.9777,98.9777,98.9777,0.0,0.0,1.0,chinabond_official,2026-08-04T15:34:50
2011-08-19,99.0975,99.0975,99.0975,99.0975,0.0,0.0,1.0,chinabond_official,2026-08-04T15:34:50
2011-08-22,99.1535,99.1535,99.1535,99.1535,0.0,0.0,1.0,chinabond_official,2026-08-04T15:34:50
2011-08-23,99.1537,99.1537,99.1537,99.1537,0.0,0.0,1.0,chinabond_official,2026-08-04T15:34:50
2011-08-24,99.3552,99.3552,99.3552,99.3552,0.0,0.0,1.0,chinabond_official,2026-08-04T15:34:50
2011-08-25,99.1751,99.1751,99.1751,99.1751,0.0,0.0,1.0,chinabond_official,2026-08-04T15:34:50
2011-08-26,99.4971,99.4971,99.4971,99.4971,0.0,0.0,1.0,chinabond_official,2026-08-04T15:34:50
2011-08-29,98.9724,98.9724,98.9724,98.9724,0.0,0.0,1.0,chinabond_official,2026-08-04T15:34:50
2011-08-30,98.6886,98.6886,98.6886,98.6886,0.0,0.0,1.0,chinabond_official,2026-08-04T15:34:50
2011-08-31,98.8574,98.8574,98.8574,98.8574,0.0,0.0,1.0,chinabond_official,2026-08-04T15:34:50
2011-09-01,99.1092,99.1092,99.1092,99.1092,0.0,0.0,1.0,chinabond_official,2026-08-04T15:34:50
2011-09-02,99.1261,99.1261,99.1261,99.1261,0.0,0.0,1.0,chinabond_official,2026-08-04T15:34:50
2011-09-05,99.3203,99.3203,99.3203,99.3203,0.0,0.0,1.0,chinabond_official,2026-08-04T15:34:50
2011-09-06,99.4115,99.4115,99.4115,99.4115,0.0,0.0,1.0,chinabond_official,2026-08-04T15:34:50
2011-09-07,99.3938,99.3938,99.3938,99.3938,0.0,0.0,1.0,chinabond_official,2026-08-04T15:34:50
2011-09-08,99.572,99.572,99.572,99.572,0.0,0.0,1.0,chinabond_official,2026-08-04T15:34:50
2011-09-09,99.7424,99.7424,99.7424,99.7424,0.0,0.0,1.0,chinabond_official,2026-08-04T15:34:50
2011-09-13,100.0358,100.0358,100.0358,100.0358,0.0,0.0,1.0,chinabond_official,2026-08-04T15:34:50
2011-09-14,100.0482,100.0482,100.0482,100.0482,0.0,0.0,1.0,chinabond_official,2026-08-04T15:34:50
2011-09-15,99.8347,99.8347,99.8347,99.8347,0.0,0.0,1.0,chinabond_official,2026-08-04T15:34:50
2011-09-16,99.6405,99.6405,99.6405,99.6405,0.0,0.0,1.0,chinabond_official,2026-08-04T15:34:50
2011-09-19,99.6364,99.6364,99.6364,99.6364,0.0,0.0,1.0,chinabond_official,2026-08-04T15:34:50
2011-09-20,99.6486,99.6486,99.6486,99.6486,0.0,0.0,1.0,chinabond_official,2026-08-04T15:34:50
2011-09-21,99.6729,99.6729,99.6729,99.6729,0.0,0.0,1.0,chinabond_official,2026-08-04T15:34:50
2011-09-22,99.8361,99.8361,99.8361,99.8361,0.0,0.0,1.0,chinabond_official,2026-08-04T15:34:50
2011-09-23,100.4663,100.4663,100.4663,100.4663,0.0,0.0,1.0,chinabond_official,2026-08-04T15:34:50
2011-09-26,100.8128,100.8128,100.8128,100.8128,0.0,0.0,1.0,chinabond_official,2026-08-04T15:34:50
2011-09-27,100.8712,100.8712,100.8712,100.8712,0.0,0.0,1.0,chinabond_official,2026-08-04T15:34:50
2011-09-28,100.6819,100.6819,100.6819,100.6819,0.0,0.0,1.0,chinabond_official,2026-08-04T15:34:50
2011-09-29,100.794,100.794,100.794,100.794,0.0,0.0,1.0,chinabond_official,2026-08-04T15:34:50
2011-09-30,101.032,101.032,101.032,101.032,0.0,0.0,1.0,chinabond_official,2026-08-04T15:34:50
2011-10-08,101.1154,101.1154,101.1154,101.1154,0.0,0.0,1.0,chinabond_official,2026-08-04T15:34:50
2011-10-09,101.4943,101.4943,101.4943,101.4943,0.0,0.0,1.0,chinabond_official,2026-08-04T15:34:50
2011-10-10,101.8635,101.8635,101.8635,101.8635,0.0,0.0,1.0,chinabond_official,2026-08-04T15:34:50
2011-10-11,102.1982,102.1982,102.1982,102.1982,0.0,0.0,1.0,chinabond_official,2026-08-04T15:34:50
2011-10-12,102.3013,102.3013,102.3013,102.3013,0.0,0.0,1.0,chinabond_official,2026-08-04T15:34:50
2011-10-13,102.3426,102.3426,102.3426,102.3426,0.0,0.0,1.0,chinabond_official,2026-08-04T15:34:50
2011-10-14,102.7532,102.7532,102.7532,102.7532,0.0,0.0,1.0,chinabond_official,2026-08-04T15:34:50
2011-10-17,102.6941,102.6941,102.6941,102.6941,0.0,0.0,1.0,chinabond_official,2026-08-04T15:34:50
2011-10-18,103.3375,103.3375,103.3375,103.3375,0.0,0.0,1.0,chinabond_official,2026-08-04T15:34:50
2011-10-19,103.562,103.562,103.562,103.562,0.0,0.0,1.0,chinabond_official,2026-08-04T15:34:50
2011-10-20,103.7852,103.7852,103.7852,103.7852,0.0,0.0,1.0,chinabond_official,2026-08-04T15:34:50
2011-10-21,103.8525,103.8525,103.8525,103.8525,0.0,0.0,1.0,chinabond_official,2026-08-04T15:34:50
2011-10-24,103.9994,103.9994,103.9994,103.9994,0.0,0.0,1.0,chinabond_official,2026-08-04T15:34:50
2011-10-25,103.9358,103.9358,103.9358,103.9358,0.0,0.0,1.0,chinabond_official,2026-08-04T15:34:50
2011-10-26,104.224,104.224,104.224,104.224,0.0,0.0,1.0,chinabond_official,2026-08-04T15:34:50
2011-10-27,104.1884,104.1884,104.1884,104.1884,0.0,0.0,1.0,chinabond_official,2026-08-04T15:34:50
2011-10-28,104.3426,104.3426,104.3426,104.3426,0.0,0.0,1.0,chinabond_official,2026-08-04T15:34:50
2011-10-31,104.5105,104.5105,104.5105,104.5105,0.0,0.0,1.0,chinabond_official,2026-08-04T15:34:50
2011-11-01,105.2344,105.2344,105.2344,105.2344,0.0,0.0,1.0,chinabond_official,2026-08-04T15:34:50
2011-11-02,105.3915,105.3915,105.3915,105.3915,0.0,0.0,1.0,chinabond_official,2026-08-04T15:34:50
2011-11-03,105.4624,105.4624,105.4624,105.4624,0.0,0.0,1.0,chinabond_official,2026-08-04T15:34:50
2011-11-04,105.533,105.533,105.533,105.533,0.0,0.0,1.0,chinabond_official,2026-08-04T15:34:50
2011-11-07,105.437,105.437,105.437,105.437,0.0,0.0,1.0,chinabond_official,2026-08-04T15:34:50
2011-11-08,105.8056,105.8056,105.8056,105.8056,0.0,0.0,1.0,chinabond_official,2026-08-04T15:34:50
2011-11-09,106.0939,106.0939,106.0939,106.0939,0.0,0.0,1.0,chinabond_official,2026-08-04T15:34:50
2011-11-10,106.5001,106.5001,106.5001,106.5001,0.0,0.0,1.0,chinabond_official,2026-08-04T15:34:50
2011-11-11,106.3953,106.3953,106.3953,106.3953,0.0,0.0,1.0,chinabond_official,2026-08-04T15:34:50
2011-11-14,106.5517,106.5517,106.5517,106.5517,0.0,0.0,1.0,chinabond_official,2026-08-04T15:34:50
2011-11-15,106.2174,106.2174,106.2174,106.2174,0.0,0.0,1.0,chinabond_official,2026-08-04T15:34:50
2011-11-16,106.4719,106.4719,106.4719,106.4719,0.0,0.0,1.0,chinabond_official,2026-08-04T15:34:50
2011-11-17,106.3651,106.3651,106.3651,106.3651,0.0,0.0,1.0,chinabond_official,2026-08-04T15:34:50
2011-11-18,106.33,106.33,106.33,106.33,0.0,0.0,1.0,chinabond_official,2026-08-04T15:34:50
2011-11-21,106.1693,106.1693,106.1693,106.1693,0.0,0.0,1.0,chinabond_official,2026-08-04T15:34:50
2011-11-22,106.08,106.08,106.08,106.08,0.0,0.0,1.0,chinabond_official,2026-08-04T15:34:50
2011-11-23,106.4321,106.4321,106.4321,106.4321,0.0,0.0,1.0,chinabond_official,2026-08-04T15:34:50
2011-11-24,106.2323,106.2323,106.2323,106.2323,0.0,0.0,1.0,chinabond_official,2026-08-04T15:34:50
2011-11-25,106.2389,106.2389,106.2389,106.2389,0.0,0.0,1.0,chinabond_official,2026-08-04T15:34:50
2011-11-28,106.1951,106.1951,106.1951,106.1951,0.0,0.0,1.0,chinabond_official,2026-08-04T15:34:50
2011-11-29,106.1339,106.1339,106.1339,106.1339,0.0,0.0,1.0,chinabond_official,2026-08-04T15:34:50
2011-11-30,106.2408,106.2408,106.2408,106.2408,0.0,0.0,1.0,chinabond_official,2026-08-04T15:34:50
2011-12-01,107.4903,107.4903,107.4903,107.4903,0.0,0.0,1.0,chinabond_official,2026-08-04T15:34:50
2011-12-02,108.0729,108.0729,108.0729,108.0729,0.0,0.0,1.0,chinabond_official,2026-08-04T15:34:50
2011-12-05,107.9212,107.9212,107.9212,107.9212,0.0,0.0,1.0,chinabond_official,2026-08-04T15:34:50
2011-12-06,107.8153,107.8153,107.8153,107.8153,0.0,0.0,1.0,chinabond_official,2026-08-04T15:34:50
2011-12-07,107.9327,107.9327,107.9327,107.9327,0.0,0.0,1.0,chinabond_official,2026-08-04T15:34:50
2011-12-08,107.9757,107.9757,107.9757,107.9757,0.0,0.0,1.0,chinabond_official,2026-08-04T15:34:50
2011-12-09,107.8652,107.8652,107.8652,107.8652,0.0,0.0,1.0,chinabond_official,2026-08-04T15:34:50
2011-12-12,107.8113,107.8113,107.8113,107.8113,0.0,0.0,1.0,chinabond_official,2026-08-04T15:34:50
2011-12-13,107.7474,107.7474,107.7474,107.7474,0.0,0.0,1.0,chinabond_official,2026-08-04T15:34:50
2011-12-14,107.8675,107.8675,107.8675,107.8675,0.0,0.0,1.0,chinabond_official,2026-08-04T15:34:50
2011-12-15,107.8038,107.8038,107.8038,107.8038,0.0,0.0,1.0,chinabond_official,2026-08-04T15:34:50
2011-12-16,108.1051,108.1051,108.1051,108.1051,0.0,0.0,1.0,chinabond_official,2026-08-04T15:34:50
2011-12-19,108.0268,108.0268,108.0268,108.0268,0.0,0.0,1.0,chinabond_official,2026-08-04T15:34:50
2011-12-20,108.0626,108.0626,108.0626,108.0626,0.0,0.0,1.0,chinabond_official,2026-08-04T15:34:50
2011-12-21,108.0246,108.0246,108.0246,108.0246,0.0,0.0,1.0,chinabond_official,2026-08-04T15:34:50
2011-12-22,108.0843,108.0843,108.0843,108.0843,0.0,0.0,1.0,chinabond_official,2026-08-04T15:34:50
2011-12-23,108.0149,108.0149,108.0149,108.0149,0.0,0.0,1.0,chinabond_official,2026-08-04T15:34:50
2011-12-26,108.2612,108.2612,108.2612,108.2612,0.0,0.0,1.0,chinabond_official,2026-08-04T15:34:50
2011-12-27,108.1528,108.1528,108.1528,108.1528,0.0,0.0,1.0,chinabond_official,2026-08-04T15:34:50
2011-12-28,108.2,108.2,108.2,108.2,0.0,0.0,1.0,chinabond_official,2026-08-04T15:34:50
2011-12-29,108.2537,108.2537,108.2537,108.2537,0.0,0.0,1.0,chinabond_official,2026-08-04T15:34:50
2011-12-30,108.1906,108.1906,108.1906,108.1906,0.0,0.0,1.0,chinabond_official,2026-08-04T15:34:50
2011-12-31,108.191,108.191,108.191,108.191,0.0,0.0,1.0,chinabond_official,2026-08-04T15:34:50
2012-01-04,108.0803,108.0803,108.0803,108.0803,0.0,0.0,1.0,chinabond_official,2026-08-04T15:34:50
2012-01-05,108.2403,108.2403,108.2403,108.2403,0.0,0.0,1.0,chinabond_official,2026-08-04T15:34:50
2012-01-06,108.4684,108.4684,108.4684,108.4684,0.0,0.0,1.0,chinabond_official,2026-08-04T15:34:50
2012-01-09,108.2913,108.2913,108.2913,108.2913,0.0,0.0,1.0,chinabond_official,2026-08-04T15:34:50
2012-01-10,108.8681,108.8681,108.8681,108.8681,0.0,0.0,1.0,chinabond_official,2026-08-04T15:34:50
2012-01-11,108.688,108.688,108.688,108.688,0.0,0.0,1.0,chinabond_official,2026-08-04T15:34:50
2012-01-12,108.7351,108.7351,108.7351,108.7351,0.0,0.0,1.0,chinabond_official,2026-08-04T15:34:50
2012-01-13,108.6614,108.6614,108.6614,108.6614,0.0,0.0,1.0,chinabond_official,2026-08-04T15:34:50
2012-01-16,108.54,108.54,108.54,108.54,0.0,0.0,1.0,chinabond_official,2026-08-04T15:34:50
2012-01-17,108.6366,108.6366,108.6366,108.6366,0.0,0.0,1.0,chinabond_official,2026-08-04T15:34:50
2012-01-18,108.4302,108.4302,108.4302,108.4302,0.0,0.0,1.0,chinabond_official,2026-08-04T15:34:50
2012-01-19,108.6162,108.6162,108.6162,108.6162,0.0,0.0,1.0,chinabond_official,2026-08-04T15:34:50
2012-01-20,108.5839,108.5839,108.5839,108.5839,0.0,0.0,1.0,chinabond_official,2026-08-04T15:34:50
2012-01-21,108.596,108.596,108.596,108.596,0.0,0.0,1.0,chinabond_official,2026-08-04T15:34:50
2012-01-29,108.6965,108.6965,108.6965,108.6965,0.0,0.0,1.0,chinabond_official,2026-08-04T15:34:50
2012-01-30,108.6237,108.6237,108.6237,108.6237,0.0,0.0,1.0,chinabond_official,2026-08-04T15:34:50
2012-01-31,108.7543,108.7543,108.7543,108.7543,0.0,0.0,1.0,chinabond_official,2026-08-04T15:34:50
2012-02-01,108.4725,108.4725,108.4725,108.4725,0.0,0.0,1.0,chinabond_official,2026-08-04T15:34:50
2012-02-02,108.4035,108.4035,108.4035,108.4035,0.0,0.0,1.0,chinabond_official,2026-08-04T15:34:50
2012-02-03,108.5144,108.5144,108.5144,108.5144,0.0,0.0,1.0,chinabond_official,2026-08-04T15:34:50
2012-02-06,108.0908,108.0908,108.0908,108.0908,0.0,0.0,1.0,chinabond_official,2026-08-04T15:34:50
2012-02-07,108.0681,108.0681,108.0681,108.0681,0.0,0.0,1.0,chinabond_official,2026-08-04T15:34:50
2012-02-08,107.9178,107.9178,107.9178,107.9178,0.0,0.0,1.0,chinabond_official,2026-08-04T15:34:50
2012-02-09,107.9283,107.9283,107.9283,107.9283,0.0,0.0,1.0,chinabond_official,2026-08-04T15:34:50
2012-02-10,108.0726,108.0726,108.0726,108.0726,0.0,0.0,1.0,chinabond_official,2026-08-04T15:34:50
2012-02-13,108.2861,108.2861,108.2861,108.2861,0.0,0.0,1.0,chinabond_official,2026-08-04T15:34:50
2012-02-14,108.2418,108.2418,108.2418,108.2418,0.0,0.0,1.0,chinabond_official,2026-08-04T15:34:50
2012-02-15,108.0779,108.0779,108.0779,108.0779,0.0,0.0,1.0,chinabond_official,2026-08-04T15:34:50
2012-02-16,108.0876,108.0876,108.0876,108.0876,0.0,0.0,1.0,chinabond_official,2026-08-04T15:34:50
2012-02-17,107.9624,107.9624,107.9624,107.9624,0.0,0.0,1.0,chinabond_official,2026-08-04T15:34:50
2012-02-20,108.2023,108.2023,108.2023,108.2023,0.0,0.0,1.0,chinabond_official,2026-08-04T15:34:50
2012-02-21,108.0558,108.0558,108.0558,108.0558,0.0,0.0,1.0,chinabond_official,2026-08-04T15:34:50
2012-02-22,108.0563,108.0563,108.0563,108.0563,0.0,0.0,1.0,chinabond_official,2026-08-04T15:34:50
2012-02-23,108.1012,108.1012,108.1012,108.1012,0.0,0.0,1.0,chinabond_official,2026-08-04T15:34:50
2012-02-24,108.1723,108.1723,108.1723,108.1723,0.0,0.0,1.0,chinabond_official,2026-08-04T15:34:50
2012-02-27,107.7694,107.7694,107.7694,107.7694,0.0,0.0,1.0,chinabond_official,2026-08-04T15:34:50
2012-02-28,107.9294,107.9294,107.9294,107.9294,0.0,0.0,1.0,chinabond_official,2026-08-04T15:34:50
2012-02-29,107.8052,107.8052,107.8052,107.8052,0.0,0.0,1.0,chinabond_official,2026-08-04T15:34:50
2012-03-01,107.7494,107.7494,107.7494,107.7494,0.0,0.0,1.0,chinabond_official,2026-08-04T15:34:50
2012-03-02,107.6488,107.6488,107.6488,107.6488,0.0,0.0,1.0,chinabond_official,2026-08-04T15:34:50
2012-03-05,107.6791,107.6791,107.6791,107.6791,0.0,0.0,1.0,chinabond_official,2026-08-04T15:34:50
2012-03-06,107.8126,107.8126,107.8126,107.8126,0.0,0.0,1.0,chinabond_official,2026-08-04T15:34:50
2012-03-07,107.957,107.957,107.957,107.957,0.0,0.0,1.0,chinabond_official,2026-08-04T15:34:50
2012-03-08,107.9977,107.9977,107.9977,107.9977,0.0,0.0,1.0,chinabond_official,2026-08-04T15:34:50
2012-03-09,107.7739,107.7739,107.7739,107.7739,0.0,0.0,1.0,chinabond_official,2026-08-04T15:34:50
2012-03-12,107.848,107.848,107.848,107.848,0.0,0.0,1.0,chinabond_official,2026-08-04T15:34:50
2012-03-13,107.776,107.776,107.776,107.776,0.0,0.0,1.0,chinabond_official,2026-08-04T15:34:50
2012-03-14,107.7789,107.7789,107.7789,107.7789,0.0,0.0,1.0,chinabond_official,2026-08-04T15:34:50
2012-03-15,107.6378,107.6378,107.6378,107.6378,0.0,0.0,1.0,chinabond_official,2026-08-04T15:34:50
2012-03-16,108.0873,108.0873,108.0873,108.0873,0.0,0.0,1.0,chinabond_official,2026-08-04T15:34:50
2012-03-19,107.8576,107.8576,107.8576,107.8576,0.0,0.0,1.0,chinabond_official,2026-08-04T15:34:50
2012-03-20,107.8917,107.8917,107.8917,107.8917,0.0,0.0,1.0,chinabond_official,2026-08-04T15:34:50
2012-03-21,107.6959,107.6959,107.6959,107.6959,0.0,0.0,1.0,chinabond_official,2026-08-04T15:34:50
2012-03-22,107.7089,107.7089,107.7089,107.7089,0.0,0.0,1.0,chinabond_official,2026-08-04T15:34:50
2012-03-23,107.7618,107.7618,107.7618,107.7618,0.0,0.0,1.0,chinabond_official,2026-08-04T15:34:50
2012-03-26,107.7857,107.7857,107.7857,107.7857,0.0,0.0,1.0,chinabond_official,2026-08-04T15:34:50
2012-03-27,107.7903,107.7903,107.7903,107.7903,0.0,0.0,1.0,chinabond_official,2026-08-04T15:34:50
2012-03-28,107.8582,107.8582,107.8582,107.8582,0.0,0.0,1.0,chinabond_official,2026-08-04T15:34:50
2012-03-29,107.9186,107.9186,107.9186,107.9186,0.0,0.0,1.0,chinabond_official,2026-08-04T15:34:50
2012-03-30,107.9952,107.9952,107.9952,107.9952,0.0,0.0,1.0,chinabond_official,2026-08-04T15:34:50
2012-03-31,108.0411,108.0411,108.0411,108.0411,0.0,0.0,1.0,chinabond_official,2026-08-04T15:34:50
2012-04-01,107.8947,107.8947,107.8947,107.8947,0.0,0.0,1.0,chinabond_official,2026-08-04T15:34:50
2012-04-05,107.9559,107.9559,107.9559,107.9559,0.0,0.0,1.0,chinabond_official,2026-08-04T15:34:50
2012-04-06,107.9386,107.9386,107.9386,107.9386,0.0,0.0,1.0,chinabond_official,2026-08-04T15:34:50
2012-04-09,107.6717,107.6717,107.6717,107.6717,0.0,0.0,1.0,chinabond_official,2026-08-04T15:34:50
2012-04-10,107.6379,107.6379,107.6379,107.6379,0.0,0.0,1.0,chinabond_official,2026-08-04T15:34:50
2012-04-11,107.6607,107.6607,107.6607,107.6607,0.0,0.0,1.0,chinabond_official,2026-08-04T15:34:50
2012-04-12,107.3992,107.3992,107.3992,107.3992,0.0,0.0,1.0,chinabond_official,2026-08-04T15:34:50
2012-04-13,107.1131,107.1131,107.1131,107.1131,0.0,0.0,1.0,chinabond_official,2026-08-04T15:34:50
2012-04-16,107.1196,107.1196,107.1196,107.1196,0.0,0.0,1.0,chinabond_official,2026-08-04T15:34:50
2012-04-17,107.1064,107.1064,107.1064,107.1064,0.0,0.0,1.0,chinabond_official,2026-08-04T15:34:50
2012-04-18,107.161,107.161,107.161,107.161,0.0,0.0,1.0,chinabond_official,2026-08-04T15:34:50
2012-04-19,107.1105,107.1105,107.1105,107.1105,0.0,0.0,1.0,chinabond_official,2026-08-04T15:34:50
2012-04-20,107.2074,107.2074,107.2074,107.2074,0.0,0.0,1.0,chinabond_official,2026-08-04T15:34:50
2012-04-23,107.2559,107.2559,107.2559,107.2559,0.0,0.0,1.0,chinabond_official,2026-08-04T15:34:50
2012-04-24,107.3233,107.3233,107.3233,107.3233,0.0,0.0,1.0,chinabond_official,2026-08-04T15:34:50
2012-04-25,107.3173,107.3173,107.3173,107.3173,0.0,0.0,1.0,chinabond_official,2026-08-04T15:34:50
2012-04-26,107.3326,107.3326,107.3326,107.3326,0.0,0.0,1.0,chinabond_official,2026-08-04T15:34:50
2012-04-27,107.3409,107.3409,107.3409,107.3409,0.0,0.0,1.0,chinabond_official,2026-08-04T15:34:50
2012-04-28,107.3534,107.3534,107.3534,107.3534,0.0,0.0,1.0,chinabond_official,2026-08-04T15:34:50
2012-05-02,107.3727,107.3727,107.3727,107.3727,0.0,0.0,1.0,chinabond_official,2026-08-04T15:34:50
2012-05-03,107.4674,107.4674,107.4674,107.4674,0.0,0.0,1.0,chinabond_official,2026-08-04T15:34:50
2012-05-04,107.5107,107.5107,107.5107,107.5107,0.0,0.0,1.0,chinabond_official,2026-08-04T15:34:50
2012-05-07,107.4749,107.4749,107.4749,107.4749,0.0,0.0,1.0,chinabond_official,2026-08-04T15:34:50
2012-05-08,107.4889,107.4889,107.4889,107.4889,0.0,0.0,1.0,chinabond_official,2026-08-04T15:34:50
2012-05-09,107.5455,107.5455,107.5455,107.5455,0.0,0.0,1.0,chinabond_official,2026-08-04T15:34:50
2012-05-10,107.5646,107.5646,107.5646,107.5646,0.0,0.0,1.0,chinabond_official,2026-08-04T15:34:50
2012-05-11,107.871,107.871,107.871,107.871,0.0,0.0,1.0,chinabond_official,2026-08-04T15:34:50
2012-05-14,108.2993,108.2993,108.2993,108.2993,0.0,0.0,1.0,chinabond_official,2026-08-04T15:34:50
2012-05-15,108.9529,108.9529,108.9529,108.9529,0.0,0.0,1.0,chinabond_official,2026-08-04T15:34:50
2012-05-16,109.2828,109.2828,109.2828,109.2828,0.0,0.0,1.0,chinabond_official,2026-08-04T15:34:50
2012-05-17,108.8711,108.8711,108.8711,108.8711,0.0,0.0,1.0,chinabond_official,2026-08-04T15:34:50
2012-05-18,109.1432,109.1432,109.1432,109.1432,0.0,0.0,1.0,chinabond_official,2026-08-04T15:34:50
2012-05-21,108.9003,108.9003,108.9003,108.9003,0.0,0.0,1.0,chinabond_official,2026-08-04T15:34:50
2012-05-22,108.8915,108.8915,108.8915,108.8915,0.0,0.0,1.0,chinabond_official,2026-08-04T15:34:50
2012-05-23,108.9878,108.9878,108.9878,108.9878,0.0,0.0,1.0,chinabond_official,2026-08-04T15:34:50
2012-05-24,109.1642,109.1642,109.1642,109.1642,0.0,0.0,1.0,chinabond_official,2026-08-04T15:34:50
2012-05-25,109.6995,109.6995,109.6995,109.6995,0.0,0.0,1.0,chinabond_official,2026-08-04T15:34:50
2012-05-28,109.3821,109.3821,109.3821,109.3821,0.0,0.0,1.0,chinabond_official,2026-08-04T15:34:50
2012-05-29,109.1417,109.1417,109.1417,109.1417,0.0,0.0,1.0,chinabond_official,2026-08-04T15:34:50
2012-05-30,109.3185,109.3185,109.3185,109.3185,0.0,0.0,1.0,chinabond_official,2026-08-04T15:34:50
2012-05-31,109.4361,109.4361,109.4361,109.4361,0.0,0.0,1.0,chinabond_official,2026-08-04T15:34:50
2012-06-01,109.4793,109.4793,109.4793,109.4793,0.0,0.0,1.0,chinabond_official,2026-08-04T15:34:50
2012-06-04,109.5871,109.5871,109.5871,109.5871,0.0,0.0,1.0,chinabond_official,2026-08-04T15:34:50
2012-06-05,109.5792,109.5792,109.5792,109.5792,0.0,0.0,1.0,chinabond_official,2026-08-04T15:34:50
2012-06-06,109.5879,109.5879,109.5879,109.5879,0.0,0.0,1.0,chinabond_official,2026-08-04T15:34:50
2012-06-07,109.4731,109.4731,109.4731,109.4731,0.0,0.0,1.0,chinabond_official,2026-08-04T15:34:50
2012-06-08,110.1076,110.1076,110.1076,110.1076,0.0,0.0,1.0,chinabond_official,2026-08-04T15:34:50
2012-06-11,109.7663,109.7663,109.7663,109.7663,0.0,0.0,1.0,chinabond_official,2026-08-04T15:34:50
2012-06-12,109.7227,109.7227,109.7227,109.7227,0.0,0.0,1.0,chinabond_official,2026-08-04T15:34:50
2012-06-13,109.6001,109.6001,109.6001,109.6001,0.0,0.0,1.0,chinabond_official,2026-08-04T15:34:50
2012-06-14,109.5376,109.5376,109.5376,109.5376,0.0,0.0,1.0,chinabond_official,2026-08-04T15:34:50
2012-06-15,109.668,109.668,109.668,109.668,0.0,0.0,1.0,chinabond_official,2026-08-04T15:34:50
2012-06-18,109.5499,109.5499,109.5499,109.5499,0.0,0.0,1.0,chinabond_official,2026-08-04T15:34:50
2012-06-19,109.597,109.597,109.597,109.597,0.0,0.0,1.0,chinabond_official,2026-08-04T15:34:50
2012-06-20,109.5801,109.5801,109.5801,109.5801,0.0,0.0,1.0,chinabond_official,2026-08-04T15:34:50
2012-06-21,109.6761,109.6761,109.6761,109.6761,0.0,0.0,1.0,chinabond_official,2026-08-04T15:34:50
2012-06-25,109.9081,109.9081,109.9081,109.9081,0.0,0.0,1.0,chinabond_official,2026-08-04T15:34:50
2012-06-26,109.7875,109.7875,109.7875,109.7875,0.0,0.0,1.0,chinabond_official,2026-08-04T15:34:50
2012-06-27,110.1632,110.1632,110.1632,110.1632,0.0,0.0,1.0,chinabond_official,2026-08-04T15:34:50
2012-06-28,110.1627,110.1627,110.1627,110.1627,0.0,0.0,1.0,chinabond_official,2026-08-04T15:34:50
2012-06-29,110.2329,110.2329,110.2329,110.2329,0.0,0.0,1.0,chinabond_official,2026-08-04T15:34:50
2012-07-02,110.1675,110.1675,110.1675,110.1675,0.0,0.0,1.0,chinabond_official,2026-08-04T15:34:50
2012-07-03,110.2039,110.2039,110.2039,110.2039,0.0,0.0,1.0,chinabond_official,2026-08-04T15:34:50
2012-07-04,110.2739,110.2739,110.2739,110.2739,0.0,0.0,1.0,chinabond_official,2026-08-04T15:34:50
2012-07-05,110.2599,110.2599,110.2599,110.2599,0.0,0.0,1.0,chinabond_official,2026-08-04T15:34:50
2012-07-06,110.3679,110.3679,110.3679,110.3679,0.0,0.0,1.0,chinabond_official,2026-08-04T15:34:50
2012-07-09,110.4804,110.4804,110.4804,110.4804,0.0,0.0,1.0,chinabond_official,2026-08-04T15:34:50
2012-07-10,110.6748,110.6748,110.6748,110.6748,0.0,0.0,1.0,chinabond_official,2026-08-04T15:34:50
2012-07-11,110.4731,110.4731,110.4731,110.4731,0.0,0.0,1.0,chinabond_official,2026-08-04T15:34:50
2012-07-12,110.348,110.348,110.348,110.348,0.0,0.0,1.0,chinabond_official,2026-08-04T15:34:50
2012-07-13,110.3332,110.3332,110.3332,110.3332,0.0,0.0,1.0,chinabond_official,2026-08-04T15:34:50
2012-07-16,110.1164,110.1164,110.1164,110.1164,0.0,0.0,1.0,chinabond_official,2026-08-04T15:34:50
2012-07-17,110.1818,110.1818,110.1818,110.1818,0.0,0.0,1.0,chinabond_official,2026-08-04T15:34:50
2012-07-18,110.1913,110.1913,110.1913,110.1913,0.0,0.0,1.0,chinabond_official,2026-08-04T15:34:50
2012-07-19,110.1959,110.1959,110.1959,110.1959,0.0,0.0,1.0,chinabond_official,2026-08-04T15:34:50
2012-07-20,110.3632,110.3632,110.3632,110.3632,0.0,0.0,1.0,chinabond_official,2026-08-04T15:34:50
2012-07-23,110.3701,110.3701,110.3701,110.3701,0.0,0.0,1.0,chinabond_official,2026-08-04T15:34:50
2012-07-24,110.318,110.318,110.318,110.318,0.0,0.0,1.0,chinabond_official,2026-08-04T15:34:50
2012-07-25,110.3307,110.3307,110.3307,110.3307,0.0,0.0,1.0,chinabond_official,2026-08-04T15:34:50
2012-07-26,110.1445,110.1445,110.1445,110.1445,0.0,0.0,1.0,chinabond_official,2026-08-04T15:34:50
2012-07-27,110.155,110.155,110.155,110.155,0.0,0.0,1.0,chinabond_official,2026-08-04T15:34:50
2012-07-30,110.2092,110.2092,110.2092,110.2092,0.0,0.0,1.0,chinabond_official,2026-08-04T15:34:50
2012-07-31,110.0769,110.0769,110.0769,110.0769,0.0,0.0,1.0,chinabond_official,2026-08-04T15:34:50
2012-08-01,110.0817,110.0817,110.0817,110.0817,0.0,0.0,1.0,chinabond_official,2026-08-04T15:34:50
2012-08-02,110.1322,110.1322,110.1322,110.1322,0.0,0.0,1.0,chinabond_official,2026-08-04T15:34:50
2012-08-03,110.105,110.105,110.105,110.105,0.0,0.0,1.0,chinabond_official,2026-08-04T15:34:50
2012-08-06,109.9742,109.9742,109.9742,109.9742,0.0,0.0,1.0,chinabond_official,2026-08-04T15:34:50
2012-08-07,109.7856,109.7856,109.7856,109.7856,0.0,0.0,1.0,chinabond_official,2026-08-04T15:34:50
2012-08-08,109.5541,109.5541,109.5541,109.5541,0.0,0.0,1.0,chinabond_official,2026-08-04T15:34:50
2012-08-09,109.9942,109.9942,109.9942,109.9942,0.0,0.0,1.0,chinabond_official,2026-08-04T15:34:50
2012-08-10,109.7443,109.7443,109.7443,109.7443,0.0,0.0,1.0,chinabond_official,2026-08-04T15:34:50
2012-08-13,109.7809,109.7809,109.7809,109.7809,0.0,0.0,1.0,chinabond_official,2026-08-04T15:34:50
2012-08-14,109.8633,109.8633,109.8633,109.8633,0.0,0.0,1.0,chinabond_official,2026-08-04T15:34:50
2012-08-15,109.802,109.802,109.802,109.802,0.0,0.0,1.0,chinabond_official,2026-08-04T15:34:50
2012-08-16,109.799,109.799,109.799,109.799,0.0,0.0,1.0,chinabond_official,2026-08-04T15:34:50
2012-08-17,109.8476,109.8476,109.8476,109.8476,0.0,0.0,1.0,chinabond_official,2026-08-04T15:34:50
2012-08-20,109.7885,109.7885,109.7885,109.7885,0.0,0.0,1.0,chinabond_official,2026-08-04T15:34:50
2012-08-21,109.7187,109.7187,109.7187,109.7187,0.0,0.0,1.0,chinabond_official,2026-08-04T15:34:50
2012-08-22,109.5621,109.5621,109.5621,109.5621,0.0,0.0,1.0,chinabond_official,2026-08-04T15:34:50
2012-08-23,109.6102,109.6102,109.6102,109.6102,0.0,0.0,1.0,chinabond_official,2026-08-04T15:34:50
2012-08-24,109.6772,109.6772,109.6772,109.6772,0.0,0.0,1.0,chinabond_official,2026-08-04T15:34:50
2012-08-27,109.7176,109.7176,109.7176,109.7176,0.0,0.0,1.0,chinabond_official,2026-08-04T15:34:50
2012-08-28,109.6868,109.6868,109.6868,109.6868,0.0,0.0,1.0,chinabond_official,2026-08-04T15:34:50
2012-08-29,109.5437,109.5437,109.5437,109.5437,0.0,0.0,1.0,chinabond_official,2026-08-04T15:34:50
2012-08-30,109.5763,109.5763,109.5763,109.5763,0.0,0.0,1.0,chinabond_official,2026-08-04T15:34:50
2012-08-31,109.6903,109.6903,109.6903,109.6903,0.0,0.0,1.0,chinabond_official,2026-08-04T15:34:50
2012-09-03,109.7419,109.7419,109.7419,109.7419,0.0,0.0,1.0,chinabond_official,2026-08-04T15:34:50
2012-09-04,109.7319,109.7319,109.7319,109.7319,0.0,0.0,1.0,chinabond_official,2026-08-04T15:34:50
2012-09-05,109.7957,109.7957,109.7957,109.7957,0.0,0.0,1.0,chinabond_official,2026-08-04T15:34:50
2012-09-06,109.9287,109.9287,109.9287,109.9287,0.0,0.0,1.0,chinabond_official,2026-08-04T15:34:50
2012-09-07,109.6913,109.6913,109.6913,109.6913,0.0,0.0,1.0,chinabond_official,2026-08-04T15:34:50
2012-09-10,109.7051,109.7051,109.7051,109.7051,0.0,0.0,1.0,chinabond_official,2026-08-04T15:34:50
2012-09-11,109.6391,109.6391,109.6391,109.6391,0.0,0.0,1.0,chinabond_official,2026-08-04T15:34:50
2012-09-12,109.6082,109.6082,109.6082,109.6082,0.0,0.0,1.0,chinabond_official,2026-08-04T15:34:50
2012-09-13,109.7653,109.7653,109.7653,109.7653,0.0,0.0,1.0,chinabond_official,2026-08-04T15:34:50
2012-09-14,109.6432,109.6432,109.6432,109.6432,0.0,0.0,1.0,chinabond_official,2026-08-04T15:34:50
2012-09-17,109.6559,109.6559,109.6559,109.6559,0.0,0.0,1.0,chinabond_official,2026-08-04T15:34:50
2012-09-18,109.7669,109.7669,109.7669,109.7669,0.0,0.0,1.0,chinabond_official,2026-08-04T15:34:50
2012-09-19,109.7606,109.7606,109.7606,109.7606,0.0,0.0,1.0,chinabond_official,2026-08-04T15:34:50
2012-09-20,109.7994,109.7994,109.7994,109.7994,0.0,0.0,1.0,chinabond_official,2026-08-04T15:34:50
2012-09-21,109.9868,109.9868,109.9868,109.9868,0.0,0.0,1.0,chinabond_official,2026-08-04T15:34:50
2012-09-24,110.0707,110.0707,110.0707,110.0707,0.0,0.0,1.0,chinabond_official,2026-08-04T15:34:50
2012-09-25,110.1443,110.1443,110.1443,110.1443,0.0,0.0,1.0,chinabond_official,2026-08-04T15:34:50
2012-09-26,109.9031,109.9031,109.9031,109.9031,0.0,0.0,1.0,chinabond_official,2026-08-04T15:34:50
2012-09-27,109.5525,109.5525,109.5525,109.5525,0.0,0.0,1.0,chinabond_official,2026-08-04T15:34:50
2012-09-28,109.4755,109.4755,109.4755,109.4755,0.0,0.0,1.0,chinabond_official,2026-08-04T15:34:50
2012-09-29,109.4882,109.4882,109.4882,109.4882,0.0,0.0,1.0,chinabond_official,2026-08-04T15:34:50
2012-10-08,109.3495,109.3495,109.3495,109.3495,0.0,0.0,1.0,chinabond_official,2026-08-04T15:34:50
2012-10-09,109.186,109.186,109.186,109.186,0.0,0.0,1.0,chinabond_official,2026-08-04T15:34:50
2012-10-10,109.082,109.082,109.082,109.082,0.0,0.0,1.0,chinabond_official,2026-08-04T15:34:50
2012-10-11,109.1456,109.1456,109.1456,109.1456,0.0,0.0,1.0,chinabond_official,2026-08-04T15:34:50
2012-10-12,109.2737,109.2737,109.2737,109.2737,0.0,0.0,1.0,chinabond_official,2026-08-04T15:34:50
2012-10-15,109.5364,109.5364,109.5364,109.5364,0.0,0.0,1.0,chinabond_official,2026-08-04T15:34:50
2012-10-16,109.3656,109.3656,109.3656,109.3656,0.0,0.0,1.0,chinabond_official,2026-08-04T15:34:50
2012-10-17,109.3328,109.3328,109.3328,109.3328,0.0,0.0,1.0,chinabond_official,2026-08-04T15:34:50
2012-10-18,109.2696,109.2696,109.2696,109.2696,0.0,0.0,1.0,chinabond_official,2026-08-04T15:34:50
2012-10-19,109.2745,109.2745,109.2745,109.2745,0.0,0.0,1.0,chinabond_official,2026-08-04T15:34:50
2012-10-22,109.3166,109.3166,109.3166,109.3166,0.0,0.0,1.0,chinabond_official,2026-08-04T15:34:50
2012-10-23,109.321,109.321,109.321,109.321,0.0,0.0,1.0,chinabond_official,2026-08-04T15:34:50
2012-10-24,109.323,109.323,109.323,109.323,0.0,0.0,1.0,chinabond_official,2026-08-04T15:34:50
2012-10-25,109.2595,109.2595,109.2595,109.2595,0.0,0.0,1.0,chinabond_official,2026-08-04T15:34:50
2012-10-26,109.2475,109.2475,109.2475,109.2475,0.0,0.0,1.0,chinabond_official,2026-08-04T15:34:50
2012-10-29,109.3025,109.3025,109.3025,109.3025,0.0,0.0,1.0,chinabond_official,2026-08-04T15:34:50
2012-10-30,109.4933,109.4933,109.4933,109.4933,0.0,0.0,1.0,chinabond_official,2026-08-04T15:34:50
2012-10-31,109.4349,109.4349,109.4349,109.4349,0.0,0.0,1.0,chinabond_official,2026-08-04T15:34:50
2012-11-01,109.4221,109.4221,109.4221,109.4221,0.0,0.0,1.0,chinabond_official,2026-08-04T15:34:50
2012-11-02,109.4847,109.4847,109.4847,109.4847,0.0,0.0,1.0,chinabond_official,2026-08-04T15:34:50
2012-11-05,109.7032,109.7032,109.7032,109.7032,0.0,0.0,1.0,chinabond_official,2026-08-04T15:34:50
2012-11-06,109.7705,109.7705,109.7705,109.7705,0.0,0.0,1.0,chinabond_official,2026-08-04T15:34:50
2012-11-07,109.8851,109.8851,109.8851,109.8851,0.0,0.0,1.0,chinabond_official,2026-08-04T15:34:50
2012-11-08,109.8424,109.8424,109.8424,109.8424,0.0,0.0,1.0,chinabond_official,2026-08-04T15:34:50
2012-11-09,109.8385,109.8385,109.8385,109.8385,0.0,0.0,1.0,chinabond_official,2026-08-04T15:34:50
2012-11-12,109.9014,109.9014,109.9014,109.9014,0.0,0.0,1.0,chinabond_official,2026-08-04T15:34:50
2012-11-13,109.968,109.968,109.968,109.968,0.0,0.0,1.0,chinabond_official,2026-08-04T15:34:50
2012-11-14,110.0063,110.0063,110.0063,110.0063,0.0,0.0,1.0,chinabond_official,2026-08-04T15:34:50
2012-11-15,109.9439,109.9439,109.9439,109.9439,0.0,0.0,1.0,chinabond_official,2026-08-04T15:34:50
2012-11-16,109.9945,109.9945,109.9945,109.9945,0.0,0.0,1.0,chinabond_official,2026-08-04T15:34:50
2012-11-19,110.0393,110.0393,110.0393,110.0393,0.0,0.0,1.0,chinabond_official,2026-08-04T15:34:50
2012-11-20,110.0324,110.0324,110.0324,110.0324,0.0,0.0,1.0,chinabond_official,2026-08-04T15:34:50
2012-11-21,110.0215,110.0215,110.0215,110.0215,0.0,0.0,1.0,chinabond_official,2026-08-04T15:34:50
2012-11-22,109.9903,109.9903,109.9903,109.9903,0.0,0.0,1.0,chinabond_official,2026-08-04T15:34:50
2012-11-23,109.9908,109.9908,109.9908,109.9908,0.0,0.0,1.0,chinabond_official,2026-08-04T15:34:50
2012-11-26,109.9707,109.9707,109.9707,109.9707,0.0,0.0,1.0,chinabond_official,2026-08-04T15:34:50
2012-11-27,110.0534,110.0534,110.0534,110.0534,0.0,0.0,1.0,chinabond_official,2026-08-04T15:34:50
2012-11-28,110.0657,110.0657,110.0657,110.0657,0.0,0.0,1.0,chinabond_official,2026-08-04T15:34:50
2012-11-29,110.074,110.074,110.074,110.074,0.0,0.0,1.0,chinabond_official,2026-08-04T15:34:50
2012-11-30,110.0458,110.0458,110.0458,110.0458,0.0,0.0,1.0,chinabond_official,2026-08-04T15:34:50
2012-12-03,110.075,110.075,110.075,110.075,0.0,0.0,1.0,chinabond_official,2026-08-04T15:34:50
2012-12-04,110.0095,110.0095,110.0095,110.0095,0.0,0.0,1.0,chinabond_official,2026-08-04T15:34:50
2012-12-05,109.9926,109.9926,109.9926,109.9926,0.0,0.0,1.0,chinabond_official,2026-08-04T15:34:50
2012-12-06,110.0175,110.0175,110.0175,110.0175,0.0,0.0,1.0,chinabond_official,2026-08-04T15:34:50
2012-12-07,110.0324,110.0324,110.0324,110.0324,0.0,0.0,1.0,chinabond_official,2026-08-04T15:34:50
2012-12-10,110.0386,110.0386,110.0386,110.0386,0.0,0.0,1.0,chinabond_official,2026-08-04T15:34:50
2012-12-11,110.1018,110.1018,110.1018,110.1018,0.0,0.0,1.0,chinabond_official,2026-08-04T15:34:50
2012-12-12,110.0996,110.0996,110.0996,110.0996,0.0,0.0,1.0,chinabond_official,2026-08-04T15:34:50
2012-12-13,110.1122,110.1122,110.1122,110.1122,0.0,0.0,1.0,chinabond_official,2026-08-04T15:34:50
2012-12-14,110.0567,110.0567,110.0567,110.0567,0.0,0.0,1.0,chinabond_official,2026-08-04T15:34:50
2012-12-17,110.0868,110.0868,110.0868,110.0868,0.0,0.0,1.0,chinabond_official,2026-08-04T15:34:50
2012-12-18,110.1554,110.1554,110.1554,110.1554,0.0,0.0,1.0,chinabond_official,2026-08-04T15:34:50
2012-12-19,110.1164,110.1164,110.1164,110.1164,0.0,0.0,1.0,chinabond_official,2026-08-04T15:34:50
2012-12-20,110.1314,110.1314,110.1314,110.1314,0.0,0.0,1.0,chinabond_official,2026-08-04T15:34:50
2012-12-21,110.138,110.138,110.138,110.138,0.0,0.0,1.0,chinabond_official,2026-08-04T15:34:50
2012-12-24,110.2023,110.2023,110.2023,110.2023,0.0,0.0,1.0,chinabond_official,2026-08-04T15:34:50
2012-12-25,110.243,110.243,110.243,110.243,0.0,0.0,1.0,chinabond_official,2026-08-04T15:34:50
2012-12-26,110.2698,110.2698,110.2698,110.2698,0.0,0.0,1.0,chinabond_official,2026-08-04T15:34:50
2012-12-27,110.2903,110.2903,110.2903,110.2903,0.0,0.0,1.0,chinabond_official,2026-08-04T15:34:50
2012-12-28,110.3293,110.3293,110.3293,110.3293,0.0,0.0,1.0,chinabond_official,2026-08-04T15:34:50
2012-12-31,110.3663,110.3663,110.3663,110.3663,0.0,0.0,1.0,chinabond_official,2026-08-04T15:34:50
2013-01-04,110.3429,110.3429,110.3429,110.3429,0.0,0.0,1.0,chinabond_official,2026-08-04T15:34:50
2013-01-05,110.3726,110.3726,110.3726,110.3726,0.0,0.0,1.0,chinabond_official,2026-08-04T15:34:50
2013-01-06,110.3963,110.3963,110.3963,110.3963,0.0,0.0,1.0,chinabond_official,2026-08-04T15:34:50
2013-01-07,110.4044,110.4044,110.4044,110.4044,0.0,0.0,1.0,chinabond_official,2026-08-04T15:34:50
2013-01-08,110.4171,110.4171,110.4171,110.4171,0.0,0.0,1.0,chinabond_official,2026-08-04T15:34:50
2013-01-09,110.4424,110.4424,110.4424,110.4424,0.0,0.0,1.0,chinabond_official,2026-08-04T15:34:50
2013-01-10,110.4116,110.4116,110.4116,110.4116,0.0,0.0,1.0,chinabond_official,2026-08-04T15:34:50
2013-01-11,110.4154,110.4154,110.4154,110.4154,0.0,0.0,1.0,chinabond_official,2026-08-04T15:34:50
2013-01-14,110.4468,110.4468,110.4468,110.4468,0.0,0.0,1.0,chinabond_official,2026-08-04T15:34:50
2013-01-15,110.464,110.464,110.464,110.464,0.0,0.0,1.0,chinabond_official,2026-08-04T15:34:50
2013-01-16,110.4703,110.4703,110.4703,110.4703,0.0,0.0,1.0,chinabond_official,2026-08-04T15:34:50
2013-01-17,110.498,110.498,110.498,110.498,0.0,0.0,1.0,chinabond_official,2026-08-04T15:34:50
2013-01-18,110.5469,110.5469,110.5469,110.5469,0.0,0.0,1.0,chinabond_official,2026-08-04T15:34:50
2013-01-21,110.6118,110.6118,110.6118,110.6118,0.0,0.0,1.0,chinabond_official,2026-08-04T15:34:50
2013-01-22,110.6318,110.6318,110.6318,110.6318,0.0,0.0,1.0,chinabond_official,2026-08-04T15:34:50
2013-01-23,110.652,110.652,110.652,110.652,0.0,0.0,1.0,chinabond_official,2026-08-04T15:34:50
2013-01-24,110.5603,110.5603,110.5603,110.5603,0.0,0.0,1.0,chinabond_official,2026-08-04T15:34:50
2013-01-25,110.5633,110.5633,110.5633,110.5633,0.0,0.0,1.0,chinabond_official,2026-08-04T15:34:50
2013-01-28,110.501,110.501,110.501,110.501,0.0,0.0,1.0,chinabond_official,2026-08-04T15:34:50
2013-01-29,110.4503,110.4503,110.4503,110.4503,0.0,0.0,1.0,chinabond_official,2026-08-04T15:34:50
2013-01-30,110.5512,110.5512,110.5512,110.5512,0.0,0.0,1.0,chinabond_official,2026-08-04T15:34:50
2013-01-31,110.5629,110.5629,110.5629,110.5629,0.0,0.0,1.0,chinabond_official,2026-08-04T15:34:50
2013-02-01,110.6279,110.6279,110.6279,110.6279,0.0,0.0,1.0,chinabond_official,2026-08-04T15:34:50
2013-02-04,110.6621,110.6621,110.6621,110.6621,0.0,0.0,1.0,chinabond_official,2026-08-04T15:34:50
2013-02-05,110.7788,110.7788,110.7788,110.7788,0.0,0.0,1.0,chinabond_official,2026-08-04T15:34:50
2013-02-06,110.7852,110.7852,110.7852,110.7852,0.0,0.0,1.0,chinabond_official,2026-08-04T15:34:50
2013-02-07,110.7881,110.7881,110.7881,110.7881,0.0,0.0,1.0,chinabond_official,2026-08-04T15:34:50
2013-02-08,110.8685,110.8685,110.8685,110.8685,0.0,0.0,1.0,chinabond_official,2026-08-04T15:34:50
2013-02-16,110.9089,110.9089,110.9089,110.9089,0.0,0.0,1.0,chinabond_official,2026-08-04T15:34:50
2013-02-17,110.9947,110.9947,110.9947,110.9947,0.0,0.0,1.0,chinabond_official,2026-08-04T15:34:50
2013-02-18,110.9325,110.9325,110.9325,110.9325,0.0,0.0,1.0,chinabond_official,2026-08-04T15:34:50
2013-02-19,110.9016,110.9016,110.9016,110.9016,0.0,0.0,1.0,chinabond_official,2026-08-04T15:34:50
2013-02-20,111.0735,111.0735,111.0735,111.0735,0.0,0.0,1.0,chinabond_official,2026-08-04T15:34:50
2013-02-21,111.167,111.167,111.167,111.167,0.0,0.0,1.0,chinabond_official,2026-08-04T15:34:50
2013-02-22,111.1397,111.1397,111.1397,111.1397,0.0,0.0,1.0,chinabond_official,2026-08-04T15:34:50
2013-02-25,111.1172,111.1172,111.1172,111.1172,0.0,0.0,1.0,chinabond_official,2026-08-04T15:34:50
2013-02-26,111.0768,111.0768,111.0768,111.0768,0.0,0.0,1.0,chinabond_official,2026-08-04T15:34:50
2013-02-27,111.1112,111.1112,111.1112,111.1112,0.0,0.0,1.0,chinabond_official,2026-08-04T15:34:50
2013-02-28,111.0956,111.0956,111.0956,111.0956,0.0,0.0,1.0,chinabond_official,2026-08-04T15:34:50
2013-03-01,111.1503,111.1503,111.1503,111.1503,0.0,0.0,1.0,chinabond_official,2026-08-04T15:34:50
2013-03-04,111.2371,111.2371,111.2371,111.2371,0.0,0.0,1.0,chinabond_official,2026-08-04T15:34:50
2013-03-05,111.2628,111.2628,111.2628,111.2628,0.0,0.0,1.0,chinabond_official,2026-08-04T15:34:50
2013-03-06,111.2538,111.2538,111.2538,111.2538,0.0,0.0,1.0,chinabond_official,2026-08-04T15:34:50
2013-03-07,111.2608,111.2608,111.2608,111.2608,0.0,0.0,1.0,chinabond_official,2026-08-04T15:34:50
2013-03-08,111.2705,111.2705,111.2705,111.2705,0.0,0.0,1.0,chinabond_official,2026-08-04T15:34:50
2013-03-11,111.2536,111.2536,111.2536,111.2536,0.0,0.0,1.0,chinabond_official,2026-08-04T15:34:50
2013-03-12,111.2316,111.2316,111.2316,111.2316,0.0,0.0,1.0,chinabond_official,2026-08-04T15:34:50
2013-03-13,111.1904,111.1904,111.1904,111.1904,0.0,0.0,1.0,chinabond_official,2026-08-04T15:34:50
2013-03-14,111.1923,111.1923,111.1923,111.1923,0.0,0.0,1.0,chinabond_official,2026-08-04T15:34:50
2013-03-15,111.2046,111.2046,111.2046,111.2046,0.0,0.0,1.0,chinabond_official,2026-08-04T15:34:50
2013-03-18,111.2155,111.2155,111.2155,111.2155,0.0,0.0,1.0,chinabond_official,2026-08-04T15:34:50
2013-03-19,111.2271,111.2271,111.2271,111.2271,0.0,0.0,1.0,chinabond_official,2026-08-04T15:34:50
2013-03-20,111.345,111.345,111.345,111.345,0.0,0.0,1.0,chinabond_official,2026-08-04T15:34:50
2013-03-21,111.3189,111.3189,111.3189,111.3189,0.0,0.0,1.0,chinabond_official,2026-08-04T15:34:50
2013-03-22,111.3349,111.3349,111.3349,111.3349,0.0,0.0,1.0,chinabond_official,2026-08-04T15:34:50
2013-03-25,111.3962,111.3962,111.3962,111.3962,0.0,0.0,1.0,chinabond_official,2026-08-04T15:34:50
2013-03-26,111.4349,111.4349,111.4349,111.4349,0.0,0.0,1.0,chinabond_official,2026-08-04T15:34:50
2013-03-27,111.5003,111.5003,111.5003,111.5003,0.0,0.0,1.0,chinabond_official,2026-08-04T15:34:50
2013-03-28,111.593,111.593,111.593,111.593,0.0,0.0,1.0,chinabond_official,2026-08-04T15:34:50
2013-03-29,111.6646,111.6646,111.6646,111.6646,0.0,0.0,1.0,chinabond_official,2026-08-04T15:34:50
2013-04-01,111.7506,111.7506,111.7506,111.7506,0.0,0.0,1.0,chinabond_official,2026-08-04T15:34:50
2013-04-02,111.8715,111.8715,111.8715,111.8715,0.0,0.0,1.0,chinabond_official,2026-08-04T15:34:50
2013-04-03,111.9387,111.9387,111.9387,111.9387,0.0,0.0,1.0,chinabond_official,2026-08-04T15:34:50
2013-04-07,112.044,112.044,112.044,112.044,0.0,0.0,1.0,chinabond_official,2026-08-04T15:34:50
2013-04-08,112.0592,112.0592,112.0592,112.0592,0.0,0.0,1.0,chinabond_official,2026-08-04T15:34:50
2013-04-09,112.1817,112.1817,112.1817,112.1817,0.0,0.0,1.0,chinabond_official,2026-08-04T15:34:50
2013-04-10,112.2526,112.2526,112.2526,112.2526,0.0,0.0,1.0,chinabond_official,2026-08-04T15:34:50
2013-04-11,112.2153,112.2153,112.2153,112.2153,0.0,0.0,1.0,chinabond_official,2026-08-04T15:34:50
2013-04-12,112.2553,112.2553,112.2553,112.2553,0.0,0.0,1.0,chinabond_official,2026-08-04T15:34:50
2013-04-15,112.2854,112.2854,112.2854,112.2854,0.0,0.0,1.0,chinabond_official,2026-08-04T15:34:50
2013-04-16,112.5185,112.5185,112.5185,112.5185,0.0,0.0,1.0,chinabond_official,2026-08-04T15:34:50
2013-04-17,112.4742,112.4742,112.4742,112.4742,0.0,0.0,1.0,chinabond_official,2026-08-04T15:34:50
2013-04-18,112.3218,112.3218,112.3218,112.3218,0.0,0.0,1.0,chinabond_official,2026-08-04T15:34:50
2013-04-19,112.3895,112.3895,112.3895,112.3895,0.0,0.0,1.0,chinabond_official,2026-08-04T15:34:50
2013-04-22,112.3759,112.3759,112.3759,112.3759,0.0,0.0,1.0,chinabond_official,2026-08-04T15:34:50
2013-04-23,112.4338,112.4338,112.4338,112.4338,0.0,0.0,1.0,chinabond_official,2026-08-04T15:34:50
2013-04-24,112.4851,112.4851,112.4851,112.4851,0.0,0.0,1.0,chinabond_official,2026-08-04T15:34:50
2013-04-25,112.5756,112.5756,112.5756,112.5756,0.0,0.0,1.0,chinabond_official,2026-08-04T15:34:50
2013-04-26,112.5208,112.5208,112.5208,112.5208,0.0,0.0,1.0,chinabond_official,2026-08-04T15:34:50
2013-04-27,112.5338,112.5338,112.5338,112.5338,0.0,0.0,1.0,chinabond_official,2026-08-04T15:34:50
2013-04-28,112.5465,112.5465,112.5465,112.5465,0.0,0.0,1.0,chinabond_official,2026-08-04T15:34:50
2013-05-02,112.6469,112.6469,112.6469,112.6469,0.0,0.0,1.0,chinabond_official,2026-08-04T15:34:50
2013-05-03,112.7739,112.7739,112.7739,112.7739,0.0,0.0,1.0,chinabond_official,2026-08-04T15:34:50
2013-05-06,112.7749,112.7749,112.7749,112.7749,0.0,0.0,1.0,chinabond_official,2026-08-04T15:34:50
2013-05-07,112.7939,112.7939,112.7939,112.7939,0.0,0.0,1.0,chinabond_official,2026-08-04T15:34:50
2013-05-08,112.7689,112.7689,112.7689,112.7689,0.0,0.0,1.0,chinabond_official,2026-08-04T15:34:50
2013-05-09,112.7903,112.7903,112.7903,112.7903,0.0,0.0,1.0,chinabond_official,2026-08-04T15:34:50
2013-05-10,112.8282,112.8282,112.8282,112.8282,0.0,0.0,1.0,chinabond_official,2026-08-04T15:34:50
2013-05-13,112.8605,112.8605,112.8605,112.8605,0.0,0.0,1.0,chinabond_official,2026-08-04T15:34:50
2013-05-14,112.8703,112.8703,112.8703,112.8703,0.0,0.0,1.0,chinabond_official,2026-08-04T15:34:50
2013-05-15,112.8822,112.8822,112.8822,112.8822,0.0,0.0,1.0,chinabond_official,2026-08-04T15:34:50
2013-05-16,112.8953,112.8953,112.8953,112.8953,0.0,0.0,1.0,chinabond_official,2026-08-04T15:34:50
2013-05-17,113.2576,113.2576,113.2576,113.2576,0.0,0.0,1.0,chinabond_official,2026-08-04T15:34:50
2013-05-20,113.4784,113.4784,113.4784,113.4784,0.0,0.0,1.0,chinabond_official,2026-08-04T15:34:50
2013-05-21,113.6613,113.6613,113.6613,113.6613,0.0,0.0,1.0,chinabond_official,2026-08-04T15:34:50
2013-05-22,113.8568,113.8568,113.8568,113.8568,0.0,0.0,1.0,chinabond_official,2026-08-04T15:34:50
2013-05-23,113.8698,113.8698,113.8698,113.8698,0.0,0.0,1.0,chinabond_official,2026-08-04T15:34:50
2013-05-24,113.8828,113.8828,113.8828,113.8828,0.0,0.0,1.0,chinabond_official,2026-08-04T15:34:50
2013-05-27,113.9304,113.9304,113.9304,113.9304,0.0,0.0,1.0,chinabond_official,2026-08-04T15:34:50
2013-05-28,113.9402,113.9402,113.9402,113.9402,0.0,0.0,1.0,chinabond_official,2026-08-04T15:34:50
2013-05-29,113.9262,113.9262,113.9262,113.9262,0.0,0.0,1.0,chinabond_official,2026-08-04T15:34:50
2013-05-30,113.9392,113.9392,113.9392,113.9392,0.0,0.0,1.0,chinabond_official,2026-08-04T15:34:50
2013-05-31,113.9378,113.9378,113.9378,113.9378,0.0,0.0,1.0,chinabond_official,2026-08-04T15:34:50
2013-06-03,113.9558,113.9558,113.9558,113.9558,0.0,0.0,1.0,chinabond_official,2026-08-04T15:34:50
2013-06-04,113.946,113.946,113.946,113.946,0.0,0.0,1.0,chinabond_official,2026-08-04T15:34:50
2013-06-05,113.9609,113.9609,113.9609,113.9609,0.0,0.0,1.0,chinabond_official,2026-08-04T15:34:50
2013-06-06,113.9642,113.9642,113.9642,113.9642,0.0,0.0,1.0,chinabond_official,2026-08-04T15:34:50
2013-06-07,113.9434,113.9434,113.9434,113.9434,0.0,0.0,1.0,chinabond_official,2026-08-04T15:34:50
2013-06-08,113.9564,113.9564,113.9564,113.9564,0.0,0.0,1.0,chinabond_official,2026-08-04T15:34:50
2013-06-09,114.0279,114.0279,114.0279,114.0279,0.0,0.0,1.0,chinabond_official,2026-08-04T15:34:50
2013-06-13,114.0542,114.0542,114.0542,114.0542,0.0,0.0,1.0,chinabond_official,2026-08-04T15:34:50
2013-06-14,114.0598,114.0598,114.0598,114.0598,0.0,0.0,1.0,chinabond_official,2026-08-04T15:34:50
2013-06-17,114.0742,114.0742,114.0742,114.0742,0.0,0.0,1.0,chinabond_official,2026-08-04T15:34:50
2013-06-18,114.0829,114.0829,114.0829,114.0829,0.0,0.0,1.0,chinabond_official,2026-08-04T15:34:50
2013-06-19,113.9163,113.9163,113.9163,113.9163,0.0,0.0,1.0,chinabond_official,2026-08-04T15:34:50
2013-06-20,113.5482,113.5482,113.5482,113.5482,0.0,0.0,1.0,chinabond_official,2026-08-04T15:34:50
2013-06-21,113.8165,113.8165,113.8165,113.8165,0.0,0.0,1.0,chinabond_official,2026-08-04T15:34:50
2013-06-24,113.8577,113.8577,113.8577,113.8577,0.0,0.0,1.0,chinabond_official,2026-08-04T15:34:50
2013-06-25,113.8706,113.8706,113.8706,113.8706,0.0,0.0,1.0,chinabond_official,2026-08-04T15:34:50
2013-06-26,114.0129,114.0129,114.0129,114.0129,0.0,0.0,1.0,chinabond_official,2026-08-04T15:34:50
2013-06-27,114.0952,114.0952,114.0952,114.0952,0.0,0.0,1.0,chinabond_official,2026-08-04T15:34:50
2013-06-28,114.1289,114.1289,114.1289,114.1289,0.0,0.0,1.0,chinabond_official,2026-08-04T15:34:50
2013-07-01,114.137,114.137,114.137,114.137,0.0,0.0,1.0,chinabond_official,2026-08-04T15:34:50
2013-07-02,114.1505,114.1505,114.1505,114.1505,0.0,0.0,1.0,chinabond_official,2026-08-04T15:34:50
2013-07-03,114.1507,114.1507,114.1507,114.1507,0.0,0.0,1.0,chinabond_official,2026-08-04T15:34:50
2013-07-04,114.2155,114.2155,114.2155,114.2155,0.0,0.0,1.0,chinabond_official,2026-08-04T15:34:50
2013-07-05,114.2221,114.2221,114.2221,114.2221,0.0,0.0,1.0,chinabond_official,2026-08-04T15:34:50
2013-07-08,114.2483,114.2483,114.2483,114.2483,0.0,0.0,1.0,chinabond_official,2026-08-04T15:34:50
2013-07-09,114.2594,114.2594,114.2594,114.2594,0.0,0.0,1.0,chinabond_official,2026-08-04T15:34:50
2013-07-10,114.1173,114.1173,114.1173,114.1173,0.0,0.0,1.0,chinabond_official,2026-08-04T15:34:50
2013-07-11,114.1045,114.1045,114.1045,114.1045,0.0,0.0,1.0,chinabond_official,2026-08-04T15:34:50
2013-07-12,114.0916,114.0916,114.0916,114.0916,0.0,0.0,1.0,chinabond_official,2026-08-04T15:34:50
2013-07-15,114.0983,114.0983,114.0983,114.0983,0.0,0.0,1.0,chinabond_official,2026-08-04T15:34:50
2013-07-16,114.0888,114.0888,114.0888,114.0888,0.0,0.0,1.0,chinabond_official,2026-08-04T15:34:50
2013-07-17,113.973,113.973,113.973,113.973,0.0,0.0,1.0,chinabond_official,2026-08-04T15:34:50
2013-07-18,113.9023,113.9023,113.9023,113.9023,0.0,0.0,1.0,chinabond_official,2026-08-04T15:34:50
2013-07-19,113.8643,113.8643,113.8643,113.8643,0.0,0.0,1.0,chinabond_official,2026-08-04T15:34:50
2013-07-22,113.8135,113.8135,113.8135,113.8135,0.0,0.0,1.0,chinabond_official,2026-08-04T15:34:50
2013-07-23,113.7752,113.7752,113.7752,113.7752,0.0,0.0,1.0,chinabond_official,2026-08-04T15:34:50
2013-07-24,113.701,113.701,113.701,113.701,0.0,0.0,1.0,chinabond_official,2026-08-04T15:34:50
2013-07-25,113.932,113.932,113.932,113.932,0.0,0.0,1.0,chinabond_official,2026-08-04T15:34:50
2013-07-26,113.9322,113.9322,113.9322,113.9322,0.0,0.0,1.0,chinabond_official,2026-08-04T15:34:50
2013-07-29,113.8342,113.8342,113.8342,113.8342,0.0,0.0,1.0,chinabond_official,2026-08-04T15:34:50
2013-07-30,113.8491,113.8491,113.8491,113.8491,0.0,0.0,1.0,chinabond_official,2026-08-04T15:34:50
2013-07-31,113.8629,113.8629,113.8629,113.8629,0.0,0.0,1.0,chinabond_official,2026-08-04T15:34:50
2013-08-01,113.9146,113.9146,113.9146,113.9146,0.0,0.0,1.0,chinabond_official,2026-08-04T15:34:50
2013-08-02,113.9408,113.9408,113.9408,113.9408,0.0,0.0,1.0,chinabond_official,2026-08-04T15:34:50
2013-08-05,113.9627,113.9627,113.9627,113.9627,0.0,0.0,1.0,chinabond_official,2026-08-04T15:34:50
2013-08-06,113.9628,113.9628,113.9628,113.9628,0.0,0.0,1.0,chinabond_official,2026-08-04T15:34:50
2013-08-07,113.8473,113.8473,113.8473,113.8473,0.0,0.0,1.0,chinabond_official,2026-08-04T15:34:50
2013-08-08,113.6674,113.6674,113.6674,113.6674,0.0,0.0,1.0,chinabond_official,2026-08-04T15:34:50
2013-08-09,113.0969,113.0969,113.0969,113.0969,0.0,0.0,1.0,chinabond_official,2026-08-04T15:34:50
2013-08-12,112.6013,112.6013,112.6013,112.6013,0.0,0.0,1.0,chinabond_official,2026-08-04T15:34:50
2013-08-13,112.1181,112.1181,112.1181,112.1181,0.0,0.0,1.0,chinabond_official,2026-08-04T15:34:50
2013-08-14,111.6859,111.6859,111.6859,111.6859,0.0,0.0,1.0,chinabond_official,2026-08-04T15:34:50
2013-08-15,111.5463,111.5463,111.5463,111.5463,0.0,0.0,1.0,chinabond_official,2026-08-04T15:34:50
2013-08-16,111.2051,111.2051,111.2051,111.2051,0.0,0.0,1.0,chinabond_official,2026-08-04T15:34:50
2013-08-19,110.8181,110.8181,110.8181,110.8181,0.0,0.0,1.0,chinabond_official,2026-08-04T15:34:50
2013-08-20,110.3945,110.3945,110.3945,110.3945,0.0,0.0,1.0,chinabond_official,2026-08-04T15:34:50
2013-08-21,110.524,110.524,110.524,110.524,0.0,0.0,1.0,chinabond_official,2026-08-04T15:34:50
2013-08-22,110.4889,110.4889,110.4889,110.4889,0.0,0.0,1.0,chinabond_official,2026-08-04T15:34:50
2013-08-23,110.5967,110.5967,110.5967,110.5967,0.0,0.0,1.0,chinabond_official,2026-08-04T15:34:50
2013-08-26,110.7058,110.7058,110.7058,110.7058,0.0,0.0,1.0,chinabond_official,2026-08-04T15:34:50
2013-08-27,110.6711,110.6711,110.6711,110.6711,0.0,0.0,1.0,chinabond_official,2026-08-04T15:34:50
2013-08-28,110.6179,110.6179,110.6179,110.6179,0.0,0.0,1.0,chinabond_official,2026-08-04T15:34:50
2013-08-29,110.6003,110.6003,110.6003,110.6003,0.0,0.0,1.0,chinabond_official,2026-08-04T15:34:50
2013-08-30,110.5977,110.5977,110.5977,110.5977,0.0,0.0,1.0,chinabond_official,2026-08-04T15:34:50
2013-09-02,110.5665,110.5665,110.5665,110.5665,0.0,0.0,1.0,chinabond_official,2026-08-04T15:34:50
2013-09-03,110.5569,110.5569,110.5569,110.5569,0.0,0.0,1.0,chinabond_official,2026-08-04T15:34:50
2013-09-04,110.502,110.502,110.502,110.502,0.0,0.0,1.0,chinabond_official,2026-08-04T15:34:50
2013-09-05,110.515,110.515,110.515,110.515,0.0,0.0,1.0,chinabond_official,2026-08-04T15:34:50
2013-09-06,110.5711,110.5711,110.5711,110.5711,0.0,0.0,1.0,chinabond_official,2026-08-04T15:34:50
2013-09-09,110.5088,110.5088,110.5088,110.5088,0.0,0.0,1.0,chinabond_official,2026-08-04T15:34:50
2013-09-10,110.3472,110.3472,110.3472,110.3472,0.0,0.0,1.0,chinabond_official,2026-08-04T15:34:50
2013-09-11,110.0421,110.0421,110.0421,110.0421,0.0,0.0,1.0,chinabond_official,2026-08-04T15:34:50
2013-09-12,109.9,109.9,109.9,109.9,0.0,0.0,1.0,chinabond_official,2026-08-04T15:34:50
2013-09-13,108.8797,108.8797,108.8797,108.8797,0.0,0.0,1.0,chinabond_official,2026-08-04T15:34:50
2013-09-16,107.9188,107.9188,107.9188,107.9188,0.0,0.0,1.0,chinabond_official,2026-08-04T15:34:50
2013-09-17,106.9434,106.9434,106.9434,106.9434,0.0,0.0,1.0,chinabond_official,2026-08-04T15:34:50
2013-09-18,106.1867,106.1867,106.1867,106.1867,0.0,0.0,1.0,chinabond_official,2026-08-04T15:34:50
2013-09-22,106.3217,106.3217,106.3217,106.3217,0.0,0.0,1.0,chinabond_official,2026-08-04T15:34:50
2013-09-23,105.7325,105.7325,105.7325,105.7325,0.0,0.0,1.0,chinabond_official,2026-08-04T15:34:50
2013-09-24,105.3275,105.3275,105.3275,105.3275,0.0,0.0,1.0,chinabond_official,2026-08-04T15:34:50
2013-09-25,105.3922,105.3922,105.3922,105.3922,0.0,0.0,1.0,chinabond_official,2026-08-04T15:34:50
2013-09-26,105.6722,105.6722,105.6722,105.6722,0.0,0.0,1.0,chinabond_official,2026-08-04T15:34:50
2013-09-27,105.5223,105.5223,105.5223,105.5223,0.0,0.0,1.0,chinabond_official,2026-08-04T15:34:50
2013-09-29,105.5821,105.5821,105.5821,105.5821,0.0,0.0,1.0,chinabond_official,2026-08-04T15:34:50
2013-09-30,105.615,105.615,105.615,105.615,0.0,0.0,1.0,chinabond_official,2026-08-04T15:34:50
2013-10-08,105.8441,105.8441,105.8441,105.8441,0.0,0.0,1.0,chinabond_official,2026-08-04T15:34:50
2013-10-09,105.5476,105.5476,105.5476,105.5476,0.0,0.0,1.0,chinabond_official,2026-08-04T15:34:50
2013-10-10,105.8656,105.8656,105.8656,105.8656,0.0,0.0,1.0,chinabond_official,2026-08-04T15:34:50
2013-10-11,105.8504,105.8504,105.8504,105.8504,0.0,0.0,1.0,chinabond_official,2026-08-04T15:34:50
2013-10-12,105.8644,105.8644,105.8644,105.8644,0.0,0.0,1.0,chinabond_official,2026-08-04T15:34:50
2013-10-14,105.5312,105.5312,105.5312,105.5312,0.0,0.0,1.0,chinabond_official,2026-08-04T15:34:50
2013-10-15,105.3101,105.3101,105.3101,105.3101,0.0,0.0,1.0,chinabond_official,2026-08-04T15:34:50
2013-10-16,105.2858,105.2858,105.2858,105.2858,0.0,0.0,1.0,chinabond_official,2026-08-04T15:34:50
2013-10-17,105.2996,105.2996,105.2996,105.2996,0.0,0.0,1.0,chinabond_official,2026-08-04T15:34:50
2013-10-18,105.3135,105.3135,105.3135,105.3135,0.0,0.0,1.0,chinabond_official,2026-08-04T15:34:50
2013-10-21,105.2738,105.2738,105.2738,105.2738,0.0,0.0,1.0,chinabond_official,2026-08-04T15:34:50
2013-10-22,104.9076,104.9076,104.9076,104.9076,0.0,0.0,1.0,chinabond_official,2026-08-04T15:34:50
2013-10-23,104.8893,104.8893,104.8893,104.8893,0.0,0.0,1.0,chinabond_official,2026-08-04T15:34:50
2013-10-24,104.6583,104.6583,104.6583,104.6583,0.0,0.0,1.0,chinabond_official,2026-08-04T15:34:50
2013-10-25,104.5112,104.5112,104.5112,104.5112,0.0,0.0,1.0,chinabond_official,2026-08-04T15:34:50
2013-10-28,104.7529,104.7529,104.7529,104.7529,0.0,0.0,1.0,chinabond_official,2026-08-04T15:34:50
2013-10-29,104.5856,104.5856,104.5856,104.5856,0.0,0.0,1.0,chinabond_official,2026-08-04T15:34:50
2013-10-30,104.5994,104.5994,104.5994,104.5994,0.0,0.0,1.0,chinabond_official,2026-08-04T15:34:50
2013-10-31,105.1934,105.1934,105.1934,105.1934,0.0,0.0,1.0,chinabond_official,2026-08-04T15:34:50
2013-11-01,105.615,105.615,105.615,105.615,0.0,0.0,1.0,chinabond_official,2026-08-04T15:34:50
2013-11-04,105.4117,105.4117,105.4117,105.4117,0.0,0.0,1.0,chinabond_official,2026-08-04T15:34:50
2013-11-05,105.0192,105.0192,105.0192,105.0192,0.0,0.0,1.0,chinabond_official,2026-08-04T15:34:50
2013-11-06,105.0,105.0,105.0,105.0,0.0,0.0,1.0,chinabond_official,2026-08-04T15:34:50
2013-11-07,104.3327,104.3327,104.3327,104.3327,0.0,0.0,1.0,chinabond_official,2026-08-04T15:34:50
2013-11-08,104.3761,104.3761,104.3761,104.3761,0.0,0.0,1.0,chinabond_official,2026-08-04T15:34:50
2013-11-11,103.4694,103.4694,103.4694,103.4694,0.0,0.0,1.0,chinabond_official,2026-08-04T15:34:50
2013-11-12,103.5756,103.5756,103.5756,103.5756,0.0,0.0,1.0,chinabond_official,2026-08-04T15:34:50
2013-11-13,102.9573,102.9573,102.9573,102.9573,0.0,0.0,1.0,chinabond_official,2026-08-04T15:34:50
2013-11-14,102.4226,102.4226,102.4226,102.4226,0.0,0.0,1.0,chinabond_official,2026-08-04T15:34:50
2013-11-15,100.8925,100.8925,100.8925,100.8925,0.0,0.0,1.0,chinabond_official,2026-08-04T15:34:50
2013-11-18,99.7229,99.7229,99.7229,99.7229,0.0,0.0,1.0,chinabond_official,2026-08-04T15:34:50
2013-11-19,98.9905,98.9905,98.9905,98.9905,0.0,0.0,1.0,chinabond_official,2026-08-04T15:34:50
2013-11-20,99.0044,99.0044,99.0044,99.0044,0.0,0.0,1.0,chinabond_official,2026-08-04T15:34:50
2013-11-21,99.335,99.335,99.335,99.335,0.0,0.0,1.0,chinabond_official,2026-08-04T15:34:50
2013-11-22,99.3335,99.3335,99.3335,99.3335,0.0,0.0,1.0,chinabond_official,2026-08-04T15:34:50
2013-11-25,99.375,99.375,99.375,99.375,0.0,0.0,1.0,chinabond_official,2026-08-04T15:34:50
2013-11-26,99.5385,99.5385,99.5385,99.5385,0.0,0.0,1.0,chinabond_official,2026-08-04T15:34:50
2013-11-27,100.302,100.302,100.302,100.302,0.0,0.0,1.0,chinabond_official,2026-08-04T15:34:50
2013-11-28,101.5349,101.5349,101.5349,101.5349,0.0,0.0,1.0,chinabond_official,2026-08-04T15:34:50
2013-11-29,102.6322,102.6322,102.6322,102.6322,0.0,0.0,1.0,chinabond_official,2026-08-04T15:34:50
2013-12-02,101.4365,101.4365,101.4365,101.4365,0.0,0.0,1.0,chinabond_official,2026-08-04T15:34:50
2013-12-03,102.066,102.066,102.066,102.066,0.0,0.0,1.0,chinabond_official,2026-08-04T15:34:50
2013-12-04,102.2329,102.2329,102.2329,102.2329,0.0,0.0,1.0,chinabond_official,2026-08-04T15:34:50
2013-12-05,101.1704,101.1704,101.1704,101.1704,0.0,0.0,1.0,chinabond_official,2026-08-04T15:34:50
2013-12-06,100.6114,100.6114,100.6114,100.6114,0.0,0.0,1.0,chinabond_official,2026-08-04T15:34:50
2013-12-09,100.2757,100.2757,100.2757,100.2757,0.0,0.0,1.0,chinabond_official,2026-08-04T15:34:50
2013-12-10,99.3934,99.3934,99.3934,99.3934,0.0,0.0,1.0,chinabond_official,2026-08-04T15:34:50
2013-12-11,99.1113,99.1113,99.1113,99.1113,0.0,0.0,1.0,chinabond_official,2026-08-04T15:34:50
2013-12-12,99.5703,99.5703,99.5703,99.5703,0.0,0.0,1.0,chinabond_official,2026-08-04T15:34:50
2013-12-13,100.3325,100.3325,100.3325,100.3325,0.0,0.0,1.0,chinabond_official,2026-08-04T15:34:50
2013-12-16,100.1887,100.1887,100.1887,100.1887,0.0,0.0,1.0,chinabond_official,2026-08-04T15:34:50
2013-12-17,100.0648,100.0648,100.0648,100.0648,0.0,0.0,1.0,chinabond_official,2026-08-04T15:34:50
2013-12-18,99.8313,99.8313,99.8313,99.8313,0.0,0.0,1.0,chinabond_official,2026-08-04T15:34:50
2013-12-19,99.5549,99.5549,99.5549,99.5549,0.0,0.0,1.0,chinabond_official,2026-08-04T15:34:50
2013-12-20,99.5582,99.5582,99.5582,99.5582,0.0,0.0,1.0,chinabond_official,2026-08-04T15:34:50
2013-12-23,99.577,99.577,99.577,99.577,0.0,0.0,1.0,chinabond_official,2026-08-04T15:34:50
2013-12-24,99.9355,99.9355,99.9355,99.9355,0.0,0.0,1.0,chinabond_official,2026-08-04T15:34:50
2013-12-25,99.8236,99.8236,99.8236,99.8236,0.0,0.0,1.0,chinabond_official,2026-08-04T15:34:50
2013-12-26,99.9641,99.9641,99.9641,99.9641,0.0,0.0,1.0,chinabond_official,2026-08-04T15:34:50
2013-12-27,100.1726,100.1726,100.1726,100.1726,0.0,0.0,1.0,chinabond_official,2026-08-04T15:34:50
2013-12-30,100.218,100.218,100.218,100.218,0.0,0.0,1.0,chinabond_official,2026-08-04T15:34:50
2013-12-31,100.1301,100.1301,100.1301,100.1301,0.0,0.0,1.0,chinabond_official,2026-08-04T15:34:50
2014-01-02,99.7063,99.7063,99.7063,99.7063,0.0,0.0,1.0,chinabond_official,2026-08-04T15:34:50
2014-01-03,99.123,99.123,99.123,99.123,0.0,0.0,1.0,chinabond_official,2026-08-04T15:34:50
2014-01-06,98.9382,98.9382,98.9382,98.9382,0.0,0.0,1.0,chinabond_official,2026-08-04T15:34:50
2014-01-07,99.1757,99.1757,99.1757,99.1757,0.0,0.0,1.0,chinabond_official,2026-08-04T15:34:50
2014-01-08,99.9397,99.9397,99.9397,99.9397,0.0,0.0,1.0,chinabond_official,2026-08-04T15:34:50
2014-01-09,99.8798,99.8798,99.8798,99.8798,0.0,0.0,1.0,chinabond_official,2026-08-04T15:34:50
2014-01-10,99.8233,99.8233,99.8233,99.8233,0.0,0.0,1.0,chinabond_official,2026-08-04T15:34:50
2014-01-13,99.8654,99.8654,99.8654,99.8654,0.0,0.0,1.0,chinabond_official,2026-08-04T15:34:50
2014-01-14,99.805,99.805,99.805,99.805,0.0,0.0,1.0,chinabond_official,2026-08-04T15:34:50
2014-01-15,100.2698,100.2698,100.2698,100.2698,0.0,0.0,1.0,chinabond_official,2026-08-04T15:34:50
2014-01-16,100.1326,100.1326,100.1326,100.1326,0.0,0.0,1.0,chinabond_official,2026-08-04T15:34:50
2014-01-17,100.0009,100.0009,100.0009,100.0009,0.0,0.0,1.0,chinabond_official,2026-08-04T15:34:50
2014-01-20,100.0431,100.0431,100.0431,100.0431,0.0,0.0,1.0,chinabond_official,2026-08-04T15:34:50
2014-01-21,100.8126,100.8126,100.8126,100.8126,0.0,0.0,1.0,chinabond_official,2026-08-04T15:34:50
2014-01-22,101.4347,101.4347,101.4347,101.4347,0.0,0.0,1.0,chinabond_official,2026-08-04T15:34:50
2014-01-23,101.598,101.598,101.598,101.598,0.0,0.0,1.0,chinabond_official,2026-08-04T15:34:50
2014-01-24,101.1581,101.1581,101.1581,101.1581,0.0,0.0,1.0,chinabond_official,2026-08-04T15:34:50
2014-01-26,101.4724,101.4724,101.4724,101.4724,0.0,0.0,1.0,chinabond_official,2026-08-04T15:34:50
2014-01-27,101.4862,101.4862,101.4862,101.4862,0.0,0.0,1.0,chinabond_official,2026-08-04T15:34:50
2014-01-28,101.1761,101.1761,101.1761,101.1761,0.0,0.0,1.0,chinabond_official,2026-08-04T15:34:50
2014-01-29,101.0761,101.0761,101.0761,101.0761,0.0,0.0,1.0,chinabond_official,2026-08-04T15:34:50
2014-01-30,101.2164,101.2164,101.2164,101.2164,0.0,0.0,1.0,chinabond_official,2026-08-04T15:34:50
2014-02-07,101.7015,101.7015,101.7015,101.7015,0.0,0.0,1.0,chinabond_official,2026-08-04T15:34:50
2014-02-08,101.8705,101.8705,101.8705,101.8705,0.0,0.0,1.0,chinabond_official,2026-08-04T15:34:50
2014-02-10,101.7057,101.7057,101.7057,101.7057,0.0,0.0,1.0,chinabond_official,2026-08-04T15:34:50
2014-02-11,101.8076,101.8076,101.8076,101.8076,0.0,0.0,1.0,chinabond_official,2026-08-04T15:34:50
2014-02-12,101.7885,101.7885,101.7885,101.7885,0.0,0.0,1.0,chinabond_official,2026-08-04T15:34:50
2014-02-13,101.8042,101.8042,101.8042,101.8042,0.0,0.0,1.0,chinabond_official,2026-08-04T15:34:50
2014-02-14,101.8203,101.8203,101.8203,101.8203,0.0,0.0,1.0,chinabond_official,2026-08-04T15:34:50
2014-02-17,101.3256,101.3256,101.3256,101.3256,0.0,0.0,1.0,chinabond_official,2026-08-04T15:34:50
2014-02-18,100.9609,100.9609,100.9609,100.9609,0.0,0.0,1.0,chinabond_official,2026-08-04T15:34:50
2014-02-19,100.7482,100.7482,100.7482,100.7482,0.0,0.0,1.0,chinabond_official,2026-08-04T15:34:50
2014-02-20,101.0652,101.0652,101.0652,101.0652,0.0,0.0,1.0,chinabond_official,2026-08-04T15:34:50
2014-02-21,101.1139,101.1139,101.1139,101.1139,0.0,0.0,1.0,chinabond_official,2026-08-04T15:34:50
2014-02-24,101.7527,101.7527,101.7527,101.7527,0.0,0.0,1.0,chinabond_official,2026-08-04T15:34:50
2014-02-25,102.5347,102.5347,102.5347,102.5347,0.0,0.0,1.0,chinabond_official,2026-08-04T15:34:50
2014-02-26,102.3945,102.3945,102.3945,102.3945,0.0,0.0,1.0,chinabond_official,2026-08-04T15:34:50
2014-02-27,103.2803,103.2803,103.2803,103.2803,0.0,0.0,1.0,chinabond_official,2026-08-04T15:34:50
2014-02-28,102.656,102.656,102.656,102.656,0.0,0.0,1.0,chinabond_official,2026-08-04T15:34:50
2014-03-03,102.2491,102.2491,102.2491,102.2491,0.0,0.0,1.0,chinabond_official,2026-08-04T15:34:50
2014-03-04,101.5726,101.5726,101.5726,101.5726,0.0,0.0,1.0,chinabond_official,2026-08-04T15:34:50
2014-03-05,101.3581,101.3581,101.3581,101.3581,0.0,0.0,1.0,chinabond_official,2026-08-04T15:34:50
2014-03-06,101.4195,101.4195,101.4195,101.4195,0.0,0.0,1.0,chinabond_official,2026-08-04T15:34:50
2014-03-07,101.4334,101.4334,101.4334,101.4334,0.0,0.0,1.0,chinabond_official,2026-08-04T15:34:50
2014-03-10,101.6215,101.6215,101.6215,101.6215,0.0,0.0,1.0,chinabond_official,2026-08-04T15:34:50
2014-03-11,101.4864,101.4864,101.4864,101.4864,0.0,0.0,1.0,chinabond_official,2026-08-04T15:34:50
2014-03-12,101.7871,101.7871,101.7871,101.7871,0.0,0.0,1.0,chinabond_official,2026-08-04T15:34:50
2014-03-13,101.8191,101.8191,101.8191,101.8191,0.0,0.0,1.0,chinabond_official,2026-08-04T15:34:50
2014-03-14,101.9865,101.9865,101.9865,101.9865,0.0,0.0,1.0,chinabond_official,2026-08-04T15:34:50
2014-03-17,102.0289,102.0289,102.0289,102.0289,0.0,0.0,1.0,chinabond_official,2026-08-04T15:34:50
2014-03-18,101.7187,101.7187,101.7187,101.7187,0.0,0.0,1.0,chinabond_official,2026-08-04T15:34:50
2014-03-19,101.7307,101.7307,101.7307,101.7307,0.0,0.0,1.0,chinabond_official,2026-08-04T15:34:50
2014-03-20,101.6939,101.6939,101.6939,101.6939,0.0,0.0,1.0,chinabond_official,2026-08-04T15:34:50
2014-03-21,101.9393,101.9393,101.9393,101.9393,0.0,0.0,1.0,chinabond_official,2026-08-04T15:34:50
2014-03-24,101.9482,101.9482,101.9482,101.9482,0.0,0.0,1.0,chinabond_official,2026-08-04T15:34:50
2014-03-25,101.8884,101.8884,101.8884,101.8884,0.0,0.0,1.0,chinabond_official,2026-08-04T15:34:50
2014-03-26,101.9346,101.9346,101.9346,101.9346,0.0,0.0,1.0,chinabond_official,2026-08-04T15:34:50
2014-03-27,101.9496,101.9496,101.9496,101.9496,0.0,0.0,1.0,chinabond_official,2026-08-04T15:34:50
2014-03-28,101.9718,101.9718,101.9718,101.9718,0.0,0.0,1.0,chinabond_official,2026-08-04T15:34:50
2014-03-31,102.1682,102.1682,102.1682,102.1682,0.0,0.0,1.0,chinabond_official,2026-08-04T15:34:50
2014-04-01,102.2539,102.2539,102.2539,102.2539,0.0,0.0,1.0,chinabond_official,2026-08-04T15:34:50
2014-04-02,102.3391,102.3391,102.3391,102.3391,0.0,0.0,1.0,chinabond_official,2026-08-04T15:34:50
2014-04-03,102.4881,102.4881,102.4881,102.4881,0.0,0.0,1.0,chinabond_official,2026-08-04T15:34:50
2014-04-04,102.5023,102.5023,102.5023,102.5023,0.0,0.0,1.0,chinabond_official,2026-08-04T15:34:50
2014-04-08,103.0545,103.0545,103.0545,103.0545,0.0,0.0,1.0,chinabond_official,2026-08-04T15:34:50
2014-04-09,102.5754,102.5754,102.5754,102.5754,0.0,0.0,1.0,chinabond_official,2026-08-04T15:34:50
2014-04-10,102.8987,102.8987,102.8987,102.8987,0.0,0.0,1.0,chinabond_official,2026-08-04T15:34:50
2014-04-11,102.9903,102.9903,102.9903,102.9903,0.0,0.0,1.0,chinabond_official,2026-08-04T15:34:50
2014-04-14,103.4573,103.4573,103.4573,103.4573,0.0,0.0,1.0,chinabond_official,2026-08-04T15:34:50
2014-04-15,103.8584,103.8584,103.8584,103.8584,0.0,0.0,1.0,chinabond_official,2026-08-04T15:34:50
2014-04-16,104.5028,104.5028,104.5028,104.5028,0.0,0.0,1.0,chinabond_official,2026-08-04T15:34:50
2014-04-17,105.8769,105.8769,105.8769,105.8769,0.0,0.0,1.0,chinabond_official,2026-08-04T15:34:50
2014-04-18,105.4917,105.4917,105.4917,105.4917,0.0,0.0,1.0,chinabond_official,2026-08-04T15:34:50
2014-04-21,105.5338,105.5338,105.5338,105.5338,0.0,0.0,1.0,chinabond_official,2026-08-04T15:34:50
2014-04-22,105.5473,105.5473,105.5473,105.5473,0.0,0.0,1.0,chinabond_official,2026-08-04T15:34:50
2014-04-23,105.0824,105.0824,105.0824,105.0824,0.0,0.0,1.0,chinabond_official,2026-08-04T15:34:50
2014-04-24,104.9419,104.9419,104.9419,104.9419,0.0,0.0,1.0,chinabond_official,2026-08-04T15:34:50
2014-04-25,105.2019,105.2019,105.2019,105.2019,0.0,0.0,1.0,chinabond_official,2026-08-04T15:34:50
2014-04-28,105.2442,105.2442,105.2442,105.2442,0.0,0.0,1.0,chinabond_official,2026-08-04T15:34:50
2014-04-29,105.4165,105.4165,105.4165,105.4165,0.0,0.0,1.0,chinabond_official,2026-08-04T15:34:50
2014-04-30,105.7506,105.7506,105.7506,105.7506,0.0,0.0,1.0,chinabond_official,2026-08-04T15:34:50
2014-05-04,105.9684,105.9684,105.9684,105.9684,0.0,0.0,1.0,chinabond_official,2026-08-04T15:34:50
2014-05-05,105.9802,105.9802,105.9802,105.9802,0.0,0.0,1.0,chinabond_official,2026-08-04T15:34:50
2014-05-06,106.1919,106.1919,106.1919,106.1919,0.0,0.0,1.0,chinabond_official,2026-08-04T15:34:50
2014-05-07,106.2175,106.2175,106.2175,106.2175,0.0,0.0,1.0,chinabond_official,2026-08-04T15:34:50
2014-05-08,107.0564,107.0564,107.0564,107.0564,0.0,0.0,1.0,chinabond_official,2026-08-04T15:34:50
2014-05-09,108.8837,108.8837,108.8837,108.8837,0.0,0.0,1.0,chinabond_official,2026-08-04T15:34:50
2014-05-12,108.9263,108.9263,108.9263,108.9263,0.0,0.0,1.0,chinabond_official,2026-08-04T15:34:50
2014-05-13,108.6101,108.6101,108.6101,108.6101,0.0,0.0,1.0,chinabond_official,2026-08-04T15:34:50
2014-05-14,108.278,108.278,108.278,108.278,0.0,0.0,1.0,chinabond_official,2026-08-04T15:34:50
2014-05-15,107.9622,107.9622,107.9622,107.9622,0.0,0.0,1.0,chinabond_official,2026-08-04T15:34:50
2014-05-16,107.974,107.974,107.974,107.974,0.0,0.0,1.0,chinabond_official,2026-08-04T15:34:50
2014-05-19,108.3492,108.3492,108.3492,108.3492,0.0,0.0,1.0,chinabond_official,2026-08-04T15:34:50
2014-05-20,108.2794,108.2794,108.2794,108.2794,0.0,0.0,1.0,chinabond_official,2026-08-04T15:34:50
2014-05-21,108.2935,108.2935,108.2935,108.2935,0.0,0.0,1.0,chinabond_official,2026-08-04T15:34:50
2014-05-22,108.3076,108.3076,108.3076,108.3076,0.0,0.0,1.0,chinabond_official,2026-08-04T15:34:50
2014-05-23,109.9337,109.9337,109.9337,109.9337,0.0,0.0,1.0,chinabond_official,2026-08-04T15:34:50
2014-05-26,110.2169,110.2169,110.2169,110.2169,0.0,0.0,1.0,chinabond_official,2026-08-04T15:34:50
2014-05-27,110.35,110.35,110.35,110.35,0.0,0.0,1.0,chinabond_official,2026-08-04T15:34:50
2014-05-28,110.4165,110.4165,110.4165,110.4165,0.0,0.0,1.0,chinabond_official,2026-08-04T15:34:50
2014-05-29,110.4021,110.4021,110.4021,110.4021,0.0,0.0,1.0,chinabond_official,2026-08-04T15:34:50
2014-05-30,111.1783,111.1783,111.1783,111.1783,0.0,0.0,1.0,chinabond_official,2026-08-04T15:34:50
2014-06-03,112.0973,112.0973,112.0973,112.0973,0.0,0.0,1.0,chinabond_official,2026-08-04T15:34:50
2014-06-04,112.1738,112.1738,112.1738,112.1738,0.0,0.0,1.0,chinabond_official,2026-08-04T15:34:50
2014-06-05,111.8755,111.8755,111.8755,111.8755,0.0,0.0,1.0,chinabond_official,2026-08-04T15:34:50
2014-06-06,111.3295,111.3295,111.3295,111.3295,0.0,0.0,1.0,chinabond_official,2026-08-04T15:34:50
2014-06-09,111.2003,111.2003,111.2003,111.2003,0.0,0.0,1.0,chinabond_official,2026-08-04T15:34:50
2014-06-10,111.3803,111.3803,111.3803,111.3803,0.0,0.0,1.0,chinabond_official,2026-08-04T15:34:50
2014-06-11,111.3953,111.3953,111.3953,111.3953,0.0,0.0,1.0,chinabond_official,2026-08-04T15:34:50
2014-06-12,111.3695,111.3695,111.3695,111.3695,0.0,0.0,1.0,chinabond_official,2026-08-04T15:34:50
2014-06-13,111.0809,111.0809,111.0809,111.0809,0.0,0.0,1.0,chinabond_official,2026-08-04T15:34:50
2014-06-16,111.4656,111.4656,111.4656,111.4656,0.0,0.0,1.0,chinabond_official,2026-08-04T15:34:50
2014-06-17,111.4797,111.4797,111.4797,111.4797,0.0,0.0,1.0,chinabond_official,2026-08-04T15:34:50
2014-06-18,111.4938,111.4938,111.4938,111.4938,0.0,0.0,1.0,chinabond_official,2026-08-04T15:34:50
2014-06-19,111.7342,111.7342,111.7342,111.7342,0.0,0.0,1.0,chinabond_official,2026-08-04T15:34:50
2014-06-20,111.6622,111.6622,111.6622,111.6622,0.0,0.0,1.0,chinabond_official,2026-08-04T15:34:50
2014-06-23,111.7044,111.7044,111.7044,111.7044,0.0,0.0,1.0,chinabond_official,2026-08-04T15:34:50
2014-06-24,111.7184,111.7184,111.7184,111.7184,0.0,0.0,1.0,chinabond_official,2026-08-04T15:34:50
2014-06-25,111.5827,111.5827,111.5827,111.5827,0.0,0.0,1.0,chinabond_official,2026-08-04T15:34:50
2014-06-26,111.7394,111.7394,111.7394,111.7394,0.0,0.0,1.0,chinabond_official,2026-08-04T15:34:50
2014-06-27,111.7299,111.7299,111.7299,111.7299,0.0,0.0,1.0,chinabond_official,2026-08-04T15:34:50
2014-06-30,111.5529,111.5529,111.5529,111.5529,0.0,0.0,1.0,chinabond_official,2026-08-04T15:34:50
2014-07-01,111.2222,111.2222,111.2222,111.2222,0.0,0.0,1.0,chinabond_official,2026-08-04T15:34:50
2014-07-02,110.5498,110.5498,110.5498,110.5498,0.0,0.0,1.0,chinabond_official,2026-08-04T15:34:50
2014-07-03,110.0707,110.0707,110.0707,110.0707,0.0,0.0,1.0,chinabond_official,2026-08-04T15:34:50
2014-07-04,109.6737,109.6737,109.6737,109.6737,0.0,0.0,1.0,chinabond_official,2026-08-04T15:34:50
2014-07-07,110.6211,110.6211,110.6211,110.6211,0.0,0.0,1.0,chinabond_official,2026-08-04T15:34:50
2014-07-08,110.7266,110.7266,110.7266,110.7266,0.0,0.0,1.0,chinabond_official,2026-08-04T15:34:50
2014-07-09,110.5636,110.5636,110.5636,110.5636,0.0,0.0,1.0,chinabond_official,2026-08-04T15:34:50
2014-07-10,110.5403,110.5403,110.5403,110.5403,0.0,0.0,1.0,chinabond_official,2026-08-04T15:34:50
2014-07-11,110.7252,110.7252,110.7252,110.7252,0.0,0.0,1.0,chinabond_official,2026-08-04T15:34:50
2014-07-14,110.7678,110.7678,110.7678,110.7678,0.0,0.0,1.0,chinabond_official,2026-08-04T15:34:50
2014-07-15,110.3144,110.3144,110.3144,110.3144,0.0,0.0,1.0,chinabond_official,2026-08-04T15:34:50
2014-07-16,109.3196,109.3196,109.3196,109.3196,0.0,0.0,1.0,chinabond_official,2026-08-04T15:34:50
2014-07-17,108.4986,108.4986,108.4986,108.4986,0.0,0.0,1.0,chinabond_official,2026-08-04T15:34:50
2014-07-18,107.9331,107.9331,107.9331,107.9331,0.0,0.0,1.0,chinabond_official,2026-08-04T15:34:50
2014-07-21,107.9787,107.9787,107.9787,107.9787,0.0,0.0,1.0,chinabond_official,2026-08-04T15:34:50
2014-07-22,108.4889,108.4889,108.4889,108.4889,0.0,0.0,1.0,chinabond_official,2026-08-04T15:34:50
2014-07-23,108.3589,108.3589,108.3589,108.3589,0.0,0.0,1.0,chinabond_official,2026-08-04T15:34:50
2014-07-24,108.3659,108.3659,108.3659,108.3659,0.0,0.0,1.0,chinabond_official,2026-08-04T15:34:50
2014-07-25,108.7928,108.7928,108.7928,108.7928,0.0,0.0,1.0,chinabond_official,2026-08-04T15:34:50
2014-07-28,108.832,108.832,108.832,108.832,0.0,0.0,1.0,chinabond_official,2026-08-04T15:34:50
2014-07-29,108.6937,108.6937,108.6937,108.6937,0.0,0.0,1.0,chinabond_official,2026-08-04T15:34:50
2014-07-30,108.6598,108.6598,108.6598,108.6598,0.0,0.0,1.0,chinabond_official,2026-08-04T15:34:50
2014-07-31,108.8052,108.8052,108.8052,108.8052,0.0,0.0,1.0,chinabond_official,2026-08-04T15:34:50
2014-08-01,108.8664,108.8664,108.8664,108.8664,0.0,0.0,1.0,chinabond_official,2026-08-04T15:34:50
2014-08-04,108.9734,108.9734,108.9734,108.9734,0.0,0.0,1.0,chinabond_official,2026-08-04T15:34:50
2014-08-05,108.9152,108.9152,108.9152,108.9152,0.0,0.0,1.0,chinabond_official,2026-08-04T15:34:50
2014-08-06,108.9622,108.9622,108.9622,108.9622,0.0,0.0,1.0,chinabond_official,2026-08-04T15:34:50
2014-08-07,108.8279,108.8279,108.8279,108.8279,0.0,0.0,1.0,chinabond_official,2026-08-04T15:34:50
2014-08-08,108.5582,108.5582,108.5582,108.5582,0.0,0.0,1.0,chinabond_official,2026-08-04T15:34:50
2014-08-11,108.6933,108.6933,108.6933,108.6933,0.0,0.0,1.0,chinabond_official,2026-08-04T15:34:50
2014-08-12,108.7129,108.7129,108.7129,108.7129,0.0,0.0,1.0,chinabond_official,2026-08-04T15:34:50
2014-08-13,108.9755,108.9755,108.9755,108.9755,0.0,0.0,1.0,chinabond_official,2026-08-04T15:34:50
2014-08-14,109.3901,109.3901,109.3901,109.3901,0.0,0.0,1.0,chinabond_official,2026-08-04T15:34:50
2014-08-15,109.5539,109.5539,109.5539,109.5539,0.0,0.0,1.0,chinabond_official,2026-08-04T15:34:50
2014-08-18,109.4197,109.4197,109.4197,109.4197,0.0,0.0,1.0,chinabond_official,2026-08-04T15:34:50
2014-08-19,109.2846,109.2846,109.2846,109.2846,0.0,0.0,1.0,chinabond_official,2026-08-04T15:34:50
2014-08-20,109.1889,109.1889,109.1889,109.1889,0.0,0.0,1.0,chinabond_official,2026-08-04T15:34:50
2014-08-21,109.2135,109.2135,109.2135,109.2135,0.0,0.0,1.0,chinabond_official,2026-08-04T15:34:50
2014-08-22,109.1341,109.1341,109.1341,109.1341,0.0,0.0,1.0,chinabond_official,2026-08-04T15:34:50
2014-08-25,109.2629,109.2629,109.2629,109.2629,0.0,0.0,1.0,chinabond_official,2026-08-04T15:34:50
2014-08-26,109.3061,109.3061,109.3061,109.3061,0.0,0.0,1.0,chinabond_official,2026-08-04T15:34:50
2014-08-27,109.5235,109.5235,109.5235,109.5235,0.0,0.0,1.0,chinabond_official,2026-08-04T15:34:50
2014-08-28,109.5375,109.5375,109.5375,109.5375,0.0,0.0,1.0,chinabond_official,2026-08-04T15:34:50
2014-08-29,109.3845,109.3845,109.3845,109.3845,0.0,0.0,1.0,chinabond_official,2026-08-04T15:34:50
2014-09-01,109.3635,109.3635,109.3635,109.3635,0.0,0.0,1.0,chinabond_official,2026-08-04T15:34:50
2014-09-02,109.254,109.254,109.254,109.254,0.0,0.0,1.0,chinabond_official,2026-08-04T15:34:50
2014-09-03,108.9962,108.9962,108.9962,108.9962,0.0,0.0,1.0,chinabond_official,2026-08-04T15:34:50
2014-09-04,108.7221,108.7221,108.7221,108.7221,0.0,0.0,1.0,chinabond_official,2026-08-04T15:34:50
2014-09-05,108.6765,108.6765,108.6765,108.6765,0.0,0.0,1.0,chinabond_official,2026-08-04T15:34:50
2014-09-09,108.8332,108.8332,108.8332,108.8332,0.0,0.0,1.0,chinabond_official,2026-08-04T15:34:50
2014-09-10,108.8084,108.8084,108.8084,108.8084,0.0,0.0,1.0,chinabond_official,2026-08-04T15:34:50
2014-09-11,108.821,108.821,108.821,108.821,0.0,0.0,1.0,chinabond_official,2026-08-04T15:34:50
2014-09-12,109.1323,109.1323,109.1323,109.1323,0.0,0.0,1.0,chinabond_official,2026-08-04T15:34:50
2014-09-15,109.502,109.502,109.502,109.502,0.0,0.0,1.0,chinabond_official,2026-08-04T15:34:50
2014-09-16,109.4361,109.4361,109.4361,109.4361,0.0,0.0,1.0,chinabond_official,2026-08-04T15:34:50
2014-09-17,110.3419,110.3419,110.3419,110.3419,0.0,0.0,1.0,chinabond_official,2026-08-04T15:34:50
2014-09-18,110.9786,110.9786,110.9786,110.9786,0.0,0.0,1.0,chinabond_official,2026-08-04T15:34:50
2014-09-19,112.2337,112.2337,112.2337,112.2337,0.0,0.0,1.0,chinabond_official,2026-08-04T15:34:50
2014-09-22,112.7975,112.7975,112.7975,112.7975,0.0,0.0,1.0,chinabond_official,2026-08-04T15:34:50
2014-09-23,112.9384,112.9384,112.9384,112.9384,0.0,0.0,1.0,chinabond_official,2026-08-04T15:34:50
2014-09-24,112.0894,112.0894,112.0894,112.0894,0.0,0.0,1.0,chinabond_official,2026-08-04T15:34:50
2014-09-25,112.7313,112.7313,112.7313,112.7313,0.0,0.0,1.0,chinabond_official,2026-08-04T15:34:50
2014-09-26,112.561,112.561,112.561,112.561,0.0,0.0,1.0,chinabond_official,2026-08-04T15:34:50
2014-09-28,112.4143,112.4143,112.4143,112.4143,0.0,0.0,1.0,chinabond_official,2026-08-04T15:34:50
2014-09-29,112.7312,112.7312,112.7312,112.7312,0.0,0.0,1.0,chinabond_official,2026-08-04T15:34:50
2014-09-30,112.8009,112.8009,112.8009,112.8009,0.0,0.0,1.0,chinabond_official,2026-08-04T15:34:50
2014-10-08,112.7429,112.7429,112.7429,112.7429,0.0,0.0,1.0,chinabond_official,2026-08-04T15:34:50
2014-10-09,112.5829,112.5829,112.5829,112.5829,0.0,0.0,1.0,chinabond_official,2026-08-04T15:34:50
2014-10-10,112.3949,112.3949,112.3949,112.3949,0.0,0.0,1.0,chinabond_official,2026-08-04T15:34:50
2014-10-11,112.4839,112.4839,112.4839,112.4839,0.0,0.0,1.0,chinabond_official,2026-08-04T15:34:50
2014-10-13,112.519,112.519,112.519,112.519,0.0,0.0,1.0,chinabond_official,2026-08-04T15:34:50
2014-10-14,114.2159,114.2159,114.2159,114.2159,0.0,0.0,1.0,chinabond_official,2026-08-04T15:34:50
2014-10-15,115.6589,115.6589,115.6589,115.6589,0.0,0.0,1.0,chinabond_official,2026-08-04T15:34:50
2014-10-16,115.8525,115.8525,115.8525,115.8525,0.0,0.0,1.0,chinabond_official,2026-08-04T15:34:50
2014-10-17,115.8751,115.8751,115.8751,115.8751,0.0,0.0,1.0,chinabond_official,2026-08-04T15:34:50
2014-10-20,117.1367,117.1367,117.1367,117.1367,0.0,0.0,1.0,chinabond_official,2026-08-04T15:34:50
2014-10-21,117.3677,117.3677,117.3677,117.3677,0.0,0.0,1.0,chinabond_official,2026-08-04T15:34:50
2014-10-22,116.1344,116.1344,116.1344,116.1344,0.0,0.0,1.0,chinabond_official,2026-08-04T15:34:50
2014-10-23,116.0665,116.0665,116.0665,116.0665,0.0,0.0,1.0,chinabond_official,2026-08-04T15:34:50
2014-10-24,117.9243,117.9243,117.9243,117.9243,0.0,0.0,1.0,chinabond_official,2026-08-04T15:34:50
2014-10-27,118.4306,118.4306,118.4306,118.4306,0.0,0.0,1.0,chinabond_official,2026-08-04T15:34:50
2014-10-28,119.0647,119.0647,119.0647,119.0647,0.0,0.0,1.0,chinabond_official,2026-08-04T15:34:50
2014-10-29,119.5476,119.5476,119.5476,119.5476,0.0,0.0,1.0,chinabond_official,2026-08-04T15:34:50
2014-10-30,118.7128,118.7128,118.7128,118.7128,0.0,0.0,1.0,chinabond_official,2026-08-04T15:34:50
2014-10-31,118.8589,118.8589,118.8589,118.8589,0.0,0.0,1.0,chinabond_official,2026-08-04T15:34:50
2014-11-03,119.9895,119.9895,119.9895,119.9895,0.0,0.0,1.0,chinabond_official,2026-08-04T15:34:50
2014-11-04,121.1423,121.1423,121.1423,121.1423,0.0,0.0,1.0,chinabond_official,2026-08-04T15:34:50
2014-11-05,121.7263,121.7263,121.7263,121.7263,0.0,0.0,1.0,chinabond_official,2026-08-04T15:34:50
2014-11-06,121.5347,121.5347,121.5347,121.5347,0.0,0.0,1.0,chinabond_official,2026-08-04T15:34:50
2014-11-07,122.7013,122.7013,122.7013,122.7013,0.0,0.0,1.0,chinabond_official,2026-08-04T15:34:50
2014-11-10,123.7257,123.7257,123.7257,123.7257,0.0,0.0,1.0,chinabond_official,2026-08-04T15:34:50
2014-11-11,124.0391,124.0391,124.0391,124.0391,0.0,0.0,1.0,chinabond_official,2026-08-04T15:34:50
2014-11-12,122.8981,122.8981,122.8981,122.8981,0.0,0.0,1.0,chinabond_official,2026-08-04T15:34:50
2014-11-13,122.2251,122.2251,122.2251,122.2251,0.0,0.0,1.0,chinabond_official,2026-08-04T15:34:50
2014-11-14,121.1432,121.1432,121.1432,121.1432,0.0,0.0,1.0,chinabond_official,2026-08-04T15:34:50
2014-11-17,120.9502,120.9502,120.9502,120.9502,0.0,0.0,1.0,chinabond_official,2026-08-04T15:34:50
2014-11-18,122.0016,122.0016,122.0016,122.0016,0.0,0.0,1.0,chinabond_official,2026-08-04T15:34:50
2014-11-19,121.8545,121.8545,121.8545,121.8545,0.0,0.0,1.0,chinabond_official,2026-08-04T15:34:50
2014-11-20,121.1707,121.1707,121.1707,121.1707,0.0,0.0,1.0,chinabond_official,2026-08-04T15:34:50
2014-11-21,121.1992,121.1992,121.1992,121.1992,0.0,0.0,1.0,chinabond_official,2026-08-04T15:34:50
2014-11-24,124.6621,124.6621,124.6621,124.6621,0.0,0.0,1.0,chinabond_official,2026-08-04T15:34:50
2014-11-25,123.7832,123.7832,123.7832,123.7832,0.0,0.0,1.0,chinabond_official,2026-08-04T15:34:50
2014-11-26,123.7736,123.7736,123.7736,123.7736,0.0,0.0,1.0,chinabond_official,2026-08-04T15:34:50
2014-11-27,123.7596,123.7596,123.7596,123.7596,0.0,0.0,1.0,chinabond_official,2026-08-04T15:34:50
2014-11-28,123.7614,123.7614,123.7614,123.7614,0.0,0.0,1.0,chinabond_official,2026-08-04T15:34:50
2014-12-01,124.0099,124.0099,124.0099,124.0099,0.0,0.0,1.0,chinabond_official,2026-08-04T15:34:50
2014-12-02,123.2323,123.2323,123.2323,123.2323,0.0,0.0,1.0,chinabond_official,2026-08-04T15:34:50
2014-12-03,121.9124,121.9124,121.9124,121.9124,0.0,0.0,1.0,chinabond_official,2026-08-04T15:34:50
2014-12-04,121.1656,121.1656,121.1656,121.1656,0.0,0.0,1.0,chinabond_official,2026-08-04T15:34:50
2014-12-05,119.0482,119.0482,119.0482,119.0482,0.0,0.0,1.0,chinabond_official,2026-08-04T15:34:50
2014-12-08,118.7958,118.7958,118.7958,118.7958,0.0,0.0,1.0,chinabond_official,2026-08-04T15:34:50
2014-12-09,119.5192,119.5192,119.5192,119.5192,0.0,0.0,1.0,chinabond_official,2026-08-04T15:34:50
2014-12-10,120.3141,120.3141,120.3141,120.3141,0.0,0.0,1.0,chinabond_official,2026-08-04T15:34:50
2014-12-11,120.0664,120.0664,120.0664,120.0664,0.0,0.0,1.0,chinabond_official,2026-08-04T15:34:50
2014-12-12,119.5965,119.5965,119.5965,119.5965,0.0,0.0,1.0,chinabond_official,2026-08-04T15:34:50
2014-12-15,119.0781,119.0781,119.0781,119.0781,0.0,0.0,1.0,chinabond_official,2026-08-04T15:34:50
2014-12-16,119.6408,119.6408,119.6408,119.6408,0.0,0.0,1.0,chinabond_official,2026-08-04T15:34:50
2014-12-17,119.9808,119.9808,119.9808,119.9808,0.0,0.0,1.0,chinabond_official,2026-08-04T15:34:50
2014-12-18,119.4924,119.4924,119.4924,119.4924,0.0,0.0,1.0,chinabond_official,2026-08-04T15:34:50
2014-12-19,120.4477,120.4477,120.4477,120.4477,0.0,0.0,1.0,chinabond_official,2026-08-04T15:34:50
2014-12-22,120.6332,120.6332,120.6332,120.6332,0.0,0.0,1.0,chinabond_official,2026-08-04T15:34:50
2014-12-23,121.4953,121.4953,121.4953,121.4953,0.0,0.0,1.0,chinabond_official,2026-08-04T15:34:50
2014-12-24,122.6843,122.6843,122.6843,122.6843,0.0,0.0,1.0,chinabond_official,2026-08-04T15:34:50
2014-12-25,122.0601,122.0601,122.0601,122.0601,0.0,0.0,1.0,chinabond_official,2026-08-04T15:34:50
2014-12-26,122.01,122.01,122.01,122.01,0.0,0.0,1.0,chinabond_official,2026-08-04T15:34:50
2014-12-29,122.2931,122.2931,122.2931,122.2931,0.0,0.0,1.0,chinabond_official,2026-08-04T15:34:50
2014-12-30,122.3026,122.3026,122.3026,122.3026,0.0,0.0,1.0,chinabond_official,2026-08-04T15:34:50
2014-12-31,122.3089,122.3089,122.3089,122.3089,0.0,0.0,1.0,chinabond_official,2026-08-04T15:34:50
2015-01-04,122.2352,122.2352,122.2352,122.2352,0.0,0.0,1.0,chinabond_official,2026-08-04T15:34:50
2015-01-05,122.3152,122.3152,122.3152,122.3152,0.0,0.0,1.0,chinabond_official,2026-08-04T15:34:50
2015-01-06,122.1309,122.1309,122.1309,122.1309,0.0,0.0,1.0,chinabond_official,2026-08-04T15:34:50
2015-01-07,122.0381,122.0381,122.0381,122.0381,0.0,0.0,1.0,chinabond_official,2026-08-04T15:34:50
2015-01-08,122.0384,122.0384,122.0384,122.0384,0.0,0.0,1.0,chinabond_official,2026-08-04T15:34:50
2015-01-09,122.1797,122.1797,122.1797,122.1797,0.0,0.0,1.0,chinabond_official,2026-08-04T15:34:50
2015-01-12,122.0296,122.0296,122.0296,122.0296,0.0,0.0,1.0,chinabond_official,2026-08-04T15:34:50
2015-01-13,123.088,123.088,123.088,123.088,0.0,0.0,1.0,chinabond_official,2026-08-04T15:34:50
2015-01-14,123.9336,123.9336,123.9336,123.9336,0.0,0.0,1.0,chinabond_official,2026-08-04T15:34:50
2015-01-15,123.539,123.539,123.539,123.539,0.0,0.0,1.0,chinabond_official,2026-08-04T15:34:50
2015-01-16,124.4374,124.4374,124.4374,124.4374,0.0,0.0,1.0,chinabond_official,2026-08-04T15:34:50
2015-01-19,125.0103,125.0103,125.0103,125.0103,0.0,0.0,1.0,chinabond_official,2026-08-04T15:34:50
2015-01-20,125.1021,125.1021,125.1021,125.1021,0.0,0.0,1.0,chinabond_official,2026-08-04T15:34:50
2015-01-21,125.1939,125.1939,125.1939,125.1939,0.0,0.0,1.0,chinabond_official,2026-08-04T15:34:50
2015-01-22,125.5125,125.5125,125.5125,125.5125,0.0,0.0,1.0,chinabond_official,2026-08-04T15:34:50
2015-01-23,125.5282,125.5282,125.5282,125.5282,0.0,0.0,1.0,chinabond_official,2026-08-04T15:34:50
2015-01-26,125.9296,125.9296,125.9296,125.9296,0.0,0.0,1.0,chinabond_official,2026-08-04T15:34:50
2015-01-27,126.0079,126.0079,126.0079,126.0079,0.0,0.0,1.0,chinabond_official,2026-08-04T15:34:50
2015-01-28,125.9011,125.9011,125.9011,125.9011,0.0,0.0,1.0,chinabond_official,2026-08-04T15:34:50
2015-01-29,125.4597,125.4597,125.4597,125.4597,0.0,0.0,1.0,chinabond_official,2026-08-04T15:34:50
2015-01-30,125.3316,125.3316,125.3316,125.3316,0.0,0.0,1.0,chinabond_official,2026-08-04T15:34:50
2015-02-02,125.9569,125.9569,125.9569,125.9569,0.0,0.0,1.0,chinabond_official,2026-08-04T15:34:50
2015-02-03,126.3694,126.3694,126.3694,126.3694,0.0,0.0,1.0,chinabond_official,2026-08-04T15:34:50
2015-02-04,126.2697,126.2697,126.2697,126.2697,0.0,0.0,1.0,chinabond_official,2026-08-04T15:34:50
2015-02-05,127.4475,127.4475,127.4475,127.4475,0.0,0.0,1.0,chinabond_official,2026-08-04T15:34:50
2015-02-06,126.8457,126.8457,126.8457,126.8457,0.0,0.0,1.0,chinabond_official,2026-08-04T15:34:50
2015-02-09,127.0686,127.0686,127.0686,127.0686,0.0,0.0,1.0,chinabond_official,2026-08-04T15:34:50
2015-02-10,126.9539,126.9539,126.9539,126.9539,0.0,0.0,1.0,chinabond_official,2026-08-04T15:34:50
2015-02-11,127.6715,127.6715,127.6715,127.6715,0.0,0.0,1.0,chinabond_official,2026-08-04T15:34:50
2015-02-12,127.7372,127.7372,127.7372,127.7372,0.0,0.0,1.0,chinabond_official,2026-08-04T15:34:50
2015-02-13,127.6315,127.6315,127.6315,127.6315,0.0,0.0,1.0,chinabond_official,2026-08-04T15:34:50
2015-02-15,127.5963,127.5963,127.5963,127.5963,0.0,0.0,1.0,chinabond_official,2026-08-04T15:34:50
2015-02-16,128.1261,128.1261,128.1261,128.1261,0.0,0.0,1.0,chinabond_official,2026-08-04T15:34:50
2015-02-17,128.1406,128.1406,128.1406,128.1406,0.0,0.0,1.0,chinabond_official,2026-08-04T15:34:50
2015-02-25,128.0139,128.0139,128.0139,128.0139,0.0,0.0,1.0,chinabond_official,2026-08-04T15:34:50
2015-02-26,127.8978,127.8978,127.8978,127.8978,0.0,0.0,1.0,chinabond_official,2026-08-04T15:34:50
2015-02-27,127.6217,127.6217,127.6217,127.6217,0.0,0.0,1.0,chinabond_official,2026-08-04T15:34:50
2015-02-28,127.8848,127.8848,127.8848,127.8848,0.0,0.0,1.0,chinabond_official,2026-08-04T15:34:50
2015-03-02,127.3373,127.3373,127.3373,127.3373,0.0,0.0,1.0,chinabond_official,2026-08-04T15:34:50
2015-03-03,127.064,127.064,127.064,127.064,0.0,0.0,1.0,chinabond_official,2026-08-04T15:34:50
2015-03-04,127.3917,127.3917,127.3917,127.3917,0.0,0.0,1.0,chinabond_official,2026-08-04T15:34:50
2015-03-05,126.3596,126.3596,126.3596,126.3596,0.0,0.0,1.0,chinabond_official,2026-08-04T15:34:50
2015-03-06,125.6235,125.6235,125.6235,125.6235,0.0,0.0,1.0,chinabond_official,2026-08-04T15:34:50
2015-03-09,125.3284,125.3284,125.3284,125.3284,0.0,0.0,1.0,chinabond_official,2026-08-04T15:34:50
2015-03-10,124.7342,124.7342,124.7342,124.7342,0.0,0.0,1.0,chinabond_official,2026-08-04T15:34:50
2015-03-11,126.2602,126.2602,126.2602,126.2602,0.0,0.0,1.0,chinabond_official,2026-08-04T15:34:50
2015-03-12,126.3779,126.3779,126.3779,126.3779,0.0,0.0,1.0,chinabond_official,2026-08-04T15:34:50
2015-03-13,125.4704,125.4704,125.4704,125.4704,0.0,0.0,1.0,chinabond_official,2026-08-04T15:34:50
2015-03-16,124.675,124.675,124.675,124.675,0.0,0.0,1.0,chinabond_official,2026-08-04T15:34:50
2015-03-17,124.433,124.433,124.433,124.433,0.0,0.0,1.0,chinabond_official,2026-08-04T15:34:50
2015-03-18,124.2672,124.2672,124.2672,124.2672,0.0,0.0,1.0,chinabond_official,2026-08-04T15:34:50
2015-03-19,123.541,123.541,123.541,123.541,0.0,0.0,1.0,chinabond_official,2026-08-04T15:34:50
2015-03-20,123.9979,123.9979,123.9979,123.9979,0.0,0.0,1.0,chinabond_official,2026-08-04T15:34:50
2015-03-23,124.0603,124.0603,124.0603,124.0603,0.0,0.0,1.0,chinabond_official,2026-08-04T15:34:50
2015-03-24,123.8692,123.8692,123.8692,123.8692,0.0,0.0,1.0,chinabond_official,2026-08-04T15:34:50
2015-03-25,123.4988,123.4988,123.4988,123.4988,0.0,0.0,1.0,chinabond_official,2026-08-04T15:34:50
2015-03-26,122.7559,122.7559,122.7559,122.7559,0.0,0.0,1.0,chinabond_official,2026-08-04T15:34:50
2015-03-27,122.1847,122.1847,122.1847,122.1847,0.0,0.0,1.0,chinabond_official,2026-08-04T15:34:50
2015-03-30,121.8533,121.8533,121.8533,121.8533,0.0,0.0,1.0,chinabond_official,2026-08-04T15:34:50
2015-03-31,121.5036,121.5036,121.5036,121.5036,0.0,0.0,1.0,chinabond_official,2026-08-04T15:34:50
2015-04-01,122.4532,122.4532,122.4532,122.4532,0.0,0.0,1.0,chinabond_official,2026-08-04T15:34:50
2015-04-02,123.5376,123.5376,123.5376,123.5376,0.0,0.0,1.0,chinabond_official,2026-08-04T15:34:50
2015-04-03,123.0016,123.0016,123.0016,123.0016,0.0,0.0,1.0,chinabond_official,2026-08-04T15:34:50
2015-04-07,122.5413,122.5413,122.5413,122.5413,0.0,0.0,1.0,chinabond_official,2026-08-04T15:34:50
2015-04-08,120.7356,120.7356,120.7356,120.7356,0.0,0.0,1.0,chinabond_official,2026-08-04T15:34:50
2015-04-09,120.4374,120.4374,120.4374,120.4374,0.0,0.0,1.0,chinabond_official,2026-08-04T15:34:50
2015-04-10,120.462,120.462,120.462,120.462,0.0,0.0,1.0,chinabond_official,2026-08-04T15:34:50
2015-04-13,120.4734,120.4734,120.4734,120.4734,0.0,0.0,1.0,chinabond_official,2026-08-04T15:34:50
2015-04-14,121.2852,121.2852,121.2852,121.2852,0.0,0.0,1.0,chinabond_official,2026-08-04T15:34:50
2015-04-15,121.7036,121.7036,121.7036,121.7036,0.0,0.0,1.0,chinabond_official,2026-08-04T15:34:50
2015-04-16,122.4278,122.4278,122.4278,122.4278,0.0,0.0,1.0,chinabond_official,2026-08-04T15:34:50
2015-04-17,122.39,122.39,122.39,122.39,0.0,0.0,1.0,chinabond_official,2026-08-04T15:34:50
2015-04-20,124.5165,124.5165,124.5165,124.5165,0.0,0.0,1.0,chinabond_official,2026-08-04T15:34:50
2015-04-21,124.8391,124.8391,124.8391,124.8391,0.0,0.0,1.0,chinabond_official,2026-08-04T15:34:50
2015-04-22,124.7413,124.7413,124.7413,124.7413,0.0,0.0,1.0,chinabond_official,2026-08-04T15:34:50
2015-04-23,124.6843,124.6843,124.6843,124.6843,0.0,0.0,1.0,chinabond_official,2026-08-04T15:34:50
2015-04-24,122.9396,122.9396,122.9396,122.9396,0.0,0.0,1.0,chinabond_official,2026-08-04T15:34:50
2015-04-27,122.9531,122.9531,122.9531,122.9531,0.0,0.0,1.0,chinabond_official,2026-08-04T15:34:50
2015-04-28,123.2536,123.2536,123.2536,123.2536,0.0,0.0,1.0,chinabond_official,2026-08-04T15:34:50
2015-04-29,123.3445,123.3445,123.3445,123.3445,0.0,0.0,1.0,chinabond_official,2026-08-04T15:34:50
2015-04-30,124.169,124.169,124.169,124.169,0.0,0.0,1.0,chinabond_official,2026-08-04T15:34:50
2015-05-04,123.5996,123.5996,123.5996,123.5996,0.0,0.0,1.0,chinabond_official,2026-08-04T15:34:50
2015-05-05,123.2249,123.2249,123.2249,123.2249,0.0,0.0,1.0,chinabond_official,2026-08-04T15:34:50
2015-05-06,122.3165,122.3165,122.3165,122.3165,0.0,0.0,1.0,chinabond_official,2026-08-04T15:34:50
2015-05-07,122.5028,122.5028,122.5028,122.5028,0.0,0.0,1.0,chinabond_official,2026-08-04T15:34:50
2015-05-08,123.8691,123.8691,123.8691,123.8691,0.0,0.0,1.0,chinabond_official,2026-08-04T15:34:50
2015-05-11,123.8158,123.8158,123.8158,123.8158,0.0,0.0,1.0,chinabond_official,2026-08-04T15:34:50
2015-05-12,123.7039,123.7039,123.7039,123.7039,0.0,0.0,1.0,chinabond_official,2026-08-04T15:34:50
2015-05-13,123.5733,123.5733,123.5733,123.5733,0.0,0.0,1.0,chinabond_official,2026-08-04T15:34:50
2015-05-14,123.9247,123.9247,123.9247,123.9247,0.0,0.0,1.0,chinabond_official,2026-08-04T15:34:50
2015-05-15,124.0208,124.0208,124.0208,124.0208,0.0,0.0,1.0,chinabond_official,2026-08-04T15:34:50
2015-05-18,124.1649,124.1649,124.1649,124.1649,0.0,0.0,1.0,chinabond_official,2026-08-04T15:34:50
2015-05-19,124.2141,124.2141,124.2141,124.2141,0.0,0.0,1.0,chinabond_official,2026-08-04T15:34:50
2015-05-20,124.2038,124.2038,124.2038,124.2038,0.0,0.0,1.0,chinabond_official,2026-08-04T15:34:50
2015-05-21,124.5355,124.5355,124.5355,124.5355,0.0,0.0,1.0,chinabond_official,2026-08-04T15:34:50
2015-05-22,125.1764,125.1764,125.1764,125.1764,0.0,0.0,1.0,chinabond_official,2026-08-04T15:34:50
2015-05-25,126.1353,126.1353,126.1353,126.1353,0.0,0.0,1.0,chinabond_official,2026-08-04T15:34:50
2015-05-26,126.5778,126.5778,126.5778,126.5778,0.0,0.0,1.0,chinabond_official,2026-08-04T15:34:50
2015-05-27,126.249,126.249,126.249,126.249,0.0,0.0,1.0,chinabond_official,2026-08-04T15:34:50
2015-05-28,126.5311,126.5311,126.5311,126.5311,0.0,0.0,1.0,chinabond_official,2026-08-04T15:34:50
2015-05-29,126.3757,126.3757,126.3757,126.3757,0.0,0.0,1.0,chinabond_official,2026-08-04T15:34:50
2015-06-01,126.0829,126.0829,126.0829,126.0829,0.0,0.0,1.0,chinabond_official,2026-08-04T15:34:50
2015-06-02,126.0416,126.0416,126.0416,126.0416,0.0,0.0,1.0,chinabond_official,2026-08-04T15:34:50
2015-06-03,126.3697,126.3697,126.3697,126.3697,0.0,0.0,1.0,chinabond_official,2026-08-04T15:34:50
2015-06-04,126.7063,126.7063,126.7063,126.7063,0.0,0.0,1.0,chinabond_official,2026-08-04T15:34:50
2015-06-05,126.9201,126.9201,126.9201,126.9201,0.0,0.0,1.0,chinabond_official,2026-08-04T15:34:50
2015-06-08,126.6669,126.6669,126.6669,126.6669,0.0,0.0,1.0,chinabond_official,2026-08-04T15:34:50
2015-06-09,126.6913,126.6913,126.6913,126.6913,0.0,0.0,1.0,chinabond_official,2026-08-04T15:34:50
2015-06-10,125.9645,125.9645,125.9645,125.9645,0.0,0.0,1.0,chinabond_official,2026-08-04T15:34:50
2015-06-11,125.4188,125.4188,125.4188,125.4188,0.0,0.0,1.0,chinabond_official,2026-08-04T15:34:50
2015-06-12,125.4835,125.4835,125.4835,125.4835,0.0,0.0,1.0,chinabond_official,2026-08-04T15:34:50
2015-06-15,124.5811,124.5811,124.5811,124.5811,0.0,0.0,1.0,chinabond_official,2026-08-04T15:34:50
2015-06-16,125.7392,125.7392,125.7392,125.7392,0.0,0.0,1.0,chinabond_official,2026-08-04T15:34:50
2015-06-17,126.0238,126.0238,126.0238,126.0238,0.0,0.0,1.0,chinabond_official,2026-08-04T15:34:50
2015-06-18,126.6777,126.6777,126.6777,126.6777,0.0,0.0,1.0,chinabond_official,2026-08-04T15:34:50
2015-06-19,126.4984,126.4984,126.4984,126.4984,0.0,0.0,1.0,chinabond_official,2026-08-04T15:34:50
2015-06-23,126.104,126.104,126.104,126.104,0.0,0.0,1.0,chinabond_official,2026-08-04T15:34:50
2015-06-24,126.0631,126.0631,126.0631,126.0631,0.0,0.0,1.0,chinabond_official,2026-08-04T15:34:50
2015-06-25,126.2005,126.2005,126.2005,126.2005,0.0,0.0,1.0,chinabond_official,2026-08-04T15:34:50
2015-06-26,126.1114,126.1114,126.1114,126.1114,0.0,0.0,1.0,chinabond_official,2026-08-04T15:34:50
2015-06-29,126.2504,126.2504,126.2504,126.2504,0.0,0.0,1.0,chinabond_official,2026-08-04T15:34:50
2015-06-30,126.5109,126.5109,126.5109,126.5109,0.0,0.0,1.0,chinabond_official,2026-08-04T15:34:50
2015-07-01,126.0273,126.0273,126.0273,126.0273,0.0,0.0,1.0,chinabond_official,2026-08-04T15:34:50
2015-07-02,126.1491,126.1491,126.1491,126.1491,0.0,0.0,1.0,chinabond_official,2026-08-04T15:34:50
2015-07-03,126.1736,126.1736,126.1736,126.1736,0.0,0.0,1.0,chinabond_official,2026-08-04T15:34:50
2015-07-06,127.7453,127.7453,127.7453,127.7453,0.0,0.0,1.0,chinabond_official,2026-08-04T15:34:50
2015-07-07,128.8944,128.8944,128.8944,128.8944,0.0,0.0,1.0,chinabond_official,2026-08-04T15:34:50
2015-07-08,129.0153,129.0153,129.0153,129.0153,0.0,0.0,1.0,chinabond_official,2026-08-04T15:34:50
2015-07-09,128.9309,128.9309,128.9309,128.9309,0.0,0.0,1.0,chinabond_official,2026-08-04T15:34:50
2015-07-10,127.857,127.857,127.857,127.857,0.0,0.0,1.0,chinabond_official,2026-08-04T15:34:50
2015-07-13,128.469,128.469,128.469,128.469,0.0,0.0,1.0,chinabond_official,2026-08-04T15:34:50
2015-07-14,128.4729,128.4729,128.4729,128.4729,0.0,0.0,1.0,chinabond_official,2026-08-04T15:34:50
2015-07-15,128.5624,128.5624,128.5624,128.5624,0.0,0.0,1.0,chinabond_official,2026-08-04T15:34:50
2015-07-16,129.0381,129.0381,129.0381,129.0381,0.0,0.0,1.0,chinabond_official,2026-08-04T15:34:50
2015-07-17,129.6615,129.6615,129.6615,129.6615,0.0,0.0,1.0,chinabond_official,2026-08-04T15:34:50
2015-07-20,129.3217,129.3217,129.3217,129.3217,0.0,0.0,1.0,chinabond_official,2026-08-04T15:34:50
2015-07-21,128.9125,128.9125,128.9125,128.9125,0.0,0.0,1.0,chinabond_official,2026-08-04T15:34:50
2015-07-22,129.0675,129.0675,129.0675,129.0675,0.0,0.0,1.0,chinabond_official,2026-08-04T15:34:50
2015-07-23,129.084,129.084,129.084,129.084,0.0,0.0,1.0,chinabond_official,2026-08-04T15:34:50
2015-07-24,129.6947,129.6947,129.6947,129.6947,0.0,0.0,1.0,chinabond_official,2026-08-04T15:34:50
2015-07-27,129.7322,129.7322,129.7322,129.7322,0.0,0.0,1.0,chinabond_official,2026-08-04T15:34:50
2015-07-28,130.136,130.136,130.136,130.136,0.0,0.0,1.0,chinabond_official,2026-08-04T15:34:50
2015-07-29,130.3789,130.3789,130.3789,130.3789,0.0,0.0,1.0,chinabond_official,2026-08-04T15:34:50
2015-07-30,130.1859,130.1859,130.1859,130.1859,0.0,0.0,1.0,chinabond_official,2026-08-04T15:34:50
2015-07-31,129.4743,129.4743,129.4743,129.4743,0.0,0.0,1.0,chinabond_official,2026-08-04T15:34:50
2015-08-03,129.6124,129.6124,129.6124,129.6124,0.0,0.0,1.0,chinabond_official,2026-08-04T15:34:50
2015-08-04,129.4808,129.4808,129.4808,129.4808,0.0,0.0,1.0,chinabond_official,2026-08-04T15:34:50
2015-08-05,129.057,129.057,129.057,129.057,0.0,0.0,1.0,chinabond_official,2026-08-04T15:34:50
2015-08-06,129.284,129.284,129.284,129.284,0.0,0.0,1.0,chinabond_official,2026-08-04T15:34:50
2015-08-07,129.4025,129.4025,129.4025,129.4025,0.0,0.0,1.0,chinabond_official,2026-08-04T15:34:50
2015-08-10,129.0132,129.0132,129.0132,129.0132,0.0,0.0,1.0,chinabond_official,2026-08-04T15:34:50
2015-08-11,128.8743,128.8743,128.8743,128.8743,0.0,0.0,1.0,chinabond_official,2026-08-04T15:34:50
2015-08-12,128.6121,128.6121,128.6121,128.6121,0.0,0.0,1.0,chinabond_official,2026-08-04T15:34:50
2015-08-13,129.1113,129.1113,129.1113,129.1113,0.0,0.0,1.0,chinabond_official,2026-08-04T15:34:50
2015-08-14,129.3322,129.3322,129.3322,129.3322,0.0,0.0,1.0,chinabond_official,2026-08-04T15:34:50
2015-08-17,129.119,129.119,129.119,129.119,0.0,0.0,1.0,chinabond_official,2026-08-04T15:34:50
2015-08-18,129.2216,129.2216,129.2216,129.2216,0.0,0.0,1.0,chinabond_official,2026-08-04T15:34:50
2015-08-19,129.0856,129.0856,129.0856,129.0856,0.0,0.0,1.0,chinabond_official,2026-08-04T15:34:50
2015-08-20,128.8059,128.8059,128.8059,128.8059,0.0,0.0,1.0,chinabond_official,2026-08-04T15:34:50
2015-08-21,129.031,129.031,129.031,129.031,0.0,0.0,1.0,chinabond_official,2026-08-04T15:34:50
2015-08-24,129.5879,129.5879,129.5879,129.5879,0.0,0.0,1.0,chinabond_official,2026-08-04T15:34:50
2015-08-25,129.8557,129.8557,129.8557,129.8557,0.0,0.0,1.0,chinabond_official,2026-08-04T15:34:50
2015-08-26,130.285,130.285,130.285,130.285,0.0,0.0,1.0,chinabond_official,2026-08-04T15:34:50
2015-08-27,131.1198,131.1198,131.1198,131.1198,0.0,0.0,1.0,chinabond_official,2026-08-04T15:34:50
2015-08-28,131.3448,131.3448,131.3448,131.3448,0.0,0.0,1.0,chinabond_official,2026-08-04T15:34:50
2015-08-31,132.5692,132.5692,132.5692,132.5692,0.0,0.0,1.0,chinabond_official,2026-08-04T15:34:50
2015-09-01,132.644,132.644,132.644,132.644,0.0,0.0,1.0,chinabond_official,2026-08-04T15:34:50
2015-09-02,132.5751,132.5751,132.5751,132.5751,0.0,0.0,1.0,chinabond_official,2026-08-04T15:34:50
2015-09-06,132.2176,132.2176,132.2176,132.2176,0.0,0.0,1.0,chinabond_official,2026-08-04T15:34:50
2015-09-07,131.7025,131.7025,131.7025,131.7025,0.0,0.0,1.0,chinabond_official,2026-08-04T15:34:50
2015-09-08,131.8571,131.8571,131.8571,131.8571,0.0,0.0,1.0,chinabond_official,2026-08-04T15:34:50
2015-09-09,132.1206,132.1206,132.1206,132.1206,0.0,0.0,1.0,chinabond_official,2026-08-04T15:34:50
2015-09-10,132.1982,132.1982,132.1982,132.1982,0.0,0.0,1.0,chinabond_official,2026-08-04T15:34:50
2015-09-11,132.3465,132.3465,132.3465,132.3465,0.0,0.0,1.0,chinabond_official,2026-08-04T15:34:50
2015-09-14,132.5864,132.5864,132.5864,132.5864,0.0,0.0,1.0,chinabond_official,2026-08-04T15:34:50
2015-09-15,133.0098,133.0098,133.0098,133.0098,0.0,0.0,1.0,chinabond_official,2026-08-04T15:34:50
2015-09-16,132.5924,132.5924,132.5924,132.5924,0.0,0.0,1.0,chinabond_official,2026-08-04T15:34:50
2015-09-17,132.7186,132.7186,132.7186,132.7186,0.0,0.0,1.0,chinabond_official,2026-08-04T15:34:50
2015-09-18,133.0397,133.0397,133.0397,133.0397,0.0,0.0,1.0,chinabond_official,2026-08-04T15:34:50
2015-09-21,132.3215,132.3215,132.3215,132.3215,0.0,0.0,1.0,chinabond_official,2026-08-04T15:34:50
2015-09-22,131.6547,131.6547,131.6547,131.6547,0.0,0.0,1.0,chinabond_official,2026-08-04T15:34:50
2015-09-23,131.412,131.412,131.412,131.412,0.0,0.0,1.0,chinabond_official,2026-08-04T15:34:50
2015-09-24,131.2938,131.2938,131.2938,131.2938,0.0,0.0,1.0,chinabond_official,2026-08-04T15:34:50
2015-09-25,131.2522,131.2522,131.2522,131.2522,0.0,0.0,1.0,chinabond_official,2026-08-04T15:34:50
2015-09-28,131.688,131.688,131.688,131.688,0.0,0.0,1.0,chinabond_official,2026-08-04T15:34:50
2015-09-29,131.1833,131.1833,131.1833,131.1833,0.0,0.0,1.0,chinabond_official,2026-08-04T15:34:50
2015-09-30,131.3956,131.3956,131.3956,131.3956,0.0,0.0,1.0,chinabond_official,2026-08-04T15:34:50
2015-10-08,131.4086,131.4086,131.4086,131.4086,0.0,0.0,1.0,chinabond_official,2026-08-04T15:34:50
2015-10-09,132.5008,132.5008,132.5008,132.5008,0.0,0.0,1.0,chinabond_official,2026-08-04T15:34:50
2015-10-10,132.2335,132.2335,132.2335,132.2335,0.0,0.0,1.0,chinabond_official,2026-08-04T15:34:50
2015-10-12,131.8358,131.8358,131.8358,131.8358,0.0,0.0,1.0,chinabond_official,2026-08-04T15:34:50
2015-10-13,131.5363,131.5363,131.5363,131.5363,0.0,0.0,1.0,chinabond_official,2026-08-04T15:34:50
2015-10-14,132.8154,132.8154,132.8154,132.8154,0.0,0.0,1.0,chinabond_official,2026-08-04T15:34:50
2015-10-15,132.93,132.93,132.93,132.93,0.0,0.0,1.0,chinabond_official,2026-08-04T15:34:50
2015-10-16,131.8862,131.8862,131.8862,131.8862,0.0,0.0,1.0,chinabond_official,2026-08-04T15:34:50
2015-10-19,132.9093,132.9093,132.9093,132.9093,0.0,0.0,1.0,chinabond_official,2026-08-04T15:34:50
2015-10-20,133.8638,133.8638,133.8638,133.8638,0.0,0.0,1.0,chinabond_official,2026-08-04T15:34:50
2015-10-21,133.866,133.866,133.866,133.866,0.0,0.0,1.0,chinabond_official,2026-08-04T15:34:50
2015-10-22,133.8798,133.8798,133.8798,133.8798,0.0,0.0,1.0,chinabond_official,2026-08-04T15:34:50
2015-10-23,133.4335,133.4335,133.4335,133.4335,0.0,0.0,1.0,chinabond_official,2026-08-04T15:34:50
2015-10-26,133.9148,133.9148,133.9148,133.9148,0.0,0.0,1.0,chinabond_official,2026-08-04T15:34:50
2015-10-27,134.7919,134.7919,134.7919,134.7919,0.0,0.0,1.0,chinabond_official,2026-08-04T15:34:50
2015-10-28,134.6509,134.6509,134.6509,134.6509,0.0,0.0,1.0,chinabond_official,2026-08-04T15:34:50
2015-10-29,134.173,134.173,134.173,134.173,0.0,0.0,1.0,chinabond_official,2026-08-04T15:34:50
2015-10-30,133.9761,133.9761,133.9761,133.9761,0.0,0.0,1.0,chinabond_official,2026-08-04T15:34:50
2015-11-02,134.1659,134.1659,134.1659,134.1659,0.0,0.0,1.0,chinabond_official,2026-08-04T15:34:50
2015-11-03,133.5665,133.5665,133.5665,133.5665,0.0,0.0,1.0,chinabond_official,2026-08-04T15:34:50
2015-11-04,132.3905,132.3905,132.3905,132.3905,0.0,0.0,1.0,chinabond_official,2026-08-04T15:34:50
2015-11-05,132.8345,132.8345,132.8345,132.8345,0.0,0.0,1.0,chinabond_official,2026-08-04T15:34:50
2015-11-06,133.3685,133.3685,133.3685,133.3685,0.0,0.0,1.0,chinabond_official,2026-08-04T15:34:50
2015-11-09,131.5753,131.5753,131.5753,131.5753,0.0,0.0,1.0,chinabond_official,2026-08-04T15:34:50
2015-11-10,131.7999,131.7999,131.7999,131.7999,0.0,0.0,1.0,chinabond_official,2026-08-04T15:34:50
2015-11-11,132.8849,132.8849,132.8849,132.8849,0.0,0.0,1.0,chinabond_official,2026-08-04T15:34:50
2015-11-12,132.6298,132.6298,132.6298,132.6298,0.0,0.0,1.0,chinabond_official,2026-08-04T15:34:50
2015-11-13,132.8587,132.8587,132.8587,132.8587,0.0,0.0,1.0,chinabond_official,2026-08-04T15:34:50
2015-11-16,132.6854,132.6854,132.6854,132.6854,0.0,0.0,1.0,chinabond_official,2026-08-04T15:34:50
2015-11-17,132.9154,132.9154,132.9154,132.9154,0.0,0.0,1.0,chinabond_official,2026-08-04T15:34:50
2015-11-18,132.611,132.611,132.611,132.611,0.0,0.0,1.0,chinabond_official,2026-08-04T15:34:50
2015-11-19,132.6211,132.6211,132.6211,132.6211,0.0,0.0,1.0,chinabond_official,2026-08-04T15:34:50
2015-11-20,132.5095,132.5095,132.5095,132.5095,0.0,0.0,1.0,chinabond_official,2026-08-04T15:34:50
2015-11-23,132.4661,132.4661,132.4661,132.4661,0.0,0.0,1.0,chinabond_official,2026-08-04T15:34:50
2015-11-24,132.9595,132.9595,132.9595,132.9595,0.0,0.0,1.0,chinabond_official,2026-08-04T15:34:50
2015-11-25,133.469,133.469,133.469,133.469,0.0,0.0,1.0,chinabond_official,2026-08-04T15:34:50
2015-11-26,132.9883,132.9883,132.9883,132.9883,0.0,0.0,1.0,chinabond_official,2026-08-04T15:34:50
2015-11-27,132.7899,132.7899,132.7899,132.7899,0.0,0.0,1.0,chinabond_official,2026-08-04T15:34:50
2015-11-30,133.2793,133.2793,133.2793,133.2793,0.0,0.0,1.0,chinabond_official,2026-08-04T15:34:50
2015-12-01,133.0818,133.0818,133.0818,133.0818,0.0,0.0,1.0,chinabond_official,2026-08-04T15:34:50
2015-12-02,133.2318,133.2318,133.2318,133.2318,0.0,0.0,1.0,chinabond_official,2026-08-04T15:34:50
2015-12-03,133.5625,133.5625,133.5625,133.5625,0.0,0.0,1.0,chinabond_official,2026-08-04T15:34:50
2015-12-04,133.6592,133.6592,133.6592,133.6592,0.0,0.0,1.0,chinabond_official,2026-08-04T15:34:50
2015-12-07,133.682,133.682,133.682,133.682,0.0,0.0,1.0,chinabond_official,2026-08-04T15:34:50
2015-12-08,134.2586,134.2586,134.2586,134.2586,0.0,0.0,1.0,chinabond_official,2026-08-04T15:34:50
2015-12-09,134.3464,134.3464,134.3464,134.3464,0.0,0.0,1.0,chinabond_official,2026-08-04T15:34:50
2015-12-10,134.2527,134.2527,134.2527,134.2527,0.0,0.0,1.0,chinabond_official,2026-08-04T15:34:50
2015-12-11,134.4524,134.4524,134.4524,134.4524,0.0,0.0,1.0,chinabond_official,2026-08-04T15:34:50
2015-12-14,133.6731,133.6731,133.6731,133.6731,0.0,0.0,1.0,chinabond_official,2026-08-04T15:34:50
2015-12-15,134.0211,134.0211,134.0211,134.0211,0.0,0.0,1.0,chinabond_official,2026-08-04T15:34:50
2015-12-16,134.3547,134.3547,134.3547,134.3547,0.0,0.0,1.0,chinabond_official,2026-08-04T15:34:50
2015-12-17,134.6866,134.6866,134.6866,134.6866,0.0,0.0,1.0,chinabond_official,2026-08-04T15:34:50
2015-12-18,135.3661,135.3661,135.3661,135.3661,0.0,0.0,1.0,chinabond_official,2026-08-04T15:34:50
2015-12-21,136.0384,136.0384,136.0384,136.0384,0.0,0.0,1.0,chinabond_official,2026-08-04T15:34:50
2015-12-22,136.4957,136.4957,136.4957,136.4957,0.0,0.0,1.0,chinabond_official,2026-08-04T15:34:50
2015-12-23,136.8376,136.8376,136.8376,136.8376,0.0,0.0,1.0,chinabond_official,2026-08-04T15:34:50
2015-12-24,137.8525,137.8525,137.8525,137.8525,0.0,0.0,1.0,chinabond_official,2026-08-04T15:34:50
2015-12-25,137.7587,137.7587,137.7587,137.7587,0.0,0.0,1.0,chinabond_official,2026-08-04T15:34:50
2015-12-28,138.0256,138.0256,138.0256,138.0256,0.0,0.0,1.0,chinabond_official,2026-08-04T15:34:50
2015-12-29,137.8193,137.8193,137.8193,137.8193,0.0,0.0,1.0,chinabond_official,2026-08-04T15:34:50
2015-12-30,138.1658,138.1658,138.1658,138.1658,0.0,0.0,1.0,chinabond_official,2026-08-04T15:34:50
2015-12-31,138.2641,138.2641,138.2641,138.2641,0.0,0.0,1.0,chinabond_official,2026-08-04T15:34:50
2016-01-04,138.0417,138.0417,138.0417,138.0417,0.0,0.0,1.0,chinabond_official,2026-08-04T15:34:50
2016-01-05,137.6126,137.6126,137.6126,137.6126,0.0,0.0,1.0,chinabond_official,2026-08-04T15:34:50
2016-01-06,138.3594,138.3594,138.3594,138.3594,0.0,0.0,1.0,chinabond_official,2026-08-04T15:34:50
2016-01-07,139.1951,139.1951,139.1951,139.1951,0.0,0.0,1.0,chinabond_official,2026-08-04T15:34:50
2016-01-08,139.6903,139.6903,139.6903,139.6903,0.0,0.0,1.0,chinabond_official,2026-08-04T15:34:50
2016-01-11,140.1094,140.1094,140.1094,140.1094,0.0,0.0,1.0,chinabond_official,2026-08-04T15:34:50
2016-01-12,141.077,141.077,141.077,141.077,0.0,0.0,1.0,chinabond_official,2026-08-04T15:34:50
2016-01-13,142.832,142.832,142.832,142.832,0.0,0.0,1.0,chinabond_official,2026-08-04T15:34:50
2016-01-14,142.1846,142.1846,142.1846,142.1846,0.0,0.0,1.0,chinabond_official,2026-08-04T15:34:50
2016-01-15,142.3069,142.3069,142.3069,142.3069,0.0,0.0,1.0,chinabond_official,2026-08-04T15:34:50
2016-01-18,141.6281,141.6281,141.6281,141.6281,0.0,0.0,1.0,chinabond_official,2026-08-04T15:34:50
2016-01-19,141.1823,141.1823,141.1823,141.1823,0.0,0.0,1.0,chinabond_official,2026-08-04T15:34:50
2016-01-20,140.846,140.846,140.846,140.846,0.0,0.0,1.0,chinabond_official,2026-08-04T15:34:50
2016-01-21,141.332,141.332,141.332,141.332,0.0,0.0,1.0,chinabond_official,2026-08-04T15:34:50
2016-01-22,141.746,141.746,141.746,141.746,0.0,0.0,1.0,chinabond_official,2026-08-04T15:34:50
2016-01-25,139.8145,139.8145,139.8145,139.8145,0.0,0.0,1.0,chinabond_official,2026-08-04T15:34:50
2016-01-26,139.9578,139.9578,139.9578,139.9578,0.0,0.0,1.0,chinabond_official,2026-08-04T15:34:50
2016-01-27,139.0535,139.0535,139.0535,139.0535,0.0,0.0,1.0,chinabond_official,2026-08-04T15:34:50
2016-01-28,139.3249,139.3249,139.3249,139.3249,0.0,0.0,1.0,chinabond_official,2026-08-04T15:34:50
2016-01-29,140.2973,140.2973,140.2973,140.2973,0.0,0.0,1.0,chinabond_official,2026-08-04T15:34:50
2016-02-01,140.4581,140.4581,140.4581,140.4581,0.0,0.0,1.0,chinabond_official,2026-08-04T15:34:50
2016-02-02,139.4478,139.4478,139.4478,139.4478,0.0,0.0,1.0,chinabond_official,2026-08-04T15:34:50
2016-02-03,139.2143,139.2143,139.2143,139.2143,0.0,0.0,1.0,chinabond_official,2026-08-04T15:34:50
2016-02-04,140.6087,140.6087,140.6087,140.6087,0.0,0.0,1.0,chinabond_official,2026-08-04T15:34:50
2016-02-05,140.6366,140.6366,140.6366,140.6366,0.0,0.0,1.0,chinabond_official,2026-08-04T15:34:50
2016-02-06,140.6437,140.6437,140.6437,140.6437,0.0,0.0,1.0,chinabond_official,2026-08-04T15:34:50
2016-02-14,141.485,141.485,141.485,141.485,0.0,0.0,1.0,chinabond_official,2026-08-04T15:34:50
2016-02-15,141.1484,141.1484,141.1484,141.1484,0.0,0.0,1.0,chinabond_official,2026-08-04T15:34:50
2016-02-16,141.1454,141.1454,141.1454,141.1454,0.0,0.0,1.0,chinabond_official,2026-08-04T15:34:50
2016-02-17,141.3981,141.3981,141.3981,141.3981,0.0,0.0,1.0,chinabond_official,2026-08-04T15:34:50
2016-02-18,141.412,141.412,141.412,141.412,0.0,0.0,1.0,chinabond_official,2026-08-04T15:34:50
2016-02-19,141.6268,141.6268,141.6268,141.6268,0.0,0.0,1.0,chinabond_official,2026-08-04T15:34:50
2016-02-22,141.605,141.605,141.605,141.605,0.0,0.0,1.0,chinabond_official,2026-08-04T15:34:50
2016-02-23,141.5577,141.5577,141.5577,141.5577,0.0,0.0,1.0,chinabond_official,2026-08-04T15:34:50
2016-02-24,141.0536,141.0536,141.0536,141.0536,0.0,0.0,1.0,chinabond_official,2026-08-04T15:34:50
2016-02-25,140.475,140.475,140.475,140.475,0.0,0.0,1.0,chinabond_official,2026-08-04T15:34:50
2016-02-26,141.0134,141.0134,141.0134,141.0134,0.0,0.0,1.0,chinabond_official,2026-08-04T15:34:50
2016-02-29,141.4023,141.4023,141.4023,141.4023,0.0,0.0,1.0,chinabond_official,2026-08-04T15:34:50
2016-03-01,141.7737,141.7737,141.7737,141.7737,0.0,0.0,1.0,chinabond_official,2026-08-04T15:34:50
2016-03-02,142.074,142.074,142.074,142.074,0.0,0.0,1.0,chinabond_official,2026-08-04T15:34:50
2016-03-03,142.1893,142.1893,142.1893,142.1893,0.0,0.0,1.0,chinabond_official,2026-08-04T15:34:50
2016-03-04,142.3301,142.3301,142.3301,142.3301,0.0,0.0,1.0,chinabond_official,2026-08-04T15:34:50
2016-03-07,141.542,141.542,141.542,141.542,0.0,0.0,1.0,chinabond_official,2026-08-04T15:34:50
2016-03-08,141.6001,141.6001,141.6001,141.6001,0.0,0.0,1.0,chinabond_official,2026-08-04T15:34:50
2016-03-09,142.5188,142.5188,142.5188,142.5188,0.0,0.0,1.0,chinabond_official,2026-08-04T15:34:50
2016-03-10,143.2785,143.2785,143.2785,143.2785,0.0,0.0,1.0,chinabond_official,2026-08-04T15:34:50
2016-03-11,142.6541,142.6541,142.6541,142.6541,0.0,0.0,1.0,chinabond_official,2026-08-04T15:34:50
2016-03-14,142.8759,142.8759,142.8759,142.8759,0.0,0.0,1.0,chinabond_official,2026-08-04T15:34:50
2016-03-15,143.0891,143.0891,143.0891,143.0891,0.0,0.0,1.0,chinabond_official,2026-08-04T15:34:50
2016-03-16,143.952,143.952,143.952,143.952,0.0,0.0,1.0,chinabond_official,2026-08-04T15:34:50
2016-03-17,144.2613,144.2613,144.2613,144.2613,0.0,0.0,1.0,chinabond_official,2026-08-04T15:34:50
2016-03-18,144.4949,144.4949,144.4949,144.4949,0.0,0.0,1.0,chinabond_official,2026-08-04T15:34:50
2016-03-21,145.1409,145.1409,145.1409,145.1409,0.0,0.0,1.0,chinabond_official,2026-08-04T15:34:50
2016-03-22,145.0245,145.0245,145.0245,145.0245,0.0,0.0,1.0,chinabond_official,2026-08-04T15:34:50
2016-03-23,145.0669,145.0669,145.0669,145.0669,0.0,0.0,1.0,chinabond_official,2026-08-04T15:34:50
2016-03-24,145.0507,145.0507,145.0507,145.0507,0.0,0.0,1.0,chinabond_official,2026-08-04T15:34:50
2016-03-25,145.4069,145.4069,145.4069,145.4069,0.0,0.0,1.0,chinabond_official,2026-08-04T15:34:50
2016-03-28,145.6305,145.6305,145.6305,145.6305,0.0,0.0,1.0,chinabond_official,2026-08-04T15:34:50
2016-03-29,145.7144,145.7144,145.7144,145.7144,0.0,0.0,1.0,chinabond_official,2026-08-04T15:34:50
2016-03-30,146.2534,146.2534,146.2534,146.2534,0.0,0.0,1.0,chinabond_official,2026-08-04T15:34:50
2016-03-31,146.3609,146.3609,146.3609,146.3609,0.0,0.0,1.0,chinabond_official,2026-08-04T15:34:50
2016-04-01,146.2965,146.2965,146.2965,146.2965,0.0,0.0,1.0,chinabond_official,2026-08-04T15:34:50
2016-04-05,145.77,145.77,145.77,145.77,0.0,0.0,1.0,chinabond_official,2026-08-04T15:34:50
2016-04-06,145.6366,145.6366,145.6366,145.6366,0.0,0.0,1.0,chinabond_official,2026-08-04T15:34:50
2016-04-07,144.8771,144.8771,144.8771,144.8771,0.0,0.0,1.0,chinabond_official,2026-08-04T15:34:50
2016-04-08,144.9433,144.9433,144.9433,144.9433,0.0,0.0,1.0,chinabond_official,2026-08-04T15:34:50
2016-04-11,144.9465,144.9465,144.9465,144.9465,0.0,0.0,1.0,chinabond_official,2026-08-04T15:34:50
2016-04-12,145.2325,145.2325,145.2325,145.2325,0.0,0.0,1.0,chinabond_official,2026-08-04T15:34:50
2016-04-13,144.7969,144.7969,144.7969,144.7969,0.0,0.0,1.0,chinabond_official,2026-08-04T15:34:50
2016-04-14,144.9043,144.9043,144.9043,144.9043,0.0,0.0,1.0,chinabond_official,2026-08-04T15:34:50
2016-04-15,145.3652,145.3652,145.3652,145.3652,0.0,0.0,1.0,chinabond_official,2026-08-04T15:34:50
2016-04-18,145.6427,145.6427,145.6427,145.6427,0.0,0.0,1.0,chinabond_official,2026-08-04T15:34:50
2016-04-19,145.6251,145.6251,145.6251,145.6251,0.0,0.0,1.0,chinabond_official,2026-08-04T15:34:50
2016-04-20,145.1978,145.1978,145.1978,145.1978,0.0,0.0,1.0,chinabond_official,2026-08-04T15:34:50
2016-04-21,145.3537,145.3537,145.3537,145.3537,0.0,0.0,1.0,chinabond_official,2026-08-04T15:34:50
2016-04-22,143.7396,143.7396,143.7396,143.7396,0.0,0.0,1.0,chinabond_official,2026-08-04T15:34:50
2016-04-25,142.2865,142.2865,142.2865,142.2865,0.0,0.0,1.0,chinabond_official,2026-08-04T15:34:50
2016-04-26,142.6671,142.6671,142.6671,142.6671,0.0,0.0,1.0,chinabond_official,2026-08-04T15:34:50
2016-04-27,142.9045,142.9045,142.9045,142.9045,0.0,0.0,1.0,chinabond_official,2026-08-04T15:34:50
2016-04-28,143.282,143.282,143.282,143.282,0.0,0.0,1.0,chinabond_official,2026-08-04T15:34:50
2016-04-29,143.3157,143.3157,143.3157,143.3157,0.0,0.0,1.0,chinabond_official,2026-08-04T15:34:50
2016-05-03,143.1071,143.1071,143.1071,143.1071,0.0,0.0,1.0,chinabond_official,2026-08-04T15:34:50
2016-05-04,142.6093,142.6093,142.6093,142.6093,0.0,0.0,1.0,chinabond_official,2026-08-04T15:34:50
2016-05-05,142.4974,142.4974,142.4974,142.4974,0.0,0.0,1.0,chinabond_official,2026-08-04T15:34:50
2016-05-06,142.6458,142.6458,142.6458,142.6458,0.0,0.0,1.0,chinabond_official,2026-08-04T15:34:50
2016-05-09,143.1942,143.1942,143.1942,143.1942,0.0,0.0,1.0,chinabond_official,2026-08-04T15:34:50
2016-05-10,142.7625,142.7625,142.7625,142.7625,0.0,0.0,1.0,chinabond_official,2026-08-04T15:34:50
2016-05-11,142.7274,142.7274,142.7274,142.7274,0.0,0.0,1.0,chinabond_official,2026-08-04T15:34:50
2016-05-12,143.0127,143.0127,143.0127,143.0127,0.0,0.0,1.0,chinabond_official,2026-08-04T15:34:50
2016-05-13,142.9177,142.9177,142.9177,142.9177,0.0,0.0,1.0,chinabond_official,2026-08-04T15:34:50
2016-05-16,142.4047,142.4047,142.4047,142.4047,0.0,0.0,1.0,chinabond_official,2026-08-04T15:34:50
2016-05-17,142.3387,142.3387,142.3387,142.3387,0.0,0.0,1.0,chinabond_official,2026-08-04T15:34:50
2016-05-18,142.333,142.333,142.333,142.333,0.0,0.0,1.0,chinabond_official,2026-08-04T15:34:50
2016-05-19,142.2141,142.2141,142.2141,142.2141,0.0,0.0,1.0,chinabond_official,2026-08-04T15:34:50
2016-05-20,142.0244,142.0244,142.0244,142.0244,0.0,0.0,1.0,chinabond_official,2026-08-04T15:34:50
2016-05-23,141.6864,141.6864,141.6864,141.6864,0.0,0.0,1.0,chinabond_official,2026-08-04T15:34:50
2016-05-24,142.2149,142.2149,142.2149,142.2149,0.0,0.0,1.0,chinabond_official,2026-08-04T15:34:50
2016-05-25,142.095,142.095,142.095,142.095,0.0,0.0,1.0,chinabond_official,2026-08-04T15:34:50
2016-05-26,142.0988,142.0988,142.0988,142.0988,0.0,0.0,1.0,chinabond_official,2026-08-04T15:34:50
2016-05-27,142.0792,142.0792,142.0792,142.0792,0.0,0.0,1.0,chinabond_official,2026-08-04T15:34:50
2016-05-30,142.1454,142.1454,142.1454,142.1454,0.0,0.0,1.0,chinabond_official,2026-08-04T15:34:50
2016-05-31,141.9061,141.9061,141.9061,141.9061,0.0,0.0,1.0,chinabond_official,2026-08-04T15:34:50
2016-06-01,141.8626,141.8626,141.8626,141.8626,0.0,0.0,1.0,chinabond_official,2026-08-04T15:34:50
2016-06-02,141.7136,141.7136,141.7136,141.7136,0.0,0.0,1.0,chinabond_official,2026-08-04T15:34:50
2016-06-03,142.069,142.069,142.069,142.069,0.0,0.0,1.0,chinabond_official,2026-08-04T15:34:50
2016-06-06,142.4045,142.4045,142.4045,142.4045,0.0,0.0,1.0,chinabond_official,2026-08-04T15:34:50
2016-06-07,142.3501,142.3501,142.3501,142.3501,0.0,0.0,1.0,chinabond_official,2026-08-04T15:34:50
2016-06-08,142.3463,142.3463,142.3463,142.3463,0.0,0.0,1.0,chinabond_official,2026-08-04T15:34:50
2016-06-12,142.6016,142.6016,142.6016,142.6016,0.0,0.0,1.0,chinabond_official,2026-08-04T15:34:50
2016-06-13,142.788,142.788,142.788,142.788,0.0,0.0,1.0,chinabond_official,2026-08-04T15:34:50
2016-06-14,143.5149,143.5149,143.5149,143.5149,0.0,0.0,1.0,chinabond_official,2026-08-04T15:34:50
2016-06-15,143.6606,143.6606,143.6606,143.6606,0.0,0.0,1.0,chinabond_official,2026-08-04T15:34:50
2016-06-16,144.0683,144.0683,144.0683,144.0683,0.0,0.0,1.0,chinabond_official,2026-08-04T15:34:50
2016-06-17,144.2702,144.2702,144.2702,144.2702,0.0,0.0,1.0,chinabond_official,2026-08-04T15:34:50
2016-06-20,144.1836,144.1836,144.1836,144.1836,0.0,0.0,1.0,chinabond_official,2026-08-04T15:34:50
2016-06-21,144.232,144.232,144.232,144.232,0.0,0.0,1.0,chinabond_official,2026-08-04T15:34:50
2016-06-22,144.4734,144.4734,144.4734,144.4734,0.0,0.0,1.0,chinabond_official,2026-08-04T15:34:50
2016-06-23,144.2571,144.2571,144.2571,144.2571,0.0,0.0,1.0,chinabond_official,2026-08-04T15:34:50
2016-06-24,143.2996,143.2996,143.2996,143.2996,0.0,0.0,1.0,chinabond_official,2026-08-04T15:34:50
2016-06-27,142.9863,142.9863,142.9863,142.9863,0.0,0.0,1.0,chinabond_official,2026-08-04T15:34:50
2016-06-28,143.085,143.085,143.085,143.085,0.0,0.0,1.0,chinabond_official,2026-08-04T15:34:50
2016-06-29,142.8264,142.8264,142.8264,142.8264,0.0,0.0,1.0,chinabond_official,2026-08-04T15:34:50
2016-06-30,143.0339,143.0339,143.0339,143.0339,0.0,0.0,1.0,chinabond_official,2026-08-04T15:34:50
2016-07-01,143.2593,143.2593,143.2593,143.2593,0.0,0.0,1.0,chinabond_official,2026-08-04T15:34:50
2016-07-04,143.2767,143.2767,143.2767,143.2767,0.0,0.0,1.0,chinabond_official,2026-08-04T15:34:50
2016-07-05,143.4129,143.4129,143.4129,143.4129,0.0,0.0,1.0,chinabond_official,2026-08-04T15:34:50
2016-07-06,143.3511,143.3511,143.3511,143.3511,0.0,0.0,1.0,chinabond_official,2026-08-04T15:34:50
2016-07-07,143.8232,143.8232,143.8232,143.8232,0.0,0.0,1.0,chinabond_official,2026-08-04T15:34:50
2016-07-08,144.0184,144.0184,144.0184,144.0184,0.0,0.0,1.0,chinabond_official,2026-08-04T15:34:50
2016-07-11,144.7018,144.7018,144.7018,144.7018,0.0,0.0,1.0,chinabond_official,2026-08-04T15:34:50
2016-07-12,144.5549,144.5549,144.5549,144.5549,0.0,0.0,1.0,chinabond_official,2026-08-04T15:34:50
2016-07-13,144.2726,144.2726,144.2726,144.2726,0.0,0.0,1.0,chinabond_official,2026-08-04T15:34:50
2016-07-14,144.2898,144.2898,144.2898,144.2898,0.0,0.0,1.0,chinabond_official,2026-08-04T15:34:50
2016-07-15,144.42,144.42,144.42,144.42,0.0,0.0,1.0,chinabond_official,2026-08-04T15:34:50
2016-07-18,144.6271,144.6271,144.6271,144.6271,0.0,0.0,1.0,chinabond_official,2026-08-04T15:34:50
2016-07-19,144.8741,144.8741,144.8741,144.8741,0.0,0.0,1.0,chinabond_official,2026-08-04T15:34:50
2016-07-20,146.207,146.207,146.207,146.207,0.0,0.0,1.0,chinabond_official,2026-08-04T15:34:50
2016-07-21,147.9708,147.9708,147.9708,147.9708,0.0,0.0,1.0,chinabond_official,2026-08-04T15:34:50
2016-07-22,146.919,146.919,146.919,146.919,0.0,0.0,1.0,chinabond_official,2026-08-04T15:34:50
2016-07-25,146.3881,146.3881,146.3881,146.3881,0.0,0.0,1.0,chinabond_official,2026-08-04T15:34:50
2016-07-26,146.5978,146.5978,146.5978,146.5978,0.0,0.0,1.0,chinabond_official,2026-08-04T15:34:50
2016-07-27,147.2721,147.2721,147.2721,147.2721,0.0,0.0,1.0,chinabond_official,2026-08-04T15:34:50
2016-07-28,147.594,147.594,147.594,147.594,0.0,0.0,1.0,chinabond_official,2026-08-04T15:34:50
2016-07-29,148.1466,148.1466,148.1466,148.1466,0.0,0.0,1.0,chinabond_official,2026-08-04T15:34:50
2016-08-01,148.2939,148.2939,148.2939,148.2939,0.0,0.0,1.0,chinabond_official,2026-08-04T15:34:50
2016-08-02,148.2474,148.2474,148.2474,148.2474,0.0,0.0,1.0,chinabond_official,2026-08-04T15:34:50
2016-08-03,148.2317,148.2317,148.2317,148.2317,0.0,0.0,1.0,chinabond_official,2026-08-04T15:34:50
2016-08-04,148.2446,148.2446,148.2446,148.2446,0.0,0.0,1.0,chinabond_official,2026-08-04T15:34:50
2016-08-05,148.483,148.483,148.483,148.483,0.0,0.0,1.0,chinabond_official,2026-08-04T15:34:50
2016-08-08,149.2447,149.2447,149.2447,149.2447,0.0,0.0,1.0,chinabond_official,2026-08-04T15:34:50
2016-08-09,150.4538,150.4538,150.4538,150.4538,0.0,0.0,1.0,chinabond_official,2026-08-04T15:34:50
2016-08-10,150.7151,150.7151,150.7151,150.7151,0.0,0.0,1.0,chinabond_official,2026-08-04T15:34:50
2016-08-11,150.9522,150.9522,150.9522,150.9522,0.0,0.0,1.0,chinabond_official,2026-08-04T15:34:50
2016-08-12,152.1224,152.1224,152.1224,152.1224,0.0,0.0,1.0,chinabond_official,2026-08-04T15:34:50
2016-08-15,153.1282,153.1282,153.1282,153.1282,0.0,0.0,1.0,chinabond_official,2026-08-04T15:34:50
2016-08-16,152.4296,152.4296,152.4296,152.4296,0.0,0.0,1.0,chinabond_official,2026-08-04T15:34:50
2016-08-17,151.8604,151.8604,151.8604,151.8604,0.0,0.0,1.0,chinabond_official,2026-08-04T15:34:50
2016-08-18,151.9576,151.9576,151.9576,151.9576,0.0,0.0,1.0,chinabond_official,2026-08-04T15:34:50
2016-08-19,151.0006,151.0006,151.0006,151.0006,0.0,0.0,1.0,chinabond_official,2026-08-04T15:34:50
2016-08-22,151.4606,151.4606,151.4606,151.4606,0.0,0.0,1.0,chinabond_official,2026-08-04T15:34:50
2016-08-23,150.4848,150.4848,150.4848,150.4848,0.0,0.0,1.0,chinabond_official,2026-08-04T15:34:50
2016-08-24,150.3011,150.3011,150.3011,150.3011,0.0,0.0,1.0,chinabond_official,2026-08-04T15:34:50
2016-08-25,150.2469,150.2469,150.2469,150.2469,0.0,0.0,1.0,chinabond_official,2026-08-04T15:34:50
2016-08-26,150.6401,150.6401,150.6401,150.6401,0.0,0.0,1.0,chinabond_official,2026-08-04T15:34:50
2016-08-29,150.5879,150.5879,150.5879,150.5879,0.0,0.0,1.0,chinabond_official,2026-08-04T15:34:50
2016-08-30,149.6165,149.6165,149.6165,149.6165,0.0,0.0,1.0,chinabond_official,2026-08-04T15:34:50
2016-08-31,149.9624,149.9624,149.9624,149.9624,0.0,0.0,1.0,chinabond_official,2026-08-04T15:34:50
2016-09-01,149.9451,149.9451,149.9451,149.9451,0.0,0.0,1.0,chinabond_official,2026-08-04T15:34:50
2016-09-02,150.0747,150.0747,150.0747,150.0747,0.0,0.0,1.0,chinabond_official,2026-08-04T15:34:50
2016-09-05,150.0153,150.0153,150.0153,150.0153,0.0,0.0,1.0,chinabond_official,2026-08-04T15:34:50
2016-09-06,149.9092,149.9092,149.9092,149.9092,0.0,0.0,1.0,chinabond_official,2026-08-04T15:34:50
2016-09-07,149.7528,149.7528,149.7528,149.7528,0.0,0.0,1.0,chinabond_official,2026-08-04T15:34:50
2016-09-08,149.8887,149.8887,149.8887,149.8887,0.0,0.0,1.0,chinabond_official,2026-08-04T15:34:50
2016-09-09,150.3544,150.3544,150.3544,150.3544,0.0,0.0,1.0,chinabond_official,2026-08-04T15:34:50
2016-09-12,150.1657,150.1657,150.1657,150.1657,0.0,0.0,1.0,chinabond_official,2026-08-04T15:34:50
2016-09-13,150.3881,150.3881,150.3881,150.3881,0.0,0.0,1.0,chinabond_official,2026-08-04T15:34:50
2016-09-14,150.4842,150.4842,150.4842,150.4842,0.0,0.0,1.0,chinabond_official,2026-08-04T15:34:50
2016-09-18,150.7056,150.7056,150.7056,150.7056,0.0,0.0,1.0,chinabond_official,2026-08-04T15:34:50
2016-09-19,150.8456,150.8456,150.8456,150.8456,0.0,0.0,1.0,chinabond_official,2026-08-04T15:34:50
2016-09-20,151.1306,151.1306,151.1306,151.1306,0.0,0.0,1.0,chinabond_official,2026-08-04T15:34:50
2016-09-21,151.0906,151.0906,151.0906,151.0906,0.0,0.0,1.0,chinabond_official,2026-08-04T15:34:50
2016-09-22,151.3857,151.3857,151.3857,151.3857,0.0,0.0,1.0,chinabond_official,2026-08-04T15:34:50
2016-09-23,152.5941,152.5941,152.5941,152.5941,0.0,0.0,1.0,chinabond_official,2026-08-04T15:34:50
2016-09-26,152.6247,152.6247,152.6247,152.6247,0.0,0.0,1.0,chinabond_official,2026-08-04T15:34:50
2016-09-27,152.6018,152.6018,152.6018,152.6018,0.0,0.0,1.0,chinabond_official,2026-08-04T15:34:50
2016-09-28,152.5626,152.5626,152.5626,152.5626,0.0,0.0,1.0,chinabond_official,2026-08-04T15:34:50
2016-09-29,152.713,152.713,152.713,152.713,0.0,0.0,1.0,chinabond_official,2026-08-04T15:34:50
2016-09-30,153.0353,153.0353,153.0353,153.0353,0.0,0.0,1.0,chinabond_official,2026-08-04T15:34:50
2016-10-08,153.6209,153.6209,153.6209,153.6209,0.0,0.0,1.0,chinabond_official,2026-08-04T15:34:50
2016-10-09,153.8827,153.8827,153.8827,153.8827,0.0,0.0,1.0,chinabond_official,2026-08-04T15:34:50
2016-10-10,154.1713,154.1713,154.1713,154.1713,0.0,0.0,1.0,chinabond_official,2026-08-04T15:34:50
2016-10-11,153.9787,153.9787,153.9787,153.9787,0.0,0.0,1.0,chinabond_official,2026-08-04T15:34:50
2016-10-12,153.7103,153.7103,153.7103,153.7103,0.0,0.0,1.0,chinabond_official,2026-08-04T15:34:50
2016-10-13,153.7669,153.7669,153.7669,153.7669,0.0,0.0,1.0,chinabond_official,2026-08-04T15:34:50
2016-10-14,154.1418,154.1418,154.1418,154.1418,0.0,0.0,1.0,chinabond_official,2026-08-04T15:34:50
2016-10-17,154.4976,154.4976,154.4976,154.4976,0.0,0.0,1.0,chinabond_official,2026-08-04T15:34:50
2016-10-18,154.504,154.504,154.504,154.504,0.0,0.0,1.0,chinabond_official,2026-08-04T15:34:50
2016-10-19,154.8271,154.8271,154.8271,154.8271,0.0,0.0,1.0,chinabond_official,2026-08-04T15:34:50
2016-10-20,155.7831,155.7831,155.7831,155.7831,0.0,0.0,1.0,chinabond_official,2026-08-04T15:34:50
2016-10-21,156.1419,156.1419,156.1419,156.1419,0.0,0.0,1.0,chinabond_official,2026-08-04T15:34:50
2016-10-24,155.749,155.749,155.749,155.749,0.0,0.0,1.0,chinabond_official,2026-08-04T15:34:50
2016-10-25,155.5757,155.5757,155.5757,155.5757,0.0,0.0,1.0,chinabond_official,2026-08-04T15:34:50
2016-10-26,155.1008,155.1008,155.1008,155.1008,0.0,0.0,1.0,chinabond_official,2026-08-04T15:34:50
2016-10-27,155.2084,155.2084,155.2084,155.2084,0.0,0.0,1.0,chinabond_official,2026-08-04T15:34:50
2016-10-28,155.2818,155.2818,155.2818,155.2818,0.0,0.0,1.0,chinabond_official,2026-08-04T15:34:50
2016-10-31,154.9808,154.9808,154.9808,154.9808,0.0,0.0,1.0,chinabond_official,2026-08-04T15:34:50
2016-11-01,154.702,154.702,154.702,154.702,0.0,0.0,1.0,chinabond_official,2026-08-04T15:34:50
2016-11-02,154.5595,154.5595,154.5595,154.5595,0.0,0.0,1.0,chinabond_official,2026-08-04T15:34:50
2016-11-03,154.7542,154.7542,154.7542,154.7542,0.0,0.0,1.0,chinabond_official,2026-08-04T15:34:50
2016-11-04,154.6436,154.6436,154.6436,154.6436,0.0,0.0,1.0,chinabond_official,2026-08-04T15:34:50
2016-11-07,154.0971,154.0971,154.0971,154.0971,0.0,0.0,1.0,chinabond_official,2026-08-04T15:34:50
2016-11-08,153.317,153.317,153.317,153.317,0.0,0.0,1.0,chinabond_official,2026-08-04T15:34:50
2016-11-09,153.6808,153.6808,153.6808,153.6808,0.0,0.0,1.0,chinabond_official,2026-08-04T15:34:50
2016-11-10,152.9562,152.9562,152.9562,152.9562,0.0,0.0,1.0,chinabond_official,2026-08-04T15:34:50
2016-11-11,152.8698,152.8698,152.8698,152.8698,0.0,0.0,1.0,chinabond_official,2026-08-04T15:34:50
2016-11-14,151.1237,151.1237,151.1237,151.1237,0.0,0.0,1.0,chinabond_official,2026-08-04T15:34:50
2016-11-15,150.2475,150.2475,150.2475,150.2475,0.0,0.0,1.0,chinabond_official,2026-08-04T15:34:50
2016-11-16,150.2239,150.2239,150.2239,150.2239,0.0,0.0,1.0,chinabond_official,2026-08-04T15:34:50
2016-11-17,148.8325,148.8325,148.8325,148.8325,0.0,0.0,1.0,chinabond_official,2026-08-04T15:34:50
2016-11-18,149.5243,149.5243,149.5243,149.5243,0.0,0.0,1.0,chinabond_official,2026-08-04T15:34:50
2016-11-21,149.4418,149.4418,149.4418,149.4418,0.0,0.0,1.0,chinabond_official,2026-08-04T15:34:50
2016-11-22,149.5632,149.5632,149.5632,149.5632,0.0,0.0,1.0,chinabond_official,2026-08-04T15:34:50
2016-11-23,150.3026,150.3026,150.3026,150.3026,0.0,0.0,1.0,chinabond_official,2026-08-04T15:34:50
2016-11-24,151.0533,151.0533,151.0533,151.0533,0.0,0.0,1.0,chinabond_official,2026-08-04T15:34:50
2016-11-25,151.4568,151.4568,151.4568,151.4568,0.0,0.0,1.0,chinabond_official,2026-08-04T15:34:50
2016-11-28,152.2691,152.2691,152.2691,152.2691,0.0,0.0,1.0,chinabond_official,2026-08-04T15:34:50
2016-11-29,151.466,151.466,151.466,151.466,0.0,0.0,1.0,chinabond_official,2026-08-04T15:34:50
2016-11-30,150.6699,150.6699,150.6699,150.6699,0.0,0.0,1.0,chinabond_official,2026-08-04T15:34:50
2016-12-01,148.8576,148.8576,148.8576,148.8576,0.0,0.0,1.0,chinabond_official,2026-08-04T15:34:50
2016-12-02,148.7511,148.7511,148.7511,148.7511,0.0,0.0,1.0,chinabond_official,2026-08-04T15:34:50
2016-12-05,148.4954,148.4954,148.4954,148.4954,0.0,0.0,1.0,chinabond_official,2026-08-04T15:34:50
2016-12-06,146.3891,146.3891,146.3891,146.3891,0.0,0.0,1.0,chinabond_official,2026-08-04T15:34:50
2016-12-07,146.8201,146.8201,146.8201,146.8201,0.0,0.0,1.0,chinabond_official,2026-08-04T15:34:50
2016-12-08,146.9573,146.9573,146.9573,146.9573,0.0,0.0,1.0,chinabond_official,2026-08-04T15:34:50
2016-12-09,146.9389,146.9389,146.9389,146.9389,0.0,0.0,1.0,chinabond_official,2026-08-04T15:34:50
2016-12-12,145.5866,145.5866,145.5866,145.5866,0.0,0.0,1.0,chinabond_official,2026-08-04T15:34:50
2016-12-13,143.8031,143.8031,143.8031,143.8031,0.0,0.0,1.0,chinabond_official,2026-08-04T15:34:50
2016-12-14,142.6887,142.6887,142.6887,142.6887,0.0,0.0,1.0,chinabond_official,2026-08-04T15:34:50
2016-12-15,138.7144,138.7144,138.7144,138.7144,0.0,0.0,1.0,chinabond_official,2026-08-04T15:34:50
2016-12-16,138.8492,138.8492,138.8492,138.8492,0.0,0.0,1.0,chinabond_official,2026-08-04T15:34:50
2016-12-19,137.456,137.456,137.456,137.456,0.0,0.0,1.0,chinabond_official,2026-08-04T15:34:50
2016-12-20,137.3352,137.3352,137.3352,137.3352,0.0,0.0,1.0,chinabond_official,2026-08-04T15:34:50
2016-12-21,137.7505,137.7505,137.7505,137.7505,0.0,0.0,1.0,chinabond_official,2026-08-04T15:34:50
2016-12-22,139.6597,139.6597,139.6597,139.6597,0.0,0.0,1.0,chinabond_official,2026-08-04T15:34:50
2016-12-23,140.1878,140.1878,140.1878,140.1878,0.0,0.0,1.0,chinabond_official,2026-08-04T15:34:50
2016-12-26,140.5088,140.5088,140.5088,140.5088,0.0,0.0,1.0,chinabond_official,2026-08-04T15:34:50
2016-12-27,140.5828,140.5828,140.5828,140.5828,0.0,0.0,1.0,chinabond_official,2026-08-04T15:34:50
2016-12-28,140.9792,140.9792,140.9792,140.9792,0.0,0.0,1.0,chinabond_official,2026-08-04T15:34:50
2016-12-29,142.0677,142.0677,142.0677,142.0677,0.0,0.0,1.0,chinabond_official,2026-08-04T15:34:50
2016-12-30,143.8451,143.8451,143.8451,143.8451,0.0,0.0,1.0,chinabond_official,2026-08-04T15:34:50
2016-12-31,143.8681,143.8681,143.8681,143.8681,0.0,0.0,1.0,chinabond_official,2026-08-04T15:34:50
2017-01-03,142.8607,142.8607,142.8607,142.8607,0.0,0.0,1.0,chinabond_official,2026-08-04T15:34:50
2017-01-04,142.6982,142.6982,142.6982,142.6982,0.0,0.0,1.0,chinabond_official,2026-08-04T15:34:50
2017-01-05,142.0193,142.0193,142.0193,142.0193,0.0,0.0,1.0,chinabond_official,2026-08-04T15:34:50
2017-01-06,142.4253,142.4253,142.4253,142.4253,0.0,0.0,1.0,chinabond_official,2026-08-04T15:34:50
2017-01-09,142.5831,142.5831,142.5831,142.5831,0.0,0.0,1.0,chinabond_official,2026-08-04T15:34:50
2017-01-10,142.7325,142.7325,142.7325,142.7325,0.0,0.0,1.0,chinabond_official,2026-08-04T15:34:50
2017-01-11,142.1906,142.1906,142.1906,142.1906,0.0,0.0,1.0,chinabond_official,2026-08-04T15:34:50
2017-01-12,142.422,142.422,142.422,142.422,0.0,0.0,1.0,chinabond_official,2026-08-04T15:34:50
2017-01-13,142.3679,142.3679,142.3679,142.3679,0.0,0.0,1.0,chinabond_official,2026-08-04T15:34:50
2017-01-16,142.203,142.203,142.203,142.203,0.0,0.0,1.0,chinabond_official,2026-08-04T15:34:50
2017-01-17,141.5384,141.5384,141.5384,141.5384,0.0,0.0,1.0,chinabond_official,2026-08-04T15:34:50
2017-01-18,141.4301,141.4301,141.4301,141.4301,0.0,0.0,1.0,chinabond_official,2026-08-04T15:34:50
2017-01-19,141.5664,141.5664,141.5664,141.5664,0.0,0.0,1.0,chinabond_official,2026-08-04T15:34:50
2017-01-20,141.7369,141.7369,141.7369,141.7369,0.0,0.0,1.0,chinabond_official,2026-08-04T15:34:50
2017-01-22,141.7194,141.7194,141.7194,141.7194,0.0,0.0,1.0,chinabond_official,2026-08-04T15:34:50
2017-01-23,141.9392,141.9392,141.9392,141.9392,0.0,0.0,1.0,chinabond_official,2026-08-04T15:34:50
2017-01-24,141.2523,141.2523,141.2523,141.2523,0.0,0.0,1.0,chinabond_official,2026-08-04T15:34:50
2017-01-25,140.5654,140.5654,140.5654,140.5654,0.0,0.0,1.0,chinabond_official,2026-08-04T15:34:50
2017-01-26,140.5791,140.5791,140.5791,140.5791,0.0,0.0,1.0,chinabond_official,2026-08-04T15:34:50
2017-02-03,139.405,139.405,139.405,139.405,0.0,0.0,1.0,chinabond_official,2026-08-04T15:34:50
2017-02-04,139.6918,139.6918,139.6918,139.6918,0.0,0.0,1.0,chinabond_official,2026-08-04T15:34:50
2017-02-06,138.0453,138.0453,138.0453,138.0453,0.0,0.0,1.0,chinabond_official,2026-08-04T15:34:50
2017-02-07,137.916,137.916,137.916,137.916,0.0,0.0,1.0,chinabond_official,2026-08-04T15:34:50
2017-02-08,137.7879,137.7879,137.7879,137.7879,0.0,0.0,1.0,chinabond_official,2026-08-04T15:34:50
2017-02-09,138.0357,138.0357,138.0357,138.0357,0.0,0.0,1.0,chinabond_official,2026-08-04T15:34:50
2017-02-10,137.898,137.898,137.898,137.898,0.0,0.0,1.0,chinabond_official,2026-08-04T15:34:50
2017-02-13,137.7097,137.7097,137.7097,137.7097,0.0,0.0,1.0,chinabond_official,2026-08-04T15:34:50
2017-02-14,137.7265,137.7265,137.7265,137.7265,0.0,0.0,1.0,chinabond_official,2026-08-04T15:34:50
2017-02-15,137.4333,137.4333,137.4333,137.4333,0.0,0.0,1.0,chinabond_official,2026-08-04T15:34:50
2017-02-16,137.7871,137.7871,137.7871,137.7871,0.0,0.0,1.0,chinabond_official,2026-08-04T15:34:50
2017-02-17,138.4023,138.4023,138.4023,138.4023,0.0,0.0,1.0,chinabond_official,2026-08-04T15:34:50
2017-02-20,139.2071,139.2071,139.2071,139.2071,0.0,0.0,1.0,chinabond_official,2026-08-04T15:34:50
2017-02-21,138.4891,138.4891,138.4891,138.4891,0.0,0.0,1.0,chinabond_official,2026-08-04T15:34:50
2017-02-22,139.2827,139.2827,139.2827,139.2827,0.0,0.0,1.0,chinabond_official,2026-08-04T15:34:50
2017-02-23,139.7716,139.7716,139.7716,139.7716,0.0,0.0,1.0,chinabond_official,2026-08-04T15:34:50
2017-02-24,139.5692,139.5692,139.5692,139.5692,0.0,0.0,1.0,chinabond_official,2026-08-04T15:34:50
2017-02-27,139.6586,139.6586,139.6586,139.6586,0.0,0.0,1.0,chinabond_official,2026-08-04T15:34:50
2017-02-28,139.5027,139.5027,139.5027,139.5027,0.0,0.0,1.0,chinabond_official,2026-08-04T15:34:50
2017-03-01,139.313,139.313,139.313,139.313,0.0,0.0,1.0,chinabond_official,2026-08-04T15:34:50
2017-03-02,139.6592,139.6592,139.6592,139.6592,0.0,0.0,1.0,chinabond_official,2026-08-04T15:34:50
2017-03-03,139.5496,139.5496,139.5496,139.5496,0.0,0.0,1.0,chinabond_official,2026-08-04T15:34:50
2017-03-06,138.9382,138.9382,138.9382,138.9382,0.0,0.0,1.0,chinabond_official,2026-08-04T15:34:50
2017-03-07,138.9044,138.9044,138.9044,138.9044,0.0,0.0,1.0,chinabond_official,2026-08-04T15:34:50
2017-03-08,138.6725,138.6725,138.6725,138.6725,0.0,0.0,1.0,chinabond_official,2026-08-04T15:34:50
2017-03-09,138.6811,138.6811,138.6811,138.6811,0.0,0.0,1.0,chinabond_official,2026-08-04T15:34:50
2017-03-10,138.8068,138.8068,138.8068,138.8068,0.0,0.0,1.0,chinabond_official,2026-08-04T15:34:50
2017-03-13,138.9881,138.9881,138.9881,138.9881,0.0,0.0,1.0,chinabond_official,2026-08-04T15:34:50
2017-03-14,138.9821,138.9821,138.9821,138.9821,0.0,0.0,1.0,chinabond_official,2026-08-04T15:34:50
2017-03-15,138.949,138.949,138.949,138.949,0.0,0.0,1.0,chinabond_official,2026-08-04T15:34:50
2017-03-16,139.5911,139.5911,139.5911,139.5911,0.0,0.0,1.0,chinabond_official,2026-08-04T15:34:50
2017-03-17,139.3611,139.3611,139.3611,139.3611,0.0,0.0,1.0,chinabond_official,2026-08-04T15:34:50
2017-03-20,139.119,139.119,139.119,139.119,0.0,0.0,1.0,chinabond_official,2026-08-04T15:34:50
2017-03-21,139.0087,139.0087,139.0087,139.0087,0.0,0.0,1.0,chinabond_official,2026-08-04T15:34:50
2017-03-22,139.2497,139.2497,139.2497,139.2497,0.0,0.0,1.0,chinabond_official,2026-08-04T15:34:50
2017-03-23,139.1778,139.1778,139.1778,139.1778,0.0,0.0,1.0,chinabond_official,2026-08-04T15:34:50
2017-03-24,139.8098,139.8098,139.8098,139.8098,0.0,0.0,1.0,chinabond_official,2026-08-04T15:34:50
2017-03-27,140.2115,140.2115,140.2115,140.2115,0.0,0.0,1.0,chinabond_official,2026-08-04T15:34:50
2017-03-28,140.3206,140.3206,140.3206,140.3206,0.0,0.0,1.0,chinabond_official,2026-08-04T15:34:50
2017-03-29,140.3461,140.3461,140.3461,140.3461,0.0,0.0,1.0,chinabond_official,2026-08-04T15:34:50
2017-03-30,140.361,140.361,140.361,140.361,0.0,0.0,1.0,chinabond_official,2026-08-04T15:34:50
2017-03-31,140.375,140.375,140.375,140.375,0.0,0.0,1.0,chinabond_official,2026-08-04T15:34:50
2017-04-01,140.6216,140.6216,140.6216,140.6216,0.0,0.0,1.0,chinabond_official,2026-08-04T15:34:50
2017-04-05,140.5594,140.5594,140.5594,140.5594,0.0,0.0,1.0,chinabond_official,2026-08-04T15:34:50
2017-04-06,140.4646,140.4646,140.4646,140.4646,0.0,0.0,1.0,chinabond_official,2026-08-04T15:34:50
2017-04-07,140.5906,140.5906,140.5906,140.5906,0.0,0.0,1.0,chinabond_official,2026-08-04T15:34:50
2017-04-10,140.5775,140.5775,140.5775,140.5775,0.0,0.0,1.0,chinabond_official,2026-08-04T15:34:50
2017-04-11,140.77,140.77,140.77,140.77,0.0,0.0,1.0,chinabond_official,2026-08-04T15:34:50
2017-04-12,140.6151,140.6151,140.6151,140.6151,0.0,0.0,1.0,chinabond_official,2026-08-04T15:34:50
2017-04-13,141.0576,141.0576,141.0576,141.0576,0.0,0.0,1.0,chinabond_official,2026-08-04T15:34:50
2017-04-14,140.7018,140.7018,140.7018,140.7018,0.0,0.0,1.0,chinabond_official,2026-08-04T15:34:50
2017-04-17,140.0487,140.0487,140.0487,140.0487,0.0,0.0,1.0,chinabond_official,2026-08-04T15:34:50
2017-04-18,139.5953,139.5953,139.5953,139.5953,0.0,0.0,1.0,chinabond_official,2026-08-04T15:34:50
2017-04-19,139.5009,139.5009,139.5009,139.5009,0.0,0.0,1.0,chinabond_official,2026-08-04T15:34:50
2017-04-20,139.1696,139.1696,139.1696,139.1696,0.0,0.0,1.0,chinabond_official,2026-08-04T15:34:50
2017-04-21,138.4469,138.4469,138.4469,138.4469,0.0,0.0,1.0,chinabond_official,2026-08-04T15:34:50
2017-04-24,137.7184,137.7184,137.7184,137.7184,0.0,0.0,1.0,chinabond_official,2026-08-04T15:34:50
2017-04-25,137.828,137.828,137.828,137.828,0.0,0.0,1.0,chinabond_official,2026-08-04T15:34:50
2017-04-26,137.8381,137.8381,137.8381,137.8381,0.0,0.0,1.0,chinabond_official,2026-08-04T15:34:50
2017-04-27,137.9923,137.9923,137.9923,137.9923,0.0,0.0,1.0,chinabond_official,2026-08-04T15:34:50
2017-04-28,137.9845,137.9845,137.9845,137.9845,0.0,0.0,1.0,chinabond_official,2026-08-04T15:34:50
2017-05-02,137.9468,137.9468,137.9468,137.9468,0.0,0.0,1.0,chinabond_official,2026-08-04T15:34:50
2017-05-03,137.4895,137.4895,137.4895,137.4895,0.0,0.0,1.0,chinabond_official,2026-08-04T15:34:50
2017-05-04,137.6296,137.6296,137.6296,137.6296,0.0,0.0,1.0,chinabond_official,2026-08-04T15:34:50
2017-05-05,137.6257,137.6257,137.6257,137.6257,0.0,0.0,1.0,chinabond_official,2026-08-04T15:34:50
2017-05-08,137.4338,137.4338,137.4338,137.4338,0.0,0.0,1.0,chinabond_official,2026-08-04T15:34:50
2017-05-09,136.9865,136.9865,136.9865,136.9865,0.0,0.0,1.0,chinabond_official,2026-08-04T15:34:50
2017-05-10,136.5316,136.5316,136.5316,136.5316,0.0,0.0,1.0,chinabond_official,2026-08-04T15:34:50
2017-05-11,137.0229,137.0229,137.0229,137.0229,0.0,0.0,1.0,chinabond_official,2026-08-04T15:34:50
2017-05-12,136.5757,136.5757,136.5757,136.5757,0.0,0.0,1.0,chinabond_official,2026-08-04T15:34:50
2017-05-15,136.4794,136.4794,136.4794,136.4794,0.0,0.0,1.0,chinabond_official,2026-08-04T15:34:50
2017-05-16,136.3993,136.3993,136.3993,136.3993,0.0,0.0,1.0,chinabond_official,2026-08-04T15:34:50
2017-05-17,135.8655,135.8655,135.8655,135.8655,0.0,0.0,1.0,chinabond_official,2026-08-04T15:34:50
2017-05-18,135.7076,135.7076,135.7076,135.7076,0.0,0.0,1.0,chinabond_official,2026-08-04T15:34:50
2017-05-19,135.8874,135.8874,135.8874,135.8874,0.0,0.0,1.0,chinabond_official,2026-08-04T15:34:50
2017-05-22,135.5751,135.5751,135.5751,135.5751,0.0,0.0,1.0,chinabond_official,2026-08-04T15:34:50
2017-05-23,135.5108,135.5108,135.5108,135.5108,0.0,0.0,1.0,chinabond_official,2026-08-04T15:34:50
2017-05-24,135.4472,135.4472,135.4472,135.4472,0.0,0.0,1.0,chinabond_official,2026-08-04T15:34:50
2017-05-25,135.8373,135.8373,135.8373,135.8373,0.0,0.0,1.0,chinabond_official,2026-08-04T15:34:50
2017-05-26,135.6339,135.6339,135.6339,135.6339,0.0,0.0,1.0,chinabond_official,2026-08-04T15:34:50
2017-05-27,135.6644,135.6644,135.6644,135.6644,0.0,0.0,1.0,chinabond_official,2026-08-04T15:34:50
2017-05-31,135.9059,135.9059,135.9059,135.9059,0.0,0.0,1.0,chinabond_official,2026-08-04T15:34:50
2017-06-01,135.8828,135.8828,135.8828,135.8828,0.0,0.0,1.0,chinabond_official,2026-08-04T15:34:50
2017-06-02,135.8932,135.8932,135.8932,135.8932,0.0,0.0,1.0,chinabond_official,2026-08-04T15:34:50
2017-06-05,136.1793,136.1793,136.1793,136.1793,0.0,0.0,1.0,chinabond_official,2026-08-04T15:34:50
2017-06-06,135.992,135.992,135.992,135.992,0.0,0.0,1.0,chinabond_official,2026-08-04T15:34:50
2017-06-07,136.0962,136.0962,136.0962,136.0962,0.0,0.0,1.0,chinabond_official,2026-08-04T15:34:50
2017-06-08,136.078,136.078,136.078,136.078,0.0,0.0,1.0,chinabond_official,2026-08-04T15:34:50
2017-06-09,136.3208,136.3208,136.3208,136.3208,0.0,0.0,1.0,chinabond_official,2026-08-04T15:34:50
2017-06-12,137.3872,137.3872,137.3872,137.3872,0.0,0.0,1.0,chinabond_official,2026-08-04T15:34:50
2017-06-13,137.6362,137.6362,137.6362,137.6362,0.0,0.0,1.0,chinabond_official,2026-08-04T15:34:50
2017-06-14,138.3398,138.3398,138.3398,138.3398,0.0,0.0,1.0,chinabond_official,2026-08-04T15:34:50
2017-06-15,138.4621,138.4621,138.4621,138.4621,0.0,0.0,1.0,chinabond_official,2026-08-04T15:34:50
2017-06-16,137.2202,137.2202,137.2202,137.2202,0.0,0.0,1.0,chinabond_official,2026-08-04T15:34:50
2017-06-19,137.8375,137.8375,137.8375,137.8375,0.0,0.0,1.0,chinabond_official,2026-08-04T15:34:50
2017-06-20,138.0733,138.0733,138.0733,138.0733,0.0,0.0,1.0,chinabond_official,2026-08-04T15:34:50
2017-06-21,137.6633,137.6633,137.6633,137.6633,0.0,0.0,1.0,chinabond_official,2026-08-04T15:34:50
2017-06-22,137.0411,137.0411,137.0411,137.0411,0.0,0.0,1.0,chinabond_official,2026-08-04T15:34:50
2017-06-23,137.0025,137.0025,137.0025,137.0025,0.0,0.0,1.0,chinabond_official,2026-08-04T15:34:50
2017-06-26,137.2619,137.2619,137.2619,137.2619,0.0,0.0,1.0,chinabond_official,2026-08-04T15:34:50
2017-06-27,137.6336,137.6336,137.6336,137.6336,0.0,0.0,1.0,chinabond_official,2026-08-04T15:34:50
2017-06-28,137.6471,137.6471,137.6471,137.6471,0.0,0.0,1.0,chinabond_official,2026-08-04T15:34:50
2017-06-29,137.5528,137.5528,137.5528,137.5528,0.0,0.0,1.0,chinabond_official,2026-08-04T15:34:50
2017-06-30,137.2155,137.2155,137.2155,137.2155,0.0,0.0,1.0,chinabond_official,2026-08-04T15:34:50
2017-07-03,137.1369,137.1369,137.1369,137.1369,0.0,0.0,1.0,chinabond_official,2026-08-04T15:34:50
2017-07-04,136.8091,136.8091,136.8091,136.8091,0.0,0.0,1.0,chinabond_official,2026-08-04T15:34:50
2017-07-05,137.1795,137.1795,137.1795,137.1795,0.0,0.0,1.0,chinabond_official,2026-08-04T15:34:50
2017-07-06,137.3646,137.3646,137.3646,137.3646,0.0,0.0,1.0,chinabond_official,2026-08-04T15:34:50
2017-07-07,137.3292,137.3292,137.3292,137.3292,0.0,0.0,1.0,chinabond_official,2026-08-04T15:34:50
2017-07-10,137.3659,137.3659,137.3659,137.3659,0.0,0.0,1.0,chinabond_official,2026-08-04T15:34:50
2017-07-11,137.4399,137.4399,137.4399,137.4399,0.0,0.0,1.0,chinabond_official,2026-08-04T15:34:50
2017-07-12,137.4351,137.4351,137.4351,137.4351,0.0,0.0,1.0,chinabond_official,2026-08-04T15:34:50
2017-07-13,137.4996,137.4996,137.4996,137.4996,0.0,0.0,1.0,chinabond_official,2026-08-04T15:34:50
2017-07-14,137.7785,137.7785,137.7785,137.7785,0.0,0.0,1.0,chinabond_official,2026-08-04T15:34:50
2017-07-17,137.7048,137.7048,137.7048,137.7048,0.0,0.0,1.0,chinabond_official,2026-08-04T15:34:50
2017-07-18,137.482,137.482,137.482,137.482,0.0,0.0,1.0,chinabond_official,2026-08-04T15:34:50
2017-07-19,137.7189,137.7189,137.7189,137.7189,0.0,0.0,1.0,chinabond_official,2026-08-04T15:34:50
2017-07-20,137.6684,137.6684,137.6684,137.6684,0.0,0.0,1.0,chinabond_official,2026-08-04T15:34:50
2017-07-21,136.9304,136.9304,136.9304,136.9304,0.0,0.0,1.0,chinabond_official,2026-08-04T15:34:50
2017-07-24,136.0434,136.0434,136.0434,136.0434,0.0,0.0,1.0,chinabond_official,2026-08-04T15:34:50
2017-07-25,135.7204,135.7204,135.7204,135.7204,0.0,0.0,1.0,chinabond_official,2026-08-04T15:34:50
2017-07-26,135.1784,135.1784,135.1784,135.1784,0.0,0.0,1.0,chinabond_official,2026-08-04T15:34:50
2017-07-27,135.3269,135.3269,135.3269,135.3269,0.0,0.0,1.0,chinabond_official,2026-08-04T15:34:50
2017-07-28,135.3146,135.3146,135.3146,135.3146,0.0,0.0,1.0,chinabond_official,2026-08-04T15:34:50
2017-07-31,135.0234,135.0234,135.0234,135.0234,0.0,0.0,1.0,chinabond_official,2026-08-04T15:34:50
2017-08-01,134.8421,134.8421,134.8421,134.8421,0.0,0.0,1.0,chinabond_official,2026-08-04T15:34:50
2017-08-02,134.885,134.885,134.885,134.885,0.0,0.0,1.0,chinabond_official,2026-08-04T15:34:50
2017-08-03,134.9456,134.9456,134.9456,134.9456,0.0,0.0,1.0,chinabond_official,2026-08-04T15:34:50
2017-08-04,134.9628,134.9628,134.9628,134.9628,0.0,0.0,1.0,chinabond_official,2026-08-04T15:34:50
2017-08-07,134.3913,134.3913,134.3913,134.3913,0.0,0.0,1.0,chinabond_official,2026-08-04T15:34:50
2017-08-08,134.4807,134.4807,134.4807,134.4807,0.0,0.0,1.0,chinabond_official,2026-08-04T15:34:50
2017-08-09,134.5844,134.5844,134.5844,134.5844,0.0,0.0,1.0,chinabond_official,2026-08-04T15:34:50
2017-08-10,134.72,134.72,134.72,134.72,0.0,0.0,1.0,chinabond_official,2026-08-04T15:34:50
2017-08-11,135.1338,135.1338,135.1338,135.1338,0.0,0.0,1.0,chinabond_official,2026-08-04T15:34:50
2017-08-14,135.1453,135.1453,135.1453,135.1453,0.0,0.0,1.0,chinabond_official,2026-08-04T15:34:50
2017-08-15,135.3272,135.3272,135.3272,135.3272,0.0,0.0,1.0,chinabond_official,2026-08-04T15:34:50
2017-08-16,135.1727,135.1727,135.1727,135.1727,0.0,0.0,1.0,chinabond_official,2026-08-04T15:34:50
2017-08-17,134.626,134.626,134.626,134.626,0.0,0.0,1.0,chinabond_official,2026-08-04T15:34:50
2017-08-18,133.6257,133.6257,133.6257,133.6257,0.0,0.0,1.0,chinabond_official,2026-08-04T15:34:50
2017-08-21,133.1666,133.1666,133.1666,133.1666,0.0,0.0,1.0,chinabond_official,2026-08-04T15:34:50
2017-08-22,133.1272,133.1272,133.1272,133.1272,0.0,0.0,1.0,chinabond_official,2026-08-04T15:34:50
2017-08-23,133.1516,133.1516,133.1516,133.1516,0.0,0.0,1.0,chinabond_official,2026-08-04T15:34:50
2017-08-24,132.9548,132.9548,132.9548,132.9548,0.0,0.0,1.0,chinabond_official,2026-08-04T15:34:50
2017-08-25,132.6811,132.6811,132.6811,132.6811,0.0,0.0,1.0,chinabond_official,2026-08-04T15:34:50
2017-08-28,132.4562,132.4562,132.4562,132.4562,0.0,0.0,1.0,chinabond_official,2026-08-04T15:34:50
2017-08-29,132.6027,132.6027,132.6027,132.6027,0.0,0.0,1.0,chinabond_official,2026-08-04T15:34:50
2017-08-30,132.7431,132.7431,132.7431,132.7431,0.0,0.0,1.0,chinabond_official,2026-08-04T15:34:50
2017-08-31,132.8341,132.8341,132.8341,132.8341,0.0,0.0,1.0,chinabond_official,2026-08-04T15:34:50
2017-09-01,132.8372,132.8372,132.8372,132.8372,0.0,0.0,1.0,chinabond_official,2026-08-04T15:34:50
2017-09-04,132.6694,132.6694,132.6694,132.6694,0.0,0.0,1.0,chinabond_official,2026-08-04T15:34:50
2017-09-05,132.4639,132.4639,132.4639,132.4639,0.0,0.0,1.0,chinabond_official,2026-08-04T15:34:50
2017-09-06,132.5711,132.5711,132.5711,132.5711,0.0,0.0,1.0,chinabond_official,2026-08-04T15:34:50
2017-09-07,132.8337,132.8337,132.8337,132.8337,0.0,0.0,1.0,chinabond_official,2026-08-04T15:34:50
2017-09-08,132.8772,132.8772,132.8772,132.8772,0.0,0.0,1.0,chinabond_official,2026-08-04T15:34:50
2017-09-11,132.6985,132.6985,132.6985,132.6985,0.0,0.0,1.0,chinabond_official,2026-08-04T15:34:50
2017-09-12,132.6614,132.6614,132.6614,132.6614,0.0,0.0,1.0,chinabond_official,2026-08-04T15:34:50
2017-09-13,132.4586,132.4586,132.4586,132.4586,0.0,0.0,1.0,chinabond_official,2026-08-04T15:34:50
2017-09-14,132.7273,132.7273,132.7273,132.7273,0.0,0.0,1.0,chinabond_official,2026-08-04T15:34:50
2017-09-15,132.0639,132.0639,132.0639,132.0639,0.0,0.0,1.0,chinabond_official,2026-08-04T15:34:50
2017-09-18,131.9874,131.9874,131.9874,131.9874,0.0,0.0,1.0,chinabond_official,2026-08-04T15:34:50
2017-09-19,132.0672,132.0672,132.0672,132.0672,0.0,0.0,1.0,chinabond_official,2026-08-04T15:34:50
2017-09-20,132.0682,132.0682,132.0682,132.0682,0.0,0.0,1.0,chinabond_official,2026-08-04T15:34:50
2017-09-21,132.0138,132.0138,132.0138,132.0138,0.0,0.0,1.0,chinabond_official,2026-08-04T15:34:50
2017-09-22,132.5936,132.5936,132.5936,132.5936,0.0,0.0,1.0,chinabond_official,2026-08-04T15:34:50
2017-09-25,133.2721,133.2721,133.2721,133.2721,0.0,0.0,1.0,chinabond_official,2026-08-04T15:34:50
2017-09-26,133.3143,133.3143,133.3143,133.3143,0.0,0.0,1.0,chinabond_official,2026-08-04T15:34:50
2017-09-27,133.0817,133.0817,133.0817,133.0817,0.0,0.0,1.0,chinabond_official,2026-08-04T15:34:50
2017-09-28,133.2519,133.2519,133.2519,133.2519,0.0,0.0,1.0,chinabond_official,2026-08-04T15:34:50
2017-09-29,133.2605,133.2605,133.2605,133.2605,0.0,0.0,1.0,chinabond_official,2026-08-04T15:34:50
2017-09-30,133.2848,133.2848,133.2848,133.2848,0.0,0.0,1.0,chinabond_official,2026-08-04T15:34:50
2017-10-09,133.092,133.092,133.092,133.092,0.0,0.0,1.0,chinabond_official,2026-08-04T15:34:50
2017-10-10,132.8964,132.8964,132.8964,132.8964,0.0,0.0,1.0,chinabond_official,2026-08-04T15:34:50
2017-10-11,132.9155,132.9155,132.9155,132.9155,0.0,0.0,1.0,chinabond_official,2026-08-04T15:34:50
2017-10-12,132.5733,132.5733,132.5733,132.5733,0.0,0.0,1.0,chinabond_official,2026-08-04T15:34:50
2017-10-13,132.6707,132.6707,132.6707,132.6707,0.0,0.0,1.0,chinabond_official,2026-08-04T15:34:50
2017-10-16,132.1856,132.1856,132.1856,132.1856,0.0,0.0,1.0,chinabond_official,2026-08-04T15:34:50
2017-10-17,131.83,131.83,131.83,131.83,0.0,0.0,1.0,chinabond_official,2026-08-04T15:34:50
2017-10-18,131.8589,131.8589,131.8589,131.8589,0.0,0.0,1.0,chinabond_official,2026-08-04T15:34:50
2017-10-19,132.1152,132.1152,132.1152,132.1152,0.0,0.0,1.0,chinabond_official,2026-08-04T15:34:50
2017-10-20,132.1119,132.1119,132.1119,132.1119,0.0,0.0,1.0,chinabond_official,2026-08-04T15:34:50
2017-10-23,132.1316,132.1316,132.1316,132.1316,0.0,0.0,1.0,chinabond_official,2026-08-04T15:34:50
2017-10-24,132.1161,132.1161,132.1161,132.1161,0.0,0.0,1.0,chinabond_official,2026-08-04T15:34:50
2017-10-25,131.9679,131.9679,131.9679,131.9679,0.0,0.0,1.0,chinabond_official,2026-08-04T15:34:50
2017-10-26,131.8929,131.8929,131.8929,131.8929,0.0,0.0,1.0,chinabond_official,2026-08-04T15:34:50
2017-10-27,131.8483,131.8483,131.8483,131.8483,0.0,0.0,1.0,chinabond_official,2026-08-04T15:34:50
2017-10-30,130.876,130.876,130.876,130.876,0.0,0.0,1.0,chinabond_official,2026-08-04T15:34:50
2017-10-31,130.8816,130.8816,130.8816,130.8816,0.0,0.0,1.0,chinabond_official,2026-08-04T15:34:50
2017-11-01,131.5481,131.5481,131.5481,131.5481,0.0,0.0,1.0,chinabond_official,2026-08-04T15:34:50
2017-11-02,131.4925,131.4925,131.4925,131.4925,0.0,0.0,1.0,chinabond_official,2026-08-04T15:34:50
2017-11-03,131.3499,131.3499,131.3499,131.3499,0.0,0.0,1.0,chinabond_official,2026-08-04T15:34:50
2017-11-06,131.4134,131.4134,131.4134,131.4134,0.0,0.0,1.0,chinabond_official,2026-08-04T15:34:50
2017-11-07,131.1901,131.1901,131.1901,131.1901,0.0,0.0,1.0,chinabond_official,2026-08-04T15:34:50
2017-11-08,131.1205,131.1205,131.1205,131.1205,0.0,0.0,1.0,chinabond_official,2026-08-04T15:34:50
2017-11-09,131.2806,131.2806,131.2806,131.2806,0.0,0.0,1.0,chinabond_official,2026-08-04T15:34:50
2017-11-10,131.2259,131.2259,131.2259,131.2259,0.0,0.0,1.0,chinabond_official,2026-08-04T15:34:50
2017-11-13,130.7977,130.7977,130.7977,130.7977,0.0,0.0,1.0,chinabond_official,2026-08-04T15:34:50
2017-11-14,130.606,130.606,130.606,130.606,0.0,0.0,1.0,chinabond_official,2026-08-04T15:34:50
2017-11-15,130.6741,130.6741,130.6741,130.6741,0.0,0.0,1.0,chinabond_official,2026-08-04T15:34:50
2017-11-16,131.0113,131.0113,131.0113,131.0113,0.0,0.0,1.0,chinabond_official,2026-08-04T15:34:50
2017-11-17,131.4061,131.4061,131.4061,131.4061,0.0,0.0,1.0,chinabond_official,2026-08-04T15:34:50
2017-11-20,131.7983,131.7983,131.7983,131.7983,0.0,0.0,1.0,chinabond_official,2026-08-04T15:34:50
2017-11-21,131.7026,131.7026,131.7026,131.7026,0.0,0.0,1.0,chinabond_official,2026-08-04T15:34:50
2017-11-22,131.4028,131.4028,131.4028,131.4028,0.0,0.0,1.0,chinabond_official,2026-08-04T15:34:50
2017-11-23,131.228,131.228,131.228,131.228,0.0,0.0,1.0,chinabond_official,2026-08-04T15:34:50
2017-11-24,131.5607,131.5607,131.5607,131.5607,0.0,0.0,1.0,chinabond_official,2026-08-04T15:34:50
2017-11-27,131.6986,131.6986,131.6986,131.6986,0.0,0.0,1.0,chinabond_official,2026-08-04T15:34:50
2017-11-28,131.3959,131.3959,131.3959,131.3959,0.0,0.0,1.0,chinabond_official,2026-08-04T15:34:50
2017-11-29,131.606,131.606,131.606,131.606,0.0,0.0,1.0,chinabond_official,2026-08-04T15:34:50
2017-11-30,131.6824,131.6824,131.6824,131.6824,0.0,0.0,1.0,chinabond_official,2026-08-04T15:34:50
2017-12-01,131.6834,131.6834,131.6834,131.6834,0.0,0.0,1.0,chinabond_official,2026-08-04T15:34:50
2017-12-04,131.7339,131.7339,131.7339,131.7339,0.0,0.0,1.0,chinabond_official,2026-08-04T15:34:50
2017-12-05,131.7727,131.7727,131.7727,131.7727,0.0,0.0,1.0,chinabond_official,2026-08-04T15:34:50
2017-12-06,131.9811,131.9811,131.9811,131.9811,0.0,0.0,1.0,chinabond_official,2026-08-04T15:34:50
2017-12-07,131.9762,131.9762,131.9762,131.9762,0.0,0.0,1.0,chinabond_official,2026-08-04T15:34:50
2017-12-08,131.8635,131.8635,131.8635,131.8635,0.0,0.0,1.0,chinabond_official,2026-08-04T15:34:50
2017-12-11,131.6141,131.6141,131.6141,131.6141,0.0,0.0,1.0,chinabond_official,2026-08-04T15:34:50
2017-12-12,131.4176,131.4176,131.4176,131.4176,0.0,0.0,1.0,chinabond_official,2026-08-04T15:34:50
2017-12-13,131.3207,131.3207,131.3207,131.3207,0.0,0.0,1.0,chinabond_official,2026-08-04T15:34:50
2017-12-14,131.2621,131.2621,131.2621,131.2621,0.0,0.0,1.0,chinabond_official,2026-08-04T15:34:50
2017-12-15,131.412,131.412,131.412,131.412,0.0,0.0,1.0,chinabond_official,2026-08-04T15:34:50
2017-12-18,131.5533,131.5533,131.5533,131.5533,0.0,0.0,1.0,chinabond_official,2026-08-04T15:34:50
2017-12-19,131.4052,131.4052,131.4052,131.4052,0.0,0.0,1.0,chinabond_official,2026-08-04T15:34:50
2017-12-20,131.2881,131.2881,131.2881,131.2881,0.0,0.0,1.0,chinabond_official,2026-08-04T15:34:50
2017-12-21,131.1374,131.1374,131.1374,131.1374,0.0,0.0,1.0,chinabond_official,2026-08-04T15:34:50
2017-12-22,131.1565,131.1565,131.1565,131.1565,0.0,0.0,1.0,chinabond_official,2026-08-04T15:34:50
2017-12-25,131.0064,131.0064,131.0064,131.0064,0.0,0.0,1.0,chinabond_official,2026-08-04T15:34:50
2017-12-26,130.828,130.828,130.828,130.828,0.0,0.0,1.0,chinabond_official,2026-08-04T15:34:50
2017-12-27,130.5837,130.5837,130.5837,130.5837,0.0,0.0,1.0,chinabond_official,2026-08-04T15:34:50
2017-12-28,130.7565,130.7565,130.7565,130.7565,0.0,0.0,1.0,chinabond_official,2026-08-04T15:34:50
2017-12-29,130.7915,130.7915,130.7915,130.7915,0.0,0.0,1.0,chinabond_official,2026-08-04T15:34:50
2017-12-30,130.8084,130.8084,130.8084,130.8084,0.0,0.0,1.0,chinabond_official,2026-08-04T15:34:50
2017-12-31,130.8248,130.8248,130.8248,130.8248,0.0,0.0,1.0,chinabond_official,2026-08-04T15:34:50
2018-01-02,130.6607,130.6607,130.6607,130.6607,0.0,0.0,1.0,chinabond_official,2026-08-04T15:34:50
2018-01-03,130.6266,130.6266,130.6266,130.6266,0.0,0.0,1.0,chinabond_official,2026-08-04T15:34:50
2018-01-04,130.6321,130.6321,130.6321,130.6321,0.0,0.0,1.0,chinabond_official,2026-08-04T15:34:50
2018-01-05,130.8566,130.8566,130.8566,130.8566,0.0,0.0,1.0,chinabond_official,2026-08-04T15:34:50
2018-01-08,131.0766,131.0766,131.0766,131.0766,0.0,0.0,1.0,chinabond_official,2026-08-04T15:34:50
2018-01-09,131.1324,131.1324,131.1324,131.1324,0.0,0.0,1.0,chinabond_official,2026-08-04T15:34:50
2018-01-10,130.8886,130.8886,130.8886,130.8886,0.0,0.0,1.0,chinabond_official,2026-08-04T15:34:50
2018-01-11,130.9053,130.9053,130.9053,130.9053,0.0,0.0,1.0,chinabond_official,2026-08-04T15:34:50
2018-01-12,131.1357,131.1357,131.1357,131.1357,0.0,0.0,1.0,chinabond_official,2026-08-04T15:34:50
2018-01-15,130.7592,130.7592,130.7592,130.7592,0.0,0.0,1.0,chinabond_official,2026-08-04T15:34:50
2018-01-16,130.9227,130.9227,130.9227,130.9227,0.0,0.0,1.0,chinabond_official,2026-08-04T15:34:50
2018-01-17,130.8777,130.8777,130.8777,130.8777,0.0,0.0,1.0,chinabond_official,2026-08-04T15:34:50
2018-01-18,130.8569,130.8569,130.8569,130.8569,0.0,0.0,1.0,chinabond_official,2026-08-04T15:34:50
2018-01-19,130.8159,130.8159,130.8159,130.8159,0.0,0.0,1.0,chinabond_official,2026-08-04T15:34:50
2018-01-22,130.8542,130.8542,130.8542,130.8542,0.0,0.0,1.0,chinabond_official,2026-08-04T15:34:50
2018-01-23,130.874,130.874,130.874,130.874,0.0,0.0,1.0,chinabond_official,2026-08-04T15:34:50
2018-01-24,130.8449,130.8449,130.8449,130.8449,0.0,0.0,1.0,chinabond_official,2026-08-04T15:34:50
2018-01-25,130.7983,130.7983,130.7983,130.7983,0.0,0.0,1.0,chinabond_official,2026-08-04T15:34:50
2018-01-26,130.9184,130.9184,130.9184,130.9184,0.0,0.0,1.0,chinabond_official,2026-08-04T15:34:50
2018-01-29,130.9098,130.9098,130.9098,130.9098,0.0,0.0,1.0,chinabond_official,2026-08-04T15:34:50
2018-01-30,130.9753,130.9753,130.9753,130.9753,0.0,0.0,1.0,chinabond_official,2026-08-04T15:34:50
2018-01-31,130.9456,130.9456,130.9456,130.9456,0.0,0.0,1.0,chinabond_official,2026-08-04T15:34:50
2018-02-01,131.0062,131.0062,131.0062,131.0062,0.0,0.0,1.0,chinabond_official,2026-08-04T15:34:50
2018-02-02,131.0864,131.0864,131.0864,131.0864,0.0,0.0,1.0,chinabond_official,2026-08-04T15:34:50
2018-02-05,131.151,131.151,131.151,131.151,0.0,0.0,1.0,chinabond_official,2026-08-04T15:34:50
2018-02-06,131.5966,131.5966,131.5966,131.5966,0.0,0.0,1.0,chinabond_official,2026-08-04T15:34:50
2018-02-07,132.0762,132.0762,132.0762,132.0762,0.0,0.0,1.0,chinabond_official,2026-08-04T15:34:50
2018-02-08,131.6878,131.6878,131.6878,131.6878,0.0,0.0,1.0,chinabond_official,2026-08-04T15:34:50
2018-02-09,132.1546,132.1546,132.1546,132.1546,0.0,0.0,1.0,chinabond_official,2026-08-04T15:34:50
2018-02-11,132.2144,132.2144,132.2144,132.2144,0.0,0.0,1.0,chinabond_official,2026-08-04T15:34:50
2018-02-12,132.106,132.106,132.106,132.106,0.0,0.0,1.0,chinabond_official,2026-08-04T15:34:50
2018-02-13,132.2377,132.2377,132.2377,132.2377,0.0,0.0,1.0,chinabond_official,2026-08-04T15:34:50
2018-02-14,132.2175,132.2175,132.2175,132.2175,0.0,0.0,1.0,chinabond_official,2026-08-04T15:34:50
2018-02-22,132.3704,132.3704,132.3704,132.3704,0.0,0.0,1.0,chinabond_official,2026-08-04T15:34:50
2018-02-23,132.5874,132.5874,132.5874,132.5874,0.0,0.0,1.0,chinabond_official,2026-08-04T15:34:50
2018-02-24,132.7236,132.7236,132.7236,132.7236,0.0,0.0,1.0,chinabond_official,2026-08-04T15:34:50
2018-02-26,133.2003,133.2003,133.2003,133.2003,0.0,0.0,1.0,chinabond_official,2026-08-04T15:34:50
2018-02-27,133.2898,133.2898,133.2898,133.2898,0.0,0.0,1.0,chinabond_official,2026-08-04T15:34:50
2018-02-28,133.4475,133.4475,133.4475,133.4475,0.0,0.0,1.0,chinabond_official,2026-08-04T15:34:50
2018-03-01,133.5322,133.5322,133.5322,133.5322,0.0,0.0,1.0,chinabond_official,2026-08-04T15:34:50
2018-03-02,133.3866,133.3866,133.3866,133.3866,0.0,0.0,1.0,chinabond_official,2026-08-04T15:34:50
2018-03-05,133.2402,133.2402,133.2402,133.2402,0.0,0.0,1.0,chinabond_official,2026-08-04T15:34:50
2018-03-06,133.2919,133.2919,133.2919,133.2919,0.0,0.0,1.0,chinabond_official,2026-08-04T15:34:50
2018-03-07,133.3841,133.3841,133.3841,133.3841,0.0,0.0,1.0,chinabond_official,2026-08-04T15:34:50
2018-03-08,133.5255,133.5255,133.5255,133.5255,0.0,0.0,1.0,chinabond_official,2026-08-04T15:34:50
2018-03-09,133.5807,133.5807,133.5807,133.5807,0.0,0.0,1.0,chinabond_official,2026-08-04T15:34:50
2018-03-12,133.6491,133.6491,133.6491,133.6491,0.0,0.0,1.0,chinabond_official,2026-08-04T15:34:50
2018-03-13,133.5714,133.5714,133.5714,133.5714,0.0,0.0,1.0,chinabond_official,2026-08-04T15:34:50
2018-03-14,133.6413,133.6413,133.6413,133.6413,0.0,0.0,1.0,chinabond_official,2026-08-04T15:34:50
2018-03-15,133.7716,133.7716,133.7716,133.7716,0.0,0.0,1.0,chinabond_official,2026-08-04T15:34:50
2018-03-16,134.2874,134.2874,134.2874,134.2874,0.0,0.0,1.0,chinabond_official,2026-08-04T15:34:50
2018-03-19,134.1429,134.1429,134.1429,134.1429,0.0,0.0,1.0,chinabond_official,2026-08-04T15:34:50
2018-03-20,134.3332,134.3332,134.3332,134.3332,0.0,0.0,1.0,chinabond_official,2026-08-04T15:34:50
2018-03-21,134.7469,134.7469,134.7469,134.7469,0.0,0.0,1.0,chinabond_official,2026-08-04T15:34:50
2018-03-22,135.2951,135.2951,135.2951,135.2951,0.0,0.0,1.0,chinabond_official,2026-08-04T15:34:50
2018-03-23,136.1633,136.1633,136.1633,136.1633,0.0,0.0,1.0,chinabond_official,2026-08-04T15:34:50
2018-03-26,135.9783,135.9783,135.9783,135.9783,0.0,0.0,1.0,chinabond_official,2026-08-04T15:34:50
2018-03-27,135.8127,135.8127,135.8127,135.8127,0.0,0.0,1.0,chinabond_official,2026-08-04T15:34:50
2018-03-28,135.9865,135.9865,135.9865,135.9865,0.0,0.0,1.0,chinabond_official,2026-08-04T15:34:50
2018-03-29,135.9854,135.9854,135.9854,135.9854,0.0,0.0,1.0,chinabond_official,2026-08-04T15:34:50
2018-03-30,135.9252,135.9252,135.9252,135.9252,0.0,0.0,1.0,chinabond_official,2026-08-04T15:34:50
2018-04-02,135.987,135.987,135.987,135.987,0.0,0.0,1.0,chinabond_official,2026-08-04T15:34:50
2018-04-03,136.2851,136.2851,136.2851,136.2851,0.0,0.0,1.0,chinabond_official,2026-08-04T15:34:50
2018-04-04,136.398,136.398,136.398,136.398,0.0,0.0,1.0,chinabond_official,2026-08-04T15:34:50
2018-04-08,136.7257,136.7257,136.7257,136.7257,0.0,0.0,1.0,chinabond_official,2026-08-04T15:34:50
2018-04-09,137.4585,137.4585,137.4585,137.4585,0.0,0.0,1.0,chinabond_official,2026-08-04T15:34:50
2018-04-10,137.5532,137.5532,137.5532,137.5532,0.0,0.0,1.0,chinabond_official,2026-08-04T15:34:50
2018-04-11,137.6963,137.6963,137.6963,137.6963,0.0,0.0,1.0,chinabond_official,2026-08-04T15:34:50
2018-04-12,137.7423,137.7423,137.7423,137.7423,0.0,0.0,1.0,chinabond_official,2026-08-04T15:34:50
2018-04-13,137.6282,137.6282,137.6282,137.6282,0.0,0.0,1.0,chinabond_official,2026-08-04T15:34:50
2018-04-16,137.784,137.784,137.784,137.784,0.0,0.0,1.0,chinabond_official,2026-08-04T15:34:50
2018-04-17,137.9313,137.9313,137.9313,137.9313,0.0,0.0,1.0,chinabond_official,2026-08-04T15:34:50
2018-04-18,141.1592,141.1592,141.1592,141.1592,0.0,0.0,1.0,chinabond_official,2026-08-04T15:34:50
2018-04-19,140.5395,140.5395,140.5395,140.5395,0.0,0.0,1.0,chinabond_official,2026-08-04T15:34:50
2018-04-20,140.7306,140.7306,140.7306,140.7306,0.0,0.0,1.0,chinabond_official,2026-08-04T15:34:50
2018-04-23,139.7261,139.7261,139.7261,139.7261,0.0,0.0,1.0,chinabond_official,2026-08-04T15:34:50
2018-04-24,139.7828,139.7828,139.7828,139.7828,0.0,0.0,1.0,chinabond_official,2026-08-04T15:34:50
2018-04-25,139.2818,139.2818,139.2818,139.2818,0.0,0.0,1.0,chinabond_official,2026-08-04T15:34:50
2018-04-26,139.2349,139.2349,139.2349,139.2349,0.0,0.0,1.0,chinabond_official,2026-08-04T15:34:50
2018-04-27,138.9117,138.9117,138.9117,138.9117,0.0,0.0,1.0,chinabond_official,2026-08-04T15:34:50
2018-04-28,138.9555,138.9555,138.9555,138.9555,0.0,0.0,1.0,chinabond_official,2026-08-04T15:34:50
2018-05-02,138.9479,138.9479,138.9479,138.9479,0.0,0.0,1.0,chinabond_official,2026-08-04T15:34:50
2018-05-03,138.5594,138.5594,138.5594,138.5594,0.0,0.0,1.0,chinabond_official,2026-08-04T15:34:50
2018-05-04,138.6144,138.6144,138.6144,138.6144,0.0,0.0,1.0,chinabond_official,2026-08-04T15:34:50
2018-05-07,138.7662,138.7662,138.7662,138.7662,0.0,0.0,1.0,chinabond_official,2026-08-04T15:34:50
2018-05-08,138.3657,138.3657,138.3657,138.3657,0.0,0.0,1.0,chinabond_official,2026-08-04T15:34:50
2018-05-09,138.2428,138.2428,138.2428,138.2428,0.0,0.0,1.0,chinabond_official,2026-08-04T15:34:50
2018-05-10,138.268,138.268,138.268,138.268,0.0,0.0,1.0,chinabond_official,2026-08-04T15:34:50
2018-05-11,138.3901,138.3901,138.3901,138.3901,0.0,0.0,1.0,chinabond_official,2026-08-04T15:34:50
2018-05-14,138.3082,138.3082,138.3082,138.3082,0.0,0.0,1.0,chinabond_official,2026-08-04T15:34:50
2018-05-15,137.8606,137.8606,137.8606,137.8606,0.0,0.0,1.0,chinabond_official,2026-08-04T15:34:50
2018-05-16,138.0343,138.0343,138.0343,138.0343,0.0,0.0,1.0,chinabond_official,2026-08-04T15:34:50
2018-05-17,137.9587,137.9587,137.9587,137.9587,0.0,0.0,1.0,chinabond_official,2026-08-04T15:34:50
2018-05-18,138.4349,138.4349,138.4349,138.4349,0.0,0.0,1.0,chinabond_official,2026-08-04T15:34:50
2018-05-21,138.5271,138.5271,138.5271,138.5271,0.0,0.0,1.0,chinabond_official,2026-08-04T15:34:50
2018-05-22,138.9536,138.9536,138.9536,138.9536,0.0,0.0,1.0,chinabond_official,2026-08-04T15:34:50
2018-05-23,139.426,139.426,139.426,139.426,0.0,0.0,1.0,chinabond_official,2026-08-04T15:34:50
2018-05-24,139.4594,139.4594,139.4594,139.4594,0.0,0.0,1.0,chinabond_official,2026-08-04T15:34:50
2018-05-25,140.2117,140.2117,140.2117,140.2117,0.0,0.0,1.0,chinabond_official,2026-08-04T15:34:50
2018-05-28,140.3108,140.3108,140.3108,140.3108,0.0,0.0,1.0,chinabond_official,2026-08-04T15:34:50
2018-05-29,140.2542,140.2542,140.2542,140.2542,0.0,0.0,1.0,chinabond_official,2026-08-04T15:34:50
2018-05-30,140.3071,140.3071,140.3071,140.3071,0.0,0.0,1.0,chinabond_official,2026-08-04T15:34:50
2018-05-31,140.0371,140.0371,140.0371,140.0371,0.0,0.0,1.0,chinabond_official,2026-08-04T15:34:50
2018-06-01,139.8768,139.8768,139.8768,139.8768,0.0,0.0,1.0,chinabond_official,2026-08-04T15:34:50
2018-06-04,139.2281,139.2281,139.2281,139.2281,0.0,0.0,1.0,chinabond_official,2026-08-04T15:34:50
2018-06-05,139.1094,139.1094,139.1094,139.1094,0.0,0.0,1.0,chinabond_official,2026-08-04T15:34:50
2018-06-06,138.8871,138.8871,138.8871,138.8871,0.0,0.0,1.0,chinabond_official,2026-08-04T15:34:50
2018-06-07,138.8717,138.8717,138.8717,138.8717,0.0,0.0,1.0,chinabond_official,2026-08-04T15:34:50
2018-06-08,138.7133,138.7133,138.7133,138.7133,0.0,0.0,1.0,chinabond_official,2026-08-04T15:34:50
2018-06-11,138.9018,138.9018,138.9018,138.9018,0.0,0.0,1.0,chinabond_official,2026-08-04T15:34:50
2018-06-12,138.844,138.844,138.844,138.844,0.0,0.0,1.0,chinabond_official,2026-08-04T15:34:50
2018-06-13,139.1128,139.1128,139.1128,139.1128,0.0,0.0,1.0,chinabond_official,2026-08-04T15:34:50
2018-06-14,139.2654,139.2654,139.2654,139.2654,0.0,0.0,1.0,chinabond_official,2026-08-04T15:34:50
2018-06-15,139.5552,139.5552,139.5552,139.5552,0.0,0.0,1.0,chinabond_official,2026-08-04T15:34:50
2018-06-19,140.2746,140.2746,140.2746,140.2746,0.0,0.0,1.0,chinabond_official,2026-08-04T15:34:50
2018-06-20,140.0112,140.0112,140.0112,140.0112,0.0,0.0,1.0,chinabond_official,2026-08-04T15:34:50
2018-06-21,140.2121,140.2121,140.2121,140.2121,0.0,0.0,1.0,chinabond_official,2026-08-04T15:34:50
2018-06-22,140.3391,140.3391,140.3391,140.3391,0.0,0.0,1.0,chinabond_official,2026-08-04T15:34:50
2018-06-25,140.3549,140.3549,140.3549,140.3549,0.0,0.0,1.0,chinabond_official,2026-08-04T15:34:50
2018-06-26,140.525,140.525,140.525,140.525,0.0,0.0,1.0,chinabond_official,2026-08-04T15:34:50
2018-06-27,140.6225,140.6225,140.6225,140.6225,0.0,0.0,1.0,chinabond_official,2026-08-04T15:34:50
2018-06-28,141.3184,141.3184,141.3184,141.3184,0.0,0.0,1.0,chinabond_official,2026-08-04T15:34:50
2018-06-29,142.9196,142.9196,142.9196,142.9196,0.0,0.0,1.0,chinabond_official,2026-08-04T15:34:50
2018-07-02,143.0891,143.0891,143.0891,143.0891,0.0,0.0,1.0,chinabond_official,2026-08-04T15:34:50
2018-07-03,143.0803,143.0803,143.0803,143.0803,0.0,0.0,1.0,chinabond_official,2026-08-04T15:34:50
2018-07-04,142.7879,142.7879,142.7879,142.7879,0.0,0.0,1.0,chinabond_official,2026-08-04T15:34:50
2018-07-05,143.2117,143.2117,143.2117,143.2117,0.0,0.0,1.0,chinabond_official,2026-08-04T15:34:50
2018-07-06,142.6379,142.6379,142.6379,142.6379,0.0,0.0,1.0,chinabond_official,2026-08-04T15:34:50
2018-07-09,142.4442,142.4442,142.4442,142.4442,0.0,0.0,1.0,chinabond_official,2026-08-04T15:34:50
2018-07-10,142.4325,142.4325,142.4325,142.4325,0.0,0.0,1.0,chinabond_official,2026-08-04T15:34:50
2018-07-11,142.6116,142.6116,142.6116,142.6116,0.0,0.0,1.0,chinabond_official,2026-08-04T15:34:50
2018-07-12,142.6111,142.6111,142.6111,142.6111,0.0,0.0,1.0,chinabond_official,2026-08-04T15:34:50
2018-07-13,143.1286,143.1286,143.1286,143.1286,0.0,0.0,1.0,chinabond_official,2026-08-04T15:34:50
2018-07-16,143.3745,143.3745,143.3745,143.3745,0.0,0.0,1.0,chinabond_official,2026-08-04T15:34:50
2018-07-17,143.3784,143.3784,143.3784,143.3784,0.0,0.0,1.0,chinabond_official,2026-08-04T15:34:50
2018-07-18,143.7571,143.7571,143.7571,143.7571,0.0,0.0,1.0,chinabond_official,2026-08-04T15:34:50
2018-07-19,144.435,144.435,144.435,144.435,0.0,0.0,1.0,chinabond_official,2026-08-04T15:34:50
2018-07-20,143.8379,143.8379,143.8379,143.8379,0.0,0.0,1.0,chinabond_official,2026-08-04T15:34:50
2018-07-23,143.4663,143.4663,143.4663,143.4663,0.0,0.0,1.0,chinabond_official,2026-08-04T15:34:50
2018-07-24,142.7539,142.7539,142.7539,142.7539,0.0,0.0,1.0,chinabond_official,2026-08-04T15:34:50
2018-07-25,142.5695,142.5695,142.5695,142.5695,0.0,0.0,1.0,chinabond_official,2026-08-04T15:34:50
2018-07-26,142.1641,142.1641,142.1641,142.1641,0.0,0.0,1.0,chinabond_official,2026-08-04T15:34:50
2018-07-27,142.422,142.422,142.422,142.422,0.0,0.0,1.0,chinabond_official,2026-08-04T15:34:50
2018-07-30,142.6586,142.6586,142.6586,142.6586,0.0,0.0,1.0,chinabond_official,2026-08-04T15:34:50
2018-07-31,143.2813,143.2813,143.2813,143.2813,0.0,0.0,1.0,chinabond_official,2026-08-04T15:34:50
2018-08-01,143.4996,143.4996,143.4996,143.4996,0.0,0.0,1.0,chinabond_official,2026-08-04T15:34:50
2018-08-02,143.4679,143.4679,143.4679,143.4679,0.0,0.0,1.0,chinabond_official,2026-08-04T15:34:50
2018-08-03,143.747,143.747,143.747,143.747,0.0,0.0,1.0,chinabond_official,2026-08-04T15:34:50
2018-08-06,143.7997,143.7997,143.7997,143.7997,0.0,0.0,1.0,chinabond_official,2026-08-04T15:34:50
2018-08-07,143.6959,143.6959,143.6959,143.6959,0.0,0.0,1.0,chinabond_official,2026-08-04T15:34:50
2018-08-08,143.3185,143.3185,143.3185,143.3185,0.0,0.0,1.0,chinabond_official,2026-08-04T15:34:50
2018-08-09,142.2907,142.2907,142.2907,142.2907,0.0,0.0,1.0,chinabond_official,2026-08-04T15:34:50
2018-08-10,142.185,142.185,142.185,142.185,0.0,0.0,1.0,chinabond_official,2026-08-04T15:34:50
2018-08-13,141.527,141.527,141.527,141.527,0.0,0.0,1.0,chinabond_official,2026-08-04T15:34:50
2018-08-14,141.8019,141.8019,141.8019,141.8019,0.0,0.0,1.0,chinabond_official,2026-08-04T15:34:50
2018-08-15,141.7787,141.7787,141.7787,141.7787,0.0,0.0,1.0,chinabond_official,2026-08-04T15:34:50
2018-08-16,141.4208,141.4208,141.4208,141.4208,0.0,0.0,1.0,chinabond_official,2026-08-04T15:34:50
2018-08-17,138.2921,138.2921,138.2921,138.2921,0.0,0.0,1.0,chinabond_official,2026-08-04T15:34:50
2018-08-20,138.6081,138.6081,138.6081,138.6081,0.0,0.0,1.0,chinabond_official,2026-08-04T15:34:50
2018-08-21,138.6068,138.6068,138.6068,138.6068,0.0,0.0,1.0,chinabond_official,2026-08-04T15:34:50
2018-08-22,138.9029,138.9029,138.9029,138.9029,0.0,0.0,1.0,chinabond_official,2026-08-04T15:34:50
2018-08-23,139.1312,139.1312,139.1312,139.1312,0.0,0.0,1.0,chinabond_official,2026-08-04T15:34:50
2018-08-24,139.1287,139.1287,139.1287,139.1287,0.0,0.0,1.0,chinabond_official,2026-08-04T15:34:50
2018-08-27,139.0759,139.0759,139.0759,139.0759,0.0,0.0,1.0,chinabond_official,2026-08-04T15:34:50
2018-08-28,139.3228,139.3228,139.3228,139.3228,0.0,0.0,1.0,chinabond_official,2026-08-04T15:34:50
2018-08-29,139.1292,139.1292,139.1292,139.1292,0.0,0.0,1.0,chinabond_official,2026-08-04T15:34:50
2018-08-30,139.5049,139.5049,139.5049,139.5049,0.0,0.0,1.0,chinabond_official,2026-08-04T15:34:50
2018-08-31,139.6528,139.6528,139.6528,139.6528,0.0,0.0,1.0,chinabond_official,2026-08-04T15:34:50
2018-09-03,139.2736,139.2736,139.2736,139.2736,0.0,0.0,1.0,chinabond_official,2026-08-04T15:34:50
2018-09-04,139.1083,139.1083,139.1083,139.1083,0.0,0.0,1.0,chinabond_official,2026-08-04T15:34:50
2018-09-05,139.2151,139.2151,139.2151,139.2151,0.0,0.0,1.0,chinabond_official,2026-08-04T15:34:50
2018-09-06,139.1967,139.1967,139.1967,139.1967,0.0,0.0,1.0,chinabond_official,2026-08-04T15:34:50
2018-09-07,138.9682,138.9682,138.9682,138.9682,0.0,0.0,1.0,chinabond_official,2026-08-04T15:34:50
2018-09-10,138.1258,138.1258,138.1258,138.1258,0.0,0.0,1.0,chinabond_official,2026-08-04T15:34:50
2018-09-11,137.9023,137.9023,137.9023,137.9023,0.0,0.0,1.0,chinabond_official,2026-08-04T15:34:50
2018-09-12,138.1202,138.1202,138.1202,138.1202,0.0,0.0,1.0,chinabond_official,2026-08-04T15:34:50
2018-09-13,138.2663,138.2663,138.2663,138.2663,0.0,0.0,1.0,chinabond_official,2026-08-04T15:34:50
2018-09-14,138.708,138.708,138.708,138.708,0.0,0.0,1.0,chinabond_official,2026-08-04T15:34:50
2018-09-17,138.9116,138.9116,138.9116,138.9116,0.0,0.0,1.0,chinabond_official,2026-08-04T15:34:50
2018-09-18,138.9152,138.9152,138.9152,138.9152,0.0,0.0,1.0,chinabond_official,2026-08-04T15:34:50
2018-09-19,138.8019,138.8019,138.8019,138.8019,0.0,0.0,1.0,chinabond_official,2026-08-04T15:34:50
2018-09-20,138.7931,138.7931,138.7931,138.7931,0.0,0.0,1.0,chinabond_official,2026-08-04T15:34:50
2018-09-21,139.1298,139.1298,139.1298,139.1298,0.0,0.0,1.0,chinabond_official,2026-08-04T15:34:50
2018-09-25,139.3013,139.3013,139.3013,139.3013,0.0,0.0,1.0,chinabond_official,2026-08-04T15:34:50
2018-09-26,139.6202,139.6202,139.6202,139.6202,0.0,0.0,1.0,chinabond_official,2026-08-04T15:34:50
2018-09-27,139.9104,139.9104,139.9104,139.9104,0.0,0.0,1.0,chinabond_official,2026-08-04T15:34:50
2018-09-28,139.9515,139.9515,139.9515,139.9515,0.0,0.0,1.0,chinabond_official,2026-08-04T15:34:50
2018-09-29,140.1286,140.1286,140.1286,140.1286,0.0,0.0,1.0,chinabond_official,2026-08-04T15:34:50
2018-09-30,140.1568,140.1568,140.1568,140.1568,0.0,0.0,1.0,chinabond_official,2026-08-04T15:34:50
2018-10-08,140.0769,140.0769,140.0769,140.0769,0.0,0.0,1.0,chinabond_official,2026-08-04T15:34:50
2018-10-09,140.1126,140.1126,140.1126,140.1126,0.0,0.0,1.0,chinabond_official,2026-08-04T15:34:50
2018-10-10,140.1909,140.1909,140.1909,140.1909,0.0,0.0,1.0,chinabond_official,2026-08-04T15:34:50
2018-10-11,140.7394,140.7394,140.7394,140.7394,0.0,0.0,1.0,chinabond_official,2026-08-04T15:34:50
2018-10-12,140.7531,140.7531,140.7531,140.7531,0.0,0.0,1.0,chinabond_official,2026-08-04T15:34:50
2018-10-15,140.5482,140.5482,140.5482,140.5482,0.0,0.0,1.0,chinabond_official,2026-08-04T15:34:50
2018-10-16,140.652,140.652,140.652,140.652,0.0,0.0,1.0,chinabond_official,2026-08-04T15:34:50
2018-10-17,140.8001,140.8001,140.8001,140.8001,0.0,0.0,1.0,chinabond_official,2026-08-04T15:34:50
2018-10-18,141.1534,141.1534,141.1534,141.1534,0.0,0.0,1.0,chinabond_official,2026-08-04T15:34:50
2018-10-19,141.7167,141.7167,141.7167,141.7167,0.0,0.0,1.0,chinabond_official,2026-08-04T15:34:50
2018-10-22,141.4026,141.4026,141.4026,141.4026,0.0,0.0,1.0,chinabond_official,2026-08-04T15:34:50
2018-10-23,141.4656,141.4656,141.4656,141.4656,0.0,0.0,1.0,chinabond_official,2026-08-04T15:34:50
2018-10-24,142.1597,142.1597,142.1597,142.1597,0.0,0.0,1.0,chinabond_official,2026-08-04T15:34:50
2018-10-25,142.5766,142.5766,142.5766,142.5766,0.0,0.0,1.0,chinabond_official,2026-08-04T15:34:50
2018-10-26,142.6029,142.6029,142.6029,142.6029,0.0,0.0,1.0,chinabond_official,2026-08-04T15:34:50
2018-10-29,142.7525,142.7525,142.7525,142.7525,0.0,0.0,1.0,chinabond_official,2026-08-04T15:34:50
2018-10-30,143.1837,143.1837,143.1837,143.1837,0.0,0.0,1.0,chinabond_official,2026-08-04T15:34:50
2018-10-31,143.2322,143.2322,143.2322,143.2322,0.0,0.0,1.0,chinabond_official,2026-08-04T15:34:50
2018-11-01,143.5561,143.5561,143.5561,143.5561,0.0,0.0,1.0,chinabond_official,2026-08-04T15:34:50
2018-11-02,142.8165,142.8165,142.8165,142.8165,0.0,0.0,1.0,chinabond_official,2026-08-04T15:34:50
2018-11-05,142.9997,142.9997,142.9997,142.9997,0.0,0.0,1.0,chinabond_official,2026-08-04T15:34:50
2018-11-06,143.2263,143.2263,143.2263,143.2263,0.0,0.0,1.0,chinabond_official,2026-08-04T15:34:50
2018-11-07,143.7516,143.7516,143.7516,143.7516,0.0,0.0,1.0,chinabond_official,2026-08-04T15:34:50
2018-11-08,143.819,143.819,143.819,143.819,0.0,0.0,1.0,chinabond_official,2026-08-04T15:34:50
2018-11-09,143.8753,143.8753,143.8753,143.8753,0.0,0.0,1.0,chinabond_official,2026-08-04T15:34:50
2018-11-12,144.0011,144.0011,144.0011,144.0011,0.0,0.0,1.0,chinabond_official,2026-08-04T15:34:50
2018-11-13,144.3153,144.3153,144.3153,144.3153,0.0,0.0,1.0,chinabond_official,2026-08-04T15:34:50
2018-11-14,144.9901,144.9901,144.9901,144.9901,0.0,0.0,1.0,chinabond_official,2026-08-04T15:34:50
2018-11-15,146.1184,146.1184,146.1184,146.1184,0.0,0.0,1.0,chinabond_official,2026-08-04T15:34:50
2018-11-16,147.7069,147.7069,147.7069,147.7069,0.0,0.0,1.0,chinabond_official,2026-08-04T15:34:50
2018-11-19,147.9099,147.9099,147.9099,147.9099,0.0,0.0,1.0,chinabond_official,2026-08-04T15:34:50
2018-11-20,147.3379,147.3379,147.3379,147.3379,0.0,0.0,1.0,chinabond_official,2026-08-04T15:34:50
2018-11-21,147.7181,147.7181,147.7181,147.7181,0.0,0.0,1.0,chinabond_official,2026-08-04T15:34:50
2018-11-22,147.4638,147.4638,147.4638,147.4638,0.0,0.0,1.0,chinabond_official,2026-08-04T15:34:50
2018-11-23,146.8376,146.8376,146.8376,146.8376,0.0,0.0,1.0,chinabond_official,2026-08-04T15:34:50
2018-11-26,146.575,146.575,146.575,146.575,0.0,0.0,1.0,chinabond_official,2026-08-04T15:34:50
2018-11-27,146.6663,146.6663,146.6663,146.6663,0.0,0.0,1.0,chinabond_official,2026-08-04T15:34:50
2018-11-28,147.0922,147.0922,147.0922,147.0922,0.0,0.0,1.0,chinabond_official,2026-08-04T15:34:50
2018-11-29,147.6578,147.6578,147.6578,147.6578,0.0,0.0,1.0,chinabond_official,2026-08-04T15:34:50
2018-11-30,147.8056,147.8056,147.8056,147.8056,0.0,0.0,1.0,chinabond_official,2026-08-04T15:34:50
2018-12-03,147.9945,147.9945,147.9945,147.9945,0.0,0.0,1.0,chinabond_official,2026-08-04T15:34:50
2018-12-04,149.0511,149.0511,149.0511,149.0511,0.0,0.0,1.0,chinabond_official,2026-08-04T15:34:50
2018-12-05,149.3914,149.3914,149.3914,149.3914,0.0,0.0,1.0,chinabond_official,2026-08-04T15:34:50
2018-12-06,150.0398,150.0398,150.0398,150.0398,0.0,0.0,1.0,chinabond_official,2026-08-04T15:34:50
2018-12-07,150.4272,150.4272,150.4272,150.4272,0.0,0.0,1.0,chinabond_official,2026-08-04T15:34:50
2018-12-10,150.8315,150.8315,150.8315,150.8315,0.0,0.0,1.0,chinabond_official,2026-08-04T15:34:50
2018-12-11,151.3568,151.3568,151.3568,151.3568,0.0,0.0,1.0,chinabond_official,2026-08-04T15:34:50
2018-12-12,151.3804,151.3804,151.3804,151.3804,0.0,0.0,1.0,chinabond_official,2026-08-04T15:34:50
2018-12-13,149.7254,149.7254,149.7254,149.7254,0.0,0.0,1.0,chinabond_official,2026-08-04T15:34:50
2018-12-14,149.568,149.568,149.568,149.568,0.0,0.0,1.0,chinabond_official,2026-08-04T15:34:50
2018-12-17,149.3728,149.3728,149.3728,149.3728,0.0,0.0,1.0,chinabond_official,2026-08-04T15:34:50
2018-12-18,149.4679,149.4679,149.4679,149.4679,0.0,0.0,1.0,chinabond_official,2026-08-04T15:34:50
2018-12-19,150.1151,150.1151,150.1151,150.1151,0.0,0.0,1.0,chinabond_official,2026-08-04T15:34:50
2018-12-20,150.6274,150.6274,150.6274,150.6274,0.0,0.0,1.0,chinabond_official,2026-08-04T15:34:50
2018-12-21,150.6848,150.6848,150.6848,150.6848,0.0,0.0,1.0,chinabond_official,2026-08-04T15:34:50
2018-12-24,150.6669,150.6669,150.6669,150.6669,0.0,0.0,1.0,chinabond_official,2026-08-04T15:34:50
2018-12-25,150.7567,150.7567,150.7567,150.7567,0.0,0.0,1.0,chinabond_official,2026-08-04T15:34:50
2018-12-26,151.2335,151.2335,151.2335,151.2335,0.0,0.0,1.0,chinabond_official,2026-08-04T15:34:50
2018-12-27,151.6039,151.6039,151.6039,151.6039,0.0,0.0,1.0,chinabond_official,2026-08-04T15:34:50
2018-12-28,152.5317,152.5317,152.5317,152.5317,0.0,0.0,1.0,chinabond_official,2026-08-04T15:34:50
2018-12-29,152.7171,152.7171,152.7171,152.7171,0.0,0.0,1.0,chinabond_official,2026-08-04T15:34:50
2018-12-30,152.7364,152.7364,152.7364,152.7364,0.0,0.0,1.0,chinabond_official,2026-08-04T15:34:50
2018-12-31,152.7529,152.7529,152.7529,152.7529,0.0,0.0,1.0,chinabond_official,2026-08-04T15:34:50
2019-01-02,153.5493,153.5493,153.5493,153.5493,0.0,0.0,1.0,chinabond_official,2026-08-04T15:34:50
2019-01-03,153.5144,153.5144,153.5144,153.5144,0.0,0.0,1.0,chinabond_official,2026-08-04T15:34:50
2019-01-04,153.0414,153.0414,153.0414,153.0414,0.0,0.0,1.0,chinabond_official,2026-08-04T15:34:50
2019-01-07,153.0314,153.0314,153.0314,153.0314,0.0,0.0,1.0,chinabond_official,2026-08-04T15:34:50
2019-01-08,153.5874,153.5874,153.5874,153.5874,0.0,0.0,1.0,chinabond_official,2026-08-04T15:34:50
2019-01-09,153.1783,153.1783,153.1783,153.1783,0.0,0.0,1.0,chinabond_official,2026-08-04T15:34:50
2019-01-10,152.8044,152.8044,152.8044,152.8044,0.0,0.0,1.0,chinabond_official,2026-08-04T15:34:50
2019-01-11,152.9103,152.9103,152.9103,152.9103,0.0,0.0,1.0,chinabond_official,2026-08-04T15:34:50
2019-01-14,152.6767,152.6767,152.6767,152.6767,0.0,0.0,1.0,chinabond_official,2026-08-04T15:34:50
2019-01-15,152.4837,152.4837,152.4837,152.4837,0.0,0.0,1.0,chinabond_official,2026-08-04T15:34:50
2019-01-16,153.7532,153.7532,153.7532,153.7532,0.0,0.0,1.0,chinabond_official,2026-08-04T15:34:50
2019-01-17,153.5418,153.5418,153.5418,153.5418,0.0,0.0,1.0,chinabond_official,2026-08-04T15:34:50
2019-01-18,153.279,153.279,153.279,153.279,0.0,0.0,1.0,chinabond_official,2026-08-04T15:34:50
2019-01-21,153.2248,153.2248,153.2248,153.2248,0.0,0.0,1.0,chinabond_official,2026-08-04T15:34:50
2019-01-22,153.1022,153.1022,153.1022,153.1022,0.0,0.0,1.0,chinabond_official,2026-08-04T15:34:50
2019-01-23,153.0876,153.0876,153.0876,153.0876,0.0,0.0,1.0,chinabond_official,2026-08-04T15:34:50
2019-01-24,152.6333,152.6333,152.6333,152.6333,0.0,0.0,1.0,chinabond_official,2026-08-04T15:34:50
2019-01-25,152.3968,152.3968,152.3968,152.3968,0.0,0.0,1.0,chinabond_official,2026-08-04T15:34:50
2019-01-28,152.0441,152.0441,152.0441,152.0441,0.0,0.0,1.0,chinabond_official,2026-08-04T15:34:50
2019-01-29,152.7781,152.7781,152.7781,152.7781,0.0,0.0,1.0,chinabond_official,2026-08-04T15:34:50
2019-01-30,152.9518,152.9518,152.9518,152.9518,0.0,0.0,1.0,chinabond_official,2026-08-04T15:34:50
2019-01-31,153.0483,153.0483,153.0483,153.0483,0.0,0.0,1.0,chinabond_official,2026-08-04T15:34:50
2019-02-01,153.04,153.04,153.04,153.04,0.0,0.0,1.0,chinabond_official,2026-08-04T15:34:50
2019-02-02,153.3006,153.3006,153.3006,153.3006,0.0,0.0,1.0,chinabond_official,2026-08-04T15:34:50
2019-02-03,153.5298,153.5298,153.5298,153.5298,0.0,0.0,1.0,chinabond_official,2026-08-04T15:34:50
2019-02-11,153.614,153.614,153.614,153.614,0.0,0.0,1.0,chinabond_official,2026-08-04T15:34:50
2019-02-12,153.6611,153.6611,153.6611,153.6611,0.0,0.0,1.0,chinabond_official,2026-08-04T15:34:50
2019-02-13,153.8221,153.8221,153.8221,153.8221,0.0,0.0,1.0,chinabond_official,2026-08-04T15:34:50
2019-02-14,153.7206,153.7206,153.7206,153.7206,0.0,0.0,1.0,chinabond_official,2026-08-04T15:34:50
2019-02-15,153.5983,153.5983,153.5983,153.5983,0.0,0.0,1.0,chinabond_official,2026-08-04T15:34:50
2019-02-18,153.2171,153.2171,153.2171,153.2171,0.0,0.0,1.0,chinabond_official,2026-08-04T15:34:50
2019-02-19,153.3327,153.3327,153.3327,153.3327,0.0,0.0,1.0,chinabond_official,2026-08-04T15:34:50
2019-02-20,153.261,153.261,153.261,153.261,0.0,0.0,1.0,chinabond_official,2026-08-04T15:34:50
2019-02-21,153.3565,153.3565,153.3565,153.3565,0.0,0.0,1.0,chinabond_official,2026-08-04T15:34:50
2019-02-22,153.7854,153.7854,153.7854,153.7854,0.0,0.0,1.0,chinabond_official,2026-08-04T15:34:50
2019-02-25,152.8952,152.8952,152.8952,152.8952,0.0,0.0,1.0,chinabond_official,2026-08-04T15:34:50
2019-02-26,152.6298,152.6298,152.6298,152.6298,0.0,0.0,1.0,chinabond_official,2026-08-04T15:34:50
2019-02-27,153.0115,153.0115,153.0115,153.0115,0.0,0.0,1.0,chinabond_official,2026-08-04T15:34:50
2019-02-28,152.8226,152.8226,152.8226,152.8226,0.0,0.0,1.0,chinabond_official,2026-08-04T15:34:50
2019-03-01,152.9243,152.9243,152.9243,152.9243,0.0,0.0,1.0,chinabond_official,2026-08-04T15:34:50
2019-03-04,152.7982,152.7982,152.7982,152.7982,0.0,0.0,1.0,chinabond_official,2026-08-04T15:34:50
2019-03-05,152.6741,152.6741,152.6741,152.6741,0.0,0.0,1.0,chinabond_official,2026-08-04T15:34:50
2019-03-06,152.7332,152.7332,152.7332,152.7332,0.0,0.0,1.0,chinabond_official,2026-08-04T15:34:50
2019-03-07,153.2406,153.2406,153.2406,153.2406,0.0,0.0,1.0,chinabond_official,2026-08-04T15:34:50
2019-03-08,153.7551,153.7551,153.7551,153.7551,0.0,0.0,1.0,chinabond_official,2026-08-04T15:34:50
2019-03-11,153.9449,153.9449,153.9449,153.9449,0.0,0.0,1.0,chinabond_official,2026-08-04T15:34:50
2019-03-12,153.9151,153.9151,153.9151,153.9151,0.0,0.0,1.0,chinabond_official,2026-08-04T15:34:50
2019-03-13,153.8541,153.8541,153.8541,153.8541,0.0,0.0,1.0,chinabond_official,2026-08-04T15:34:50
2019-03-14,153.6232,153.6232,153.6232,153.6232,0.0,0.0,1.0,chinabond_official,2026-08-04T15:34:50
2019-03-15,153.7062,153.7062,153.7062,153.7062,0.0,0.0,1.0,chinabond_official,2026-08-04T15:34:50
2019-03-18,153.7209,153.7209,153.7209,153.7209,0.0,0.0,1.0,chinabond_official,2026-08-04T15:34:50
2019-03-19,153.8131,153.8131,153.8131,153.8131,0.0,0.0,1.0,chinabond_official,2026-08-04T15:34:50
2019-03-20,153.6076,153.6076,153.6076,153.6076,0.0,0.0,1.0,chinabond_official,2026-08-04T15:34:50
2019-03-21,153.8213,153.8213,153.8213,153.8213,0.0,0.0,1.0,chinabond_official,2026-08-04T15:34:50
2019-03-22,154.4445,154.4445,154.4445,154.4445,0.0,0.0,1.0,chinabond_official,2026-08-04T15:34:50
2019-03-25,155.0011,155.0011,155.0011,155.0011,0.0,0.0,1.0,chinabond_official,2026-08-04T15:34:50
2019-03-26,154.9243,154.9243,154.9243,154.9243,0.0,0.0,1.0,chinabond_official,2026-08-04T15:34:50
2019-03-27,154.7581,154.7581,154.7581,154.7581,0.0,0.0,1.0,chinabond_official,2026-08-04T15:34:50
2019-03-28,154.8961,154.8961,154.8961,154.8961,0.0,0.0,1.0,chinabond_official,2026-08-04T15:34:50
2019-03-29,155.2935,155.2935,155.2935,155.2935,0.0,0.0,1.0,chinabond_official,2026-08-04T15:34:50
2019-04-01,154.2788,154.2788,154.2788,154.2788,0.0,0.0,1.0,chinabond_official,2026-08-04T15:34:50
2019-04-02,154.1039,154.1039,154.1039,154.1039,0.0,0.0,1.0,chinabond_official,2026-08-04T15:34:50
2019-04-03,152.6572,152.6572,152.6572,152.6572,0.0,0.0,1.0,chinabond_official,2026-08-04T15:34:50
2019-04-04,152.4674,152.4674,152.4674,152.4674,0.0,0.0,1.0,chinabond_official,2026-08-04T15:34:50
2019-04-08,152.6398,152.6398,152.6398,152.6398,0.0,0.0,1.0,chinabond_official,2026-08-04T15:34:50
2019-04-09,151.8407,151.8407,151.8407,151.8407,0.0,0.0,1.0,chinabond_official,2026-08-04T15:34:50
2019-04-10,151.8735,151.8735,151.8735,151.8735,0.0,0.0,1.0,chinabond_official,2026-08-04T15:34:50
2019-04-11,151.6708,151.6708,151.6708,151.6708,0.0,0.0,1.0,chinabond_official,2026-08-04T15:34:50
2019-04-12,150.9537,150.9537,150.9537,150.9537,0.0,0.0,1.0,chinabond_official,2026-08-04T15:34:50
2019-04-15,149.3947,149.3947,149.3947,149.3947,0.0,0.0,1.0,chinabond_official,2026-08-04T15:34:50
2019-04-16,148.7959,148.7959,148.7959,148.7959,0.0,0.0,1.0,chinabond_official,2026-08-04T15:34:50
2019-04-17,148.7669,148.7669,148.7669,148.7669,0.0,0.0,1.0,chinabond_official,2026-08-04T15:34:50
2019-04-18,149.4394,149.4394,149.4394,149.4394,0.0,0.0,1.0,chinabond_official,2026-08-04T15:34:50
2019-04-19,148.538,148.538,148.538,148.538,0.0,0.0,1.0,chinabond_official,2026-08-04T15:34:50
2019-04-22,148.0954,148.0954,148.0954,148.0954,0.0,0.0,1.0,chinabond_official,2026-08-04T15:34:50
2019-04-23,148.122,148.122,148.122,148.122,0.0,0.0,1.0,chinabond_official,2026-08-04T15:34:50
2019-04-24,147.3869,147.3869,147.3869,147.3869,0.0,0.0,1.0,chinabond_official,2026-08-04T15:34:50
2019-04-25,147.787,147.787,147.787,147.787,0.0,0.0,1.0,chinabond_official,2026-08-04T15:34:50
2019-04-26,148.1117,148.1117,148.1117,148.1117,0.0,0.0,1.0,chinabond_official,2026-08-04T15:34:50
2019-04-28,148.2568,148.2568,148.2568,148.2568,0.0,0.0,1.0,chinabond_official,2026-08-04T15:34:50
2019-04-29,148.1353,148.1353,148.1353,148.1353,0.0,0.0,1.0,chinabond_official,2026-08-04T15:34:50
2019-04-30,148.527,148.527,148.527,148.527,0.0,0.0,1.0,chinabond_official,2026-08-04T15:34:50
2019-05-05,148.7709,148.7709,148.7709,148.7709,0.0,0.0,1.0,chinabond_official,2026-08-04T15:34:50
2019-05-06,149.1462,149.1462,149.1462,149.1462,0.0,0.0,1.0,chinabond_official,2026-08-04T15:34:50
2019-05-07,149.265,149.265,149.265,149.265,0.0,0.0,1.0,chinabond_official,2026-08-04T15:34:50
2019-05-08,149.3958,149.3958,149.3958,149.3958,0.0,0.0,1.0,chinabond_official,2026-08-04T15:34:50
2019-05-09,149.9893,149.9893,149.9893,149.9893,0.0,0.0,1.0,chinabond_official,2026-08-04T15:34:50
2019-05-10,150.0637,150.0637,150.0637,150.0637,0.0,0.0,1.0,chinabond_official,2026-08-04T15:34:50
2019-05-13,150.5137,150.5137,150.5137,150.5137,0.0,0.0,1.0,chinabond_official,2026-08-04T15:34:50
2019-05-14,150.2664,150.2664,150.2664,150.2664,0.0,0.0,1.0,chinabond_official,2026-08-04T15:34:50
2019-05-15,150.1148,150.1148,150.1148,150.1148,0.0,0.0,1.0,chinabond_official,2026-08-04T15:34:50
2019-05-16,150.3744,150.3744,150.3744,150.3744,0.0,0.0,1.0,chinabond_official,2026-08-04T15:34:50
2019-05-17,149.8663,149.8663,149.8663,149.8663,0.0,0.0,1.0,chinabond_official,2026-08-04T15:34:50
2019-05-20,149.7908,149.7908,149.7908,149.7908,0.0,0.0,1.0,chinabond_official,2026-08-04T15:34:50
2019-05-21,149.5323,149.5323,149.5323,149.5323,0.0,0.0,1.0,chinabond_official,2026-08-04T15:34:50
2019-05-22,149.2768,149.2768,149.2768,149.2768,0.0,0.0,1.0,chinabond_official,2026-08-04T15:34:50
2019-05-23,149.6482,149.6482,149.6482,149.6482,0.0,0.0,1.0,chinabond_official,2026-08-04T15:34:50
2019-05-24,149.6968,149.6968,149.6968,149.6968,0.0,0.0,1.0,chinabond_official,2026-08-04T15:34:50
2019-05-27,148.9921,148.9921,148.9921,148.9921,0.0,0.0,1.0,chinabond_official,2026-08-04T15:34:50
2019-05-28,149.4688,149.4688,149.4688,149.4688,0.0,0.0,1.0,chinabond_official,2026-08-04T15:34:50
2019-05-29,149.9509,149.9509,149.9509,149.9509,0.0,0.0,1.0,chinabond_official,2026-08-04T15:34:50
2019-05-30,149.985,149.985,149.985,149.985,0.0,0.0,1.0,chinabond_official,2026-08-04T15:34:50
2019-05-31,149.8048,149.8048,149.8048,149.8048,0.0,0.0,1.0,chinabond_official,2026-08-04T15:34:50
2019-06-03,150.4388,150.4388,150.4388,150.4388,0.0,0.0,1.0,chinabond_official,2026-08-04T15:34:50
2019-06-04,151.5829,151.5829,151.5829,151.5829,0.0,0.0,1.0,chinabond_official,2026-08-04T15:34:50
2019-06-05,151.9632,151.9632,151.9632,151.9632,0.0,0.0,1.0,chinabond_official,2026-08-04T15:34:50
2019-06-06,152.1644,152.1644,152.1644,152.1644,0.0,0.0,1.0,chinabond_official,2026-08-04T15:34:50
2019-06-10,151.9797,151.9797,151.9797,151.9797,0.0,0.0,1.0,chinabond_official,2026-08-04T15:34:50
2019-06-11,151.2435,151.2435,151.2435,151.2435,0.0,0.0,1.0,chinabond_official,2026-08-04T15:34:50
2019-06-12,151.4642,151.4642,151.4642,151.4642,0.0,0.0,1.0,chinabond_official,2026-08-04T15:34:50
2019-06-13,151.9383,151.9383,151.9383,151.9383,0.0,0.0,1.0,chinabond_official,2026-08-04T15:34:50
2019-06-14,152.6758,152.6758,152.6758,152.6758,0.0,0.0,1.0,chinabond_official,2026-08-04T15:34:50
2019-06-17,152.7622,152.7622,152.7622,152.7622,0.0,0.0,1.0,chinabond_official,2026-08-04T15:34:50
2019-06-18,152.5211,152.5211,152.5211,152.5211,0.0,0.0,1.0,chinabond_official,2026-08-04T15:34:50
2019-06-19,152.1509,152.1509,152.1509,152.1509,0.0,0.0,1.0,chinabond_official,2026-08-04T15:34:50
2019-06-20,152.4404,152.4404,152.4404,152.4404,0.0,0.0,1.0,chinabond_official,2026-08-04T15:34:50
2019-06-21,152.4758,152.4758,152.4758,152.4758,0.0,0.0,1.0,chinabond_official,2026-08-04T15:34:50
2019-06-24,152.2486,152.2486,152.2486,152.2486,0.0,0.0,1.0,chinabond_official,2026-08-04T15:34:50
2019-06-25,152.3975,152.3975,152.3975,152.3975,0.0,0.0,1.0,chinabond_official,2026-08-04T15:34:50
2019-06-26,152.0902,152.0902,152.0902,152.0902,0.0,0.0,1.0,chinabond_official,2026-08-04T15:34:50
2019-06-27,151.998,151.998,151.998,151.998,0.0,0.0,1.0,chinabond_official,2026-08-04T15:34:50
2019-06-28,152.5602,152.5602,152.5602,152.5602,0.0,0.0,1.0,chinabond_official,2026-08-04T15:34:50
2019-07-01,152.6964,152.6964,152.6964,152.6964,0.0,0.0,1.0,chinabond_official,2026-08-04T15:34:50
2019-07-02,154.446,154.446,154.446,154.446,0.0,0.0,1.0,chinabond_official,2026-08-04T15:34:50
2019-07-03,154.664,154.664,154.664,154.664,0.0,0.0,1.0,chinabond_official,2026-08-04T15:34:50
2019-07-04,154.6602,154.6602,154.6602,154.6602,0.0,0.0,1.0,chinabond_official,2026-08-04T15:34:50
2019-07-05,154.556,154.556,154.556,154.556,0.0,0.0,1.0,chinabond_official,2026-08-04T15:34:50
2019-07-08,154.0708,154.0708,154.0708,154.0708,0.0,0.0,1.0,chinabond_official,2026-08-04T15:34:50
2019-07-09,154.1892,154.1892,154.1892,154.1892,0.0,0.0,1.0,chinabond_official,2026-08-04T15:34:50
2019-07-10,154.1295,154.1295,154.1295,154.1295,0.0,0.0,1.0,chinabond_official,2026-08-04T15:34:50
2019-07-11,154.4055,154.4055,154.4055,154.4055,0.0,0.0,1.0,chinabond_official,2026-08-04T15:34:50
2019-07-12,154.6486,154.6486,154.6486,154.6486,0.0,0.0,1.0,chinabond_official,2026-08-04T15:34:50
2019-07-15,154.0798,154.0798,154.0798,154.0798,0.0,0.0,1.0,chinabond_official,2026-08-04T15:34:50
2019-07-16,153.8386,153.8386,153.8386,153.8386,0.0,0.0,1.0,chinabond_official,2026-08-04T15:34:50
2019-07-17,153.643,153.643,153.643,153.643,0.0,0.0,1.0,chinabond_official,2026-08-04T15:34:50
2019-07-18,153.8197,153.8197,153.8197,153.8197,0.0,0.0,1.0,chinabond_official,2026-08-04T15:34:50
2019-07-19,153.2377,153.2377,153.2377,153.2377,0.0,0.0,1.0,chinabond_official,2026-08-04T15:34:50
2019-07-22,153.9485,153.9485,153.9485,153.9485,0.0,0.0,1.0,chinabond_official,2026-08-04T15:34:50
2019-07-23,154.1628,154.1628,154.1628,154.1628,0.0,0.0,1.0,chinabond_official,2026-08-04T15:34:50
2019-07-24,153.5901,153.5901,153.5901,153.5901,0.0,0.0,1.0,chinabond_official,2026-08-04T15:34:50
2019-07-25,153.7873,153.7873,153.7873,153.7873,0.0,0.0,1.0,chinabond_official,2026-08-04T15:34:50
2019-07-26,153.7698,153.7698,153.7698,153.7698,0.0,0.0,1.0,chinabond_official,2026-08-04T15:34:50
2019-07-29,153.4266,153.4266,153.4266,153.4266,0.0,0.0,1.0,chinabond_official,2026-08-04T15:34:50
2019-07-30,153.5058,153.5058,153.5058,153.5058,0.0,0.0,1.0,chinabond_official,2026-08-04T15:34:50
2019-07-31,154.2204,154.2204,154.2204,154.2204,0.0,0.0,1.0,chinabond_official,2026-08-04T15:34:50
2019-08-01,154.344,154.344,154.344,154.344,0.0,0.0,1.0,chinabond_official,2026-08-04T15:34:50
2019-08-02,155.7535,155.7535,155.7535,155.7535,0.0,0.0,1.0,chinabond_official,2026-08-04T15:34:50
2019-08-05,157.1807,157.1807,157.1807,157.1807,0.0,0.0,1.0,chinabond_official,2026-08-04T15:34:50
2019-08-06,156.6921,156.6921,156.6921,156.6921,0.0,0.0,1.0,chinabond_official,2026-08-04T15:34:50
2019-08-07,157.0823,157.0823,157.0823,157.0823,0.0,0.0,1.0,chinabond_official,2026-08-04T15:34:50
2019-08-08,157.0397,157.0397,157.0397,157.0397,0.0,0.0,1.0,chinabond_official,2026-08-04T15:34:50
2019-08-09,157.77,157.77,157.77,157.77,0.0,0.0,1.0,chinabond_official,2026-08-04T15:34:50
2019-08-12,157.4778,157.4778,157.4778,157.4778,0.0,0.0,1.0,chinabond_official,2026-08-04T15:34:50
2019-08-13,158.6659,158.6659,158.6659,158.6659,0.0,0.0,1.0,chinabond_official,2026-08-04T15:34:50
2019-08-14,159.5542,159.5542,159.5542,159.5542,0.0,0.0,1.0,chinabond_official,2026-08-04T15:34:50
2019-08-15,159.74,159.74,159.74,159.74,0.0,0.0,1.0,chinabond_official,2026-08-04T15:34:50
2019-08-16,159.4366,159.4366,159.4366,159.4366,0.0,0.0,1.0,chinabond_official,2026-08-04T15:34:50
2019-08-19,159.7258,159.7258,159.7258,159.7258,0.0,0.0,1.0,chinabond_official,2026-08-04T15:34:50
2019-08-20,159.3834,159.3834,159.3834,159.3834,0.0,0.0,1.0,chinabond_official,2026-08-04T15:34:50
2019-08-21,158.4697,158.4697,158.4697,158.4697,0.0,0.0,1.0,chinabond_official,2026-08-04T15:34:50
2019-08-22,158.4023,158.4023,158.4023,158.4023,0.0,0.0,1.0,chinabond_official,2026-08-04T15:34:50
2019-08-23,158.306,158.306,158.306,158.306,0.0,0.0,1.0,chinabond_official,2026-08-04T15:34:50
2019-08-26,158.6757,158.6757,158.6757,158.6757,0.0,0.0,1.0,chinabond_official,2026-08-04T15:34:50
2019-08-27,158.3765,158.3765,158.3765,158.3765,0.0,0.0,1.0,chinabond_official,2026-08-04T15:34:50
2019-08-28,158.3688,158.3688,158.3688,158.3688,0.0,0.0,1.0,chinabond_official,2026-08-04T15:34:50
2019-08-29,158.9755,158.9755,158.9755,158.9755,0.0,0.0,1.0,chinabond_official,2026-08-04T15:34:50
2019-08-30,158.1883,158.1883,158.1883,158.1883,0.0,0.0,1.0,chinabond_official,2026-08-04T15:34:50
2019-09-02,157.6086,157.6086,157.6086,157.6086,0.0,0.0,1.0,chinabond_official,2026-08-04T15:34:50
2019-09-03,157.8047,157.8047,157.8047,157.8047,0.0,0.0,1.0,chinabond_official,2026-08-04T15:34:50
2019-09-04,158.4564,158.4564,158.4564,158.4564,0.0,0.0,1.0,chinabond_official,2026-08-04T15:34:50
2019-09-05,159.7591,159.7591,159.7591,159.7591,0.0,0.0,1.0,chinabond_official,2026-08-04T15:34:50
2019-09-06,159.7457,159.7457,159.7457,159.7457,0.0,0.0,1.0,chinabond_official,2026-08-04T15:34:50
2019-09-09,159.5322,159.5322,159.5322,159.5322,0.0,0.0,1.0,chinabond_official,2026-08-04T15:34:50
2019-09-10,159.2849,159.2849,159.2849,159.2849,0.0,0.0,1.0,chinabond_official,2026-08-04T15:34:50
2019-09-11,159.2213,159.2213,159.2213,159.2213,0.0,0.0,1.0,chinabond_official,2026-08-04T15:34:50
2019-09-12,158.3952,158.3952,158.3952,158.3952,0.0,0.0,1.0,chinabond_official,2026-08-04T15:34:50
2019-09-16,158.4645,158.4645,158.4645,158.4645,0.0,0.0,1.0,chinabond_official,2026-08-04T15:34:50
2019-09-17,158.2708,158.2708,158.2708,158.2708,0.0,0.0,1.0,chinabond_official,2026-08-04T15:34:50
2019-09-18,157.4529,157.4529,157.4529,157.4529,0.0,0.0,1.0,chinabond_official,2026-08-04T15:34:50
2019-09-19,157.7336,157.7336,157.7336,157.7336,0.0,0.0,1.0,chinabond_official,2026-08-04T15:34:50
2019-09-20,157.8436,157.8436,157.8436,157.8436,0.0,0.0,1.0,chinabond_official,2026-08-04T15:34:50
2019-09-23,157.7763,157.7763,157.7763,157.7763,0.0,0.0,1.0,chinabond_official,2026-08-04T15:34:50
2019-09-24,157.4672,157.4672,157.4672,157.4672,0.0,0.0,1.0,chinabond_official,2026-08-04T15:34:50
2019-09-25,157.3183,157.3183,157.3183,157.3183,0.0,0.0,1.0,chinabond_official,2026-08-04T15:34:50
2019-09-26,156.8527,156.8527,156.8527,156.8527,0.0,0.0,1.0,chinabond_official,2026-08-04T15:34:50
2019-09-27,156.5222,156.5222,156.5222,156.5222,0.0,0.0,1.0,chinabond_official,2026-08-04T15:34:50
2019-09-29,156.7471,156.7471,156.7471,156.7471,0.0,0.0,1.0,chinabond_official,2026-08-04T15:34:50
2019-09-30,156.6936,156.6936,156.6936,156.6936,0.0,0.0,1.0,chinabond_official,2026-08-04T15:34:50
2019-10-08,157.4299,157.4299,157.4299,157.4299,0.0,0.0,1.0,chinabond_official,2026-08-04T15:34:50
2019-10-09,157.5571,157.5571,157.5571,157.5571,0.0,0.0,1.0,chinabond_official,2026-08-04T15:34:50
2019-10-10,157.0915,157.0915,157.0915,157.0915,0.0,0.0,1.0,chinabond_official,2026-08-04T15:34:50
2019-10-11,156.6988,156.6988,156.6988,156.6988,0.0,0.0,1.0,chinabond_official,2026-08-04T15:34:50
2019-10-12,156.0959,156.0959,156.0959,156.0959,0.0,0.0,1.0,chinabond_official,2026-08-04T15:34:50
2019-10-14,156.2197,156.2197,156.2197,156.2197,0.0,0.0,1.0,chinabond_official,2026-08-04T15:34:50
2019-10-15,155.952,155.952,155.952,155.952,0.0,0.0,1.0,chinabond_official,2026-08-04T15:34:50
2019-10-16,156.0977,156.0977,156.0977,156.0977,0.0,0.0,1.0,chinabond_official,2026-08-04T15:34:50
2019-10-17,156.2647,156.2647,156.2647,156.2647,0.0,0.0,1.0,chinabond_official,2026-08-04T15:34:50
2019-10-18,155.4203,155.4203,155.4203,155.4203,0.0,0.0,1.0,chinabond_official,2026-08-04T15:34:50
2019-10-21,154.8182,154.8182,154.8182,154.8182,0.0,0.0,1.0,chinabond_official,2026-08-04T15:34:50
2019-10-22,154.727,154.727,154.727,154.727,0.0,0.0,1.0,chinabond_official,2026-08-04T15:34:50
2019-10-23,155.0505,155.0505,155.0505,155.0505,0.0,0.0,1.0,chinabond_official,2026-08-04T15:34:50
2019-10-24,155.0702,155.0702,155.0702,155.0702,0.0,0.0,1.0,chinabond_official,2026-08-04T15:34:50
2019-10-25,154.5764,154.5764,154.5764,154.5764,0.0,0.0,1.0,chinabond_official,2026-08-04T15:34:50
2019-10-28,153.3878,153.3878,153.3878,153.3878,0.0,0.0,1.0,chinabond_official,2026-08-04T15:34:50
2019-10-29,153.4214,153.4214,153.4214,153.4214,0.0,0.0,1.0,chinabond_official,2026-08-04T15:34:50
2019-10-30,153.2052,153.2052,153.2052,153.2052,0.0,0.0,1.0,chinabond_official,2026-08-04T15:34:50
2019-10-31,153.6653,153.6653,153.6653,153.6653,0.0,0.0,1.0,chinabond_official,2026-08-04T15:34:50
2019-11-01,154.1333,154.1333,154.1333,154.1333,0.0,0.0,1.0,chinabond_official,2026-08-04T15:34:50
2019-11-04,153.8541,153.8541,153.8541,153.8541,0.0,0.0,1.0,chinabond_official,2026-08-04T15:34:50
2019-11-05,154.8493,154.8493,154.8493,154.8493,0.0,0.0,1.0,chinabond_official,2026-08-04T15:34:50
2019-11-06,154.6339,154.6339,154.6339,154.6339,0.0,0.0,1.0,chinabond_official,2026-08-04T15:34:50
2019-11-07,154.2192,154.2192,154.2192,154.2192,0.0,0.0,1.0,chinabond_official,2026-08-04T15:34:50
2019-11-08,154.2498,154.2498,154.2498,154.2498,0.0,0.0,1.0,chinabond_official,2026-08-04T15:34:50
2019-11-11,154.5832,154.5832,154.5832,154.5832,0.0,0.0,1.0,chinabond_official,2026-08-04T15:34:50
2019-11-12,154.6827,154.6827,154.6827,154.6827,0.0,0.0,1.0,chinabond_official,2026-08-04T15:34:50
2019-11-13,155.0288,155.0288,155.0288,155.0288,0.0,0.0,1.0,chinabond_official,2026-08-04T15:34:50
2019-11-14,154.5632,154.5632,154.5632,154.5632,0.0,0.0,1.0,chinabond_official,2026-08-04T15:34:50
2019-11-15,155.104,155.104,155.104,155.104,0.0,0.0,1.0,chinabond_official,2026-08-04T15:34:50
2019-11-18,156.2599,156.2599,156.2599,156.2599,0.0,0.0,1.0,chinabond_official,2026-08-04T15:34:50
2019-11-19,157.0841,157.0841,157.0841,157.0841,0.0,0.0,1.0,chinabond_official,2026-08-04T15:34:50
2019-11-20,156.9769,156.9769,156.9769,156.9769,0.0,0.0,1.0,chinabond_official,2026-08-04T15:34:50
2019-11-21,157.4318,157.4318,157.4318,157.4318,0.0,0.0,1.0,chinabond_official,2026-08-04T15:34:50
2019-11-22,157.4844,157.4844,157.4844,157.4844,0.0,0.0,1.0,chinabond_official,2026-08-04T15:34:50
2019-11-25,156.6995,156.6995,156.6995,156.6995,0.0,0.0,1.0,chinabond_official,2026-08-04T15:34:50
2019-11-26,157.0815,157.0815,157.0815,157.0815,0.0,0.0,1.0,chinabond_official,2026-08-04T15:34:50
2019-11-27,156.8596,156.8596,156.8596,156.8596,0.0,0.0,1.0,chinabond_official,2026-08-04T15:34:50
2019-11-28,156.9339,156.9339,156.9339,156.9339,0.0,0.0,1.0,chinabond_official,2026-08-04T15:34:50
2019-11-29,157.2698,157.2698,157.2698,157.2698,0.0,0.0,1.0,chinabond_official,2026-08-04T15:34:50
2019-12-02,156.6602,156.6602,156.6602,156.6602,0.0,0.0,1.0,chinabond_official,2026-08-04T15:34:50
2019-12-03,157.0373,157.0373,157.0373,157.0373,0.0,0.0,1.0,chinabond_official,2026-08-04T15:34:50
2019-12-04,157.2986,157.2986,157.2986,157.2986,0.0,0.0,1.0,chinabond_official,2026-08-04T15:34:50
2019-12-05,157.1564,157.1564,157.1564,157.1564,0.0,0.0,1.0,chinabond_official,2026-08-04T15:34:50
2019-12-06,156.9599,156.9599,156.9599,156.9599,0.0,0.0,1.0,chinabond_official,2026-08-04T15:34:50
2019-12-09,156.7656,156.7656,156.7656,156.7656,0.0,0.0,1.0,chinabond_official,2026-08-04T15:34:50
2019-12-10,157.0632,157.0632,157.0632,157.0632,0.0,0.0,1.0,chinabond_official,2026-08-04T15:34:50
2019-12-11,157.1463,157.1463,157.1463,157.1463,0.0,0.0,1.0,chinabond_official,2026-08-04T15:34:50
2019-12-12,157.175,157.175,157.175,157.175,0.0,0.0,1.0,chinabond_official,2026-08-04T15:34:50
2019-12-13,156.8482,156.8482,156.8482,156.8482,0.0,0.0,1.0,chinabond_official,2026-08-04T15:34:50
2019-12-16,156.7528,156.7528,156.7528,156.7528,0.0,0.0,1.0,chinabond_official,2026-08-04T15:34:50
2019-12-17,156.0964,156.0964,156.0964,156.0964,0.0,0.0,1.0,chinabond_official,2026-08-04T15:34:50
2019-12-18,155.8208,155.8208,155.8208,155.8208,0.0,0.0,1.0,chinabond_official,2026-08-04T15:34:50
2019-12-19,155.7942,155.7942,155.7942,155.7942,0.0,0.0,1.0,chinabond_official,2026-08-04T15:34:50
2019-12-20,156.6784,156.6784,156.6784,156.6784,0.0,0.0,1.0,chinabond_official,2026-08-04T15:34:50
2019-12-23,157.4088,157.4088,157.4088,157.4088,0.0,0.0,1.0,chinabond_official,2026-08-04T15:34:50
2019-12-24,157.9104,157.9104,157.9104,157.9104,0.0,0.0,1.0,chinabond_official,2026-08-04T15:34:50
2019-12-25,158.0729,158.0729,158.0729,158.0729,0.0,0.0,1.0,chinabond_official,2026-08-04T15:34:50
2019-12-26,158.6364,158.6364,158.6364,158.6364,0.0,0.0,1.0,chinabond_official,2026-08-04T15:34:50
2019-12-27,158.6589,158.6589,158.6589,158.6589,0.0,0.0,1.0,chinabond_official,2026-08-04T15:34:50
2019-12-30,158.5529,158.5529,158.5529,158.5529,0.0,0.0,1.0,chinabond_official,2026-08-04T15:34:50
2019-12-31,158.6263,158.6263,158.6263,158.6263,0.0,0.0,1.0,chinabond_official,2026-08-04T15:34:50
2020-01-02,158.3722,158.3722,158.3722,158.3722,0.0,0.0,1.0,chinabond_official,2026-08-04T15:34:50
2020-01-03,158.5452,158.5452,158.5452,158.5452,0.0,0.0,1.0,chinabond_official,2026-08-04T15:34:50
2020-01-06,158.9018,158.9018,158.9018,158.9018,0.0,0.0,1.0,chinabond_official,2026-08-04T15:34:50
2020-01-07,158.8325,158.8325,158.8325,158.8325,0.0,0.0,1.0,chinabond_official,2026-08-04T15:34:50
2020-01-08,159.1143,159.1143,159.1143,159.1143,0.0,0.0,1.0,chinabond_official,2026-08-04T15:34:50
2020-01-09,159.4739,159.4739,159.4739,159.4739,0.0,0.0,1.0,chinabond_official,2026-08-04T15:34:50
2020-01-10,160.251,160.251,160.251,160.251,0.0,0.0,1.0,chinabond_official,2026-08-04T15:34:50
2020-01-13,160.3252,160.3252,160.3252,160.3252,0.0,0.0,1.0,chinabond_official,2026-08-04T15:34:50
2020-01-14,160.1245,160.1245,160.1245,160.1245,0.0,0.0,1.0,chinabond_official,2026-08-04T15:34:50
2020-01-15,160.2388,160.2388,160.2388,160.2388,0.0,0.0,1.0,chinabond_official,2026-08-04T15:34:50
2020-01-16,160.1814,160.1814,160.1814,160.1814,0.0,0.0,1.0,chinabond_official,2026-08-04T15:34:50
2020-01-17,160.3426,160.3426,160.3426,160.3426,0.0,0.0,1.0,chinabond_official,2026-08-04T15:34:50
2020-01-19,160.422,160.422,160.422,160.422,0.0,0.0,1.0,chinabond_official,2026-08-04T15:34:50
2020-01-20,160.6762,160.6762,160.6762,160.6762,0.0,0.0,1.0,chinabond_official,2026-08-04T15:34:50
2020-01-21,161.9944,161.9944,161.9944,161.9944,0.0,0.0,1.0,chinabond_official,2026-08-04T15:34:50
2020-01-22,161.8905,161.8905,161.8905,161.8905,0.0,0.0,1.0,chinabond_official,2026-08-04T15:34:50
2020-01-23,162.9911,162.9911,162.9911,162.9911,0.0,0.0,1.0,chinabond_official,2026-08-04T15:34:50
2020-02-03,166.5359,166.5359,166.5359,166.5359,0.0,0.0,1.0,chinabond_official,2026-08-04T15:34:50
2020-02-04,166.0726,166.0726,166.0726,166.0726,0.0,0.0,1.0,chinabond_official,2026-08-04T15:34:50
2020-02-05,165.8913,165.8913,165.8913,165.8913,0.0,0.0,1.0,chinabond_official,2026-08-04T15:34:50
2020-02-06,166.2325,166.2325,166.2325,166.2325,0.0,0.0,1.0,chinabond_official,2026-08-04T15:34:50
2020-02-07,167.2132,167.2132,167.2132,167.2132,0.0,0.0,1.0,chinabond_official,2026-08-04T15:34:50
2020-02-10,167.6217,167.6217,167.6217,167.6217,0.0,0.0,1.0,chinabond_official,2026-08-04T15:34:50
2020-02-11,166.8794,166.8794,166.8794,166.8794,0.0,0.0,1.0,chinabond_official,2026-08-04T15:34:50
2020-02-12,166.8718,166.8718,166.8718,166.8718,0.0,0.0,1.0,chinabond_official,2026-08-04T15:34:50
2020-02-13,167.0258,167.0258,167.0258,167.0258,0.0,0.0,1.0,chinabond_official,2026-08-04T15:34:50
2020-02-14,166.2702,166.2702,166.2702,166.2702,0.0,0.0,1.0,chinabond_official,2026-08-04T15:34:50
2020-02-17,165.4501,165.4501,165.4501,165.4501,0.0,0.0,1.0,chinabond_official,2026-08-04T15:34:50
2020-02-18,165.9081,165.9081,165.9081,165.9081,0.0,0.0,1.0,chinabond_official,2026-08-04T15:34:50
2020-02-19,165.7522,165.7522,165.7522,165.7522,0.0,0.0,1.0,chinabond_official,2026-08-04T15:34:50
2020-02-20,165.1046,165.1046,165.1046,165.1046,0.0,0.0,1.0,chinabond_official,2026-08-04T15:34:50
2020-02-21,166.0432,166.0432,166.0432,166.0432,0.0,0.0,1.0,chinabond_official,2026-08-04T15:34:50
2020-02-24,166.8857,166.8857,166.8857,166.8857,0.0,0.0,1.0,chinabond_official,2026-08-04T15:34:50
2020-02-25,166.6534,166.6534,166.6534,166.6534,0.0,0.0,1.0,chinabond_official,2026-08-04T15:34:50
2020-02-26,166.9664,166.9664,166.9664,166.9664,0.0,0.0,1.0,chinabond_official,2026-08-04T15:34:50
2020-02-27,167.4896,167.4896,167.4896,167.4896,0.0,0.0,1.0,chinabond_official,2026-08-04T15:34:50
2020-02-28,168.4395,168.4395,168.4395,168.4395,0.0,0.0,1.0,chinabond_official,2026-08-04T15:34:50
2020-03-02,168.3156,168.3156,168.3156,168.3156,0.0,0.0,1.0,chinabond_official,2026-08-04T15:34:50
2020-03-03,168.2106,168.2106,168.2106,168.2106,0.0,0.0,1.0,chinabond_official,2026-08-04T15:34:50
2020-03-04,169.0757,169.0757,169.0757,169.0757,0.0,0.0,1.0,chinabond_official,2026-08-04T15:34:50
2020-03-05,168.9949,168.9949,168.9949,168.9949,0.0,0.0,1.0,chinabond_official,2026-08-04T15:34:50
2020-03-06,170.3037,170.3037,170.3037,170.3037,0.0,0.0,1.0,chinabond_official,2026-08-04T15:34:50
2020-03-09,174.5613,174.5613,174.5613,174.5613,0.0,0.0,1.0,chinabond_official,2026-08-04T15:34:50
2020-03-10,172.8845,172.8845,172.8845,172.8845,0.0,0.0,1.0,chinabond_official,2026-08-04T15:34:50
2020-03-11,173.1672,173.1672,173.1672,173.1672,0.0,0.0,1.0,chinabond_official,2026-08-04T15:34:50
2020-03-12,172.8118,172.8118,172.8118,172.8118,0.0,0.0,1.0,chinabond_official,2026-08-04T15:34:50
2020-03-13,171.1571,171.1571,171.1571,171.1571,0.0,0.0,1.0,chinabond_official,2026-08-04T15:34:50
2020-03-16,171.6118,171.6118,171.6118,171.6118,0.0,0.0,1.0,chinabond_official,2026-08-04T15:34:50
2020-03-17,169.9343,169.9343,169.9343,169.9343,0.0,0.0,1.0,chinabond_official,2026-08-04T15:34:50
2020-03-18,169.1562,169.1562,169.1562,169.1562,0.0,0.0,1.0,chinabond_official,2026-08-04T15:34:50
2020-03-19,168.5892,168.5892,168.5892,168.5892,0.0,0.0,1.0,chinabond_official,2026-08-04T15:34:50
2020-03-20,169.2721,169.2721,169.2721,169.2721,0.0,0.0,1.0,chinabond_official,2026-08-04T15:34:50
2020-03-23,170.1581,170.1581,170.1581,170.1581,0.0,0.0,1.0,chinabond_official,2026-08-04T15:34:50
2020-03-24,170.3148,170.3148,170.3148,170.3148,0.0,0.0,1.0,chinabond_official,2026-08-04T15:34:50
2020-03-25,170.3033,170.3033,170.3033,170.3033,0.0,0.0,1.0,chinabond_official,2026-08-04T15:34:50
2020-03-26,170.9194,170.9194,170.9194,170.9194,0.0,0.0,1.0,chinabond_official,2026-08-04T15:34:50
2020-03-27,170.716,170.716,170.716,170.716,0.0,0.0,1.0,chinabond_official,2026-08-04T15:34:50
2020-03-30,170.7456,170.7456,170.7456,170.7456,0.0,0.0,1.0,chinabond_official,2026-08-04T15:34:50
2020-03-31,171.2722,171.2722,171.2722,171.2722,0.0,0.0,1.0,chinabond_official,2026-08-04T15:34:50
2020-04-01,172.0262,172.0262,172.0262,172.0262,0.0,0.0,1.0,chinabond_official,2026-08-04T15:34:50
2020-04-02,171.6595,171.6595,171.6595,171.6595,0.0,0.0,1.0,chinabond_official,2026-08-04T15:34:50
2020-04-03,170.885,170.885,170.885,170.885,0.0,0.0,1.0,chinabond_official,2026-08-04T15:34:50
2020-04-07,172.6914,172.6914,172.6914,172.6914,0.0,0.0,1.0,chinabond_official,2026-08-04T15:34:50
2020-04-08,173.1758,173.1758,173.1758,173.1758,0.0,0.0,1.0,chinabond_official,2026-08-04T15:34:50
2020-04-09,172.0923,172.0923,172.0923,172.0923,0.0,0.0,1.0,chinabond_official,2026-08-04T15:34:50
2020-04-10,170.8413,170.8413,170.8413,170.8413,0.0,0.0,1.0,chinabond_official,2026-08-04T15:34:50
2020-04-13,170.7453,170.7453,170.7453,170.7453,0.0,0.0,1.0,chinabond_official,2026-08-04T15:34:50
2020-04-14,170.7047,170.7047,170.7047,170.7047,0.0,0.0,1.0,chinabond_official,2026-08-04T15:34:50
2020-04-15,170.5783,170.5783,170.5783,170.5783,0.0,0.0,1.0,chinabond_official,2026-08-04T15:34:50
2020-04-16,170.8423,170.8423,170.8423,170.8423,0.0,0.0,1.0,chinabond_official,2026-08-04T15:34:50
2020-04-17,170.47,170.47,170.47,170.47,0.0,0.0,1.0,chinabond_official,2026-08-04T15:34:50
2020-04-20,168.9513,168.9513,168.9513,168.9513,0.0,0.0,1.0,chinabond_official,2026-08-04T15:34:50
2020-04-21,169.3073,169.3073,169.3073,169.3073,0.0,0.0,1.0,chinabond_official,2026-08-04T15:34:50
2020-04-22,169.6971,169.6971,169.6971,169.6971,0.0,0.0,1.0,chinabond_official,2026-08-04T15:34:50
2020-04-23,171.0472,171.0472,171.0472,171.0472,0.0,0.0,1.0,chinabond_official,2026-08-04T15:34:50
2020-04-24,171.2098,171.2098,171.2098,171.2098,0.0,0.0,1.0,chinabond_official,2026-08-04T15:34:50
2020-04-26,171.1985,171.1985,171.1985,171.1985,0.0,0.0,1.0,chinabond_official,2026-08-04T15:34:50
2020-04-27,170.7498,170.7498,170.7498,170.7498,0.0,0.0,1.0,chinabond_official,2026-08-04T15:34:50
2020-04-28,170.9262,170.9262,170.9262,170.9262,0.0,0.0,1.0,chinabond_official,2026-08-04T15:34:50
2020-04-29,171.2137,171.2137,171.2137,171.2137,0.0,0.0,1.0,chinabond_official,2026-08-04T15:34:50
2020-04-30,170.4817,170.4817,170.4817,170.4817,0.0,0.0,1.0,chinabond_official,2026-08-04T15:34:50
2020-05-06,169.7644,169.7644,169.7644,169.7644,0.0,0.0,1.0,chinabond_official,2026-08-04T15:34:50
2020-05-07,168.6548,168.6548,168.6548,168.6548,0.0,0.0,1.0,chinabond_official,2026-08-04T15:34:50
2020-05-08,168.5884,168.5884,168.5884,168.5884,0.0,0.0,1.0,chinabond_official,2026-08-04T15:34:50
2020-05-09,168.2116,168.2116,168.2116,168.2116,0.0,0.0,1.0,chinabond_official,2026-08-04T15:34:50
2020-05-11,167.3512,167.3512,167.3512,167.3512,0.0,0.0,1.0,chinabond_official,2026-08-04T15:34:50
2020-05-12,167.519,167.519,167.519,167.519,0.0,0.0,1.0,chinabond_official,2026-08-04T15:34:50
2020-05-13,167.0231,167.0231,167.0231,167.0231,0.0,0.0,1.0,chinabond_official,2026-08-04T15:34:50
2020-05-14,166.9053,166.9053,166.9053,166.9053,0.0,0.0,1.0,chinabond_official,2026-08-04T15:34:50
2020-05-15,166.8041,166.8041,166.8041,166.8041,0.0,0.0,1.0,chinabond_official,2026-08-04T15:34:50
2020-05-18,165.648,165.648,165.648,165.648,0.0,0.0,1.0,chinabond_official,2026-08-04T15:34:50
2020-05-19,165.8163,165.8163,165.8163,165.8163,0.0,0.0,1.0,chinabond_official,2026-08-04T15:34:50
2020-05-20,166.528,166.528,166.528,166.528,0.0,0.0,1.0,chinabond_official,2026-08-04T15:34:50
2020-05-21,166.7832,166.7832,166.7832,166.7832,0.0,0.0,1.0,chinabond_official,2026-08-04T15:34:50
2020-05-22,168.4304,168.4304,168.4304,168.4304,0.0,0.0,1.0,chinabond_official,2026-08-04T15:34:50
2020-05-25,166.9541,166.9541,166.9541,166.9541,0.0,0.0,1.0,chinabond_official,2026-08-04T15:34:50
2020-05-26,166.3016,166.3016,166.3016,166.3016,0.0,0.0,1.0,chinabond_official,2026-08-04T15:34:50
2020-05-27,166.4058,166.4058,166.4058,166.4058,0.0,0.0,1.0,chinabond_official,2026-08-04T15:34:50
2020-05-28,166.7509,166.7509,166.7509,166.7509,0.0,0.0,1.0,chinabond_official,2026-08-04T15:34:50
2020-05-29,166.9554,166.9554,166.9554,166.9554,0.0,0.0,1.0,chinabond_official,2026-08-04T15:34:50
2020-06-01,166.7652,166.7652,166.7652,166.7652,0.0,0.0,1.0,chinabond_official,2026-08-04T15:34:50
2020-06-02,165.3491,165.3491,165.3491,165.3491,0.0,0.0,1.0,chinabond_official,2026-08-04T15:34:50
2020-06-03,165.0531,165.0531,165.0531,165.0531,0.0,0.0,1.0,chinabond_official,2026-08-04T15:34:50
2020-06-04,164.4017,164.4017,164.4017,164.4017,0.0,0.0,1.0,chinabond_official,2026-08-04T15:34:50
2020-06-05,164.0011,164.0011,164.0011,164.0011,0.0,0.0,1.0,chinabond_official,2026-08-04T15:34:50
2020-06-08,164.6756,164.6756,164.6756,164.6756,0.0,0.0,1.0,chinabond_official,2026-08-04T15:34:50
2020-06-09,164.593,164.593,164.593,164.593,0.0,0.0,1.0,chinabond_official,2026-08-04T15:34:50
2020-06-10,164.6181,164.6181,164.6181,164.6181,0.0,0.0,1.0,chinabond_official,2026-08-04T15:34:50
2020-06-11,166.1604,166.1604,166.1604,166.1604,0.0,0.0,1.0,chinabond_official,2026-08-04T15:34:50
2020-06-12,166.7688,166.7688,166.7688,166.7688,0.0,0.0,1.0,chinabond_official,2026-08-04T15:34:50
2020-06-15,166.667,166.667,166.667,166.667,0.0,0.0,1.0,chinabond_official,2026-08-04T15:34:50
2020-06-16,165.1998,165.1998,165.1998,165.1998,0.0,0.0,1.0,chinabond_official,2026-08-04T15:34:50
2020-06-17,164.5286,164.5286,164.5286,164.5286,0.0,0.0,1.0,chinabond_official,2026-08-04T15:34:50
2020-06-18,165.121,165.121,165.121,165.121,0.0,0.0,1.0,chinabond_official,2026-08-04T15:34:50
2020-06-19,164.2188,164.2188,164.2188,164.2188,0.0,0.0,1.0,chinabond_official,2026-08-04T15:34:50
2020-06-22,163.7849,163.7849,163.7849,163.7849,0.0,0.0,1.0,chinabond_official,2026-08-04T15:34:50
2020-06-23,163.7949,163.7949,163.7949,163.7949,0.0,0.0,1.0,chinabond_official,2026-08-04T15:34:50
2020-06-24,164.7898,164.7898,164.7898,164.7898,0.0,0.0,1.0,chinabond_official,2026-08-04T15:34:50
2020-06-28,165.2663,165.2663,165.2663,165.2663,0.0,0.0,1.0,chinabond_official,2026-08-04T15:34:50
2020-06-29,164.9697,164.9697,164.9697,164.9697,0.0,0.0,1.0,chinabond_official,2026-08-04T15:34:50
2020-06-30,165.5322,165.5322,165.5322,165.5322,0.0,0.0,1.0,chinabond_official,2026-08-04T15:34:50
2020-07-01,165.1738,165.1738,165.1738,165.1738,0.0,0.0,1.0,chinabond_official,2026-08-04T15:34:50
2020-07-02,165.0973,165.0973,165.0973,165.0973,0.0,0.0,1.0,chinabond_official,2026-08-04T15:34:50
2020-07-03,164.0964,164.0964,164.0964,164.0964,0.0,0.0,1.0,chinabond_official,2026-08-04T15:34:50
2020-07-06,162.1218,162.1218,162.1218,162.1218,0.0,0.0,1.0,chinabond_official,2026-08-04T15:34:50
2020-07-07,161.4677,161.4677,161.4677,161.4677,0.0,0.0,1.0,chinabond_official,2026-08-04T15:34:50
2020-07-08,160.5679,160.5679,160.5679,160.5679,0.0,0.0,1.0,chinabond_official,2026-08-04T15:34:50
2020-07-09,159.9485,159.9485,159.9485,159.9485,0.0,0.0,1.0,chinabond_official,2026-08-04T15:34:50
2020-07-10,160.521,160.521,160.521,160.521,0.0,0.0,1.0,chinabond_official,2026-08-04T15:34:50
2020-07-13,159.9143,159.9143,159.9143,159.9143,0.0,0.0,1.0,chinabond_official,2026-08-04T15:34:50
2020-07-14,160.7458,160.7458,160.7458,160.7458,0.0,0.0,1.0,chinabond_official,2026-08-04T15:34:50
2020-07-15,161.0982,161.0982,161.0982,161.0982,0.0,0.0,1.0,chinabond_official,2026-08-04T15:34:50
2020-07-16,161.6763,161.6763,161.6763,161.6763,0.0,0.0,1.0,chinabond_official,2026-08-04T15:34:50
2020-07-17,161.6099,161.6099,161.6099,161.6099,0.0,0.0,1.0,chinabond_official,2026-08-04T15:34:50
2020-07-20,161.7927,161.7927,161.7927,161.7927,0.0,0.0,1.0,chinabond_official,2026-08-04T15:34:50
2020-07-21,162.8788,162.8788,162.8788,162.8788,0.0,0.0,1.0,chinabond_official,2026-08-04T15:34:50
2020-07-22,163.2913,163.2913,163.2913,163.2913,0.0,0.0,1.0,chinabond_official,2026-08-04T15:34:50
2020-07-23,163.1802,163.1802,163.1802,163.1802,0.0,0.0,1.0,chinabond_official,2026-08-04T15:34:50
2020-07-24,164.4817,164.4817,164.4817,164.4817,0.0,0.0,1.0,chinabond_official,2026-08-04T15:34:50
2020-07-27,164.5133,164.5133,164.5133,164.5133,0.0,0.0,1.0,chinabond_official,2026-08-04T15:34:50
2020-07-28,163.3349,163.3349,163.3349,163.3349,0.0,0.0,1.0,chinabond_official,2026-08-04T15:34:50
2020-07-29,163.0698,163.0698,163.0698,163.0698,0.0,0.0,1.0,chinabond_official,2026-08-04T15:34:50
2020-07-30,163.0901,163.0901,163.0901,163.0901,0.0,0.0,1.0,chinabond_official,2026-08-04T15:34:50
2020-07-31,162.0503,162.0503,162.0503,162.0503,0.0,0.0,1.0,chinabond_official,2026-08-04T15:34:50
2020-08-03,162.2683,162.2683,162.2683,162.2683,0.0,0.0,1.0,chinabond_official,2026-08-04T15:34:50
2020-08-04,162.3348,162.3348,162.3348,162.3348,0.0,0.0,1.0,chinabond_official,2026-08-04T15:34:50
2020-08-05,161.7459,161.7459,161.7459,161.7459,0.0,0.0,1.0,chinabond_official,2026-08-04T15:34:50
2020-08-06,161.3715,161.3715,161.3715,161.3715,0.0,0.0,1.0,chinabond_official,2026-08-04T15:34:50
2020-08-07,160.8987,160.8987,160.8987,160.8987,0.0,0.0,1.0,chinabond_official,2026-08-04T15:34:50
2020-08-10,162.1992,162.1992,162.1992,162.1992,0.0,0.0,1.0,chinabond_official,2026-08-04T15:34:50
2020-08-11,162.3819,162.3819,162.3819,162.3819,0.0,0.0,1.0,chinabond_official,2026-08-04T15:34:50
2020-08-12,162.125,162.125,162.125,162.125,0.0,0.0,1.0,chinabond_official,2026-08-04T15:34:50
2020-08-13,162.4264,162.4264,162.4264,162.4264,0.0,0.0,1.0,chinabond_official,2026-08-04T15:34:50
2020-08-14,162.8706,162.8706,162.8706,162.8706,0.0,0.0,1.0,chinabond_official,2026-08-04T15:34:50
2020-08-17,163.1709,163.1709,163.1709,163.1709,0.0,0.0,1.0,chinabond_official,2026-08-04T15:34:50
2020-08-18,162.5886,162.5886,162.5886,162.5886,0.0,0.0,1.0,chinabond_official,2026-08-04T15:34:50
2020-08-19,162.1078,162.1078,162.1078,162.1078,0.0,0.0,1.0,chinabond_official,2026-08-04T15:34:50
2020-08-20,161.7416,161.7416,161.7416,161.7416,0.0,0.0,1.0,chinabond_official,2026-08-04T15:34:50
2020-08-21,162.5145,162.5145,162.5145,162.5145,0.0,0.0,1.0,chinabond_official,2026-08-04T15:34:50
2020-08-24,162.1962,162.1962,162.1962,162.1962,0.0,0.0,1.0,chinabond_official,2026-08-04T15:34:50
2020-08-25,161.6118,161.6118,161.6118,161.6118,0.0,0.0,1.0,chinabond_official,2026-08-04T15:34:50
2020-08-26,161.4812,161.4812,161.4812,161.4812,0.0,0.0,1.0,chinabond_official,2026-08-04T15:34:50
2020-08-27,161.2847,161.2847,161.2847,161.2847,0.0,0.0,1.0,chinabond_official,2026-08-04T15:34:50
2020-08-28,161.1144,161.1144,161.1144,161.1144,0.0,0.0,1.0,chinabond_official,2026-08-04T15:34:50
2020-08-31,161.9726,161.9726,161.9726,161.9726,0.0,0.0,1.0,chinabond_official,2026-08-04T15:34:50
2020-09-01,161.5149,161.5149,161.5149,161.5149,0.0,0.0,1.0,chinabond_official,2026-08-04T15:34:50
2020-09-02,160.7251,160.7251,160.7251,160.7251,0.0,0.0,1.0,chinabond_official,2026-08-04T15:34:50
2020-09-03,160.6229,160.6229,160.6229,160.6229,0.0,0.0,1.0,chinabond_official,2026-08-04T15:34:50
2020-09-04,160.1601,160.1601,160.1601,160.1601,0.0,0.0,1.0,chinabond_official,2026-08-04T15:34:50
2020-09-07,159.3037,159.3037,159.3037,159.3037,0.0,0.0,1.0,chinabond_official,2026-08-04T15:34:50
2020-09-08,159.7096,159.7096,159.7096,159.7096,0.0,0.0,1.0,chinabond_official,2026-08-04T15:34:50
2020-09-09,160.5892,160.5892,160.5892,160.5892,0.0,0.0,1.0,chinabond_official,2026-08-04T15:34:50
2020-09-10,160.0877,160.0877,160.0877,160.0877,0.0,0.0,1.0,chinabond_official,2026-08-04T15:34:50
2020-09-11,159.8081,159.8081,159.8081,159.8081,0.0,0.0,1.0,chinabond_official,2026-08-04T15:34:50
2020-09-14,159.5781,159.5781,159.5781,159.5781,0.0,0.0,1.0,chinabond_official,2026-08-04T15:34:50
2020-09-15,160.2336,160.2336,160.2336,160.2336,0.0,0.0,1.0,chinabond_official,2026-08-04T15:34:50
2020-09-16,159.9499,159.9499,159.9499,159.9499,0.0,0.0,1.0,chinabond_official,2026-08-04T15:34:50
2020-09-17,159.9139,159.9139,159.9139,159.9139,0.0,0.0,1.0,chinabond_official,2026-08-04T15:34:50
2020-09-18,159.8335,159.8335,159.8335,159.8335,0.0,0.0,1.0,chinabond_official,2026-08-04T15:34:50
2020-09-21,160.1663,160.1663,160.1663,160.1663,0.0,0.0,1.0,chinabond_official,2026-08-04T15:34:50
2020-09-22,160.5019,160.5019,160.5019,160.5019,0.0,0.0,1.0,chinabond_official,2026-08-04T15:34:50
2020-09-23,160.4258,160.4258,160.4258,160.4258,0.0,0.0,1.0,chinabond_official,2026-08-04T15:34:50
2020-09-24,160.5666,160.5666,160.5666,160.5666,0.0,0.0,1.0,chinabond_official,2026-08-04T15:34:50
2020-09-25,159.7444,159.7444,159.7444,159.7444,0.0,0.0,1.0,chinabond_official,2026-08-04T15:34:50
2020-09-27,159.8122,159.8122,159.8122,159.8122,0.0,0.0,1.0,chinabond_official,2026-08-04T15:34:50
2020-09-28,160.1936,160.1936,160.1936,160.1936,0.0,0.0,1.0,chinabond_official,2026-08-04T15:34:50
2020-09-29,159.9097,159.9097,159.9097,159.9097,0.0,0.0,1.0,chinabond_official,2026-08-04T15:34:50
2020-09-30,159.6277,159.6277,159.6277,159.6277,0.0,0.0,1.0,chinabond_official,2026-08-04T15:34:50
2020-10-09,158.8147,158.8147,158.8147,158.8147,0.0,0.0,1.0,chinabond_official,2026-08-04T15:34:50
2020-10-10,158.8438,158.8438,158.8438,158.8438,0.0,0.0,1.0,chinabond_official,2026-08-04T15:34:50
2020-10-12,159.064,159.064,159.064,159.064,0.0,0.0,1.0,chinabond_official,2026-08-04T15:34:50
2020-10-13,158.7965,158.7965,158.7965,158.7965,0.0,0.0,1.0,chinabond_official,2026-08-04T15:34:50
2020-10-14,158.5394,158.5394,158.5394,158.5394,0.0,0.0,1.0,chinabond_official,2026-08-04T15:34:50
2020-10-15,158.2767,158.2767,158.2767,158.2767,0.0,0.0,1.0,chinabond_official,2026-08-04T15:34:50
2020-10-16,158.1157,158.1157,158.1157,158.1157,0.0,0.0,1.0,chinabond_official,2026-08-04T15:34:50
2020-10-19,158.4586,158.4586,158.4586,158.4586,0.0,0.0,1.0,chinabond_official,2026-08-04T15:34:50
2020-10-20,158.5508,158.5508,158.5508,158.5508,0.0,0.0,1.0,chinabond_official,2026-08-04T15:34:50
2020-10-21,158.7525,158.7525,158.7525,158.7525,0.0,0.0,1.0,chinabond_official,2026-08-04T15:34:50
2020-10-22,159.2767,159.2767,159.2767,159.2767,0.0,0.0,1.0,chinabond_official,2026-08-04T15:34:50
2020-10-23,158.9237,158.9237,158.9237,158.9237,0.0,0.0,1.0,chinabond_official,2026-08-04T15:34:50
2020-10-26,158.9863,158.9863,158.9863,158.9863,0.0,0.0,1.0,chinabond_official,2026-08-04T15:34:50
2020-10-27,159.5889,159.5889,159.5889,159.5889,0.0,0.0,1.0,chinabond_official,2026-08-04T15:34:50
2020-10-28,159.379,159.379,159.379,159.379,0.0,0.0,1.0,chinabond_official,2026-08-04T15:34:50
2020-10-29,159.4729,159.4729,159.4729,159.4729,0.0,0.0,1.0,chinabond_official,2026-08-04T15:34:50
2020-10-30,159.6976,159.6976,159.6976,159.6976,0.0,0.0,1.0,chinabond_official,2026-08-04T15:34:50
2020-11-02,160.0681,160.0681,160.0681,160.0681,0.0,0.0,1.0,chinabond_official,2026-08-04T15:34:50
2020-11-03,160.1785,160.1785,160.1785,160.1785,0.0,0.0,1.0,chinabond_official,2026-08-04T15:34:50
2020-11-04,160.5082,160.5082,160.5082,160.5082,0.0,0.0,1.0,chinabond_official,2026-08-04T15:34:50
2020-11-05,159.9804,159.9804,159.9804,159.9804,0.0,0.0,1.0,chinabond_official,2026-08-04T15:34:50
2020-11-06,159.5896,159.5896,159.5896,159.5896,0.0,0.0,1.0,chinabond_official,2026-08-04T15:34:50
2020-11-09,159.0413,159.0413,159.0413,159.0413,0.0,0.0,1.0,chinabond_official,2026-08-04T15:34:50
2020-11-10,159.1683,159.1683,159.1683,159.1683,0.0,0.0,1.0,chinabond_official,2026-08-04T15:34:50
2020-11-11,159.1322,159.1322,159.1322,159.1322,0.0,0.0,1.0,chinabond_official,2026-08-04T15:34:50
2020-11-12,158.9414,158.9414,158.9414,158.9414,0.0,0.0,1.0,chinabond_official,2026-08-04T15:34:50
2020-11-13,158.6156,158.6156,158.6156,158.6156,0.0,0.0,1.0,chinabond_official,2026-08-04T15:34:50
2020-11-16,158.7274,158.7274,158.7274,158.7274,0.0,0.0,1.0,chinabond_official,2026-08-04T15:34:50
2020-11-17,158.6401,158.6401,158.6401,158.6401,0.0,0.0,1.0,chinabond_official,2026-08-04T15:34:50
2020-11-18,158.232,158.232,158.232,158.232,0.0,0.0,1.0,chinabond_official,2026-08-04T15:34:50
2020-11-19,158.0179,158.0179,158.0179,158.0179,0.0,0.0,1.0,chinabond_official,2026-08-04T15:34:50
2020-11-20,158.2468,158.2468,158.2468,158.2468,0.0,0.0,1.0,chinabond_official,2026-08-04T15:34:50
2020-11-23,158.94,158.94,158.94,158.94,0.0,0.0,1.0,chinabond_official,2026-08-04T15:34:50
2020-11-24,158.9589,158.9589,158.9589,158.9589,0.0,0.0,1.0,chinabond_official,2026-08-04T15:34:50
2020-11-25,159.3124,159.3124,159.3124,159.3124,0.0,0.0,1.0,chinabond_official,2026-08-04T15:34:50
2020-11-26,159.2685,159.2685,159.2685,159.2685,0.0,0.0,1.0,chinabond_official,2026-08-04T15:34:50
2020-11-27,159.151,159.151,159.151,159.151,0.0,0.0,1.0,chinabond_official,2026-08-04T15:34:50
2020-11-30,160.0741,160.0741,160.0741,160.0741,0.0,0.0,1.0,chinabond_official,2026-08-04T15:34:50
2020-12-01,159.6992,159.6992,159.6992,159.6992,0.0,0.0,1.0,chinabond_official,2026-08-04T15:34:50
2020-12-02,159.3872,159.3872,159.3872,159.3872,0.0,0.0,1.0,chinabond_official,2026-08-04T15:34:50
2020-12-03,159.6684,159.6684,159.6684,159.6684,0.0,0.0,1.0,chinabond_official,2026-08-04T15:34:50
2020-12-04,160.2034,160.2034,160.2034,160.2034,0.0,0.0,1.0,chinabond_official,2026-08-04T15:34:50
2020-12-07,160.2747,160.2747,160.2747,160.2747,0.0,0.0,1.0,chinabond_official,2026-08-04T15:34:50
2020-12-08,160.9056,160.9056,160.9056,160.9056,0.0,0.0,1.0,chinabond_official,2026-08-04T15:34:50
2020-12-09,161.033,161.033,161.033,161.033,0.0,0.0,1.0,chinabond_official,2026-08-04T15:34:50
2020-12-10,161.1563,161.1563,161.1563,161.1563,0.0,0.0,1.0,chinabond_official,2026-08-04T15:34:50
2020-12-11,160.7524,160.7524,160.7524,160.7524,0.0,0.0,1.0,chinabond_official,2026-08-04T15:34:50
2020-12-14,160.8992,160.8992,160.8992,160.8992,0.0,0.0,1.0,chinabond_official,2026-08-04T15:34:50
2020-12-15,161.0113,161.0113,161.0113,161.0113,0.0,0.0,1.0,chinabond_official,2026-08-04T15:34:50
2020-12-16,161.1231,161.1231,161.1231,161.1231,0.0,0.0,1.0,chinabond_official,2026-08-04T15:34:50
2020-12-17,161.0832,161.0832,161.0832,161.0832,0.0,0.0,1.0,chinabond_official,2026-08-04T15:34:50
2020-12-18,161.2719,161.2719,161.2719,161.2719,0.0,0.0,1.0,chinabond_official,2026-08-04T15:34:50
2020-12-21,161.6077,161.6077,161.6077,161.6077,0.0,0.0,1.0,chinabond_official,2026-08-04T15:34:50
2020-12-22,162.2204,162.2204,162.2204,162.2204,0.0,0.0,1.0,chinabond_official,2026-08-04T15:34:50
2020-12-23,162.2888,162.2888,162.2888,162.2888,0.0,0.0,1.0,chinabond_official,2026-08-04T15:34:50
2020-12-24,161.856,161.856,161.856,161.856,0.0,0.0,1.0,chinabond_official,2026-08-04T15:34:50
2020-12-25,162.6117,162.6117,162.6117,162.6117,0.0,0.0,1.0,chinabond_official,2026-08-04T15:34:50
2020-12-28,163.0774,163.0774,163.0774,163.0774,0.0,0.0,1.0,chinabond_official,2026-08-04T15:34:50
2020-12-29,163.3419,163.3419,163.3419,163.3419,0.0,0.0,1.0,chinabond_official,2026-08-04T15:34:50
2020-12-30,163.9299,163.9299,163.9299,163.9299,0.0,0.0,1.0,chinabond_official,2026-08-04T15:34:50
2020-12-31,163.6117,163.6117,163.6117,163.6117,0.0,0.0,1.0,chinabond_official,2026-08-04T15:34:50
2021-01-04,162.8393,162.8393,162.8393,162.8393,0.0,0.0,1.0,chinabond_official,2026-08-04T15:34:50
2021-01-05,163.8683,163.8683,163.8683,163.8683,0.0,0.0,1.0,chinabond_official,2026-08-04T15:34:50
2021-01-06,164.0723,164.0723,164.0723,164.0723,0.0,0.0,1.0,chinabond_official,2026-08-04T15:34:50
2021-01-07,164.1535,164.1535,164.1535,164.1535,0.0,0.0,1.0,chinabond_official,2026-08-04T15:34:50
2021-01-08,163.6585,163.6585,163.6585,163.6585,0.0,0.0,1.0,chinabond_official,2026-08-04T15:34:50
2021-01-11,163.3994,163.3994,163.3994,163.3994,0.0,0.0,1.0,chinabond_official,2026-08-04T15:34:50
2021-01-12,163.6308,163.6308,163.6308,163.6308,0.0,0.0,1.0,chinabond_official,2026-08-04T15:34:50
2021-01-13,164.1927,164.1927,164.1927,164.1927,0.0,0.0,1.0,chinabond_official,2026-08-04T15:34:50
2021-01-14,164.5121,164.5121,164.5121,164.5121,0.0,0.0,1.0,chinabond_official,2026-08-04T15:34:50
2021-01-15,163.7803,163.7803,163.7803,163.7803,0.0,0.0,1.0,chinabond_official,2026-08-04T15:34:50
2021-01-18,163.5916,163.5916,163.5916,163.5916,0.0,0.0,1.0,chinabond_official,2026-08-04T15:34:50
2021-01-19,163.8146,163.8146,163.8146,163.8146,0.0,0.0,1.0,chinabond_official,2026-08-04T15:34:50
2021-01-20,163.9992,163.9992,163.9992,163.9992,0.0,0.0,1.0,chinabond_official,2026-08-04T15:34:50
2021-01-21,164.5468,164.5468,164.5468,164.5468,0.0,0.0,1.0,chinabond_official,2026-08-04T15:34:50
2021-01-22,164.6668,164.6668,164.6668,164.6668,0.0,0.0,1.0,chinabond_official,2026-08-04T15:34:50
2021-01-25,164.6924,164.6924,164.6924,164.6924,0.0,0.0,1.0,chinabond_official,2026-08-04T15:34:50
2021-01-26,164.2581,164.2581,164.2581,164.2581,0.0,0.0,1.0,chinabond_official,2026-08-04T15:34:50
2021-01-27,164.3125,164.3125,164.3125,164.3125,0.0,0.0,1.0,chinabond_official,2026-08-04T15:34:50
2021-01-28,163.8579,163.8579,163.8579,163.8579,0.0,0.0,1.0,chinabond_official,2026-08-04T15:34:50
2021-01-29,164.155,164.155,164.155,164.155,0.0,0.0,1.0,chinabond_official,2026-08-04T15:34:50
2021-02-01,164.316,164.316,164.316,164.316,0.0,0.0,1.0,chinabond_official,2026-08-04T15:34:50
2021-02-02,164.247,164.247,164.247,164.247,0.0,0.0,1.0,chinabond_official,2026-08-04T15:34:50
2021-02-03,163.804,163.804,163.804,163.804,0.0,0.0,1.0,chinabond_official,2026-08-04T15:34:50
2021-02-04,163.6314,163.6314,163.6314,163.6314,0.0,0.0,1.0,chinabond_official,2026-08-04T15:34:50
2021-02-05,163.7202,163.7202,163.7202,163.7202,0.0,0.0,1.0,chinabond_official,2026-08-04T15:34:50
2021-02-07,163.7795,163.7795,163.7795,163.7795,0.0,0.0,1.0,chinabond_official,2026-08-04T15:34:50
2021-02-08,163.5343,163.5343,163.5343,163.5343,0.0,0.0,1.0,chinabond_official,2026-08-04T15:34:50
2021-02-09,163.7253,163.7253,163.7253,163.7253,0.0,0.0,1.0,chinabond_official,2026-08-04T15:34:50
2021-02-10,163.5988,163.5988,163.5988,163.5988,0.0,0.0,1.0,chinabond_official,2026-08-04T15:34:50
2021-02-18,163.1075,163.1075,163.1075,163.1075,0.0,0.0,1.0,chinabond_official,2026-08-04T15:34:50
2021-02-19,163.5339,163.5339,163.5339,163.5339,0.0,0.0,1.0,chinabond_official,2026-08-04T15:34:50
2021-02-20,163.4393,163.4393,163.4393,163.4393,0.0,0.0,1.0,chinabond_official,2026-08-04T15:34:50
2021-02-22,163.2268,163.2268,163.2268,163.2268,0.0,0.0,1.0,chinabond_official,2026-08-04T15:34:50
2021-02-23,163.2455,163.2455,163.2455,163.2455,0.0,0.0,1.0,chinabond_official,2026-08-04T15:34:50
2021-02-24,163.2378,163.2378,163.2378,163.2378,0.0,0.0,1.0,chinabond_official,2026-08-04T15:34:50
2021-02-25,163.1106,163.1106,163.1106,163.1106,0.0,0.0,1.0,chinabond_official,2026-08-04T15:34:50
2021-02-26,162.956,162.956,162.956,162.956,0.0,0.0,1.0,chinabond_official,2026-08-04T15:34:50
2021-03-01,163.8766,163.8766,163.8766,163.8766,0.0,0.0,1.0,chinabond_official,2026-08-04T15:34:50
2021-03-02,163.9191,163.9191,163.9191,163.9191,0.0,0.0,1.0,chinabond_official,2026-08-04T15:34:50
2021-03-03,163.9199,163.9199,163.9199,163.9199,0.0,0.0,1.0,chinabond_official,2026-08-04T15:34:50
2021-03-04,163.8525,163.8525,163.8525,163.8525,0.0,0.0,1.0,chinabond_official,2026-08-04T15:34:50
2021-03-05,164.375,164.375,164.375,164.375,0.0,0.0,1.0,chinabond_official,2026-08-04T15:34:50
2021-03-08,164.447,164.447,164.447,164.447,0.0,0.0,1.0,chinabond_official,2026-08-04T15:34:50
2021-03-09,164.5278,164.5278,164.5278,164.5278,0.0,0.0,1.0,chinabond_official,2026-08-04T15:34:50
2021-03-10,164.62,164.62,164.62,164.62,0.0,0.0,1.0,chinabond_official,2026-08-04T15:34:50
2021-03-11,164.6725,164.6725,164.6725,164.6725,0.0,0.0,1.0,chinabond_official,2026-08-04T15:34:50
2021-03-12,164.5962,164.5962,164.5962,164.5962,0.0,0.0,1.0,chinabond_official,2026-08-04T15:34:50
2021-03-15,164.5389,164.5389,164.5389,164.5389,0.0,0.0,1.0,chinabond_official,2026-08-04T15:34:50
2021-03-16,164.6988,164.6988,164.6988,164.6988,0.0,0.0,1.0,chinabond_official,2026-08-04T15:34:50
2021-03-17,164.9379,164.9379,164.9379,164.9379,0.0,0.0,1.0,chinabond_official,2026-08-04T15:34:50
2021-03-18,165.0319,165.0319,165.0319,165.0319,0.0,0.0,1.0,chinabond_official,2026-08-04T15:34:50
2021-03-19,165.2995,165.2995,165.2995,165.2995,0.0,0.0,1.0,chinabond_official,2026-08-04T15:34:50
2021-03-22,165.5423,165.5423,165.5423,165.5423,0.0,0.0,1.0,chinabond_official,2026-08-04T15:34:50
2021-03-23,165.7917,165.7917,165.7917,165.7917,0.0,0.0,1.0,chinabond_official,2026-08-04T15:34:50
2021-03-24,166.1528,166.1528,166.1528,166.1528,0.0,0.0,1.0,chinabond_official,2026-08-04T15:34:50
2021-03-25,166.1997,166.1997,166.1997,166.1997,0.0,0.0,1.0,chinabond_official,2026-08-04T15:34:50
2021-03-26,166.0299,166.0299,166.0299,166.0299,0.0,0.0,1.0,chinabond_official,2026-08-04T15:34:50
2021-03-29,165.9508,165.9508,165.9508,165.9508,0.0,0.0,1.0,chinabond_official,2026-08-04T15:34:50
2021-03-30,165.9818,165.9818,165.9818,165.9818,0.0,0.0,1.0,chinabond_official,2026-08-04T15:34:50
2021-03-31,166.2413,166.2413,166.2413,166.2413,0.0,0.0,1.0,chinabond_official,2026-08-04T15:34:50
2021-04-01,166.0937,166.0937,166.0937,166.0937,0.0,0.0,1.0,chinabond_official,2026-08-04T15:34:50
2021-04-02,166.1241,166.1241,166.1241,166.1241,0.0,0.0,1.0,chinabond_official,2026-08-04T15:34:50
2021-04-06,166.0426,166.0426,166.0426,166.0426,0.0,0.0,1.0,chinabond_official,2026-08-04T15:34:50
2021-04-07,165.9502,165.9502,165.9502,165.9502,0.0,0.0,1.0,chinabond_official,2026-08-04T15:34:50
2021-04-08,165.8638,165.8638,165.8638,165.8638,0.0,0.0,1.0,chinabond_official,2026-08-04T15:34:50
2021-04-09,166.1317,166.1317,166.1317,166.1317,0.0,0.0,1.0,chinabond_official,2026-08-04T15:34:50
2021-04-12,166.4593,166.4593,166.4593,166.4593,0.0,0.0,1.0,chinabond_official,2026-08-04T15:34:50
2021-04-13,167.1086,167.1086,167.1086,167.1086,0.0,0.0,1.0,chinabond_official,2026-08-04T15:34:50
2021-04-14,167.257,167.257,167.257,167.257,0.0,0.0,1.0,chinabond_official,2026-08-04T15:34:50
2021-04-15,167.3282,167.3282,167.3282,167.3282,0.0,0.0,1.0,chinabond_official,2026-08-04T15:34:50
2021-04-16,167.7775,167.7775,167.7775,167.7775,0.0,0.0,1.0,chinabond_official,2026-08-04T15:34:50
2021-04-19,168.0782,168.0782,168.0782,168.0782,0.0,0.0,1.0,chinabond_official,2026-08-04T15:34:50
2021-04-20,168.1622,168.1622,168.1622,168.1622,0.0,0.0,1.0,chinabond_official,2026-08-04T15:34:50
2021-04-21,168.3968,168.3968,168.3968,168.3968,0.0,0.0,1.0,chinabond_official,2026-08-04T15:34:50
2021-04-22,168.1587,168.1587,168.1587,168.1587,0.0,0.0,1.0,chinabond_official,2026-08-04T15:34:50
2021-04-23,167.8576,167.8576,167.8576,167.8576,0.0,0.0,1.0,chinabond_official,2026-08-04T15:34:50
2021-04-25,167.7467,167.7467,167.7467,167.7467,0.0,0.0,1.0,chinabond_official,2026-08-04T15:34:50
2021-04-26,167.2396,167.2396,167.2396,167.2396,0.0,0.0,1.0,chinabond_official,2026-08-04T15:34:50
2021-04-27,167.2222,167.2222,167.2222,167.2222,0.0,0.0,1.0,chinabond_official,2026-08-04T15:34:50
2021-04-28,167.2724,167.2724,167.2724,167.2724,0.0,0.0,1.0,chinabond_official,2026-08-04T15:34:50
2021-04-29,167.4249,167.4249,167.4249,167.4249,0.0,0.0,1.0,chinabond_official,2026-08-04T15:34:50
2021-04-30,167.9314,167.9314,167.9314,167.9314,0.0,0.0,1.0,chinabond_official,2026-08-04T15:34:50
2021-05-06,168.0875,168.0875,168.0875,168.0875,0.0,0.0,1.0,chinabond_official,2026-08-04T15:34:50
2021-05-07,168.0698,168.0698,168.0698,168.0698,0.0,0.0,1.0,chinabond_official,2026-08-04T15:34:50
2021-05-08,168.0677,168.0677,168.0677,168.0677,0.0,0.0,1.0,chinabond_official,2026-08-04T15:34:50
2021-05-10,168.2268,168.2268,168.2268,168.2268,0.0,0.0,1.0,chinabond_official,2026-08-04T15:34:50
2021-05-11,168.3961,168.3961,168.3961,168.3961,0.0,0.0,1.0,chinabond_official,2026-08-04T15:34:50
2021-05-12,168.5647,168.5647,168.5647,168.5647,0.0,0.0,1.0,chinabond_official,2026-08-04T15:34:50
2021-05-13,168.519,168.519,168.519,168.519,0.0,0.0,1.0,chinabond_official,2026-08-04T15:34:50
2021-05-14,168.7608,168.7608,168.7608,168.7608,0.0,0.0,1.0,chinabond_official,2026-08-04T15:34:50
2021-05-17,168.6949,168.6949,168.6949,168.6949,0.0,0.0,1.0,chinabond_official,2026-08-04T15:34:50
2021-05-18,168.7943,168.7943,168.7943,168.7943,0.0,0.0,1.0,chinabond_official,2026-08-04T15:34:50
2021-05-19,169.1391,169.1391,169.1391,169.1391,0.0,0.0,1.0,chinabond_official,2026-08-04T15:34:50
2021-05-20,169.4766,169.4766,169.4766,169.4766,0.0,0.0,1.0,chinabond_official,2026-08-04T15:34:50
2021-05-21,169.927,169.927,169.927,169.927,0.0,0.0,1.0,chinabond_official,2026-08-04T15:34:50
2021-05-24,169.9205,169.9205,169.9205,169.9205,0.0,0.0,1.0,chinabond_official,2026-08-04T15:34:50
2021-05-25,169.8937,169.8937,169.8937,169.8937,0.0,0.0,1.0,chinabond_official,2026-08-04T15:34:50
2021-05-26,170.2728,170.2728,170.2728,170.2728,0.0,0.0,1.0,chinabond_official,2026-08-04T15:34:50
2021-05-27,169.9768,169.9768,169.9768,169.9768,0.0,0.0,1.0,chinabond_official,2026-08-04T15:34:50
2021-05-28,169.8494,169.8494,169.8494,169.8494,0.0,0.0,1.0,chinabond_official,2026-08-04T15:34:50
2021-05-31,170.1982,170.1982,170.1982,170.1982,0.0,0.0,1.0,chinabond_official,2026-08-04T15:34:50
2021-06-01,170.383,170.383,170.383,170.383,0.0,0.0,1.0,chinabond_official,2026-08-04T15:34:50
2021-06-02,170.0128,170.0128,170.0128,170.0128,0.0,0.0,1.0,chinabond_official,2026-08-04T15:34:50
2021-06-03,170.1966,170.1966,170.1966,170.1966,0.0,0.0,1.0,chinabond_official,2026-08-04T15:34:50
2021-06-04,169.3922,169.3922,169.3922,169.3922,0.0,0.0,1.0,chinabond_official,2026-08-04T15:34:50
2021-06-07,168.7025,168.7025,168.7025,168.7025,0.0,0.0,1.0,chinabond_official,2026-08-04T15:34:50
2021-06-08,168.6947,168.6947,168.6947,168.6947,0.0,0.0,1.0,chinabond_official,2026-08-04T15:34:50
2021-06-09,168.6405,168.6405,168.6405,168.6405,0.0,0.0,1.0,chinabond_official,2026-08-04T15:34:50
2021-06-10,168.7241,168.7241,168.7241,168.7241,0.0,0.0,1.0,chinabond_official,2026-08-04T15:34:50
2021-06-11,167.8064,167.8064,167.8064,167.8064,0.0,0.0,1.0,chinabond_official,2026-08-04T15:34:50
2021-06-15,167.9943,167.9943,167.9943,167.9943,0.0,0.0,1.0,chinabond_official,2026-08-04T15:34:50
2021-06-16,167.7731,167.7731,167.7731,167.7731,0.0,0.0,1.0,chinabond_official,2026-08-04T15:34:50
2021-06-17,167.1866,167.1866,167.1866,167.1866,0.0,0.0,1.0,chinabond_official,2026-08-04T15:34:50
2021-06-18,167.8323,167.8323,167.8323,167.8323,0.0,0.0,1.0,chinabond_official,2026-08-04T15:34:50
2021-06-21,168.3283,168.3283,168.3283,168.3283,0.0,0.0,1.0,chinabond_official,2026-08-04T15:34:50
2021-06-22,168.4,168.4,168.4,168.4,0.0,0.0,1.0,chinabond_official,2026-08-04T15:34:50
2021-06-23,168.6357,168.6357,168.6357,168.6357,0.0,0.0,1.0,chinabond_official,2026-08-04T15:34:50
2021-06-24,168.7476,168.7476,168.7476,168.7476,0.0,0.0,1.0,chinabond_official,2026-08-04T15:34:50
2021-06-25,168.8653,168.8653,168.8653,168.8653,0.0,0.0,1.0,chinabond_official,2026-08-04T15:34:50
2021-06-28,168.509,168.509,168.509,168.509,0.0,0.0,1.0,chinabond_official,2026-08-04T15:34:50
2021-06-29,168.7868,168.7868,168.7868,168.7868,0.0,0.0,1.0,chinabond_official,2026-08-04T15:34:50
2021-06-30,168.9525,168.9525,168.9525,168.9525,0.0,0.0,1.0,chinabond_official,2026-08-04T15:34:50
2021-07-01,168.6904,168.6904,168.6904,168.6904,0.0,0.0,1.0,chinabond_official,2026-08-04T15:34:50
2021-07-02,168.6094,168.6094,168.6094,168.6094,0.0,0.0,1.0,chinabond_official,2026-08-04T15:34:50
2021-07-05,169.0157,169.0157,169.0157,169.0157,0.0,0.0,1.0,chinabond_official,2026-08-04T15:34:50
2021-07-06,168.9431,168.9431,168.9431,168.9431,0.0,0.0,1.0,chinabond_official,2026-08-04T15:34:50
2021-07-07,169.7978,169.7978,169.7978,169.7978,0.0,0.0,1.0,chinabond_official,2026-08-04T15:34:50
2021-07-08,171.4035,171.4035,171.4035,171.4035,0.0,0.0,1.0,chinabond_official,2026-08-04T15:34:50
2021-07-09,170.7874,170.7874,170.7874,170.7874,0.0,0.0,1.0,chinabond_official,2026-08-04T15:34:50
2021-07-12,172.0867,172.0867,172.0867,172.0867,0.0,0.0,1.0,chinabond_official,2026-08-04T15:34:50
2021-07-13,172.5039,172.5039,172.5039,172.5039,0.0,0.0,1.0,chinabond_official,2026-08-04T15:34:50
2021-07-14,172.4912,172.4912,172.4912,172.4912,0.0,0.0,1.0,chinabond_official,2026-08-04T15:34:50
2021-07-15,171.9339,171.9339,171.9339,171.9339,0.0,0.0,1.0,chinabond_official,2026-08-04T15:34:50
2021-07-16,172.2371,172.2371,172.2371,172.2371,0.0,0.0,1.0,chinabond_official,2026-08-04T15:34:50
2021-07-19,172.3248,172.3248,172.3248,172.3248,0.0,0.0,1.0,chinabond_official,2026-08-04T15:34:50
2021-07-20,172.8189,172.8189,172.8189,172.8189,0.0,0.0,1.0,chinabond_official,2026-08-04T15:34:50
2021-07-21,173.062,173.062,173.062,173.062,0.0,0.0,1.0,chinabond_official,2026-08-04T15:34:50
2021-07-22,173.0342,173.0342,173.0342,173.0342,0.0,0.0,1.0,chinabond_official,2026-08-04T15:34:50
2021-07-23,173.3828,173.3828,173.3828,173.3828,0.0,0.0,1.0,chinabond_official,2026-08-04T15:34:50
2021-07-26,174.3316,174.3316,174.3316,174.3316,0.0,0.0,1.0,chinabond_official,2026-08-04T15:34:50
2021-07-27,173.7386,173.7386,173.7386,173.7386,0.0,0.0,1.0,chinabond_official,2026-08-04T15:34:50
2021-07-28,173.4046,173.4046,173.4046,173.4046,0.0,0.0,1.0,chinabond_official,2026-08-04T15:34:50
2021-07-29,173.8392,173.8392,173.8392,173.8392,0.0,0.0,1.0,chinabond_official,2026-08-04T15:34:50
2021-07-30,174.9346,174.9346,174.9346,174.9346,0.0,0.0,1.0,chinabond_official,2026-08-04T15:34:50
2021-08-02,175.9095,175.9095,175.9095,175.9095,0.0,0.0,1.0,chinabond_official,2026-08-04T15:34:50
2021-08-03,175.7798,175.7798,175.7798,175.7798,0.0,0.0,1.0,chinabond_official,2026-08-04T15:34:50
2021-08-04,175.7935,175.7935,175.7935,175.7935,0.0,0.0,1.0,chinabond_official,2026-08-04T15:34:50
2021-08-05,176.7554,176.7554,176.7554,176.7554,0.0,0.0,1.0,chinabond_official,2026-08-04T15:34:50
2021-08-06,176.7101,176.7101,176.7101,176.7101,0.0,0.0,1.0,chinabond_official,2026-08-04T15:34:50
2021-08-09,175.75,175.75,175.75,175.75,0.0,0.0,1.0,chinabond_official,2026-08-04T15:34:50
2021-08-10,175.5655,175.5655,175.5655,175.5655,0.0,0.0,1.0,chinabond_official,2026-08-04T15:34:50
2021-08-11,175.353,175.353,175.353,175.353,0.0,0.0,1.0,chinabond_official,2026-08-04T15:34:50
2021-08-12,175.7606,175.7606,175.7606,175.7606,0.0,0.0,1.0,chinabond_official,2026-08-04T15:34:50
2021-08-13,175.3273,175.3273,175.3273,175.3273,0.0,0.0,1.0,chinabond_official,2026-08-04T15:34:50
2021-08-16,175.1048,175.1048,175.1048,175.1048,0.0,0.0,1.0,chinabond_official,2026-08-04T15:34:50
2021-08-17,175.3157,175.3157,175.3157,175.3157,0.0,0.0,1.0,chinabond_official,2026-08-04T15:34:50
2021-08-18,176.1718,176.1718,176.1718,176.1718,0.0,0.0,1.0,chinabond_official,2026-08-04T15:34:50
2021-08-19,176.5536,176.5536,176.5536,176.5536,0.0,0.0,1.0,chinabond_official,2026-08-04T15:34:50
2021-08-20,176.434,176.434,176.434,176.434,0.0,0.0,1.0,chinabond_official,2026-08-04T15:34:50
2021-08-23,176.273,176.273,176.273,176.273,0.0,0.0,1.0,chinabond_official,2026-08-04T15:34:50
2021-08-24,176.4859,176.4859,176.4859,176.4859,0.0,0.0,1.0,chinabond_official,2026-08-04T15:34:50
2021-08-25,176.4843,176.4843,176.4843,176.4843,0.0,0.0,1.0,chinabond_official,2026-08-04T15:34:50
2021-08-26,175.7586,175.7586,175.7586,175.7586,0.0,0.0,1.0,chinabond_official,2026-08-04T15:34:50
2021-08-27,176.0423,176.0423,176.0423,176.0423,0.0,0.0,1.0,chinabond_official,2026-08-04T15:34:50
2021-08-30,176.3563,176.3563,176.3563,176.3563,0.0,0.0,1.0,chinabond_official,2026-08-04T15:34:50
2021-08-31,176.4307,176.4307,176.4307,176.4307,0.0,0.0,1.0,chinabond_official,2026-08-04T15:34:50
2021-09-01,176.9909,176.9909,176.9909,176.9909,0.0,0.0,1.0,chinabond_official,2026-08-04T15:34:50
2021-09-02,176.8419,176.8419,176.8419,176.8419,0.0,0.0,1.0,chinabond_official,2026-08-04T15:34:50
2021-09-03,176.7517,176.7517,176.7517,176.7517,0.0,0.0,1.0,chinabond_official,2026-08-04T15:34:50
2021-09-06,176.7609,176.7609,176.7609,176.7609,0.0,0.0,1.0,chinabond_official,2026-08-04T15:34:50
2021-09-07,176.3484,176.3484,176.3484,176.3484,0.0,0.0,1.0,chinabond_official,2026-08-04T15:34:50
2021-09-08,176.2557,176.2557,176.2557,176.2557,0.0,0.0,1.0,chinabond_official,2026-08-04T15:34:50
2021-09-09,176.2008,176.2008,176.2008,176.2008,0.0,0.0,1.0,chinabond_official,2026-08-04T15:34:50
2021-09-10,176.1806,176.1806,176.1806,176.1806,0.0,0.0,1.0,chinabond_official,2026-08-04T15:34:50
2021-09-13,176.0843,176.0843,176.0843,176.0843,0.0,0.0,1.0,chinabond_official,2026-08-04T15:34:50
2021-09-14,175.9811,175.9811,175.9811,175.9811,0.0,0.0,1.0,chinabond_official,2026-08-04T15:34:50
2021-09-15,175.9391,175.9391,175.9391,175.9391,0.0,0.0,1.0,chinabond_official,2026-08-04T15:34:50
2021-09-16,176.0533,176.0533,176.0533,176.0533,0.0,0.0,1.0,chinabond_official,2026-08-04T15:34:50
2021-09-17,176.1904,176.1904,176.1904,176.1904,0.0,0.0,1.0,chinabond_official,2026-08-04T15:34:50
2021-09-18,176.3062,176.3062,176.3062,176.3062,0.0,0.0,1.0,chinabond_official,2026-08-04T15:34:50
2021-09-22,176.6734,176.6734,176.6734,176.6734,0.0,0.0,1.0,chinabond_official,2026-08-04T15:34:50
2021-09-23,176.6849,176.6849,176.6849,176.6849,0.0,0.0,1.0,chinabond_official,2026-08-04T15:34:50
2021-09-24,176.6086,176.6086,176.6086,176.6086,0.0,0.0,1.0,chinabond_official,2026-08-04T15:34:50
2021-09-26,176.4112,176.4112,176.4112,176.4112,0.0,0.0,1.0,chinabond_official,2026-08-04T15:34:50
2021-09-27,176.4672,176.4672,176.4672,176.4672,0.0,0.0,1.0,chinabond_official,2026-08-04T15:34:50
2021-09-28,176.4125,176.4125,176.4125,176.4125,0.0,0.0,1.0,chinabond_official,2026-08-04T15:34:50
2021-09-29,176.6215,176.6215,176.6215,176.6215,0.0,0.0,1.0,chinabond_official,2026-08-04T15:34:50
2021-09-30,176.4337,176.4337,176.4337,176.4337,0.0,0.0,1.0,chinabond_official,2026-08-04T15:34:50
2021-10-08,176.1014,176.1014,176.1014,176.1014,0.0,0.0,1.0,chinabond_official,2026-08-04T15:34:50
2021-10-09,175.9826,175.9826,175.9826,175.9826,0.0,0.0,1.0,chinabond_official,2026-08-04T15:34:50
2021-10-11,175.2421,175.2421,175.2421,175.2421,0.0,0.0,1.0,chinabond_official,2026-08-04T15:34:50
2021-10-12,175.0232,175.0232,175.0232,175.0232,0.0,0.0,1.0,chinabond_official,2026-08-04T15:34:50
2021-10-13,174.8802,174.8802,174.8802,174.8802,0.0,0.0,1.0,chinabond_official,2026-08-04T15:34:50
2021-10-14,174.803,174.803,174.803,174.803,0.0,0.0,1.0,chinabond_official,2026-08-04T15:34:50
2021-10-15,174.2289,174.2289,174.2289,174.2289,0.0,0.0,1.0,chinabond_official,2026-08-04T15:34:50
2021-10-18,172.5762,172.5762,172.5762,172.5762,0.0,0.0,1.0,chinabond_official,2026-08-04T15:34:50
2021-10-19,173.568,173.568,173.568,173.568,0.0,0.0,1.0,chinabond_official,2026-08-04T15:34:50
2021-10-20,173.8576,173.8576,173.8576,173.8576,0.0,0.0,1.0,chinabond_official,2026-08-04T15:34:50
2021-10-21,174.3666,174.3666,174.3666,174.3666,0.0,0.0,1.0,chinabond_official,2026-08-04T15:34:50
2021-10-22,174.0518,174.0518,174.0518,174.0518,0.0,0.0,1.0,chinabond_official,2026-08-04T15:34:50
2021-10-25,173.9961,173.9961,173.9961,173.9961,0.0,0.0,1.0,chinabond_official,2026-08-04T15:34:50
2021-10-26,174.2026,174.2026,174.2026,174.2026,0.0,0.0,1.0,chinabond_official,2026-08-04T15:34:50
2021-10-27,174.33,174.33,174.33,174.33,0.0,0.0,1.0,chinabond_official,2026-08-04T15:34:50
2021-10-28,174.9218,174.9218,174.9218,174.9218,0.0,0.0,1.0,chinabond_official,2026-08-04T15:34:50
2021-10-29,175.1738,175.1738,175.1738,175.1738,0.0,0.0,1.0,chinabond_official,2026-08-04T15:34:50
2021-11-01,176.1995,176.1995,176.1995,176.1995,0.0,0.0,1.0,chinabond_official,2026-08-04T15:34:50
2021-11-02,176.6289,176.6289,176.6289,176.6289,0.0,0.0,1.0,chinabond_official,2026-08-04T15:34:50
2021-11-03,176.4693,176.4693,176.4693,176.4693,0.0,0.0,1.0,chinabond_official,2026-08-04T15:34:50
2021-11-04,176.6356,176.6356,176.6356,176.6356,0.0,0.0,1.0,chinabond_official,2026-08-04T15:34:50
2021-11-05,177.5287,177.5287,177.5287,177.5287,0.0,0.0,1.0,chinabond_official,2026-08-04T15:34:50
2021-11-08,177.4496,177.4496,177.4496,177.4496,0.0,0.0,1.0,chinabond_official,2026-08-04T15:34:50
2021-11-09,177.3737,177.3737,177.3737,177.3737,0.0,0.0,1.0,chinabond_official,2026-08-04T15:34:50
2021-11-10,177.2265,177.2265,177.2265,177.2265,0.0,0.0,1.0,chinabond_official,2026-08-04T15:34:50
2021-11-11,176.7229,176.7229,176.7229,176.7229,0.0,0.0,1.0,chinabond_official,2026-08-04T15:34:50
2021-11-12,176.8445,176.8445,176.8445,176.8445,0.0,0.0,1.0,chinabond_official,2026-08-04T15:34:50
2021-11-15,177.2913,177.2913,177.2913,177.2913,0.0,0.0,1.0,chinabond_official,2026-08-04T15:34:50
2021-11-16,177.2732,177.2732,177.2732,177.2732,0.0,0.0,1.0,chinabond_official,2026-08-04T15:34:50
2021-11-17,177.2389,177.2389,177.2389,177.2389,0.0,0.0,1.0,chinabond_official,2026-08-04T15:34:50
2021-11-18,177.4864,177.4864,177.4864,177.4864,0.0,0.0,1.0,chinabond_official,2026-08-04T15:34:50
2021-11-19,177.4617,177.4617,177.4617,177.4617,0.0,0.0,1.0,chinabond_official,2026-08-04T15:34:50
2021-11-22,177.7338,177.7338,177.7338,177.7338,0.0,0.0,1.0,chinabond_official,2026-08-04T15:34:50
2021-11-23,177.7056,177.7056,177.7056,177.7056,0.0,0.0,1.0,chinabond_official,2026-08-04T15:34:50
2021-11-24,178.1972,178.1972,178.1972,178.1972,0.0,0.0,1.0,chinabond_official,2026-08-04T15:34:50
2021-11-25,178.0365,178.0365,178.0365,178.0365,0.0,0.0,1.0,chinabond_official,2026-08-04T15:34:50
2021-11-26,178.5447,178.5447,178.5447,178.5447,0.0,0.0,1.0,chinabond_official,2026-08-04T15:34:50
2021-11-29,178.4473,178.4473,178.4473,178.4473,0.0,0.0,1.0,chinabond_official,2026-08-04T15:34:50
2021-11-30,178.4126,178.4126,178.4126,178.4126,0.0,0.0,1.0,chinabond_official,2026-08-04T15:34:50
2021-12-01,178.1993,178.1993,178.1993,178.1993,0.0,0.0,1.0,chinabond_official,2026-08-04T15:34:50
2021-12-02,177.8345,177.8345,177.8345,177.8345,0.0,0.0,1.0,chinabond_official,2026-08-04T15:34:50
2021-12-03,177.6502,177.6502,177.6502,177.6502,0.0,0.0,1.0,chinabond_official,2026-08-04T15:34:50
2021-12-06,178.8191,178.8191,178.8191,178.8191,0.0,0.0,1.0,chinabond_official,2026-08-04T15:34:50
2021-12-07,178.4927,178.4927,178.4927,178.4927,0.0,0.0,1.0,chinabond_official,2026-08-04T15:34:50
2021-12-08,178.2353,178.2353,178.2353,178.2353,0.0,0.0,1.0,chinabond_official,2026-08-04T15:34:50
2021-12-09,178.2086,178.2086,178.2086,178.2086,0.0,0.0,1.0,chinabond_official,2026-08-04T15:34:50
2021-12-10,178.446,178.446,178.446,178.446,0.0,0.0,1.0,chinabond_official,2026-08-04T15:34:50
2021-12-13,178.2572,178.2572,178.2572,178.2572,0.0,0.0,1.0,chinabond_official,2026-08-04T15:34:50
2021-12-14,178.3563,178.3563,178.3563,178.3563,0.0,0.0,1.0,chinabond_official,2026-08-04T15:34:50
2021-12-15,178.335,178.335,178.335,178.335,0.0,0.0,1.0,chinabond_official,2026-08-04T15:34:50
2021-12-16,178.2138,178.2138,178.2138,178.2138,0.0,0.0,1.0,chinabond_official,2026-08-04T15:34:50
2021-12-17,178.3998,178.3998,178.3998,178.3998,0.0,0.0,1.0,chinabond_official,2026-08-04T15:34:50
2021-12-20,178.4611,178.4611,178.4611,178.4611,0.0,0.0,1.0,chinabond_official,2026-08-04T15:34:50
2021-12-21,178.5169,178.5169,178.5169,178.5169,0.0,0.0,1.0,chinabond_official,2026-08-04T15:34:50
2021-12-22,178.7364,178.7364,178.7364,178.7364,0.0,0.0,1.0,chinabond_official,2026-08-04T15:34:50
2021-12-23,179.057,179.057,179.057,179.057,0.0,0.0,1.0,chinabond_official,2026-08-04T15:34:50
2021-12-24,179.1017,179.1017,179.1017,179.1017,0.0,0.0,1.0,chinabond_official,2026-08-04T15:34:50
2021-12-27,179.3367,179.3367,179.3367,179.3367,0.0,0.0,1.0,chinabond_official,2026-08-04T15:34:50
2021-12-28,179.7511,179.7511,179.7511,179.7511,0.0,0.0,1.0,chinabond_official,2026-08-04T15:34:50
2021-12-29,179.9239,179.9239,179.9239,179.9239,0.0,0.0,1.0,chinabond_official,2026-08-04T15:34:50
2021-12-30,180.2567,180.2567,180.2567,180.2567,0.0,0.0,1.0,chinabond_official,2026-08-04T15:34:50
2021-12-31,180.0249,180.0249,180.0249,180.0249,0.0,0.0,1.0,chinabond_official,2026-08-04T15:34:50
2022-01-04,179.9193,179.9193,179.9193,179.9193,0.0,0.0,1.0,chinabond_official,2026-08-04T15:34:50
2022-01-05,179.6473,179.6473,179.6473,179.6473,0.0,0.0,1.0,chinabond_official,2026-08-04T15:34:50
2022-01-06,179.3583,179.3583,179.3583,179.3583,0.0,0.0,1.0,chinabond_official,2026-08-04T15:34:50
2022-01-07,179.3035,179.3035,179.3035,179.3035,0.0,0.0,1.0,chinabond_official,2026-08-04T15:34:50
2022-01-10,179.497,179.497,179.497,179.497,0.0,0.0,1.0,chinabond_official,2026-08-04T15:34:50
2022-01-11,179.7879,179.7879,179.7879,179.7879,0.0,0.0,1.0,chinabond_official,2026-08-04T15:34:50
2022-01-12,180.0677,180.0677,180.0677,180.0677,0.0,0.0,1.0,chinabond_official,2026-08-04T15:34:50
2022-01-13,180.3077,180.3077,180.3077,180.3077,0.0,0.0,1.0,chinabond_official,2026-08-04T15:34:50
2022-01-14,180.3804,180.3804,180.3804,180.3804,0.0,0.0,1.0,chinabond_official,2026-08-04T15:34:50
2022-01-17,180.4525,180.4525,180.4525,180.4525,0.0,0.0,1.0,chinabond_official,2026-08-04T15:34:50
2022-01-18,181.3106,181.3106,181.3106,181.3106,0.0,0.0,1.0,chinabond_official,2026-08-04T15:34:50
2022-01-19,181.7914,181.7914,181.7914,181.7914,0.0,0.0,1.0,chinabond_official,2026-08-04T15:34:50
2022-01-20,181.6777,181.6777,181.6777,181.6777,0.0,0.0,1.0,chinabond_official,2026-08-04T15:34:50
2022-01-21,182.0736,182.0736,182.0736,182.0736,0.0,0.0,1.0,chinabond_official,2026-08-04T15:34:50
2022-01-24,182.8312,182.8312,182.8312,182.8312,0.0,0.0,1.0,chinabond_official,2026-08-04T15:34:50
2022-01-25,182.5714,182.5714,182.5714,182.5714,0.0,0.0,1.0,chinabond_official,2026-08-04T15:34:50
2022-01-26,182.1444,182.1444,182.1444,182.1444,0.0,0.0,1.0,chinabond_official,2026-08-04T15:34:50
2022-01-27,181.8096,181.8096,181.8096,181.8096,0.0,0.0,1.0,chinabond_official,2026-08-04T15:34:50
2022-01-28,182.3817,182.3817,182.3817,182.3817,0.0,0.0,1.0,chinabond_official,2026-08-04T15:34:50
2022-01-29,182.4502,182.4502,182.4502,182.4502,0.0,0.0,1.0,chinabond_official,2026-08-04T15:34:50
2022-01-30,182.5372,182.5372,182.5372,182.5372,0.0,0.0,1.0,chinabond_official,2026-08-04T15:34:50
2022-02-07,182.3747,182.3747,182.3747,182.3747,0.0,0.0,1.0,chinabond_official,2026-08-04T15:34:50
2022-02-08,182.3389,182.3389,182.3389,182.3389,0.0,0.0,1.0,chinabond_official,2026-08-04T15:34:50
2022-02-09,182.0884,182.0884,182.0884,182.0884,0.0,0.0,1.0,chinabond_official,2026-08-04T15:34:50
2022-02-10,182.1337,182.1337,182.1337,182.1337,0.0,0.0,1.0,chinabond_official,2026-08-04T15:34:50
2022-02-11,180.9989,180.9989,180.9989,180.9989,0.0,0.0,1.0,chinabond_official,2026-08-04T15:34:50
2022-02-14,180.7548,180.7548,180.7548,180.7548,0.0,0.0,1.0,chinabond_official,2026-08-04T15:34:50
2022-02-15,180.8411,180.8411,180.8411,180.8411,0.0,0.0,1.0,chinabond_official,2026-08-04T15:34:50
2022-02-16,180.9306,180.9306,180.9306,180.9306,0.0,0.0,1.0,chinabond_official,2026-08-04T15:34:50
2022-02-17,181.1836,181.1836,181.1836,181.1836,0.0,0.0,1.0,chinabond_official,2026-08-04T15:34:50
2022-02-18,180.9993,180.9993,180.9993,180.9993,0.0,0.0,1.0,chinabond_official,2026-08-04T15:34:50
2022-02-21,179.9666,179.9666,179.9666,179.9666,0.0,0.0,1.0,chinabond_official,2026-08-04T15:34:50
2022-02-22,179.7637,179.7637,179.7637,179.7637,0.0,0.0,1.0,chinabond_official,2026-08-04T15:34:50
2022-02-23,180.0047,180.0047,180.0047,180.0047,0.0,0.0,1.0,chinabond_official,2026-08-04T15:34:50
2022-02-24,180.1171,180.1171,180.1171,180.1171,0.0,0.0,1.0,chinabond_official,2026-08-04T15:34:50
2022-02-25,180.4913,180.4913,180.4913,180.4913,0.0,0.0,1.0,chinabond_official,2026-08-04T15:34:50
2022-02-28,180.6545,180.6545,180.6545,180.6545,0.0,0.0,1.0,chinabond_official,2026-08-04T15:34:50
2022-03-01,180.079,180.079,180.079,180.079,0.0,0.0,1.0,chinabond_official,2026-08-04T15:34:50
2022-03-02,179.9194,179.9194,179.9194,179.9194,0.0,0.0,1.0,chinabond_official,2026-08-04T15:34:50
2022-03-03,179.5753,179.5753,179.5753,179.5753,0.0,0.0,1.0,chinabond_official,2026-08-04T15:34:50
2022-03-04,179.7376,179.7376,179.7376,179.7376,0.0,0.0,1.0,chinabond_official,2026-08-04T15:34:50
2022-03-07,179.7646,179.7646,179.7646,179.7646,0.0,0.0,1.0,chinabond_official,2026-08-04T15:34:50
2022-03-08,179.7843,179.7843,179.7843,179.7843,0.0,0.0,1.0,chinabond_official,2026-08-04T15:34:50
2022-03-09,179.3498,179.3498,179.3498,179.3498,0.0,0.0,1.0,chinabond_official,2026-08-04T15:34:50
2022-03-10,179.2559,179.2559,179.2559,179.2559,0.0,0.0,1.0,chinabond_official,2026-08-04T15:34:50
2022-03-11,180.0649,180.0649,180.0649,180.0649,0.0,0.0,1.0,chinabond_official,2026-08-04T15:34:50
2022-03-14,180.5347,180.5347,180.5347,180.5347,0.0,0.0,1.0,chinabond_official,2026-08-04T15:34:50
2022-03-15,179.3905,179.3905,179.3905,179.3905,0.0,0.0,1.0,chinabond_official,2026-08-04T15:34:50
2022-03-16,179.6669,179.6669,179.6669,179.6669,0.0,0.0,1.0,chinabond_official,2026-08-04T15:34:50
2022-03-17,179.6517,179.6517,179.6517,179.6517,0.0,0.0,1.0,chinabond_official,2026-08-04T15:34:50
2022-03-18,179.9605,179.9605,179.9605,179.9605,0.0,0.0,1.0,chinabond_official,2026-08-04T15:34:50
2022-03-21,179.8626,179.8626,179.8626,179.8626,0.0,0.0,1.0,chinabond_official,2026-08-04T15:34:50
2022-03-22,179.6579,179.6579,179.6579,179.6579,0.0,0.0,1.0,chinabond_official,2026-08-04T15:34:50
2022-03-23,179.7434,179.7434,179.7434,179.7434,0.0,0.0,1.0,chinabond_official,2026-08-04T15:34:50
2022-03-24,180.1107,180.1107,180.1107,180.1107,0.0,0.0,1.0,chinabond_official,2026-08-04T15:34:50
2022-03-25,180.411,180.411,180.411,180.411,0.0,0.0,1.0,chinabond_official,2026-08-04T15:34:50
2022-03-28,180.7437,180.7437,180.7437,180.7437,0.0,0.0,1.0,chinabond_official,2026-08-04T15:34:50
2022-03-29,180.8514,180.8514,180.8514,180.8514,0.0,0.0,1.0,chinabond_official,2026-08-04T15:34:50
2022-03-30,181.1809,181.1809,181.1809,181.1809,0.0,0.0,1.0,chinabond_official,2026-08-04T15:34:50
2022-03-31,180.9132,180.9132,180.9132,180.9132,0.0,0.0,1.0,chinabond_official,2026-08-04T15:34:50
2022-04-01,181.0367,181.0367,181.0367,181.0367,0.0,0.0,1.0,chinabond_official,2026-08-04T15:34:50
2022-04-02,181.1086,181.1086,181.1086,181.1086,0.0,0.0,1.0,chinabond_official,2026-08-04T15:34:50
2022-04-06,181.6345,181.6345,181.6345,181.6345,0.0,0.0,1.0,chinabond_official,2026-08-04T15:34:50
2022-04-07,182.1385,182.1385,182.1385,182.1385,0.0,0.0,1.0,chinabond_official,2026-08-04T15:34:50
2022-04-08,182.2927,182.2927,182.2927,182.2927,0.0,0.0,1.0,chinabond_official,2026-08-04T15:34:50
2022-04-11,182.2753,182.2753,182.2753,182.2753,0.0,0.0,1.0,chinabond_official,2026-08-04T15:34:50
2022-04-12,182.367,182.367,182.367,182.367,0.0,0.0,1.0,chinabond_official,2026-08-04T15:34:50
2022-04-13,182.5315,182.5315,182.5315,182.5315,0.0,0.0,1.0,chinabond_official,2026-08-04T15:34:50
2022-04-14,182.5752,182.5752,182.5752,182.5752,0.0,0.0,1.0,chinabond_official,2026-08-04T15:34:50
2022-04-15,182.5511,182.5511,182.5511,182.5511,0.0,0.0,1.0,chinabond_official,2026-08-04T15:34:50
2022-04-18,181.9668,181.9668,181.9668,181.9668,0.0,0.0,1.0,chinabond_official,2026-08-04T15:34:50
2022-04-19,182.3753,182.3753,182.3753,182.3753,0.0,0.0,1.0,chinabond_official,2026-08-04T15:34:50
2022-04-20,182.5831,182.5831,182.5831,182.5831,0.0,0.0,1.0,chinabond_official,2026-08-04T15:34:50
2022-04-21,182.9408,182.9408,182.9408,182.9408,0.0,0.0,1.0,chinabond_official,2026-08-04T15:34:50
2022-04-22,182.8974,182.8974,182.8974,182.8974,0.0,0.0,1.0,chinabond_official,2026-08-04T15:34:50
2022-04-24,183.0925,183.0925,183.0925,183.0925,0.0,0.0,1.0,chinabond_official,2026-08-04T15:34:50
2022-04-25,183.2013,183.2013,183.2013,183.2013,0.0,0.0,1.0,chinabond_official,2026-08-04T15:34:50
2022-04-26,183.1919,183.1919,183.1919,183.1919,0.0,0.0,1.0,chinabond_official,2026-08-04T15:34:50
2022-04-27,182.9423,182.9423,182.9423,182.9423,0.0,0.0,1.0,chinabond_official,2026-08-04T15:34:50
2022-04-28,182.5969,182.5969,182.5969,182.5969,0.0,0.0,1.0,chinabond_official,2026-08-04T15:34:50
2022-04-29,182.9261,182.9261,182.9261,182.9261,0.0,0.0,1.0,chinabond_official,2026-08-04T15:34:50
2022-05-05,182.9369,182.9369,182.9369,182.9369,0.0,0.0,1.0,chinabond_official,2026-08-04T15:34:50
2022-05-06,182.8382,182.8382,182.8382,182.8382,0.0,0.0,1.0,chinabond_official,2026-08-04T15:34:50
2022-05-07,182.9985,182.9985,182.9985,182.9985,0.0,0.0,1.0,chinabond_official,2026-08-04T15:34:50
2022-05-09,183.2648,183.2648,183.2648,183.2648,0.0,0.0,1.0,chinabond_official,2026-08-04T15:34:50
2022-05-10,183.4392,183.4392,183.4392,183.4392,0.0,0.0,1.0,chinabond_official,2026-08-04T15:34:50
2022-05-11,183.2445,183.2445,183.2445,183.2445,0.0,0.0,1.0,chinabond_official,2026-08-04T15:34:50
2022-05-12,183.4963,183.4963,183.4963,183.4963,0.0,0.0,1.0,chinabond_official,2026-08-04T15:34:50
2022-05-13,183.4661,183.4661,183.4661,183.4661,0.0,0.0,1.0,chinabond_official,2026-08-04T15:34:50
2022-05-16,183.4181,183.4181,183.4181,183.4181,0.0,0.0,1.0,chinabond_official,2026-08-04T15:34:50
2022-05-17,183.4961,183.4961,183.4961,183.4961,0.0,0.0,1.0,chinabond_official,2026-08-04T15:34:50
2022-05-18,183.6579,183.6579,183.6579,183.6579,0.0,0.0,1.0,chinabond_official,2026-08-04T15:34:50
2022-05-19,183.8157,183.8157,183.8157,183.8157,0.0,0.0,1.0,chinabond_official,2026-08-04T15:34:50
2022-05-20,183.759,183.759,183.759,183.759,0.0,0.0,1.0,chinabond_official,2026-08-04T15:34:50
2022-05-23,184.117,184.117,184.117,184.117,0.0,0.0,1.0,chinabond_official,2026-08-04T15:34:50
2022-05-24,184.2426,184.2426,184.2426,184.2426,0.0,0.0,1.0,chinabond_official,2026-08-04T15:34:50
2022-05-25,184.6105,184.6105,184.6105,184.6105,0.0,0.0,1.0,chinabond_official,2026-08-04T15:34:50
2022-05-26,185.7906,185.7906,185.7906,185.7906,0.0,0.0,1.0,chinabond_official,2026-08-04T15:34:50
2022-05-27,185.7652,185.7652,185.7652,185.7652,0.0,0.0,1.0,chinabond_official,2026-08-04T15:34:50
2022-05-30,185.3336,185.3336,185.3336,185.3336,0.0,0.0,1.0,chinabond_official,2026-08-04T15:34:50
2022-05-31,184.6771,184.6771,184.6771,184.6771,0.0,0.0,1.0,chinabond_official,2026-08-04T15:34:50
2022-06-01,184.6273,184.6273,184.6273,184.6273,0.0,0.0,1.0,chinabond_official,2026-08-04T15:34:50
2022-06-02,184.5846,184.5846,184.5846,184.5846,0.0,0.0,1.0,chinabond_official,2026-08-04T15:34:50
2022-06-06,184.4048,184.4048,184.4048,184.4048,0.0,0.0,1.0,chinabond_official,2026-08-04T15:34:50
2022-06-07,184.464,184.464,184.464,184.464,0.0,0.0,1.0,chinabond_official,2026-08-04T15:34:50
2022-06-08,184.4722,184.4722,184.4722,184.4722,0.0,0.0,1.0,chinabond_official,2026-08-04T15:34:50
2022-06-09,184.6394,184.6394,184.6394,184.6394,0.0,0.0,1.0,chinabond_official,2026-08-04T15:34:50
2022-06-10,184.6264,184.6264,184.6264,184.6264,0.0,0.0,1.0,chinabond_official,2026-08-04T15:34:50
2022-06-13,184.5707,184.5707,184.5707,184.5707,0.0,0.0,1.0,chinabond_official,2026-08-04T15:34:50
2022-06-14,184.5968,184.5968,184.5968,184.5968,0.0,0.0,1.0,chinabond_official,2026-08-04T15:34:50
2022-06-15,184.6613,184.6613,184.6613,184.6613,0.0,0.0,1.0,chinabond_official,2026-08-04T15:34:50
2022-06-16,184.7585,184.7585,184.7585,184.7585,0.0,0.0,1.0,chinabond_official,2026-08-04T15:34:50
2022-06-17,184.8643,184.8643,184.8643,184.8643,0.0,0.0,1.0,chinabond_official,2026-08-04T15:34:50
2022-06-20,184.7012,184.7012,184.7012,184.7012,0.0,0.0,1.0,chinabond_official,2026-08-04T15:34:50
2022-06-21,184.6708,184.6708,184.6708,184.6708,0.0,0.0,1.0,chinabond_official,2026-08-04T15:34:50
2022-06-22,184.6321,184.6321,184.6321,184.6321,0.0,0.0,1.0,chinabond_official,2026-08-04T15:34:50
2022-06-23,184.665,184.665,184.665,184.665,0.0,0.0,1.0,chinabond_official,2026-08-04T15:34:50
2022-06-24,184.4486,184.4486,184.4486,184.4486,0.0,0.0,1.0,chinabond_official,2026-08-04T15:34:50
2022-06-27,184.0789,184.0789,184.0789,184.0789,0.0,0.0,1.0,chinabond_official,2026-08-04T15:34:50
2022-06-28,183.9705,183.9705,183.9705,183.9705,0.0,0.0,1.0,chinabond_official,2026-08-04T15:34:50
2022-06-29,184.0007,184.0007,184.0007,184.0007,0.0,0.0,1.0,chinabond_official,2026-08-04T15:34:50
2022-06-30,184.2375,184.2375,184.2375,184.2375,0.0,0.0,1.0,chinabond_official,2026-08-04T15:34:50
2022-07-01,184.2221,184.2221,184.2221,184.2221,0.0,0.0,1.0,chinabond_official,2026-08-04T15:34:50
2022-07-04,183.7447,183.7447,183.7447,183.7447,0.0,0.0,1.0,chinabond_official,2026-08-04T15:34:50
2022-07-05,183.6639,183.6639,183.6639,183.6639,0.0,0.0,1.0,chinabond_official,2026-08-04T15:34:50
2022-07-06,183.8091,183.8091,183.8091,183.8091,0.0,0.0,1.0,chinabond_official,2026-08-04T15:34:50
2022-07-07,183.8021,183.8021,183.8021,183.8021,0.0,0.0,1.0,chinabond_official,2026-08-04T15:34:50
2022-07-08,183.5425,183.5425,183.5425,183.5425,0.0,0.0,1.0,chinabond_official,2026-08-04T15:34:50
2022-07-11,183.8192,183.8192,183.8192,183.8192,0.0,0.0,1.0,chinabond_official,2026-08-04T15:34:50
2022-07-12,184.1195,184.1195,184.1195,184.1195,0.0,0.0,1.0,chinabond_official,2026-08-04T15:34:50
2022-07-13,184.3312,184.3312,184.3312,184.3312,0.0,0.0,1.0,chinabond_official,2026-08-04T15:34:50
2022-07-14,184.7194,184.7194,184.7194,184.7194,0.0,0.0,1.0,chinabond_official,2026-08-04T15:34:50
2022-07-15,184.998,184.998,184.998,184.998,0.0,0.0,1.0,chinabond_official,2026-08-04T15:34:50
2022-07-18,185.161,185.161,185.161,185.161,0.0,0.0,1.0,chinabond_official,2026-08-04T15:34:50
2022-07-19,185.2296,185.2296,185.2296,185.2296,0.0,0.0,1.0,chinabond_official,2026-08-04T15:34:50
2022-07-20,185.6787,185.6787,185.6787,185.6787,0.0,0.0,1.0,chinabond_official,2026-08-04T15:34:50
2022-07-21,185.8345,185.8345,185.8345,185.8345,0.0,0.0,1.0,chinabond_official,2026-08-04T15:34:50
2022-07-22,185.6887,185.6887,185.6887,185.6887,0.0,0.0,1.0,chinabond_official,2026-08-04T15:34:50
2022-07-25,185.8109,185.8109,185.8109,185.8109,0.0,0.0,1.0,chinabond_official,2026-08-04T15:34:50
2022-07-26,185.9954,185.9954,185.9954,185.9954,0.0,0.0,1.0,chinabond_official,2026-08-04T15:34:50
2022-07-27,186.0931,186.0931,186.0931,186.0931,0.0,0.0,1.0,chinabond_official,2026-08-04T15:34:50
2022-07-28,185.8387,185.8387,185.8387,185.8387,0.0,0.0,1.0,chinabond_official,2026-08-04T15:34:50
2022-07-29,186.4909,186.4909,186.4909,186.4909,0.0,0.0,1.0,chinabond_official,2026-08-04T15:34:50
2022-08-01,187.1578,187.1578,187.1578,187.1578,0.0,0.0,1.0,chinabond_official,2026-08-04T15:34:50
2022-08-02,187.2846,187.2846,187.2846,187.2846,0.0,0.0,1.0,chinabond_official,2026-08-04T15:34:50
2022-08-03,187.3609,187.3609,187.3609,187.3609,0.0,0.0,1.0,chinabond_official,2026-08-04T15:34:50
2022-08-04,187.4793,187.4793,187.4793,187.4793,0.0,0.0,1.0,chinabond_official,2026-08-04T15:34:50
2022-08-05,187.1948,187.1948,187.1948,187.1948,0.0,0.0,1.0,chinabond_official,2026-08-04T15:34:50
2022-08-08,187.0317,187.0317,187.0317,187.0317,0.0,0.0,1.0,chinabond_official,2026-08-04T15:34:50
2022-08-09,186.9153,186.9153,186.9153,186.9153,0.0,0.0,1.0,chinabond_official,2026-08-04T15:34:50
2022-08-10,187.0519,187.0519,187.0519,187.0519,0.0,0.0,1.0,chinabond_official,2026-08-04T15:34:50
2022-08-11,187.1715,187.1715,187.1715,187.1715,0.0,0.0,1.0,chinabond_official,2026-08-04T15:34:50
2022-08-12,187.2345,187.2345,187.2345,187.2345,0.0,0.0,1.0,chinabond_official,2026-08-04T15:34:50
2022-08-15,188.9925,188.9925,188.9925,188.9925,0.0,0.0,1.0,chinabond_official,2026-08-04T15:34:50
2022-08-16,189.5994,189.5994,189.5994,189.5994,0.0,0.0,1.0,chinabond_official,2026-08-04T15:34:50
2022-08-17,189.6322,189.6322,189.6322,189.6322,0.0,0.0,1.0,chinabond_official,2026-08-04T15:34:50
2022-08-18,190.6959,190.6959,190.6959,190.6959,0.0,0.0,1.0,chinabond_official,2026-08-04T15:34:50
2022-08-19,191.329,191.329,191.329,191.329,0.0,0.0,1.0,chinabond_official,2026-08-04T15:34:50
2022-08-22,191.8736,191.8736,191.8736,191.8736,0.0,0.0,1.0,chinabond_official,2026-08-04T15:34:50
2022-08-23,191.5865,191.5865,191.5865,191.5865,0.0,0.0,1.0,chinabond_official,2026-08-04T15:34:50
2022-08-24,191.5057,191.5057,191.5057,191.5057,0.0,0.0,1.0,chinabond_official,2026-08-04T15:34:50
2022-08-25,190.6839,190.6839,190.6839,190.6839,0.0,0.0,1.0,chinabond_official,2026-08-04T15:34:50
2022-08-26,190.6843,190.6843,190.6843,190.6843,0.0,0.0,1.0,chinabond_official,2026-08-04T15:34:50
2022-08-29,191.3479,191.3479,191.3479,191.3479,0.0,0.0,1.0,chinabond_official,2026-08-04T15:34:50
2022-08-30,191.6228,191.6228,191.6228,191.6228,0.0,0.0,1.0,chinabond_official,2026-08-04T15:34:50
2022-08-31,191.596,191.596,191.596,191.596,0.0,0.0,1.0,chinabond_official,2026-08-04T15:34:50
2022-09-01,192.1068,192.1068,192.1068,192.1068,0.0,0.0,1.0,chinabond_official,2026-08-04T15:34:50
2022-09-02,192.2953,192.2953,192.2953,192.2953,0.0,0.0,1.0,chinabond_official,2026-08-04T15:34:50
2022-09-05,192.5352,192.5352,192.5352,192.5352,0.0,0.0,1.0,chinabond_official,2026-08-04T15:34:50
2022-09-06,192.7669,192.7669,192.7669,192.7669,0.0,0.0,1.0,chinabond_official,2026-08-04T15:34:50
2022-09-07,192.7716,192.7716,192.7716,192.7716,0.0,0.0,1.0,chinabond_official,2026-08-04T15:34:50
2022-09-08,192.7564,192.7564,192.7564,192.7564,0.0,0.0,1.0,chinabond_official,2026-08-04T15:34:50
2022-09-09,192.5934,192.5934,192.5934,192.5934,0.0,0.0,1.0,chinabond_official,2026-08-04T15:34:50
2022-09-13,192.5764,192.5764,192.5764,192.5764,0.0,0.0,1.0,chinabond_official,2026-08-04T15:34:50
2022-09-14,192.4438,192.4438,192.4438,192.4438,0.0,0.0,1.0,chinabond_official,2026-08-04T15:34:50
2022-09-15,192.6481,192.6481,192.6481,192.6481,0.0,0.0,1.0,chinabond_official,2026-08-04T15:34:50
2022-09-16,192.5175,192.5175,192.5175,192.5175,0.0,0.0,1.0,chinabond_official,2026-08-04T15:34:50
2022-09-19,192.5793,192.5793,192.5793,192.5793,0.0,0.0,1.0,chinabond_official,2026-08-04T15:34:50
2022-09-20,192.7699,192.7699,192.7699,192.7699,0.0,0.0,1.0,chinabond_official,2026-08-04T15:34:50
2022-09-21,192.8924,192.8924,192.8924,192.8924,0.0,0.0,1.0,chinabond_official,2026-08-04T15:34:50
2022-09-22,192.8497,192.8497,192.8497,192.8497,0.0,0.0,1.0,chinabond_official,2026-08-04T15:34:50
2022-09-23,192.5161,192.5161,192.5161,192.5161,0.0,0.0,1.0,chinabond_official,2026-08-04T15:34:50
2022-09-26,191.8608,191.8608,191.8608,191.8608,0.0,0.0,1.0,chinabond_official,2026-08-04T15:34:50
2022-09-27,192.0017,192.0017,192.0017,192.0017,0.0,0.0,1.0,chinabond_official,2026-08-04T15:34:50
2022-09-28,191.2743,191.2743,191.2743,191.2743,0.0,0.0,1.0,chinabond_official,2026-08-04T15:34:50
2022-09-29,190.9954,190.9954,190.9954,190.9954,0.0,0.0,1.0,chinabond_official,2026-08-04T15:34:50
2022-09-30,190.0917,190.0917,190.0917,190.0917,0.0,0.0,1.0,chinabond_official,2026-08-04T15:34:50
2022-10-08,190.0298,190.0298,190.0298,190.0298,0.0,0.0,1.0,chinabond_official,2026-08-04T15:34:50
2022-10-09,190.6378,190.6378,190.6378,190.6378,0.0,0.0,1.0,chinabond_official,2026-08-04T15:34:50
2022-10-10,190.7312,190.7312,190.7312,190.7312,0.0,0.0,1.0,chinabond_official,2026-08-04T15:34:50
2022-10-11,190.814,190.814,190.814,190.814,0.0,0.0,1.0,chinabond_official,2026-08-04T15:34:50
2022-10-12,190.8849,190.8849,190.8849,190.8849,0.0,0.0,1.0,chinabond_official,2026-08-04T15:34:50
2022-10-13,191.2062,191.2062,191.2062,191.2062,0.0,0.0,1.0,chinabond_official,2026-08-04T15:34:50
2022-10-14,192.0983,192.0983,192.0983,192.0983,0.0,0.0,1.0,chinabond_official,2026-08-04T15:34:50
2022-10-17,192.1018,192.1018,192.1018,192.1018,0.0,0.0,1.0,chinabond_official,2026-08-04T15:34:50
2022-10-18,192.0712,192.0712,192.0712,192.0712,0.0,0.0,1.0,chinabond_official,2026-08-04T15:34:50
2022-10-19,192.1014,192.1014,192.1014,192.1014,0.0,0.0,1.0,chinabond_official,2026-08-04T15:34:50
2022-10-20,191.782,191.782,191.782,191.782,0.0,0.0,1.0,chinabond_official,2026-08-04T15:34:50
2022-10-21,191.807,191.807,191.807,191.807,0.0,0.0,1.0,chinabond_official,2026-08-04T15:34:50
2022-10-24,192.112,192.112,192.112,192.112,0.0,0.0,1.0,chinabond_official,2026-08-04T15:34:50
2022-10-25,192.031,192.031,192.031,192.031,0.0,0.0,1.0,chinabond_official,2026-08-04T15:34:50
2022-10-26,192.1017,192.1017,192.1017,192.1017,0.0,0.0,1.0,chinabond_official,2026-08-04T15:34:50
2022-10-27,192.477,192.477,192.477,192.477,0.0,0.0,1.0,chinabond_official,2026-08-04T15:34:50
2022-10-28,192.6893,192.6893,192.6893,192.6893,0.0,0.0,1.0,chinabond_official,2026-08-04T15:34:50
2022-10-31,193.2903,193.2903,193.2903,193.2903,0.0,0.0,1.0,chinabond_official,2026-08-04T15:34:50
2022-11-01,192.975,192.975,192.975,192.975,0.0,0.0,1.0,chinabond_official,2026-08-04T15:34:50
2022-11-02,192.6085,192.6085,192.6085,192.6085,0.0,0.0,1.0,chinabond_official,2026-08-04T15:34:50
2022-11-03,192.7398,192.7398,192.7398,192.7398,0.0,0.0,1.0,chinabond_official,2026-08-04T15:34:50
2022-11-04,192.2712,192.2712,192.2712,192.2712,0.0,0.0,1.0,chinabond_official,2026-08-04T15:34:50
2022-11-07,192.2506,192.2506,192.2506,192.2506,0.0,0.0,1.0,chinabond_official,2026-08-04T15:34:50
2022-11-08,192.1354,192.1354,192.1354,192.1354,0.0,0.0,1.0,chinabond_official,2026-08-04T15:34:50
2022-11-09,191.992,191.992,191.992,191.992,0.0,0.0,1.0,chinabond_official,2026-08-04T15:34:50
2022-11-10,191.8719,191.8719,191.8719,191.8719,0.0,0.0,1.0,chinabond_official,2026-08-04T15:34:50
2022-11-11,191.1583,191.1583,191.1583,191.1583,0.0,0.0,1.0,chinabond_official,2026-08-04T15:34:50
2022-11-14,188.6758,188.6758,188.6758,188.6758,0.0,0.0,1.0,chinabond_official,2026-08-04T15:34:50
2022-11-15,188.9866,188.9866,188.9866,188.9866,0.0,0.0,1.0,chinabond_official,2026-08-04T15:34:50
2022-11-16,188.3488,188.3488,188.3488,188.3488,0.0,0.0,1.0,chinabond_official,2026-08-04T15:34:50
2022-11-17,189.0048,189.0048,189.0048,189.0048,0.0,0.0,1.0,chinabond_official,2026-08-04T15:34:50
2022-11-18,188.8247,188.8247,188.8247,188.8247,0.0,0.0,1.0,chinabond_official,2026-08-04T15:34:50
2022-11-21,189.1101,189.1101,189.1101,189.1101,0.0,0.0,1.0,chinabond_official,2026-08-04T15:34:50
2022-11-22,188.8489,188.8489,188.8489,188.8489,0.0,0.0,1.0,chinabond_official,2026-08-04T15:34:50
2022-11-23,189.508,189.508,189.508,189.508,0.0,0.0,1.0,chinabond_official,2026-08-04T15:34:50
2022-11-24,189.9464,189.9464,189.9464,189.9464,0.0,0.0,1.0,chinabond_official,2026-08-04T15:34:50
2022-11-25,189.1567,189.1567,189.1567,189.1567,0.0,0.0,1.0,chinabond_official,2026-08-04T15:34:50
2022-11-28,188.3029,188.3029,188.3029,188.3029,0.0,0.0,1.0,chinabond_official,2026-08-04T15:34:50
2022-11-29,187.5656,187.5656,187.5656,187.5656,0.0,0.0,1.0,chinabond_official,2026-08-04T15:34:50
2022-11-30,187.3067,187.3067,187.3067,187.3067,0.0,0.0,1.0,chinabond_official,2026-08-04T15:34:50
2022-12-01,187.6265,187.6265,187.6265,187.6265,0.0,0.0,1.0,chinabond_official,2026-08-04T15:34:50
2022-12-02,187.7003,187.7003,187.7003,187.7003,0.0,0.0,1.0,chinabond_official,2026-08-04T15:34:50
2022-12-05,187.6083,187.6083,187.6083,187.6083,0.0,0.0,1.0,chinabond_official,2026-08-04T15:34:50
2022-12-06,186.8657,186.8657,186.8657,186.8657,0.0,0.0,1.0,chinabond_official,2026-08-04T15:34:50
2022-12-07,187.3359,187.3359,187.3359,187.3359,0.0,0.0,1.0,chinabond_official,2026-08-04T15:34:50
2022-12-08,187.5717,187.5717,187.5717,187.5717,0.0,0.0,1.0,chinabond_official,2026-08-04T15:34:50
2022-12-09,187.3011,187.3011,187.3011,187.3011,0.0,0.0,1.0,chinabond_official,2026-08-04T15:34:50
2022-12-12,187.426,187.426,187.426,187.426,0.0,0.0,1.0,chinabond_official,2026-08-04T15:34:50
2022-12-13,187.294,187.294,187.294,187.294,0.0,0.0,1.0,chinabond_official,2026-08-04T15:34:50
2022-12-14,188.0625,188.0625,188.0625,188.0625,0.0,0.0,1.0,chinabond_official,2026-08-04T15:34:50
2022-12-15,187.8575,187.8575,187.8575,187.8575,0.0,0.0,1.0,chinabond_official,2026-08-04T15:34:50
2022-12-16,188.0245,188.0245,188.0245,188.0245,0.0,0.0,1.0,chinabond_official,2026-08-04T15:34:50
2022-12-19,188.7912,188.7912,188.7912,188.7912,0.0,0.0,1.0,chinabond_official,2026-08-04T15:34:50
2022-12-20,189.0174,189.0174,189.0174,189.0174,0.0,0.0,1.0,chinabond_official,2026-08-04T15:34:50
2022-12-21,189.2796,189.2796,189.2796,189.2796,0.0,0.0,1.0,chinabond_official,2026-08-04T15:34:50
2022-12-22,189.559,189.559,189.559,189.559,0.0,0.0,1.0,chinabond_official,2026-08-04T15:34:50
2022-12-23,189.9643,189.9643,189.9643,189.9643,0.0,0.0,1.0,chinabond_official,2026-08-04T15:34:50
2022-12-26,189.819,189.819,189.819,189.819,0.0,0.0,1.0,chinabond_official,2026-08-04T15:34:50
2022-12-27,189.6788,189.6788,189.6788,189.6788,0.0,0.0,1.0,chinabond_official,2026-08-04T15:34:50
2022-12-28,189.7323,189.7323,189.7323,189.7323,0.0,0.0,1.0,chinabond_official,2026-08-04T15:34:50
2022-12-29,190.0971,190.0971,190.0971,190.0971,0.0,0.0,1.0,chinabond_official,2026-08-04T15:34:50
2022-12-30,190.2124,190.2124,190.2124,190.2124,0.0,0.0,1.0,chinabond_official,2026-08-04T15:34:50
2022-12-31,190.2627,190.2627,190.2627,190.2627,0.0,0.0,1.0,chinabond_official,2026-08-04T15:34:50
2023-01-03,190.5251,190.5251,190.5251,190.5251,0.0,0.0,1.0,chinabond_official,2026-08-04T15:34:50
2023-01-04,190.729,190.729,190.729,190.729,0.0,0.0,1.0,chinabond_official,2026-08-04T15:34:50
2023-01-05,190.6572,190.6572,190.6572,190.6572,0.0,0.0,1.0,chinabond_official,2026-08-04T15:34:50
2023-01-06,190.3783,190.3783,190.3783,190.3783,0.0,0.0,1.0,chinabond_official,2026-08-04T15:34:50
2023-01-09,190.2917,190.2917,190.2917,190.2917,0.0,0.0,1.0,chinabond_official,2026-08-04T15:34:50
2023-01-10,189.7928,189.7928,189.7928,189.7928,0.0,0.0,1.0,chinabond_official,2026-08-04T15:34:50
2023-01-11,189.8195,189.8195,189.8195,189.8195,0.0,0.0,1.0,chinabond_official,2026-08-04T15:34:50
2023-01-12,189.6935,189.6935,189.6935,189.6935,0.0,0.0,1.0,chinabond_official,2026-08-04T15:34:50
2023-01-13,189.4097,189.4097,189.4097,189.4097,0.0,0.0,1.0,chinabond_official,2026-08-04T15:34:50
2023-01-16,189.0413,189.0413,189.0413,189.0413,0.0,0.0,1.0,chinabond_official,2026-08-04T15:34:50
2023-01-17,189.5874,189.5874,189.5874,189.5874,0.0,0.0,1.0,chinabond_official,2026-08-04T15:34:50
2023-01-18,189.2487,189.2487,189.2487,189.2487,0.0,0.0,1.0,chinabond_official,2026-08-04T15:34:50
2023-01-19,189.3181,189.3181,189.3181,189.3181,0.0,0.0,1.0,chinabond_official,2026-08-04T15:34:50
2023-01-20,189.1739,189.1739,189.1739,189.1739,0.0,0.0,1.0,chinabond_official,2026-08-04T15:34:50
2023-01-28,189.1409,189.1409,189.1409,189.1409,0.0,0.0,1.0,chinabond_official,2026-08-04T15:34:50
2023-01-29,189.4026,189.4026,189.4026,189.4026,0.0,0.0,1.0,chinabond_official,2026-08-04T15:34:50
2023-01-30,189.3007,189.3007,189.3007,189.3007,0.0,0.0,1.0,chinabond_official,2026-08-04T15:34:50
2023-01-31,189.1794,189.1794,189.1794,189.1794,0.0,0.0,1.0,chinabond_official,2026-08-04T15:34:50
2023-02-01,188.9418,188.9418,188.9418,188.9418,0.0,0.0,1.0,chinabond_official,2026-08-04T15:34:50
2023-02-02,188.9422,188.9422,188.9422,188.9422,0.0,0.0,1.0,chinabond_official,2026-08-04T15:34:50
2023-02-03,188.9774,188.9774,188.9774,188.9774,0.0,0.0,1.0,chinabond_official,2026-08-04T15:34:50
2023-02-06,188.9383,188.9383,188.9383,188.9383,0.0,0.0,1.0,chinabond_official,2026-08-04T15:34:50
2023-02-07,189.0187,189.0187,189.0187,189.0187,0.0,0.0,1.0,chinabond_official,2026-08-04T15:34:50
2023-02-08,189.0811,189.0811,189.0811,189.0811,0.0,0.0,1.0,chinabond_official,2026-08-04T15:34:50
2023-02-09,189.1783,189.1783,189.1783,189.1783,0.0,0.0,1.0,chinabond_official,2026-08-04T15:34:50
2023-02-10,189.1851,189.1851,189.1851,189.1851,0.0,0.0,1.0,chinabond_official,2026-08-04T15:34:50
2023-02-13,189.2034,189.2034,189.2034,189.2034,0.0,0.0,1.0,chinabond_official,2026-08-04T15:34:50
2023-02-14,189.2802,189.2802,189.2802,189.2802,0.0,0.0,1.0,chinabond_official,2026-08-04T15:34:50
2023-02-15,189.3462,189.3462,189.3462,189.3462,0.0,0.0,1.0,chinabond_official,2026-08-04T15:34:50
2023-02-16,189.4322,189.4322,189.4322,189.4322,0.0,0.0,1.0,chinabond_official,2026-08-04T15:34:50
2023-02-17,189.4249,189.4249,189.4249,189.4249,0.0,0.0,1.0,chinabond_official,2026-08-04T15:34:50
2023-02-20,189.1996,189.1996,189.1996,189.1996,0.0,0.0,1.0,chinabond_official,2026-08-04T15:34:50
2023-02-21,188.9715,188.9715,188.9715,188.9715,0.0,0.0,1.0,chinabond_official,2026-08-04T15:34:50
2023-02-22,189.157,189.157,189.157,189.157,0.0,0.0,1.0,chinabond_official,2026-08-04T15:34:50
2023-02-23,189.2199,189.2199,189.2199,189.2199,0.0,0.0,1.0,chinabond_official,2026-08-04T15:34:50
2023-02-24,189.209,189.209,189.209,189.209,0.0,0.0,1.0,chinabond_official,2026-08-04T15:34:50
2023-02-27,189.2069,189.2069,189.2069,189.2069,0.0,0.0,1.0,chinabond_official,2026-08-04T15:34:50
2023-02-28,189.2437,189.2437,189.2437,189.2437,0.0,0.0,1.0,chinabond_official,2026-08-04T15:34:50
2023-03-01,189.2902,189.2902,189.2902,189.2902,0.0,0.0,1.0,chinabond_official,2026-08-04T15:34:50
2023-03-02,189.2431,189.2431,189.2431,189.2431,0.0,0.0,1.0,chinabond_official,2026-08-04T15:34:50
2023-03-03,189.2098,189.2098,189.2098,189.2098,0.0,0.0,1.0,chinabond_official,2026-08-04T15:34:50
2023-03-06,189.7704,189.7704,189.7704,189.7704,0.0,0.0,1.0,chinabond_official,2026-08-04T15:34:50
2023-03-07,189.9307,189.9307,189.9307,189.9307,0.0,0.0,1.0,chinabond_official,2026-08-04T15:34:50
2023-03-08,189.959,189.959,189.959,189.959,0.0,0.0,1.0,chinabond_official,2026-08-04T15:34:50
2023-03-09,190.1545,190.1545,190.1545,190.1545,0.0,0.0,1.0,chinabond_official,2026-08-04T15:34:50
2023-03-10,190.4488,190.4488,190.4488,190.4488,0.0,0.0,1.0,chinabond_official,2026-08-04T15:34:50
2023-03-13,190.534,190.534,190.534,190.534,0.0,0.0,1.0,chinabond_official,2026-08-04T15:34:50
2023-03-14,190.741,190.741,190.741,190.741,0.0,0.0,1.0,chinabond_official,2026-08-04T15:34:50
2023-03-15,190.7506,190.7506,190.7506,190.7506,0.0,0.0,1.0,chinabond_official,2026-08-04T15:34:50
2023-03-16,191.3852,191.3852,191.3852,191.3852,0.0,0.0,1.0,chinabond_official,2026-08-04T15:34:50
2023-03-17,191.7857,191.7857,191.7857,191.7857,0.0,0.0,1.0,chinabond_official,2026-08-04T15:34:50
2023-03-20,192.1733,192.1733,192.1733,192.1733,0.0,0.0,1.0,chinabond_official,2026-08-04T15:34:50
2023-03-21,192.1523,192.1523,192.1523,192.1523,0.0,0.0,1.0,chinabond_official,2026-08-04T15:34:50
2023-03-22,192.0522,192.0522,192.0522,192.0522,0.0,0.0,1.0,chinabond_official,2026-08-04T15:34:50
2023-03-23,192.0162,192.0162,192.0162,192.0162,0.0,0.0,1.0,chinabond_official,2026-08-04T15:34:50
2023-03-24,191.8149,191.8149,191.8149,191.8149,0.0,0.0,1.0,chinabond_official,2026-08-04T15:34:50
2023-03-27,192.1092,192.1092,192.1092,192.1092,0.0,0.0,1.0,chinabond_official,2026-08-04T15:34:50
2023-03-28,192.0602,192.0602,192.0602,192.0602,0.0,0.0,1.0,chinabond_official,2026-08-04T15:34:50
2023-03-29,192.074,192.074,192.074,192.074,0.0,0.0,1.0,chinabond_official,2026-08-04T15:34:50
2023-03-30,192.1572,192.1572,192.1572,192.1572,0.0,0.0,1.0,chinabond_official,2026-08-04T15:34:50
2023-03-31,191.9425,191.9425,191.9425,191.9425,0.0,0.0,1.0,chinabond_official,2026-08-04T15:34:50
2023-04-03,191.7716,191.7716,191.7716,191.7716,0.0,0.0,1.0,chinabond_official,2026-08-04T15:34:50
2023-04-04,191.6871,191.6871,191.6871,191.6871,0.0,0.0,1.0,chinabond_official,2026-08-04T15:34:50
2023-04-06,191.7045,191.7045,191.7045,191.7045,0.0,0.0,1.0,chinabond_official,2026-08-04T15:34:50
2023-04-07,191.9684,191.9684,191.9684,191.9684,0.0,0.0,1.0,chinabond_official,2026-08-04T15:34:50
2023-04-10,192.194,192.194,192.194,192.194,0.0,0.0,1.0,chinabond_official,2026-08-04T15:34:50
2023-04-11,192.6192,192.6192,192.6192,192.6192,0.0,0.0,1.0,chinabond_official,2026-08-04T15:34:50
2023-04-12,193.2882,193.2882,193.2882,193.2882,0.0,0.0,1.0,chinabond_official,2026-08-04T15:34:50
2023-04-13,193.1841,193.1841,193.1841,193.1841,0.0,0.0,1.0,chinabond_official,2026-08-04T15:34:50
2023-04-14,193.22,193.22,193.22,193.22,0.0,0.0,1.0,chinabond_official,2026-08-04T15:34:50
2023-04-17,193.0145,193.0145,193.0145,193.0145,0.0,0.0,1.0,chinabond_official,2026-08-04T15:34:50
2023-04-18,193.2006,193.2006,193.2006,193.2006,0.0,0.0,1.0,chinabond_official,2026-08-04T15:34:50
2023-04-19,193.5834,193.5834,193.5834,193.5834,0.0,0.0,1.0,chinabond_official,2026-08-04T15:34:50
2023-04-20,193.733,193.733,193.733,193.733,0.0,0.0,1.0,chinabond_official,2026-08-04T15:34:50
2023-04-21,194.0248,194.0248,194.0248,194.0248,0.0,0.0,1.0,chinabond_official,2026-08-04T15:34:50
2023-04-23,194.1745,194.1745,194.1745,194.1745,0.0,0.0,1.0,chinabond_official,2026-08-04T15:34:50
2023-04-24,194.4903,194.4903,194.4903,194.4903,0.0,0.0,1.0,chinabond_official,2026-08-04T15:34:50
2023-04-25,194.5936,194.5936,194.5936,194.5936,0.0,0.0,1.0,chinabond_official,2026-08-04T15:34:50
2023-04-26,194.6895,194.6895,194.6895,194.6895,0.0,0.0,1.0,chinabond_official,2026-08-04T15:34:50
2023-04-27,195.1761,195.1761,195.1761,195.1761,0.0,0.0,1.0,chinabond_official,2026-08-04T15:34:50
2023-04-28,195.2411,195.2411,195.2411,195.2411,0.0,0.0,1.0,chinabond_official,2026-08-04T15:34:50
2023-05-04,195.848,195.848,195.848,195.848,0.0,0.0,1.0,chinabond_official,2026-08-04T15:34:50
2023-05-05,196.4634,196.4634,196.4634,196.4634,0.0,0.0,1.0,chinabond_official,2026-08-04T15:34:50
2023-05-06,196.488,196.488,196.488,196.488,0.0,0.0,1.0,chinabond_official,2026-08-04T15:34:50
2023-05-08,196.1216,196.1216,196.1216,196.1216,0.0,0.0,1.0,chinabond_official,2026-08-04T15:34:50
2023-05-09,196.1583,196.1583,196.1583,196.1583,0.0,0.0,1.0,chinabond_official,2026-08-04T15:34:50
2023-05-10,196.5443,196.5443,196.5443,196.5443,0.0,0.0,1.0,chinabond_official,2026-08-04T15:34:50
2023-05-11,196.9891,196.9891,196.9891,196.9891,0.0,0.0,1.0,chinabond_official,2026-08-04T15:34:50
2023-05-12,196.8914,196.8914,196.8914,196.8914,0.0,0.0,1.0,chinabond_official,2026-08-04T15:34:50
2023-05-15,196.701,196.701,196.701,196.701,0.0,0.0,1.0,chinabond_official,2026-08-04T15:34:50
2023-05-16,196.5748,196.5748,196.5748,196.5748,0.0,0.0,1.0,chinabond_official,2026-08-04T15:34:50
2023-05-17,196.4163,196.4163,196.4163,196.4163,0.0,0.0,1.0,chinabond_official,2026-08-04T15:34:50
2023-05-18,196.2159,196.2159,196.2159,196.2159,0.0,0.0,1.0,chinabond_official,2026-08-04T15:34:50
2023-05-19,196.4391,196.4391,196.4391,196.4391,0.0,0.0,1.0,chinabond_official,2026-08-04T15:34:50
2023-05-22,196.5727,196.5727,196.5727,196.5727,0.0,0.0,1.0,chinabond_official,2026-08-04T15:34:50
2023-05-23,196.9243,196.9243,196.9243,196.9243,0.0,0.0,1.0,chinabond_official,2026-08-04T15:34:50
2023-05-24,196.9638,196.9638,196.9638,196.9638,0.0,0.0,1.0,chinabond_official,2026-08-04T15:34:50
2023-05-25,196.9069,196.9069,196.9069,196.9069,0.0,0.0,1.0,chinabond_official,2026-08-04T15:34:50
2023-05-26,196.5454,196.5454,196.5454,196.5454,0.0,0.0,1.0,chinabond_official,2026-08-04T15:34:50
2023-05-29,196.5363,196.5363,196.5363,196.5363,0.0,0.0,1.0,chinabond_official,2026-08-04T15:34:50
2023-05-30,196.7273,196.7273,196.7273,196.7273,0.0,0.0,1.0,chinabond_official,2026-08-04T15:34:50
2023-05-31,196.8035,196.8035,196.8035,196.8035,0.0,0.0,1.0,chinabond_official,2026-08-04T15:34:50
2023-06-01,197.0187,197.0187,197.0187,197.0187,0.0,0.0,1.0,chinabond_official,2026-08-04T15:34:50
2023-06-02,196.6551,196.6551,196.6551,196.6551,0.0,0.0,1.0,chinabond_official,2026-08-04T15:34:50
2023-06-05,196.7696,196.7696,196.7696,196.7696,0.0,0.0,1.0,chinabond_official,2026-08-04T15:34:50
2023-06-06,196.9241,196.9241,196.9241,196.9241,0.0,0.0,1.0,chinabond_official,2026-08-04T15:34:50
2023-06-07,197.155,197.155,197.155,197.155,0.0,0.0,1.0,chinabond_official,2026-08-04T15:34:50
2023-06-08,197.176,197.176,197.176,197.176,0.0,0.0,1.0,chinabond_official,2026-08-04T15:34:50
2023-06-09,197.6864,197.6864,197.6864,197.6864,0.0,0.0,1.0,chinabond_official,2026-08-04T15:34:50
2023-06-12,197.971,197.971,197.971,197.971,0.0,0.0,1.0,chinabond_official,2026-08-04T15:34:50
2023-06-13,198.9183,198.9183,198.9183,198.9183,0.0,0.0,1.0,chinabond_official,2026-08-04T15:34:50
2023-06-14,199.3806,199.3806,199.3806,199.3806,0.0,0.0,1.0,chinabond_official,2026-08-04T15:34:50
2023-06-15,198.496,198.496,198.496,198.496,0.0,0.0,1.0,chinabond_official,2026-08-04T15:34:50
2023-06-16,197.7654,197.7654,197.7654,197.7654,0.0,0.0,1.0,chinabond_official,2026-08-04T15:34:50
2023-06-19,197.2684,197.2684,197.2684,197.2684,0.0,0.0,1.0,chinabond_official,2026-08-04T15:34:50
2023-06-20,197.6537,197.6537,197.6537,197.6537,0.0,0.0,1.0,chinabond_official,2026-08-04T15:34:50
2023-06-21,198.0052,198.0052,198.0052,198.0052,0.0,0.0,1.0,chinabond_official,2026-08-04T15:34:50
2023-06-25,198.3853,198.3853,198.3853,198.3853,0.0,0.0,1.0,chinabond_official,2026-08-04T15:34:50
2023-06-26,198.3962,198.3962,198.3962,198.3962,0.0,0.0,1.0,chinabond_official,2026-08-04T15:34:50
2023-06-27,198.3626,198.3626,198.3626,198.3626,0.0,0.0,1.0,chinabond_official,2026-08-04T15:34:50
2023-06-28,198.6049,198.6049,198.6049,198.6049,0.0,0.0,1.0,chinabond_official,2026-08-04T15:34:50
2023-06-29,198.7305,198.7305,198.7305,198.7305,0.0,0.0,1.0,chinabond_official,2026-08-04T15:34:50
2023-06-30,199.2292,199.2292,199.2292,199.2292,0.0,0.0,1.0,chinabond_official,2026-08-04T15:34:50
2023-07-03,199.1439,199.1439,199.1439,199.1439,0.0,0.0,1.0,chinabond_official,2026-08-04T15:34:50
2023-07-04,199.0895,199.0895,199.0895,199.0895,0.0,0.0,1.0,chinabond_official,2026-08-04T15:34:50
2023-07-05,199.1796,199.1796,199.1796,199.1796,0.0,0.0,1.0,chinabond_official,2026-08-04T15:34:50
2023-07-06,199.3582,199.3582,199.3582,199.3582,0.0,0.0,1.0,chinabond_official,2026-08-04T15:34:50
2023-07-07,199.5136,199.5136,199.5136,199.5136,0.0,0.0,1.0,chinabond_official,2026-08-04T15:34:50
2023-07-10,199.7674,199.7674,199.7674,199.7674,0.0,0.0,1.0,chinabond_official,2026-08-04T15:34:50
2023-07-11,200.1795,200.1795,200.1795,200.1795,0.0,0.0,1.0,chinabond_official,2026-08-04T15:34:50
2023-07-12,200.2952,200.2952,200.2952,200.2952,0.0,0.0,1.0,chinabond_official,2026-08-04T15:34:50
2023-07-13,200.415,200.415,200.415,200.415,0.0,0.0,1.0,chinabond_official,2026-08-04T15:34:50
2023-07-14,200.2185,200.2185,200.2185,200.2185,0.0,0.0,1.0,chinabond_official,2026-08-04T15:34:50
2023-07-17,200.4605,200.4605,200.4605,200.4605,0.0,0.0,1.0,chinabond_official,2026-08-04T15:34:50
2023-07-18,200.8323,200.8323,200.8323,200.8323,0.0,0.0,1.0,chinabond_official,2026-08-04T15:34:50
2023-07-19,200.9709,200.9709,200.9709,200.9709,0.0,0.0,1.0,chinabond_official,2026-08-04T15:34:50
2023-07-20,201.0465,201.0465,201.0465,201.0465,0.0,0.0,1.0,chinabond_official,2026-08-04T15:34:50
2023-07-21,201.7146,201.7146,201.7146,201.7146,0.0,0.0,1.0,chinabond_official,2026-08-04T15:34:50
2023-07-24,202.6086,202.6086,202.6086,202.6086,0.0,0.0,1.0,chinabond_official,2026-08-04T15:34:50
2023-07-25,200.7776,200.7776,200.7776,200.7776,0.0,0.0,1.0,chinabond_official,2026-08-04T15:34:50
2023-07-26,201.2358,201.2358,201.2358,201.2358,0.0,0.0,1.0,chinabond_official,2026-08-04T15:34:50
2023-07-27,201.718,201.718,201.718,201.718,0.0,0.0,1.0,chinabond_official,2026-08-04T15:34:50
2023-07-28,201.4796,201.4796,201.4796,201.4796,0.0,0.0,1.0,chinabond_official,2026-08-04T15:34:50
2023-07-31,201.1945,201.1945,201.1945,201.1945,0.0,0.0,1.0,chinabond_official,2026-08-04T15:34:50
2023-08-01,201.3745,201.3745,201.3745,201.3745,0.0,0.0,1.0,chinabond_official,2026-08-04T15:34:50
2023-08-02,201.7189,201.7189,201.7189,201.7189,0.0,0.0,1.0,chinabond_official,2026-08-04T15:34:50
2023-08-03,201.9753,201.9753,201.9753,201.9753,0.0,0.0,1.0,chinabond_official,2026-08-04T15:34:50
2023-08-04,201.9927,201.9927,201.9927,201.9927,0.0,0.0,1.0,chinabond_official,2026-08-04T15:34:50
2023-08-07,202.2092,202.2092,202.2092,202.2092,0.0,0.0,1.0,chinabond_official,2026-08-04T15:34:50
2023-08-08,202.2805,202.2805,202.2805,202.2805,0.0,0.0,1.0,chinabond_official,2026-08-04T15:34:50
2023-08-09,202.2999,202.2999,202.2999,202.2999,0.0,0.0,1.0,chinabond_official,2026-08-04T15:34:50
2023-08-10,202.2403,202.2403,202.2403,202.2403,0.0,0.0,1.0,chinabond_official,2026-08-04T15:34:50
2023-08-11,202.3704,202.3704,202.3704,202.3704,0.0,0.0,1.0,chinabond_official,2026-08-04T15:34:50
2023-08-14,202.9975,202.9975,202.9975,202.9975,0.0,0.0,1.0,chinabond_official,2026-08-04T15:34:50
2023-08-15,204.1594,204.1594,204.1594,204.1594,0.0,0.0,1.0,chinabond_official,2026-08-04T15:34:50
2023-08-16,204.4443,204.4443,204.4443,204.4443,0.0,0.0,1.0,chinabond_official,2026-08-04T15:34:50
2023-08-17,204.3601,204.3601,204.3601,204.3601,0.0,0.0,1.0,chinabond_official,2026-08-04T15:34:50
2023-08-18,204.6127,204.6127,204.6127,204.6127,0.0,0.0,1.0,chinabond_official,2026-08-04T15:34:50
2023-08-21,205.9159,205.9159,205.9159,205.9159,0.0,0.0,1.0,chinabond_official,2026-08-04T15:34:50
2023-08-22,205.9666,205.9666,205.9666,205.9666,0.0,0.0,1.0,chinabond_official,2026-08-04T15:34:50
2023-08-23,206.2001,206.2001,206.2001,206.2001,0.0,0.0,1.0,chinabond_official,2026-08-04T15:34:50
2023-08-24,206.41,206.41,206.41,206.41,0.0,0.0,1.0,chinabond_official,2026-08-04T15:34:50
2023-08-25,206.2484,206.2484,206.2484,206.2484,0.0,0.0,1.0,chinabond_official,2026-08-04T15:34:50
2023-08-28,205.9634,205.9634,205.9634,205.9634,0.0,0.0,1.0,chinabond_official,2026-08-04T15:34:50
2023-08-29,205.7419,205.7419,205.7419,205.7419,0.0,0.0,1.0,chinabond_official,2026-08-04T15:34:50
2023-08-30,205.7568,205.7568,205.7568,205.7568,0.0,0.0,1.0,chinabond_official,2026-08-04T15:34:50
2023-08-31,205.7749,205.7749,205.7749,205.7749,0.0,0.0,1.0,chinabond_official,2026-08-04T15:34:50
2023-09-01,205.047,205.047,205.047,205.047,0.0,0.0,1.0,chinabond_official,2026-08-04T15:34:50
2023-09-04,203.7603,203.7603,203.7603,203.7603,0.0,0.0,1.0,chinabond_official,2026-08-04T15:34:50
2023-09-05,203.4832,203.4832,203.4832,203.4832,0.0,0.0,1.0,chinabond_official,2026-08-04T15:34:50
2023-09-06,202.6155,202.6155,202.6155,202.6155,0.0,0.0,1.0,chinabond_official,2026-08-04T15:34:50
2023-09-07,202.3402,202.3402,202.3402,202.3402,0.0,0.0,1.0,chinabond_official,2026-08-04T15:34:50
2023-09-08,202.3527,202.3527,202.3527,202.3527,0.0,0.0,1.0,chinabond_official,2026-08-04T15:34:50
2023-09-11,202.3733,202.3733,202.3733,202.3733,0.0,0.0,1.0,chinabond_official,2026-08-04T15:34:50
2023-09-12,202.5848,202.5848,202.5848,202.5848,0.0,0.0,1.0,chinabond_official,2026-08-04T15:34:50
2023-09-13,202.8045,202.8045,202.8045,202.8045,0.0,0.0,1.0,chinabond_official,2026-08-04T15:34:50
2023-09-14,203.5625,203.5625,203.5625,203.5625,0.0,0.0,1.0,chinabond_official,2026-08-04T15:34:50
2023-09-15,202.6955,202.6955,202.6955,202.6955,0.0,0.0,1.0,chinabond_official,2026-08-04T15:34:50
2023-09-18,202.4428,202.4428,202.4428,202.4428,0.0,0.0,1.0,chinabond_official,2026-08-04T15:34:50
2023-09-19,202.324,202.324,202.324,202.324,0.0,0.0,1.0,chinabond_official,2026-08-04T15:34:50
2023-09-20,202.0922,202.0922,202.0922,202.0922,0.0,0.0,1.0,chinabond_official,2026-08-04T15:34:50
2023-09-21,202.3409,202.3409,202.3409,202.3409,0.0,0.0,1.0,chinabond_official,2026-08-04T15:34:50
2023-09-22,201.8444,201.8444,201.8444,201.8444,0.0,0.0,1.0,chinabond_official,2026-08-04T15:34:50
2023-09-25,201.2599,201.2599,201.2599,201.2599,0.0,0.0,1.0,chinabond_official,2026-08-04T15:34:50
2023-09-26,201.2492,201.2492,201.2492,201.2492,0.0,0.0,1.0,chinabond_official,2026-08-04T15:34:50
2023-09-27,201.2334,201.2334,201.2334,201.2334,0.0,0.0,1.0,chinabond_official,2026-08-04T15:34:50
2023-09-28,201.8725,201.8725,201.8725,201.8725,0.0,0.0,1.0,chinabond_official,2026-08-04T15:34:50
2023-10-07,202.4104,202.4104,202.4104,202.4104,0.0,0.0,1.0,chinabond_official,2026-08-04T15:34:50
2023-10-08,202.3369,202.3369,202.3369,202.3369,0.0,0.0,1.0,chinabond_official,2026-08-04T15:34:50
2023-10-09,202.3378,202.3378,202.3378,202.3378,0.0,0.0,1.0,chinabond_official,2026-08-04T15:34:50
2023-10-10,202.1155,202.1155,202.1155,202.1155,0.0,0.0,1.0,chinabond_official,2026-08-04T15:34:50
2023-10-11,201.7103,201.7103,201.7103,201.7103,0.0,0.0,1.0,chinabond_official,2026-08-04T15:34:50
2023-10-12,201.6812,201.6812,201.6812,201.6812,0.0,0.0,1.0,chinabond_official,2026-08-04T15:34:50
2023-10-13,202.1878,202.1878,202.1878,202.1878,0.0,0.0,1.0,chinabond_official,2026-08-04T15:34:50
2023-10-16,202.2502,202.2502,202.2502,202.2502,0.0,0.0,1.0,chinabond_official,2026-08-04T15:34:50
2023-10-17,202.0176,202.0176,202.0176,202.0176,0.0,0.0,1.0,chinabond_official,2026-08-04T15:34:50
2023-10-18,201.9241,201.9241,201.9241,201.9241,0.0,0.0,1.0,chinabond_official,2026-08-04T15:34:50
2023-10-19,201.4447,201.4447,201.4447,201.4447,0.0,0.0,1.0,chinabond_official,2026-08-04T15:34:50
2023-10-20,201.587,201.587,201.587,201.587,0.0,0.0,1.0,chinabond_official,2026-08-04T15:34:50
2023-10-23,201.8489,201.8489,201.8489,201.8489,0.0,0.0,1.0,chinabond_official,2026-08-04T15:34:50
2023-10-24,201.5536,201.5536,201.5536,201.5536,0.0,0.0,1.0,chinabond_official,2026-08-04T15:34:50
2023-10-25,201.5353,201.5353,201.5353,201.5353,0.0,0.0,1.0,chinabond_official,2026-08-04T15:34:50
2023-10-26,201.3283,201.3283,201.3283,201.3283,0.0,0.0,1.0,chinabond_official,2026-08-04T15:34:50
2023-10-27,201.0182,201.0182,201.0182,201.0182,0.0,0.0,1.0,chinabond_official,2026-08-04T15:34:50
2023-10-30,201.1222,201.1222,201.1222,201.1222,0.0,0.0,1.0,chinabond_official,2026-08-04T15:34:50
2023-10-31,201.5853,201.5853,201.5853,201.5853,0.0,0.0,1.0,chinabond_official,2026-08-04T15:34:50
2023-11-01,201.7622,201.7622,201.7622,201.7622,0.0,0.0,1.0,chinabond_official,2026-08-04T15:34:50
2023-11-02,202.6436,202.6436,202.6436,202.6436,0.0,0.0,1.0,chinabond_official,2026-08-04T15:34:50
2023-11-03,202.4008,202.4008,202.4008,202.4008,0.0,0.0,1.0,chinabond_official,2026-08-04T15:34:50
2023-11-06,202.6124,202.6124,202.6124,202.6124,0.0,0.0,1.0,chinabond_official,2026-08-04T15:34:50
2023-11-07,202.6626,202.6626,202.6626,202.6626,0.0,0.0,1.0,chinabond_official,2026-08-04T15:34:50
2023-11-08,202.9785,202.9785,202.9785,202.9785,0.0,0.0,1.0,chinabond_official,2026-08-04T15:34:50
2023-11-09,203.1751,203.1751,203.1751,203.1751,0.0,0.0,1.0,chinabond_official,2026-08-04T15:34:50
2023-11-10,203.4785,203.4785,203.4785,203.4785,0.0,0.0,1.0,chinabond_official,2026-08-04T15:34:50
2023-11-13,203.8198,203.8198,203.8198,203.8198,0.0,0.0,1.0,chinabond_official,2026-08-04T15:34:50
2023-11-14,203.5885,203.5885,203.5885,203.5885,0.0,0.0,1.0,chinabond_official,2026-08-04T15:34:50
2023-11-15,203.3791,203.3791,203.3791,203.3791,0.0,0.0,1.0,chinabond_official,2026-08-04T15:34:50
2023-11-16,203.7074,203.7074,203.7074,203.7074,0.0,0.0,1.0,chinabond_official,2026-08-04T15:34:50
2023-11-17,204.0431,204.0431,204.0431,204.0431,0.0,0.0,1.0,chinabond_official,2026-08-04T15:34:50
2023-11-20,204.1303,204.1303,204.1303,204.1303,0.0,0.0,1.0,chinabond_official,2026-08-04T15:34:50
2023-11-21,204.086,204.086,204.086,204.086,0.0,0.0,1.0,chinabond_official,2026-08-04T15:34:50
2023-11-22,203.6122,203.6122,203.6122,203.6122,0.0,0.0,1.0,chinabond_official,2026-08-04T15:34:50
2023-11-23,202.8524,202.8524,202.8524,202.8524,0.0,0.0,1.0,chinabond_official,2026-08-04T15:34:50
2023-11-24,202.9044,202.9044,202.9044,202.9044,0.0,0.0,1.0,chinabond_official,2026-08-04T15:34:50
2023-11-27,202.6684,202.6684,202.6684,202.6684,0.0,0.0,1.0,chinabond_official,2026-08-04T15:34:50
2023-11-28,203.1567,203.1567,203.1567,203.1567,0.0,0.0,1.0,chinabond_official,2026-08-04T15:34:50
2023-11-29,203.4981,203.4981,203.4981,203.4981,0.0,0.0,1.0,chinabond_official,2026-08-04T15:34:50
2023-11-30,203.9401,203.9401,203.9401,203.9401,0.0,0.0,1.0,chinabond_official,2026-08-04T15:34:50
2023-12-01,203.8135,203.8135,203.8135,203.8135,0.0,0.0,1.0,chinabond_official,2026-08-04T15:34:50
2023-12-04,203.7533,203.7533,203.7533,203.7533,0.0,0.0,1.0,chinabond_official,2026-08-04T15:34:50
2023-12-05,203.915,203.915,203.915,203.915,0.0,0.0,1.0,chinabond_official,2026-08-04T15:34:50
2023-12-06,203.9247,203.9247,203.9247,203.9247,0.0,0.0,1.0,chinabond_official,2026-08-04T15:34:50
2023-12-07,203.9741,203.9741,203.9741,203.9741,0.0,0.0,1.0,chinabond_official,2026-08-04T15:34:50
2023-12-08,204.1556,204.1556,204.1556,204.1556,0.0,0.0,1.0,chinabond_official,2026-08-04T15:34:50
2023-12-11,204.6887,204.6887,204.6887,204.6887,0.0,0.0,1.0,chinabond_official,2026-08-04T15:34:50
2023-12-12,204.6678,204.6678,204.6678,204.6678,0.0,0.0,1.0,chinabond_official,2026-08-04T15:34:50
2023-12-13,205.3247,205.3247,205.3247,205.3247,0.0,0.0,1.0,chinabond_official,2026-08-04T15:34:50
2023-12-14,205.2759,205.2759,205.2759,205.2759,0.0,0.0,1.0,chinabond_official,2026-08-04T15:34:50
2023-12-15,206.1306,206.1306,206.1306,206.1306,0.0,0.0,1.0,chinabond_official,2026-08-04T15:34:50
2023-12-18,206.7373,206.7373,206.7373,206.7373,0.0,0.0,1.0,chinabond_official,2026-08-04T15:34:50
2023-12-19,206.6954,206.6954,206.6954,206.6954,0.0,0.0,1.0,chinabond_official,2026-08-04T15:34:50
2023-12-20,206.84,206.84,206.84,206.84,0.0,0.0,1.0,chinabond_official,2026-08-04T15:34:50
2023-12-21,208.1978,208.1978,208.1978,208.1978,0.0,0.0,1.0,chinabond_official,2026-08-04T15:34:50
2023-12-22,208.4169,208.4169,208.4169,208.4169,0.0,0.0,1.0,chinabond_official,2026-08-04T15:34:50
2023-12-25,209.4634,209.4634,209.4634,209.4634,0.0,0.0,1.0,chinabond_official,2026-08-04T15:34:50
2023-12-26,208.967,208.967,208.967,208.967,0.0,0.0,1.0,chinabond_official,2026-08-04T15:34:50
2023-12-27,209.0884,209.0884,209.0884,209.0884,0.0,0.0,1.0,chinabond_official,2026-08-04T15:34:50
2023-12-28,208.9666,208.9666,208.9666,208.9666,0.0,0.0,1.0,chinabond_official,2026-08-04T15:34:50
2023-12-29,208.905,208.905,208.905,208.905,0.0,0.0,1.0,chinabond_official,2026-08-04T15:34:50
2023-12-31,209.0134,209.0134,209.0134,209.0134,0.0,0.0,1.0,chinabond_official,2026-08-04T15:34:50
2024-01-02,208.8313,208.8313,208.8313,208.8313,0.0,0.0,1.0,chinabond_official,2026-08-04T15:34:50
2024-01-03,208.6924,208.6924,208.6924,208.6924,0.0,0.0,1.0,chinabond_official,2026-08-04T15:34:50
2024-01-04,209.2847,209.2847,209.2847,209.2847,0.0,0.0,1.0,chinabond_official,2026-08-04T15:34:50
2024-01-05,209.9144,209.9144,209.9144,209.9144,0.0,0.0,1.0,chinabond_official,2026-08-04T15:34:50
2024-01-08,210.0452,210.0452,210.0452,210.0452,0.0,0.0,1.0,chinabond_official,2026-08-04T15:34:50
2024-01-09,211.1871,211.1871,211.1871,211.1871,0.0,0.0,1.0,chinabond_official,2026-08-04T15:34:50
2024-01-10,211.0083,211.0083,211.0083,211.0083,0.0,0.0,1.0,chinabond_official,2026-08-04T15:34:50
2024-01-11,210.7419,210.7419,210.7419,210.7419,0.0,0.0,1.0,chinabond_official,2026-08-04T15:34:50
2024-01-12,210.214,210.214,210.214,210.214,0.0,0.0,1.0,chinabond_official,2026-08-04T15:34:50
2024-01-15,210.4834,210.4834,210.4834,210.4834,0.0,0.0,1.0,chinabond_official,2026-08-04T15:34:50
2024-01-16,210.5774,210.5774,210.5774,210.5774,0.0,0.0,1.0,chinabond_official,2026-08-04T15:34:50
2024-01-17,211.12,211.12,211.12,211.12,0.0,0.0,1.0,chinabond_official,2026-08-04T15:34:50
2024-01-18,211.3882,211.3882,211.3882,211.3882,0.0,0.0,1.0,chinabond_official,2026-08-04T15:34:50
2024-01-19,211.8253,211.8253,211.8253,211.8253,0.0,0.0,1.0,chinabond_official,2026-08-04T15:34:50
2024-01-22,213.5047,213.5047,213.5047,213.5047,0.0,0.0,1.0,chinabond_official,2026-08-04T15:34:50
2024-01-23,213.3064,213.3064,213.3064,213.3064,0.0,0.0,1.0,chinabond_official,2026-08-04T15:34:50
2024-01-24,213.2965,213.2965,213.2965,213.2965,0.0,0.0,1.0,chinabond_official,2026-08-04T15:34:50
2024-01-25,213.2801,213.2801,213.2801,213.2801,0.0,0.0,1.0,chinabond_official,2026-08-04T15:34:50
2024-01-26,213.4231,213.4231,213.4231,213.4231,0.0,0.0,1.0,chinabond_official,2026-08-04T15:34:50
2024-01-29,213.7266,213.7266,213.7266,213.7266,0.0,0.0,1.0,chinabond_official,2026-08-04T15:34:50
2024-01-30,215.6604,215.6604,215.6604,215.6604,0.0,0.0,1.0,chinabond_official,2026-08-04T15:34:50
2024-01-31,217.124,217.124,217.124,217.124,0.0,0.0,1.0,chinabond_official,2026-08-04T15:34:50
2024-02-01,217.1436,217.1436,217.1436,217.1436,0.0,0.0,1.0,chinabond_official,2026-08-04T15:34:50
2024-02-02,217.1919,217.1919,217.1919,217.1919,0.0,0.0,1.0,chinabond_official,2026-08-04T15:34:50
2024-02-04,218.2771,218.2771,218.2771,218.2771,0.0,0.0,1.0,chinabond_official,2026-08-04T15:34:50
2024-02-05,218.4364,218.4364,218.4364,218.4364,0.0,0.0,1.0,chinabond_official,2026-08-04T15:34:50
2024-02-06,216.2993,216.2993,216.2993,216.2993,0.0,0.0,1.0,chinabond_official,2026-08-04T15:34:50
2024-02-07,217.5322,217.5322,217.5322,217.5322,0.0,0.0,1.0,chinabond_official,2026-08-04T15:34:50
2024-02-08,216.7359,216.7359,216.7359,216.7359,0.0,0.0,1.0,chinabond_official,2026-08-04T15:34:50
2024-02-09,216.8683,216.8683,216.8683,216.8683,0.0,0.0,1.0,chinabond_official,2026-08-04T15:34:50
2024-02-18,217.0868,217.0868,217.0868,217.0868,0.0,0.0,1.0,chinabond_official,2026-08-04T15:34:50
2024-02-19,217.5449,217.5449,217.5449,217.5449,0.0,0.0,1.0,chinabond_official,2026-08-04T15:34:50
2024-02-20,218.3216,218.3216,218.3216,218.3216,0.0,0.0,1.0,chinabond_official,2026-08-04T15:34:50
2024-02-21,218.1364,218.1364,218.1364,218.1364,0.0,0.0,1.0,chinabond_official,2026-08-04T15:34:50
2024-02-22,218.4709,218.4709,218.4709,218.4709,0.0,0.0,1.0,chinabond_official,2026-08-04T15:34:50
2024-02-23,218.9906,218.9906,218.9906,218.9906,0.0,0.0,1.0,chinabond_official,2026-08-04T15:34:50
2024-02-26,220.383,220.383,220.383,220.383,0.0,0.0,1.0,chinabond_official,2026-08-04T15:34:50
2024-02-27,221.0921,221.0921,221.0921,221.0921,0.0,0.0,1.0,chinabond_official,2026-08-04T15:34:50
2024-02-28,222.0136,222.0136,222.0136,222.0136,0.0,0.0,1.0,chinabond_official,2026-08-04T15:34:50
2024-02-29,223.0854,223.0854,223.0854,223.0854,0.0,0.0,1.0,chinabond_official,2026-08-04T15:34:50
2024-03-01,221.3826,221.3826,221.3826,221.3826,0.0,0.0,1.0,chinabond_official,2026-08-04T15:34:50
2024-03-04,222.3395,222.3395,222.3395,222.3395,0.0,0.0,1.0,chinabond_official,2026-08-04T15:34:50
2024-03-05,222.1402,222.1402,222.1402,222.1402,0.0,0.0,1.0,chinabond_official,2026-08-04T15:34:50
2024-03-06,224.2743,224.2743,224.2743,224.2743,0.0,0.0,1.0,chinabond_official,2026-08-04T15:34:50
2024-03-07,223.8139,223.8139,223.8139,223.8139,0.0,0.0,1.0,chinabond_official,2026-08-04T15:34:50
2024-03-08,223.2176,223.2176,223.2176,223.2176,0.0,0.0,1.0,chinabond_official,2026-08-04T15:34:50
2024-03-11,221.6839,221.6839,221.6839,221.6839,0.0,0.0,1.0,chinabond_official,2026-08-04T15:34:50
2024-03-12,219.1334,219.1334,219.1334,219.1334,0.0,0.0,1.0,chinabond_official,2026-08-04T15:34:50
2024-03-13,219.8895,219.8895,219.8895,219.8895,0.0,0.0,1.0,chinabond_official,2026-08-04T15:34:50
2024-03-14,219.8395,219.8395,219.8395,219.8395,0.0,0.0,1.0,chinabond_official,2026-08-04T15:34:50
2024-03-15,220.815,220.815,220.815,220.815,0.0,0.0,1.0,chinabond_official,2026-08-04T15:34:50
2024-03-18,221.796,221.796,221.796,221.796,0.0,0.0,1.0,chinabond_official,2026-08-04T15:34:50
2024-03-19,222.7288,222.7288,222.7288,222.7288,0.0,0.0,1.0,chinabond_official,2026-08-04T15:34:50
2024-03-20,222.0986,222.0986,222.0986,222.0986,0.0,0.0,1.0,chinabond_official,2026-08-04T15:34:50
2024-03-21,221.902,221.902,221.902,221.902,0.0,0.0,1.0,chinabond_official,2026-08-04T15:34:50
2024-03-22,221.0385,221.0385,221.0385,221.0385,0.0,0.0,1.0,chinabond_official,2026-08-04T15:34:50
2024-03-25,220.411,220.411,220.411,220.411,0.0,0.0,1.0,chinabond_official,2026-08-04T15:34:50
2024-03-26,220.2684,220.2684,220.2684,220.2684,0.0,0.0,1.0,chinabond_official,2026-08-04T15:34:50
2024-03-27,221.4328,221.4328,221.4328,221.4328,0.0,0.0,1.0,chinabond_official,2026-08-04T15:34:50
2024-03-28,221.2343,221.2343,221.2343,221.2343,0.0,0.0,1.0,chinabond_official,2026-08-04T15:34:50
2024-03-29,222.0672,222.0672,222.0672,222.0672,0.0,0.0,1.0,chinabond_official,2026-08-04T15:34:50
2024-04-01,221.1681,221.1681,221.1681,221.1681,0.0,0.0,1.0,chinabond_official,2026-08-04T15:34:50
2024-04-02,221.5521,221.5521,221.5521,221.5521,0.0,0.0,1.0,chinabond_official,2026-08-04T15:34:50
2024-04-03,222.2832,222.2832,222.2832,222.2832,0.0,0.0,1.0,chinabond_official,2026-08-04T15:34:50
2024-04-07,221.9274,221.9274,221.9274,221.9274,0.0,0.0,1.0,chinabond_official,2026-08-04T15:34:50
2024-04-08,222.6546,222.6546,222.6546,222.6546,0.0,0.0,1.0,chinabond_official,2026-08-04T15:34:50
2024-04-09,222.8333,222.8333,222.8333,222.8333,0.0,0.0,1.0,chinabond_official,2026-08-04T15:34:50
2024-04-10,221.9304,221.9304,221.9304,221.9304,0.0,0.0,1.0,chinabond_official,2026-08-04T15:34:50
2024-04-11,221.3947,221.3947,221.3947,221.3947,0.0,0.0,1.0,chinabond_official,2026-08-04T15:34:50
2024-04-12,221.7627,221.7627,221.7627,221.7627,0.0,0.0,1.0,chinabond_official,2026-08-04T15:34:50
2024-04-15,221.8543,221.8543,221.8543,221.8543,0.0,0.0,1.0,chinabond_official,2026-08-04T15:34:50
2024-04-16,222.4908,222.4908,222.4908,222.4908,0.0,0.0,1.0,chinabond_official,2026-08-04T15:34:50
2024-04-17,223.0227,223.0227,223.0227,223.0227,0.0,0.0,1.0,chinabond_official,2026-08-04T15:34:50
2024-04-18,223.9932,223.9932,223.9932,223.9932,0.0,0.0,1.0,chinabond_official,2026-08-04T15:34:50
2024-04-19,224.7021,224.7021,224.7021,224.7021,0.0,0.0,1.0,chinabond_official,2026-08-04T15:34:50
2024-04-22,225.5888,225.5888,225.5888,225.5888,0.0,0.0,1.0,chinabond_official,2026-08-04T15:34:50
2024-04-23,226.0061,226.0061,226.0061,226.0061,0.0,0.0,1.0,chinabond_official,2026-08-04T15:34:50
2024-04-24,223.6055,223.6055,223.6055,223.6055,0.0,0.0,1.0,chinabond_official,2026-08-04T15:34:50
2024-04-25,223.3687,223.3687,223.3687,223.3687,0.0,0.0,1.0,chinabond_official,2026-08-04T15:34:50
2024-04-26,221.6248,221.6248,221.6248,221.6248,0.0,0.0,1.0,chinabond_official,2026-08-04T15:34:50
2024-04-28,221.0384,221.0384,221.0384,221.0384,0.0,0.0,1.0,chinabond_official,2026-08-04T15:34:50
2024-04-29,220.4361,220.4361,220.4361,220.4361,0.0,0.0,1.0,chinabond_official,2026-08-04T15:34:50
2024-04-30,221.9098,221.9098,221.9098,221.9098,0.0,0.0,1.0,chinabond_official,2026-08-04T15:34:50
2024-05-06,221.1512,221.1512,221.1512,221.1512,0.0,0.0,1.0,chinabond_official,2026-08-04T15:34:50
2024-05-07,221.694,221.694,221.694,221.694,0.0,0.0,1.0,chinabond_official,2026-08-04T15:34:50
2024-05-08,221.6339,221.6339,221.6339,221.6339,0.0,0.0,1.0,chinabond_official,2026-08-04T15:34:50
2024-05-09,220.8834,220.8834,220.8834,220.8834,0.0,0.0,1.0,chinabond_official,2026-08-04T15:34:50
2024-05-10,220.5827,220.5827,220.5827,220.5827,0.0,0.0,1.0,chinabond_official,2026-08-04T15:34:50
2024-05-11,219.5026,219.5026,219.5026,219.5026,0.0,0.0,1.0,chinabond_official,2026-08-04T15:34:50
2024-05-13,221.8129,221.8129,221.8129,221.8129,0.0,0.0,1.0,chinabond_official,2026-08-04T15:34:50
2024-05-14,222.0454,222.0454,222.0454,222.0454,0.0,0.0,1.0,chinabond_official,2026-08-04T15:34:50
2024-05-15,221.7493,221.7493,221.7493,221.7493,0.0,0.0,1.0,chinabond_official,2026-08-04T15:34:50
2024-05-16,221.0864,221.0864,221.0864,221.0864,0.0,0.0,1.0,chinabond_official,2026-08-04T15:34:50
2024-05-17,221.0327,221.0327,221.0327,221.0327,0.0,0.0,1.0,chinabond_official,2026-08-04T15:34:50
2024-05-20,221.1133,221.1133,221.1133,221.1133,0.0,0.0,1.0,chinabond_official,2026-08-04T15:34:50
2024-05-21,220.9642,220.9642,220.9642,220.9642,0.0,0.0,1.0,chinabond_official,2026-08-04T15:34:50
2024-05-22,221.2467,221.2467,221.2467,221.2467,0.0,0.0,1.0,chinabond_official,2026-08-04T15:34:50
2024-05-23,221.9233,221.9233,221.9233,221.9233,0.0,0.0,1.0,chinabond_official,2026-08-04T15:34:50
2024-05-24,221.9941,221.9941,221.9941,221.9941,0.0,0.0,1.0,chinabond_official,2026-08-04T15:34:50
2024-05-27,221.9825,221.9825,221.9825,221.9825,0.0,0.0,1.0,chinabond_official,2026-08-04T15:34:50
2024-05-28,222.9348,222.9348,222.9348,222.9348,0.0,0.0,1.0,chinabond_official,2026-08-04T15:34:50
2024-05-29,223.3216,223.3216,223.3216,223.3216,0.0,0.0,1.0,chinabond_official,2026-08-04T15:34:50
2024-05-30,222.8874,222.8874,222.8874,222.8874,0.0,0.0,1.0,chinabond_official,2026-08-04T15:34:50
2024-05-31,222.3212,222.3212,222.3212,222.3212,0.0,0.0,1.0,chinabond_official,2026-08-04T15:34:50
2024-06-03,222.6598,222.6598,222.6598,222.6598,0.0,0.0,1.0,chinabond_official,2026-08-04T15:34:50
2024-06-04,222.81,222.81,222.81,222.81,0.0,0.0,1.0,chinabond_official,2026-08-04T15:34:50
2024-06-05,223.1426,223.1426,223.1426,223.1426,0.0,0.0,1.0,chinabond_official,2026-08-04T15:34:50
2024-06-06,223.308,223.308,223.308,223.308,0.0,0.0,1.0,chinabond_official,2026-08-04T15:34:50
2024-06-07,223.5416,223.5416,223.5416,223.5416,0.0,0.0,1.0,chinabond_official,2026-08-04T15:34:50
2024-06-11,223.9693,223.9693,223.9693,223.9693,0.0,0.0,1.0,chinabond_official,2026-08-04T15:34:50
2024-06-12,224.0326,224.0326,224.0326,224.0326,0.0,0.0,1.0,chinabond_official,2026-08-04T15:34:50
2024-06-13,224.4047,224.4047,224.4047,224.4047,0.0,0.0,1.0,chinabond_official,2026-08-04T15:34:50
2024-06-14,225.3924,225.3924,225.3924,225.3924,0.0,0.0,1.0,chinabond_official,2026-08-04T15:34:50
2024-06-17,225.3825,225.3825,225.3825,225.3825,0.0,0.0,1.0,chinabond_official,2026-08-04T15:34:50
2024-06-18,226.12,226.12,226.12,226.12,0.0,0.0,1.0,chinabond_official,2026-08-04T15:34:50
2024-06-19,226.3322,226.3322,226.3322,226.3322,0.0,0.0,1.0,chinabond_official,2026-08-04T15:34:50
2024-06-20,226.8006,226.8006,226.8006,226.8006,0.0,0.0,1.0,chinabond_official,2026-08-04T15:34:50
2024-06-21,226.3734,226.3734,226.3734,226.3734,0.0,0.0,1.0,chinabond_official,2026-08-04T15:34:50
2024-06-24,227.1491,227.1491,227.1491,227.1491,0.0,0.0,1.0,chinabond_official,2026-08-04T15:34:50
2024-06-25,227.5551,227.5551,227.5551,227.5551,0.0,0.0,1.0,chinabond_official,2026-08-04T15:34:50
2024-06-26,227.607,227.607,227.607,227.607,0.0,0.0,1.0,chinabond_official,2026-08-04T15:34:50
2024-06-27,228.4348,228.4348,228.4348,228.4348,0.0,0.0,1.0,chinabond_official,2026-08-04T15:34:50
2024-06-28,228.5026,228.5026,228.5026,228.5026,0.0,0.0,1.0,chinabond_official,2026-08-04T15:34:50
2024-07-01,226.7659,226.7659,226.7659,226.7659,0.0,0.0,1.0,chinabond_official,2026-08-04T15:34:50
2024-07-02,227.3247,227.3247,227.3247,227.3247,0.0,0.0,1.0,chinabond_official,2026-08-04T15:34:50
2024-07-03,227.4797,227.4797,227.4797,227.4797,0.0,0.0,1.0,chinabond_official,2026-08-04T15:34:50
2024-07-04,227.3205,227.3205,227.3205,227.3205,0.0,0.0,1.0,chinabond_official,2026-08-04T15:34:50
2024-07-05,226.3286,226.3286,226.3286,226.3286,0.0,0.0,1.0,chinabond_official,2026-08-04T15:34:50
2024-07-08,225.9198,225.9198,225.9198,225.9198,0.0,0.0,1.0,chinabond_official,2026-08-04T15:34:50
2024-07-09,226.549,226.549,226.549,226.549,0.0,0.0,1.0,chinabond_official,2026-08-04T15:34:50
2024-07-10,226.6283,226.6283,226.6283,226.6283,0.0,0.0,1.0,chinabond_official,2026-08-04T15:34:50
2024-07-11,226.7907,226.7907,226.7907,226.7907,0.0,0.0,1.0,chinabond_official,2026-08-04T15:34:50
2024-07-12,227.3237,227.3237,227.3237,227.3237,0.0,0.0,1.0,chinabond_official,2026-08-04T15:34:50
2024-07-15,227.6873,227.6873,227.6873,227.6873,0.0,0.0,1.0,chinabond_official,2026-08-04T15:34:50
2024-07-16,227.7835,227.7835,227.7835,227.7835,0.0,0.0,1.0,chinabond_official,2026-08-04T15:34:50
2024-07-17,227.74,227.74,227.74,227.74,0.0,0.0,1.0,chinabond_official,2026-08-04T15:34:50
2024-07-18,227.4543,227.4543,227.4543,227.4543,0.0,0.0,1.0,chinabond_official,2026-08-04T15:34:50
2024-07-19,227.5823,227.5823,227.5823,227.5823,0.0,0.0,1.0,chinabond_official,2026-08-04T15:34:50
2024-07-22,228.2893,228.2893,228.2893,228.2893,0.0,0.0,1.0,chinabond_official,2026-08-04T15:34:50
2024-07-23,228.6102,228.6102,228.6102,228.6102,0.0,0.0,1.0,chinabond_official,2026-08-04T15:34:50
2024-07-24,228.6952,228.6952,228.6952,228.6952,0.0,0.0,1.0,chinabond_official,2026-08-04T15:34:50
2024-07-25,229.971,229.971,229.971,229.971,0.0,0.0,1.0,chinabond_official,2026-08-04T15:34:50
2024-07-26,230.5316,230.5316,230.5316,230.5316,0.0,0.0,1.0,chinabond_official,2026-08-04T15:34:50
2024-07-29,231.8069,231.8069,231.8069,231.8069,0.0,0.0,1.0,chinabond_official,2026-08-04T15:34:50
2024-07-30,232.4887,232.4887,232.4887,232.4887,0.0,0.0,1.0,chinabond_official,2026-08-04T15:34:50
2024-07-31,232.374,232.374,232.374,232.374,0.0,0.0,1.0,chinabond_official,2026-08-04T15:34:50
2024-08-01,233.2924,233.2924,233.2924,233.2924,0.0,0.0,1.0,chinabond_official,2026-08-04T15:34:50
2024-08-02,233.774,233.774,233.774,233.774,0.0,0.0,1.0,chinabond_official,2026-08-04T15:34:50
2024-08-05,234.6224,234.6224,234.6224,234.6224,0.0,0.0,1.0,chinabond_official,2026-08-04T15:34:50
2024-08-06,233.8081,233.8081,233.8081,233.8081,0.0,0.0,1.0,chinabond_official,2026-08-04T15:34:50
2024-08-07,234.7328,234.7328,234.7328,234.7328,0.0,0.0,1.0,chinabond_official,2026-08-04T15:34:50
2024-08-08,233.0953,233.0953,233.0953,233.0953,0.0,0.0,1.0,chinabond_official,2026-08-04T15:34:50
2024-08-09,232.6622,232.6622,232.6622,232.6622,0.0,0.0,1.0,chinabond_official,2026-08-04T15:34:50
2024-08-12,230.278,230.278,230.278,230.278,0.0,0.0,1.0,chinabond_official,2026-08-04T15:34:50
2024-08-13,231.505,231.505,231.505,231.505,0.0,0.0,1.0,chinabond_official,2026-08-04T15:34:50
2024-08-14,232.9227,232.9227,232.9227,232.9227,0.0,0.0,1.0,chinabond_official,2026-08-04T15:34:50
2024-08-15,232.3806,232.3806,232.3806,232.3806,0.0,0.0,1.0,chinabond_official,2026-08-04T15:34:50
2024-08-16,232.4261,232.4261,232.4261,232.4261,0.0,0.0,1.0,chinabond_official,2026-08-04T15:34:50
2024-08-19,233.3514,233.3514,233.3514,233.3514,0.0,0.0,1.0,chinabond_official,2026-08-04T15:34:50
2024-08-20,233.7792,233.7792,233.7792,233.7792,0.0,0.0,1.0,chinabond_official,2026-08-04T15:34:50
2024-08-21,233.7154,233.7154,233.7154,233.7154,0.0,0.0,1.0,chinabond_official,2026-08-04T15:34:50
2024-08-22,234.2434,234.2434,234.2434,234.2434,0.0,0.0,1.0,chinabond_official,2026-08-04T15:34:50
2024-08-23,234.4707,234.4707,234.4707,234.4707,0.0,0.0,1.0,chinabond_official,2026-08-04T15:34:50
2024-08-26,234.3436,234.3436,234.3436,234.3436,0.0,0.0,1.0,chinabond_official,2026-08-04T15:34:50
2024-08-27,233.0765,233.0765,233.0765,233.0765,0.0,0.0,1.0,chinabond_official,2026-08-04T15:34:50
2024-08-28,233.9154,233.9154,233.9154,233.9154,0.0,0.0,1.0,chinabond_official,2026-08-04T15:34:50
2024-08-29,233.6865,233.6865,233.6865,233.6865,0.0,0.0,1.0,chinabond_official,2026-08-04T15:34:50
2024-08-30,233.5471,233.5471,233.5471,233.5471,0.0,0.0,1.0,chinabond_official,2026-08-04T15:34:50
2024-09-02,234.6481,234.6481,234.6481,234.6481,0.0,0.0,1.0,chinabond_official,2026-08-04T15:34:50
2024-09-03,234.8652,234.8652,234.8652,234.8652,0.0,0.0,1.0,chinabond_official,2026-08-04T15:34:50
2024-09-04,235.5821,235.5821,235.5821,235.5821,0.0,0.0,1.0,chinabond_official,2026-08-04T15:34:50
2024-09-05,236.2432,236.2432,236.2432,236.2432,0.0,0.0,1.0,chinabond_official,2026-08-04T15:34:50
2024-09-06,236.2577,236.2577,236.2577,236.2577,0.0,0.0,1.0,chinabond_official,2026-08-04T15:34:50
2024-09-09,237.0759,237.0759,237.0759,237.0759,0.0,0.0,1.0,chinabond_official,2026-08-04T15:34:50
2024-09-10,237.873,237.873,237.873,237.873,0.0,0.0,1.0,chinabond_official,2026-08-04T15:34:50
2024-09-11,238.2685,238.2685,238.2685,238.2685,0.0,0.0,1.0,chinabond_official,2026-08-04T15:34:50
2024-09-12,238.8074,238.8074,238.8074,238.8074,0.0,0.0,1.0,chinabond_official,2026-08-04T15:34:50
2024-09-13,240.0141,240.0141,240.0141,240.0141,0.0,0.0,1.0,chinabond_official,2026-08-04T15:34:50
2024-09-14,241.5512,241.5512,241.5512,241.5512,0.0,0.0,1.0,chinabond_official,2026-08-04T15:34:50
2024-09-18,242.0946,242.0946,242.0946,242.0946,0.0,0.0,1.0,chinabond_official,2026-08-04T15:34:50
2024-09-19,242.1281,242.1281,242.1281,242.1281,0.0,0.0,1.0,chinabond_official,2026-08-04T15:34:50
2024-09-20,242.8629,242.8629,242.8629,242.8629,0.0,0.0,1.0,chinabond_official,2026-08-04T15:34:50
2024-09-23,243.4686,243.4686,243.4686,243.4686,0.0,0.0,1.0,chinabond_official,2026-08-04T15:34:50
2024-09-24,241.3023,241.3023,241.3023,241.3023,0.0,0.0,1.0,chinabond_official,2026-08-04T15:34:50
2024-09-25,242.5305,242.5305,242.5305,242.5305,0.0,0.0,1.0,chinabond_official,2026-08-04T15:34:50
2024-09-26,239.9522,239.9522,239.9522,239.9522,0.0,0.0,1.0,chinabond_official,2026-08-04T15:34:50
2024-09-27,234.9333,234.9333,234.9333,234.9333,0.0,0.0,1.0,chinabond_official,2026-08-04T15:34:50
2024-09-29,231.1014,231.1014,231.1014,231.1014,0.0,0.0,1.0,chinabond_official,2026-08-04T15:34:50
2024-09-30,234.1472,234.1472,234.1472,234.1472,0.0,0.0,1.0,chinabond_official,2026-08-04T15:34:50
2024-10-08,233.3905,233.3905,233.3905,233.3905,0.0,0.0,1.0,chinabond_official,2026-08-04T15:34:50
2024-10-09,234.7206,234.7206,234.7206,234.7206,0.0,0.0,1.0,chinabond_official,2026-08-04T15:34:50
2024-10-10,237.3485,237.3485,237.3485,237.3485,0.0,0.0,1.0,chinabond_official,2026-08-04T15:34:50
2024-10-11,237.2718,237.2718,237.2718,237.2718,0.0,0.0,1.0,chinabond_official,2026-08-04T15:34:50
2024-10-12,236.9951,236.9951,236.9951,236.9951,0.0,0.0,1.0,chinabond_official,2026-08-04T15:34:50
2024-10-14,236.8103,236.8103,236.8103,236.8103,0.0,0.0,1.0,chinabond_official,2026-08-04T15:34:50
2024-10-15,236.9523,236.9523,236.9523,236.9523,0.0,0.0,1.0,chinabond_official,2026-08-04T15:34:50
2024-10-16,236.3612,236.3612,236.3612,236.3612,0.0,0.0,1.0,chinabond_official,2026-08-04T15:34:50
2024-10-17,237.7339,237.7339,237.7339,237.7339,0.0,0.0,1.0,chinabond_official,2026-08-04T15:34:50
2024-10-18,236.9631,236.9631,236.9631,236.9631,0.0,0.0,1.0,chinabond_official,2026-08-04T15:34:50
2024-10-21,237.0015,237.0015,237.0015,237.0015,0.0,0.0,1.0,chinabond_official,2026-08-04T15:34:50
2024-10-22,235.9018,235.9018,235.9018,235.9018,0.0,0.0,1.0,chinabond_official,2026-08-04T15:34:50
2024-10-23,235.217,235.217,235.217,235.217,0.0,0.0,1.0,chinabond_official,2026-08-04T15:34:50
2024-10-24,235.2545,235.2545,235.2545,235.2545,0.0,0.0,1.0,chinabond_official,2026-08-04T15:34:50
2024-10-25,234.7999,234.7999,234.7999,234.7999,0.0,0.0,1.0,chinabond_official,2026-08-04T15:34:50
2024-10-28,233.9304,233.9304,233.9304,233.9304,0.0,0.0,1.0,chinabond_official,2026-08-04T15:34:50
2024-10-29,234.5234,234.5234,234.5234,234.5234,0.0,0.0,1.0,chinabond_official,2026-08-04T15:34:50
2024-10-30,234.8275,234.8275,234.8275,234.8275,0.0,0.0,1.0,chinabond_official,2026-08-04T15:34:50
2024-10-31,235.497,235.497,235.497,235.497,0.0,0.0,1.0,chinabond_official,2026-08-04T15:34:50
2024-11-01,236.2896,236.2896,236.2896,236.2896,0.0,0.0,1.0,chinabond_official,2026-08-04T15:34:50
2024-11-04,236.5961,236.5961,236.5961,236.5961,0.0,0.0,1.0,chinabond_official,2026-08-04T15:34:50
2024-11-05,237.324,237.324,237.324,237.324,0.0,0.0,1.0,chinabond_official,2026-08-04T15:34:50
2024-11-06,237.2548,237.2548,237.2548,237.2548,0.0,0.0,1.0,chinabond_official,2026-08-04T15:34:50
2024-11-07,237.3113,237.3113,237.3113,237.3113,0.0,0.0,1.0,chinabond_official,2026-08-04T15:34:50
2024-11-08,237.6689,237.6689,237.6689,237.6689,0.0,0.0,1.0,chinabond_official,2026-08-04T15:34:50
2024-11-11,238.0981,238.0981,238.0981,238.0981,0.0,0.0,1.0,chinabond_official,2026-08-04T15:34:50
2024-11-12,239.1773,239.1773,239.1773,239.1773,0.0,0.0,1.0,chinabond_official,2026-08-04T15:34:50
2024-11-13,238.666,238.666,238.666,238.666,0.0,0.0,1.0,chinabond_official,2026-08-04T15:34:50
2024-11-14,238.3399,238.3399,238.3399,238.3399,0.0,0.0,1.0,chinabond_official,2026-08-04T15:34:50
2024-11-15,237.9649,237.9649,237.9649,237.9649,0.0,0.0,1.0,chinabond_official,2026-08-04T15:34:50
2024-11-18,236.0627,236.0627,236.0627,236.0627,0.0,0.0,1.0,chinabond_official,2026-08-04T15:34:50
2024-11-19,236.8323,236.8323,236.8323,236.8323,0.0,0.0,1.0,chinabond_official,2026-08-04T15:34:50
2024-11-20,236.4383,236.4383,236.4383,236.4383,0.0,0.0,1.0,chinabond_official,2026-08-04T15:34:50
2024-11-21,237.5754,237.5754,237.5754,237.5754,0.0,0.0,1.0,chinabond_official,2026-08-04T15:34:50
2024-11-22,238.2823,238.2823,238.2823,238.2823,0.0,0.0,1.0,chinabond_official,2026-08-04T15:34:50
2024-11-25,239.3866,239.3866,239.3866,239.3866,0.0,0.0,1.0,chinabond_official,2026-08-04T15:34:50
2024-11-26,239.6405,239.6405,239.6405,239.6405,0.0,0.0,1.0,chinabond_official,2026-08-04T15:34:50
2024-11-27,239.4637,239.4637,239.4637,239.4637,0.0,0.0,1.0,chinabond_official,2026-08-04T15:34:50
2024-11-28,240.5623,240.5623,240.5623,240.5623,0.0,0.0,1.0,chinabond_official,2026-08-04T15:34:50
2024-11-29,241.1294,241.1294,241.1294,241.1294,0.0,0.0,1.0,chinabond_official,2026-08-04T15:34:50
2024-12-02,242.8474,242.8474,242.8474,242.8474,0.0,0.0,1.0,chinabond_official,2026-08-04T15:34:50
2024-12-03,242.4803,242.4803,242.4803,242.4803,0.0,0.0,1.0,chinabond_official,2026-08-04T15:34:50
2024-12-04,243.9577,243.9577,243.9577,243.9577,0.0,0.0,1.0,chinabond_official,2026-08-04T15:34:50
2024-12-05,243.8391,243.8391,243.8391,243.8391,0.0,0.0,1.0,chinabond_official,2026-08-04T15:34:50
2024-12-06,243.3161,243.3161,243.3161,243.3161,0.0,0.0,1.0,chinabond_official,2026-08-04T15:34:50
2024-12-09,244.5139,244.5139,244.5139,244.5139,0.0,0.0,1.0,chinabond_official,2026-08-04T15:34:50
2024-12-10,247.5144,247.5144,247.5144,247.5144,0.0,0.0,1.0,chinabond_official,2026-08-04T15:34:50
2024-12-11,247.8723,247.8723,247.8723,247.8723,0.0,0.0,1.0,chinabond_official,2026-08-04T15:34:50
2024-12-12,247.9545,247.9545,247.9545,247.9545,0.0,0.0,1.0,chinabond_official,2026-08-04T15:34:50
2024-12-13,249.629,249.629,249.629,249.629,0.0,0.0,1.0,chinabond_official,2026-08-04T15:34:50
2024-12-16,251.4289,251.4289,251.4289,251.4289,0.0,0.0,1.0,chinabond_official,2026-08-04T15:34:50
2024-12-17,250.871,250.871,250.871,250.871,0.0,0.0,1.0,chinabond_official,2026-08-04T15:34:50
2024-12-18,249.3736,249.3736,249.3736,249.3736,0.0,0.0,1.0,chinabond_official,2026-08-04T15:34:50
2024-12-19,249.118,249.118,249.118,249.118,0.0,0.0,1.0,chinabond_official,2026-08-04T15:34:50
2024-12-20,251.2952,251.2952,251.2952,251.2952,0.0,0.0,1.0,chinabond_official,2026-08-04T15:34:50
2024-12-23,251.3355,251.3355,251.3355,251.3355,0.0,0.0,1.0,chinabond_official,2026-08-04T15:34:50
2024-12-24,249.609,249.609,249.609,249.609,0.0,0.0,1.0,chinabond_official,2026-08-04T15:34:50
2024-12-25,248.8859,248.8859,248.8859,248.8859,0.0,0.0,1.0,chinabond_official,2026-08-04T15:34:50
2024-12-26,249.9285,249.9285,249.9285,249.9285,0.0,0.0,1.0,chinabond_official,2026-08-04T15:34:50
2024-12-27,251.7781,251.7781,251.7781,251.7781,0.0,0.0,1.0,chinabond_official,2026-08-04T15:34:50
2024-12-30,251.4612,251.4612,251.4612,251.4612,0.0,0.0,1.0,chinabond_official,2026-08-04T15:34:50
2024-12-31,253.2826,253.2826,253.2826,253.2826,0.0,0.0,1.0,chinabond_official,2026-08-04T15:34:50
2025-01-02,256.6124,256.6124,256.6124,256.6124,0.0,0.0,1.0,chinabond_official,2026-08-04T15:34:50
2025-01-03,256.2899,256.2899,256.2899,256.2899,0.0,0.0,1.0,chinabond_official,2026-08-04T15:34:50
2025-01-06,257.1096,257.1096,257.1096,257.1096,0.0,0.0,1.0,chinabond_official,2026-08-04T15:34:50
2025-01-07,255.8213,255.8213,255.8213,255.8213,0.0,0.0,1.0,chinabond_official,2026-08-04T15:34:50
2025-01-08,255.5219,255.5219,255.5219,255.5219,0.0,0.0,1.0,chinabond_official,2026-08-04T15:34:50
2025-01-09,254.259,254.259,254.259,254.259,0.0,0.0,1.0,chinabond_official,2026-08-04T15:34:50
2025-01-10,254.9555,254.9555,254.9555,254.9555,0.0,0.0,1.0,chinabond_official,2026-08-04T15:34:50
2025-01-13,254.0596,254.0596,254.0596,254.0596,0.0,0.0,1.0,chinabond_official,2026-08-04T15:34:50
2025-01-14,255.3989,255.3989,255.3989,255.3989,0.0,0.0,1.0,chinabond_official,2026-08-04T15:34:50
2025-01-15,256.0332,256.0332,256.0332,256.0332,0.0,0.0,1.0,chinabond_official,2026-08-04T15:34:50
2025-01-16,255.8119,255.8119,255.8119,255.8119,0.0,0.0,1.0,chinabond_official,2026-08-04T15:34:50
2025-01-17,255.1245,255.1245,255.1245,255.1245,0.0,0.0,1.0,chinabond_official,2026-08-04T15:34:50
2025-01-20,254.2425,254.2425,254.2425,254.2425,0.0,0.0,1.0,chinabond_official,2026-08-04T15:34:50
2025-01-21,255.6744,255.6744,255.6744,255.6744,0.0,0.0,1.0,chinabond_official,2026-08-04T15:34:50
2025-01-22,255.6728,255.6728,255.6728,255.6728,0.0,0.0,1.0,chinabond_official,2026-08-04T15:34:50
2025-01-23,255.5599,255.5599,255.5599,255.5599,0.0,0.0,1.0,chinabond_official,2026-08-04T15:34:50
2025-01-24,255.8184,255.8184,255.8184,255.8184,0.0,0.0,1.0,chinabond_official,2026-08-04T15:34:50
2025-01-26,255.7541,255.7541,255.7541,255.7541,0.0,0.0,1.0,chinabond_official,2026-08-04T15:34:50
2025-01-27,257.2764,257.2764,257.2764,257.2764,0.0,0.0,1.0,chinabond_official,2026-08-04T15:34:50
2025-02-05,258.6843,258.6843,258.6843,258.6843,0.0,0.0,1.0,chinabond_official,2026-08-04T15:34:50
2025-02-06,259.6971,259.6971,259.6971,259.6971,0.0,0.0,1.0,chinabond_official,2026-08-04T15:34:50
2025-02-07,259.5272,259.5272,259.5272,259.5272,0.0,0.0,1.0,chinabond_official,2026-08-04T15:34:50
2025-02-08,259.313,259.313,259.313,259.313,0.0,0.0,1.0,chinabond_official,2026-08-04T15:34:50
2025-02-10,258.2745,258.2745,258.2745,258.2745,0.0,0.0,1.0,chinabond_official,2026-08-04T15:34:50
2025-02-11,258.8725,258.8725,258.8725,258.8725,0.0,0.0,1.0,chinabond_official,2026-08-04T15:34:50
2025-02-12,259.1148,259.1148,259.1148,259.1148,0.0,0.0,1.0,chinabond_official,2026-08-04T15:34:50
2025-02-13,259.0756,259.0756,259.0756,259.0756,0.0,0.0,1.0,chinabond_official,2026-08-04T15:34:50
2025-02-14,258.1879,258.1879,258.1879,258.1879,0.0,0.0,1.0,chinabond_official,2026-08-04T15:34:50
2025-02-17,256.2082,256.2082,256.2082,256.2082,0.0,0.0,1.0,chinabond_official,2026-08-04T15:34:50
2025-02-18,255.6171,255.6171,255.6171,255.6171,0.0,0.0,1.0,chinabond_official,2026-08-04T15:34:50
2025-02-19,256.2223,256.2223,256.2223,256.2223,0.0,0.0,1.0,chinabond_official,2026-08-04T15:34:50
2025-02-20,254.8346,254.8346,254.8346,254.8346,0.0,0.0,1.0,chinabond_official,2026-08-04T15:34:50
2025-02-21,253.1384,253.1384,253.1384,253.1384,0.0,0.0,1.0,chinabond_official,2026-08-04T15:34:50
2025-02-24,251.4095,251.4095,251.4095,251.4095,0.0,0.0,1.0,chinabond_official,2026-08-04T15:34:50
2025-02-25,252.3269,252.3269,252.3269,252.3269,0.0,0.0,1.0,chinabond_official,2026-08-04T15:34:50
2025-02-26,252.4679,252.4679,252.4679,252.4679,0.0,0.0,1.0,chinabond_official,2026-08-04T15:34:50
2025-02-27,251.6329,251.6329,251.6329,251.6329,0.0,0.0,1.0,chinabond_official,2026-08-04T15:34:50
2025-02-28,252.9188,252.9188,252.9188,252.9188,0.0,0.0,1.0,chinabond_official,2026-08-04T15:34:50
2025-03-03,254.0891,254.0891,254.0891,254.0891,0.0,0.0,1.0,chinabond_official,2026-08-04T15:34:50
2025-03-04,253.8169,253.8169,253.8169,253.8169,0.0,0.0,1.0,chinabond_official,2026-08-04T15:34:50
2025-03-05,254.3533,254.3533,254.3533,254.3533,0.0,0.0,1.0,chinabond_official,2026-08-04T15:34:50
2025-03-06,252.5354,252.5354,252.5354,252.5354,0.0,0.0,1.0,chinabond_official,2026-08-04T15:34:50
2025-03-07,249.9385,249.9385,249.9385,249.9385,0.0,0.0,1.0,chinabond_official,2026-08-04T15:34:50
2025-03-10,249.5205,249.5205,249.5205,249.5205,0.0,0.0,1.0,chinabond_official,2026-08-04T15:34:50
2025-03-11,246.7437,246.7437,246.7437,246.7437,0.0,0.0,1.0,chinabond_official,2026-08-04T15:34:50
2025-03-12,247.7386,247.7386,247.7386,247.7386,0.0,0.0,1.0,chinabond_official,2026-08-04T15:34:50
2025-03-13,247.2421,247.2421,247.2421,247.2421,0.0,0.0,1.0,chinabond_official,2026-08-04T15:34:50
2025-03-14,247.1149,247.1149,247.1149,247.1149,0.0,0.0,1.0,chinabond_official,2026-08-04T15:34:50
2025-03-17,243.3434,243.3434,243.3434,243.3434,0.0,0.0,1.0,chinabond_official,2026-08-04T15:34:50
2025-03-18,243.3522,243.3522,243.3522,243.3522,0.0,0.0,1.0,chinabond_official,2026-08-04T15:34:50
2025-03-19,243.7957,243.7957,243.7957,243.7957,0.0,0.0,1.0,chinabond_official,2026-08-04T15:34:50
2025-03-20,246.4963,246.4963,246.4963,246.4963,0.0,0.0,1.0,chinabond_official,2026-08-04T15:34:50
2025-03-21,246.0579,246.0579,246.0579,246.0579,0.0,0.0,1.0,chinabond_official,2026-08-04T15:34:50
2025-03-24,246.7541,246.7541,246.7541,246.7541,0.0,0.0,1.0,chinabond_official,2026-08-04T15:34:50
2025-03-25,247.8635,247.8635,247.8635,247.8635,0.0,0.0,1.0,chinabond_official,2026-08-04T15:34:50
2025-03-26,249.1917,249.1917,249.1917,249.1917,0.0,0.0,1.0,chinabond_official,2026-08-04T15:34:50
2025-03-27,249.0715,249.0715,249.0715,249.0715,0.0,0.0,1.0,chinabond_official,2026-08-04T15:34:50
2025-03-28,248.3899,248.3899,248.3899,248.3899,0.0,0.0,1.0,chinabond_official,2026-08-04T15:34:50
2025-03-31,248.471,248.471,248.471,248.471,0.0,0.0,1.0,chinabond_official,2026-08-04T15:34:50
2025-04-01,248.7061,248.7061,248.7061,248.7061,0.0,0.0,1.0,chinabond_official,2026-08-04T15:34:50
2025-04-02,250.6898,250.6898,250.6898,250.6898,0.0,0.0,1.0,chinabond_official,2026-08-04T15:34:50
2025-04-03,254.4105,254.4105,254.4105,254.4105,0.0,0.0,1.0,chinabond_official,2026-08-04T15:34:50
2025-04-07,258.679,258.679,258.679,258.679,0.0,0.0,1.0,chinabond_official,2026-08-04T15:34:50
2025-04-08,257.1709,257.1709,257.1709,257.1709,0.0,0.0,1.0,chinabond_official,2026-08-04T15:34:50
2025-04-09,257.6979,257.6979,257.6979,257.6979,0.0,0.0,1.0,chinabond_official,2026-08-04T15:34:50
2025-04-10,257.0434,257.0434,257.0434,257.0434,0.0,0.0,1.0,chinabond_official,2026-08-04T15:34:50
2025-04-11,256.6781,256.6781,256.6781,256.6781,0.0,0.0,1.0,chinabond_official,2026-08-04T15:34:50
2025-04-14,256.9037,256.9037,256.9037,256.9037,0.0,0.0,1.0,chinabond_official,2026-08-04T15:34:50
2025-04-15,257.008,257.008,257.008,257.008,0.0,0.0,1.0,chinabond_official,2026-08-04T15:34:50
2025-04-16,257.1928,257.1928,257.1928,257.1928,0.0,0.0,1.0,chinabond_official,2026-08-04T15:34:50
2025-04-17,256.0811,256.0811,256.0811,256.0811,0.0,0.0,1.0,chinabond_official,2026-08-04T15:34:50
2025-04-18,256.2774,256.2774,256.2774,256.2774,0.0,0.0,1.0,chinabond_official,2026-08-04T15:34:50
2025-04-21,255.4991,255.4991,255.4991,255.4991,0.0,0.0,1.0,chinabond_official,2026-08-04T15:34:50
2025-04-22,256.5411,256.5411,256.5411,256.5411,0.0,0.0,1.0,chinabond_official,2026-08-04T15:34:50
2025-04-23,255.6139,255.6139,255.6139,255.6139,0.0,0.0,1.0,chinabond_official,2026-08-04T15:34:50
2025-04-24,255.8698,255.8698,255.8698,255.8698,0.0,0.0,1.0,chinabond_official,2026-08-04T15:34:50
2025-04-25,256.3063,256.3063,256.3063,256.3063,0.0,0.0,1.0,chinabond_official,2026-08-04T15:34:50
2025-04-27,256.2726,256.2726,256.2726,256.2726,0.0,0.0,1.0,chinabond_official,2026-08-04T15:34:50
2025-04-28,257.5654,257.5654,257.5654,257.5654,0.0,0.0,1.0,chinabond_official,2026-08-04T15:34:50
2025-04-29,259.0177,259.0177,259.0177,259.0177,0.0,0.0,1.0,chinabond_official,2026-08-04T15:34:50
2025-04-30,258.8803,258.8803,258.8803,258.8803,0.0,0.0,1.0,chinabond_official,2026-08-04T15:34:50
2025-05-06,258.9061,258.9061,258.9061,258.9061,0.0,0.0,1.0,chinabond_official,2026-08-04T15:34:50
2025-05-07,257.6819,257.6819,257.6819,257.6819,0.0,0.0,1.0,chinabond_official,2026-08-04T15:34:50
2025-05-08,258.2522,258.2522,258.2522,258.2522,0.0,0.0,1.0,chinabond_official,2026-08-04T15:34:50
2025-05-09,258.1465,258.1465,258.1465,258.1465,0.0,0.0,1.0,chinabond_official,2026-08-04T15:34:50
2025-05-12,254.7766,254.7766,254.7766,254.7766,0.0,0.0,1.0,chinabond_official,2026-08-04T15:34:50
2025-05-13,255.7516,255.7516,255.7516,255.7516,0.0,0.0,1.0,chinabond_official,2026-08-04T15:34:50
2025-05-14,255.4769,255.4769,255.4769,255.4769,0.0,0.0,1.0,chinabond_official,2026-08-04T15:34:50
2025-05-15,255.4448,255.4448,255.4448,255.4448,0.0,0.0,1.0,chinabond_official,2026-08-04T15:34:50
2025-05-16,255.3776,255.3776,255.3776,255.3776,0.0,0.0,1.0,chinabond_official,2026-08-04T15:34:50
2025-05-19,256.318,256.318,256.318,256.318,0.0,0.0,1.0,chinabond_official,2026-08-04T15:34:50
2025-05-20,256.1963,256.1963,256.1963,256.1963,0.0,0.0,1.0,chinabond_official,2026-08-04T15:34:50
2025-05-21,255.7468,255.7468,255.7468,255.7468,0.0,0.0,1.0,chinabond_official,2026-08-04T15:34:50
2025-05-22,255.6996,255.6996,255.6996,255.6996,0.0,0.0,1.0,chinabond_official,2026-08-04T15:34:50
2025-05-23,255.5284,255.5284,255.5284,255.5284,0.0,0.0,1.0,chinabond_official,2026-08-04T15:34:50
2025-05-26,255.8059,255.8059,255.8059,255.8059,0.0,0.0,1.0,chinabond_official,2026-08-04T15:34:50
2025-05-27,255.3416,255.3416,255.3416,255.3416,0.0,0.0,1.0,chinabond_official,2026-08-04T15:34:50
2025-05-28,255.0217,255.0217,255.0217,255.0217,0.0,0.0,1.0,chinabond_official,2026-08-04T15:34:50
2025-05-29,254.2386,254.2386,254.2386,254.2386,0.0,0.0,1.0,chinabond_official,2026-08-04T15:34:50
2025-05-30,255.2759,255.2759,255.2759,255.2759,0.0,0.0,1.0,chinabond_official,2026-08-04T15:34:50
2025-06-03,255.3949,255.3949,255.3949,255.3949,0.0,0.0,1.0,chinabond_official,2026-08-04T15:34:50
2025-06-04,255.5855,255.5855,255.5855,255.5855,0.0,0.0,1.0,chinabond_official,2026-08-04T15:34:50
2025-06-05,255.5458,255.5458,255.5458,255.5458,0.0,0.0,1.0,chinabond_official,2026-08-04T15:34:50
2025-06-06,256.3072,256.3072,256.3072,256.3072,0.0,0.0,1.0,chinabond_official,2026-08-04T15:34:50
2025-06-09,256.6696,256.6696,256.6696,256.6696,0.0,0.0,1.0,chinabond_official,2026-08-04T15:34:50
2025-06-10,256.8008,256.8008,256.8008,256.8008,0.0,0.0,1.0,chinabond_official,2026-08-04T15:34:50
2025-06-11,257.51,257.51,257.51,257.51,0.0,0.0,1.0,chinabond_official,2026-08-04T15:34:50
2025-06-12,257.6444,257.6444,257.6444,257.6444,0.0,0.0,1.0,chinabond_official,2026-08-04T15:34:50
2025-06-13,257.5815,257.5815,257.5815,257.5815,0.0,0.0,1.0,chinabond_official,2026-08-04T15:34:50
2025-06-16,257.8423,257.8423,257.8423,257.8423,0.0,0.0,1.0,chinabond_official,2026-08-04T15:34:50
2025-06-17,258.4546,258.4546,258.4546,258.4546,0.0,0.0,1.0,chinabond_official,2026-08-04T15:34:50
2025-06-18,258.8069,258.8069,258.8069,258.8069,0.0,0.0,1.0,chinabond_official,2026-08-04T15:34:50
2025-06-19,259.2144,259.2144,259.2144,259.2144,0.0,0.0,1.0,chinabond_official,2026-08-04T15:34:50
2025-06-20,259.4761,259.4761,259.4761,259.4761,0.0,0.0,1.0,chinabond_official,2026-08-04T15:34:50
2025-06-23,259.4973,259.4973,259.4973,259.4973,0.0,0.0,1.0,chinabond_official,2026-08-04T15:34:50
2025-06-24,258.8091,258.8091,258.8091,258.8091,0.0,0.0,1.0,chinabond_official,2026-08-04T15:34:50
2025-06-25,258.0156,258.0156,258.0156,258.0156,0.0,0.0,1.0,chinabond_official,2026-08-04T15:34:50
2025-06-26,258.441,258.441,258.441,258.441,0.0,0.0,1.0,chinabond_official,2026-08-04T15:34:50
2025-06-27,258.6283,258.6283,258.6283,258.6283,0.0,0.0,1.0,chinabond_official,2026-08-04T15:34:50
2025-06-30,258.0314,258.0314,258.0314,258.0314,0.0,0.0,1.0,chinabond_official,2026-08-04T15:34:50
2025-07-01,258.7452,258.7452,258.7452,258.7452,0.0,0.0,1.0,chinabond_official,2026-08-04T15:34:50
2025-07-02,259.3933,259.3933,259.3933,259.3933,0.0,0.0,1.0,chinabond_official,2026-08-04T15:34:50
2025-07-03,259.3653,259.3653,259.3653,259.3653,0.0,0.0,1.0,chinabond_official,2026-08-04T15:34:50
2025-07-04,259.532,259.532,259.532,259.532,0.0,0.0,1.0,chinabond_official,2026-08-04T15:34:50
2025-07-07,259.5994,259.5994,259.5994,259.5994,0.0,0.0,1.0,chinabond_official,2026-08-04T15:34:50
2025-07-08,259.1168,259.1168,259.1168,259.1168,0.0,0.0,1.0,chinabond_official,2026-08-04T15:34:50
2025-07-09,259.2077,259.2077,259.2077,259.2077,0.0,0.0,1.0,chinabond_official,2026-08-04T15:34:50
2025-07-10,258.439,258.439,258.439,258.439,0.0,0.0,1.0,chinabond_official,2026-08-04T15:34:50
2025-07-11,258.3834,258.3834,258.3834,258.3834,0.0,0.0,1.0,chinabond_official,2026-08-04T15:34:50
2025-07-14,257.8488,257.8488,257.8488,257.8488,0.0,0.0,1.0,chinabond_official,2026-08-04T15:34:50
2025-07-15,259.0493,259.0493,259.0493,259.0493,0.0,0.0,1.0,chinabond_official,2026-08-04T15:34:50
2025-07-16,258.9783,258.9783,258.9783,258.9783,0.0,0.0,1.0,chinabond_official,2026-08-04T15:34:50
2025-07-17,258.9231,258.9231,258.9231,258.9231,0.0,0.0,1.0,chinabond_official,2026-08-04T15:34:50
2025-07-18,258.5999,258.5999,258.5999,258.5999,0.0,0.0,1.0,chinabond_official,2026-08-04T15:34:50
2025-07-21,257.5306,257.5306,257.5306,257.5306,0.0,0.0,1.0,chinabond_official,2026-08-04T15:34:50
2025-07-22,256.5252,256.5252,256.5252,256.5252,0.0,0.0,1.0,chinabond_official,2026-08-04T15:34:50
2025-07-23,256.121,256.121,256.121,256.121,0.0,0.0,1.0,chinabond_official,2026-08-04T15:34:50
2025-07-24,254.2737,254.2737,254.2737,254.2737,0.0,0.0,1.0,chinabond_official,2026-08-04T15:34:50
2025-07-25,254.182,254.182,254.182,254.182,0.0,0.0,1.0,chinabond_official,2026-08-04T15:34:50
2025-07-28,255.3027,255.3027,255.3027,255.3027,0.0,0.0,1.0,chinabond_official,2026-08-04T15:34:50
2025-07-29,253.2359,253.2359,253.2359,253.2359,0.0,0.0,1.0,chinabond_official,2026-08-04T15:34:50
2025-07-30,254.9359,254.9359,254.9359,254.9359,0.0,0.0,1.0,chinabond_official,2026-08-04T15:34:50
2025-07-31,255.777,255.777,255.777,255.777,0.0,0.0,1.0,chinabond_official,2026-08-04T15:34:50
2025-08-01,255.8739,255.8739,255.8739,255.8739,0.0,0.0,1.0,chinabond_official,2026-08-04T15:34:50
2025-08-04,256.4361,256.4361,256.4361,256.4361,0.0,0.0,1.0,chinabond_official,2026-08-04T15:34:50
2025-08-05,256.2428,256.2428,256.2428,256.2428,0.0,0.0,1.0,chinabond_official,2026-08-04T15:34:50
2025-08-06,256.3152,256.3152,256.3152,256.3152,0.0,0.0,1.0,chinabond_official,2026-08-04T15:34:50
2025-08-07,256.5483,256.5483,256.5483,256.5483,0.0,0.0,1.0,chinabond_official,2026-08-04T15:34:50
2025-08-08,256.2485,256.2485,256.2485,256.2485,0.0,0.0,1.0,chinabond_official,2026-08-04T15:34:50
2025-08-11,254.44,254.44,254.44,254.44,0.0,0.0,1.0,chinabond_official,2026-08-04T15:34:50
2025-08-12,253.3314,253.3314,253.3314,253.3314,0.0,0.0,1.0,chinabond_official,2026-08-04T15:34:50
2025-08-13,253.3471,253.3471,253.3471,253.3471,0.0,0.0,1.0,chinabond_official,2026-08-04T15:34:50
2025-08-14,252.6682,252.6682,252.6682,252.6682,0.0,0.0,1.0,chinabond_official,2026-08-04T15:34:50
2025-08-15,251.7228,251.7228,251.7228,251.7228,0.0,0.0,1.0,chinabond_official,2026-08-04T15:34:50
2025-08-18,248.4715,248.4715,248.4715,248.4715,0.0,0.0,1.0,chinabond_official,2026-08-04T15:34:50
2025-08-19,249.2627,249.2627,249.2627,249.2627,0.0,0.0,1.0,chinabond_official,2026-08-04T15:34:50
2025-08-20,248.8266,248.8266,248.8266,248.8266,0.0,0.0,1.0,chinabond_official,2026-08-04T15:34:50
2025-08-21,250.0716,250.0716,250.0716,250.0716,0.0,0.0,1.0,chinabond_official,2026-08-04T15:34:50
2025-08-22,249.6707,249.6707,249.6707,249.6707,0.0,0.0,1.0,chinabond_official,2026-08-04T15:34:50
2025-08-25,251.0928,251.0928,251.0928,251.0928,0.0,0.0,1.0,chinabond_official,2026-08-04T15:34:50
2025-08-26,251.9869,251.9869,251.9869,251.9869,0.0,0.0,1.0,chinabond_official,2026-08-04T15:34:50
2025-08-27,251.7359,251.7359,251.7359,251.7359,0.0,0.0,1.0,chinabond_official,2026-08-04T15:34:50
2025-08-28,250.1859,250.1859,250.1859,250.1859,0.0,0.0,1.0,chinabond_official,2026-08-04T15:34:50
2025-08-29,250.2016,250.2016,250.2016,250.2016,0.0,0.0,1.0,chinabond_official,2026-08-04T15:34:50
2025-09-01,250.7336,250.7336,250.7336,250.7336,0.0,0.0,1.0,chinabond_official,2026-08-04T15:34:50
2025-09-02,250.6999,250.6999,250.6999,250.6999,0.0,0.0,1.0,chinabond_official,2026-08-04T15:34:50
2025-09-03,252.114,252.114,252.114,252.114,0.0,0.0,1.0,chinabond_official,2026-08-04T15:34:50
2025-09-04,251.8549,251.8549,251.8549,251.8549,0.0,0.0,1.0,chinabond_official,2026-08-04T15:34:50
2025-09-05,250.5576,250.5576,250.5576,250.5576,0.0,0.0,1.0,chinabond_official,2026-08-04T15:34:50
2025-09-08,249.1633,249.1633,249.1633,249.1633,0.0,0.0,1.0,chinabond_official,2026-08-04T15:34:50
2025-09-09,248.1655,248.1655,248.1655,248.1655,0.0,0.0,1.0,chinabond_official,2026-08-04T15:34:50
2025-09-10,246.4494,246.4494,246.4494,246.4494,0.0,0.0,1.0,chinabond_official,2026-08-04T15:34:50
2025-09-11,246.2097,246.2097,246.2097,246.2097,0.0,0.0,1.0,chinabond_official,2026-08-04T15:34:50
2025-09-12,246.9742,246.9742,246.9742,246.9742,0.0,0.0,1.0,chinabond_official,2026-08-04T15:34:50
2025-09-15,246.9677,246.9677,246.9677,246.9677,0.0,0.0,1.0,chinabond_official,2026-08-04T15:34:50
2025-09-16,247.6271,247.6271,247.6271,247.6271,0.0,0.0,1.0,chinabond_official,2026-08-04T15:34:50
2025-09-17,248.6868,248.6868,248.6868,248.6868,0.0,0.0,1.0,chinabond_official,2026-08-04T15:34:50
2025-09-18,247.9482,247.9482,247.9482,247.9482,0.0,0.0,1.0,chinabond_official,2026-08-04T15:34:50
2025-09-19,246.197,246.197,246.197,246.197,0.0,0.0,1.0,chinabond_official,2026-08-04T15:34:50
2025-09-22,246.6045,246.6045,246.6045,246.6045,0.0,0.0,1.0,chinabond_official,2026-08-04T15:34:50
2025-09-23,245.3794,245.3794,245.3794,245.3794,0.0,0.0,1.0,chinabond_official,2026-08-04T15:34:50
2025-09-24,244.109,244.109,244.109,244.109,0.0,0.0,1.0,chinabond_official,2026-08-04T15:34:50
2025-09-25,244.477,244.477,244.477,244.477,0.0,0.0,1.0,chinabond_official,2026-08-04T15:34:50
2025-09-26,244.6269,244.6269,244.6269,244.6269,0.0,0.0,1.0,chinabond_official,2026-08-04T15:34:50
2025-09-28,244.6076,244.6076,244.6076,244.6076,0.0,0.0,1.0,chinabond_official,2026-08-04T15:34:50
2025-09-29,243.67,243.67,243.67,243.67,0.0,0.0,1.0,chinabond_official,2026-08-04T15:34:50
2025-09-30,244.1997,244.1997,244.1997,244.1997,0.0,0.0,1.0,chinabond_official,2026-08-04T15:34:50
2025-10-09,244.756,244.756,244.756,244.756,0.0,0.0,1.0,chinabond_official,2026-08-04T15:34:50
2025-10-10,244.033,244.033,244.033,244.033,0.0,0.0,1.0,chinabond_official,2026-08-04T15:34:50
2025-10-11,246.2847,246.2847,246.2847,246.2847,0.0,0.0,1.0,chinabond_official,2026-08-04T15:34:50
2025-10-13,244.6847,244.6847,244.6847,244.6847,0.0,0.0,1.0,chinabond_official,2026-08-04T15:34:50
2025-10-14,245.0104,245.0104,245.0104,245.0104,0.0,0.0,1.0,chinabond_official,2026-08-04T15:34:50
2025-10-15,244.9101,244.9101,244.9101,244.9101,0.0,0.0,1.0,chinabond_official,2026-08-04T15:34:50
2025-10-16,245.7942,245.7942,245.7942,245.7942,0.0,0.0,1.0,chinabond_official,2026-08-04T15:34:50
2025-10-17,247.5742,247.5742,247.5742,247.5742,0.0,0.0,1.0,chinabond_official,2026-08-04T15:34:50
2025-10-20,246.8536,246.8536,246.8536,246.8536,0.0,0.0,1.0,chinabond_official,2026-08-04T15:34:50
2025-10-21,247.5549,247.5549,247.5549,247.5549,0.0,0.0,1.0,chinabond_official,2026-08-04T15:34:50
2025-10-22,247.5995,247.5995,247.5995,247.5995,0.0,0.0,1.0,chinabond_official,2026-08-04T15:34:50
2025-10-23,246.9742,246.9742,246.9742,246.9742,0.0,0.0,1.0,chinabond_official,2026-08-04T15:34:50
2025-10-24,246.3887,246.3887,246.3887,246.3887,0.0,0.0,1.0,chinabond_official,2026-08-04T15:34:50
2025-10-27,246.8296,246.8296,246.8296,246.8296,0.0,0.0,1.0,chinabond_official,2026-08-04T15:34:50
2025-10-28,248.2152,248.2152,248.2152,248.2152,0.0,0.0,1.0,chinabond_official,2026-08-04T15:34:50
2025-10-29,247.8313,247.8313,247.8313,247.8313,0.0,0.0,1.0,chinabond_official,2026-08-04T15:34:50
2025-10-30,248.3179,248.3179,248.3179,248.3179,0.0,0.0,1.0,chinabond_official,2026-08-04T15:34:50
2025-10-31,249.7085,249.7085,249.7085,249.7085,0.0,0.0,1.0,chinabond_official,2026-08-04T15:34:50
2025-11-03,249.7686,249.7686,249.7686,249.7686,0.0,0.0,1.0,chinabond_official,2026-08-04T15:34:50
2025-11-04,249.7134,249.7134,249.7134,249.7134,0.0,0.0,1.0,chinabond_official,2026-08-04T15:34:50
2025-11-05,249.8044,249.8044,249.8044,249.8044,0.0,0.0,1.0,chinabond_official,2026-08-04T15:34:50
2025-11-06,248.6727,248.6727,248.6727,248.6727,0.0,0.0,1.0,chinabond_official,2026-08-04T15:34:50
2025-11-07,248.7618,248.7618,248.7618,248.7618,0.0,0.0,1.0,chinabond_official,2026-08-04T15:34:50
2025-11-10,248.9866,248.9866,248.9866,248.9866,0.0,0.0,1.0,chinabond_official,2026-08-04T15:34:50
2025-11-11,249.125,249.125,249.125,249.125,0.0,0.0,1.0,chinabond_official,2026-08-04T15:34:50
2025-11-12,249.4192,249.4192,249.4192,249.4192,0.0,0.0,1.0,chinabond_official,2026-08-04T15:34:50
2025-11-13,249.0433,249.0433,249.0433,249.0433,0.0,0.0,1.0,chinabond_official,2026-08-04T15:34:50
2025-11-14,248.9947,248.9947,248.9947,248.9947,0.0,0.0,1.0,chinabond_official,2026-08-04T15:34:50
2025-11-17,249.3885,249.3885,249.3885,249.3885,0.0,0.0,1.0,chinabond_official,2026-08-04T15:34:50
2025-11-18,249.5263,249.5263,249.5263,249.5263,0.0,0.0,1.0,chinabond_official,2026-08-04T15:34:50
2025-11-19,248.9707,248.9707,248.9707,248.9707,0.0,0.0,1.0,chinabond_official,2026-08-04T15:34:50
2025-11-20,248.6768,248.6768,248.6768,248.6768,0.0,0.0,1.0,chinabond_official,2026-08-04T15:34:50
2025-11-21,248.0568,248.0568,248.0568,248.0568,0.0,0.0,1.0,chinabond_official,2026-08-04T15:34:50
2025-11-24,248.0906,248.0906,248.0906,248.0906,0.0,0.0,1.0,chinabond_official,2026-08-04T15:34:50
2025-11-25,247.1755,247.1755,247.1755,247.1755,0.0,0.0,1.0,chinabond_official,2026-08-04T15:34:50
2025-11-26,246.1352,246.1352,246.1352,246.1352,0.0,0.0,1.0,chinabond_official,2026-08-04T15:34:50
2025-11-27,245.6154,245.6154,245.6154,245.6154,0.0,0.0,1.0,chinabond_official,2026-08-04T15:34:50
2025-11-28,246.0787,246.0787,246.0787,246.0787,0.0,0.0,1.0,chinabond_official,2026-08-04T15:34:50
2025-12-01,245.9546,245.9546,245.9546,245.9546,0.0,0.0,1.0,chinabond_official,2026-08-04T15:34:50
2025-12-02,244.8367,244.8367,244.8367,244.8367,0.0,0.0,1.0,chinabond_official,2026-08-04T15:34:50
2025-12-03,243.3817,243.3817,243.3817,243.3817,0.0,0.0,1.0,chinabond_official,2026-08-04T15:34:50
2025-12-04,241.2225,241.2225,241.2225,241.2225,0.0,0.0,1.0,chinabond_official,2026-08-04T15:34:50
2025-12-05,241.565,241.565,241.565,241.565,0.0,0.0,1.0,chinabond_official,2026-08-04T15:34:50
2025-12-08,241.0745,241.0745,241.0745,241.0745,0.0,0.0,1.0,chinabond_official,2026-08-04T15:34:50
2025-12-09,242.0266,242.0266,242.0266,242.0266,0.0,0.0,1.0,chinabond_official,2026-08-04T15:34:50
2025-12-10,242.7183,242.7183,242.7183,242.7183,0.0,0.0,1.0,chinabond_official,2026-08-04T15:34:50
2025-12-11,243.6641,243.6641,243.6641,243.6641,0.0,0.0,1.0,chinabond_official,2026-08-04T15:34:50
2025-12-12,242.0328,242.0328,242.0328,242.0328,0.0,0.0,1.0,chinabond_official,2026-08-04T15:34:50
2025-12-15,240.2925,240.2925,240.2925,240.2925,0.0,0.0,1.0,chinabond_official,2026-08-04T15:34:50
2025-12-16,240.2579,240.2579,240.2579,240.2579,0.0,0.0,1.0,chinabond_official,2026-08-04T15:34:50
2025-12-17,241.8873,241.8873,241.8873,241.8873,0.0,0.0,1.0,chinabond_official,2026-08-04T15:34:50
2025-12-18,241.7339,241.7339,241.7339,241.7339,0.0,0.0,1.0,chinabond_official,2026-08-04T15:34:50
2025-12-19,242.6558,242.6558,242.6558,242.6558,0.0,0.0,1.0,chinabond_official,2026-08-04T15:34:50
2025-12-22,241.8494,241.8494,241.8494,241.8494,0.0,0.0,1.0,chinabond_official,2026-08-04T15:34:50
2025-12-23,243.0134,243.0134,243.0134,243.0134,0.0,0.0,1.0,chinabond_official,2026-08-04T15:34:50
2025-12-24,243.4866,243.4866,243.4866,243.4866,0.0,0.0,1.0,chinabond_official,2026-08-04T15:34:50
2025-12-25,243.1513,243.1513,243.1513,243.1513,0.0,0.0,1.0,chinabond_official,2026-08-04T15:34:50
2025-12-26,243.3027,243.3027,243.3027,243.3027,0.0,0.0,1.0,chinabond_official,2026-08-04T15:34:50
2025-12-29,241.1044,241.1044,241.1044,241.1044,0.0,0.0,1.0,chinabond_official,2026-08-04T15:34:50
2025-12-30,240.862,240.862,240.862,240.862,0.0,0.0,1.0,chinabond_official,2026-08-04T15:34:50
2025-12-31,240.8718,240.8718,240.8718,240.8718,0.0,0.0,1.0,chinabond_official,2026-08-04T15:34:50
2026-01-04,241.4394,241.4394,241.4394,241.4394,0.0,0.0,1.0,chinabond_official,2026-08-04T15:34:50
2026-01-05,240.1374,240.1374,240.1374,240.1374,0.0,0.0,1.0,chinabond_official,2026-08-04T15:34:50
2026-01-06,238.795,238.795,238.795,238.795,0.0,0.0,1.0,chinabond_official,2026-08-04T15:34:50
2026-01-07,237.6003,237.6003,237.6003,237.6003,0.0,0.0,1.0,chinabond_official,2026-08-04T15:34:50
2026-01-08,238.3823,238.3823,238.3823,238.3823,0.0,0.0,1.0,chinabond_official,2026-08-04T15:34:50
2026-01-09,238.9536,238.9536,238.9536,238.9536,0.0,0.0,1.0,chinabond_official,2026-08-04T15:34:50
2026-01-12,239.8314,239.8314,239.8314,239.8314,0.0,0.0,1.0,chinabond_official,2026-08-04T15:34:50
2026-01-13,239.9729,239.9729,239.9729,239.9729,0.0,0.0,1.0,chinabond_official,2026-08-04T15:34:50
2026-01-14,239.6717,239.6717,239.6717,239.6717,0.0,0.0,1.0,chinabond_official,2026-08-04T15:34:50
2026-01-15,239.6797,239.6797,239.6797,239.6797,0.0,0.0,1.0,chinabond_official,2026-08-04T15:34:50
2026-01-16,239.5957,239.5957,239.5957,239.5957,0.0,0.0,1.0,chinabond_official,2026-08-04T15:34:50
2026-01-19,239.4725,239.4725,239.4725,239.4725,0.0,0.0,1.0,chinabond_official,2026-08-04T15:34:50
2026-01-20,240.712,240.712,240.712,240.712,0.0,0.0,1.0,chinabond_official,2026-08-04T15:34:50
2026-01-21,242.0462,242.0462,242.0462,242.0462,0.0,0.0,1.0,chinabond_official,2026-08-04T15:34:50
2026-01-22,241.9523,241.9523,241.9523,241.9523,0.0,0.0,1.0,chinabond_official,2026-08-04T15:34:50
2026-01-23,242.5192,242.5192,242.5192,242.5192,0.0,0.0,1.0,chinabond_official,2026-08-04T15:34:50
2026-01-26,242.9675,242.9675,242.9675,242.9675,0.0,0.0,1.0,chinabond_official,2026-08-04T15:34:50
2026-01-27,242.0404,242.0404,242.0404,242.0404,0.0,0.0,1.0,chinabond_official,2026-08-04T15:34:50
2026-01-28,242.4065,242.4065,242.4065,242.4065,0.0,0.0,1.0,chinabond_official,2026-08-04T15:34:50
2026-01-29,242.1634,242.1634,242.1634,242.1634,0.0,0.0,1.0,chinabond_official,2026-08-04T15:34:50
2026-01-30,241.9077,241.9077,241.9077,241.9077,0.0,0.0,1.0,chinabond_official,2026-08-04T15:34:50
2026-02-02,242.1169,242.1169,242.1169,242.1169,0.0,0.0,1.0,chinabond_official,2026-08-04T15:34:50
2026-02-03,241.8119,241.8119,241.8119,241.8119,0.0,0.0,1.0,chinabond_official,2026-08-04T15:34:50
2026-02-04,241.6405,241.6405,241.6405,241.6405,0.0,0.0,1.0,chinabond_official,2026-08-04T15:34:50
2026-02-05,242.3818,242.3818,242.3818,242.3818,0.0,0.0,1.0,chinabond_official,2026-08-04T15:34:50
2026-02-06,243.3012,243.3012,243.3012,243.3012,0.0,0.0,1.0,chinabond_official,2026-08-04T15:34:50
2026-02-09,243.4917,243.4917,243.4917,243.4917,0.0,0.0,1.0,chinabond_official,2026-08-04T15:34:50
2026-02-10,243.49,243.49,243.49,243.49,0.0,0.0,1.0,chinabond_official,2026-08-04T15:34:50
2026-02-11,243.7154,243.7154,243.7154,243.7154,0.0,0.0,1.0,chinabond_official,2026-08-04T15:34:50
2026-02-12,243.7357,243.7357,243.7357,243.7357,0.0,0.0,1.0,chinabond_official,2026-08-04T15:34:50
2026-02-13,243.6564,243.6564,243.6564,243.6564,0.0,0.0,1.0,chinabond_official,2026-08-04T15:34:50
2026-02-14,243.6157,243.6157,243.6157,243.6157,0.0,0.0,1.0,chinabond_official,2026-08-04T15:34:50
2026-02-24,244.143,244.143,244.143,244.143,0.0,0.0,1.0,chinabond_official,2026-08-04T15:34:50
2026-02-25,243.262,243.262,243.262,243.262,0.0,0.0,1.0,chinabond_official,2026-08-04T15:34:50
2026-02-26,241.8872,241.8872,241.8872,241.8872,0.0,0.0,1.0,chinabond_official,2026-08-04T15:34:50
2026-02-27,242.0507,242.0507,242.0507,242.0507,0.0,0.0,1.0,chinabond_official,2026-08-04T15:34:50
2026-02-28,242.8524,242.8524,242.8524,242.8524,0.0,0.0,1.0,chinabond_official,2026-08-04T15:34:50
2026-03-02,243.3857,243.3857,243.3857,243.3857,0.0,0.0,1.0,chinabond_official,2026-08-04T15:34:50
2026-03-03,243.3183,243.3183,243.3183,243.3183,0.0,0.0,1.0,chinabond_official,2026-08-04T15:34:50
2026-03-04,243.455,243.455,243.455,243.455,0.0,0.0,1.0,chinabond_official,2026-08-04T15:34:50
2026-03-05,243.6413,243.6413,243.6413,243.6413,0.0,0.0,1.0,chinabond_official,2026-08-04T15:34:50
2026-03-06,243.4988,243.4988,243.4988,243.4988,0.0,0.0,1.0,chinabond_official,2026-08-04T15:34:50
2026-03-09,241.006,241.006,241.006,241.006,0.0,0.0,1.0,chinabond_official,2026-08-04T15:34:50
2026-03-10,240.9175,240.9175,240.9175,240.9175,0.0,0.0,1.0,chinabond_official,2026-08-04T15:34:50
2026-03-11,240.3483,240.3483,240.3483,240.3483,0.0,0.0,1.0,chinabond_official,2026-08-04T15:34:50
2026-03-12,240.818,240.818,240.818,240.818,0.0,0.0,1.0,chinabond_official,2026-08-04T15:34:50
2026-03-13,239.8764,239.8764,239.8764,239.8764,0.0,0.0,1.0,chinabond_official,2026-08-04T15:34:50
2026-03-16,238.8899,238.8899,238.8899,238.8899,0.0,0.0,1.0,chinabond_official,2026-08-04T15:34:50
2026-03-17,239.2456,239.2456,239.2456,239.2456,0.0,0.0,1.0,chinabond_official,2026-08-04T15:34:50
2026-03-18,240.2249,240.2249,240.2249,240.2249,0.0,0.0,1.0,chinabond_official,2026-08-04T15:34:50
2026-03-19,239.4975,239.4975,239.4975,239.4975,0.0,0.0,1.0,chinabond_official,2026-08-04T15:34:50
2026-03-20,239.3916,239.3916,239.3916,239.3916,0.0,0.0,1.0,chinabond_official,2026-08-04T15:34:50
2026-03-23,239.7697,239.7697,239.7697,239.7697,0.0,0.0,1.0,chinabond_official,2026-08-04T15:34:50
2026-03-24,240.8337,240.8337,240.8337,240.8337,0.0,0.0,1.0,chinabond_official,2026-08-04T15:34:50
2026-03-25,240.7154,240.7154,240.7154,240.7154,0.0,0.0,1.0,chinabond_official,2026-08-04T15:34:50
2026-03-26,240.7735,240.7735,240.7735,240.7735,0.0,0.0,1.0,chinabond_official,2026-08-04T15:34:50
2026-03-27,240.6021,240.6021,240.6021,240.6021,0.0,0.0,1.0,chinabond_official,2026-08-04T15:34:50
2026-03-30,241.4794,241.4794,241.4794,241.4794,0.0,0.0,1.0,chinabond_official,2026-08-04T15:34:50
2026-03-31,241.2533,241.2533,241.2533,241.2533,0.0,0.0,1.0,chinabond_official,2026-08-04T15:34:50
2026-04-01,240.7031,240.7031,240.7031,240.7031,0.0,0.0,1.0,chinabond_official,2026-08-04T15:34:50
2026-04-02,240.4651,240.4651,240.4651,240.4651,0.0,0.0,1.0,chinabond_official,2026-08-04T15:34:50
2026-04-03,240.6478,240.6478,240.6478,240.6478,0.0,0.0,1.0,chinabond_official,2026-08-04T15:34:50
2026-04-07,241.3691,241.3691,241.3691,241.3691,0.0,0.0,1.0,chinabond_official,2026-08-04T15:34:50
2026-04-08,242.4426,242.4426,242.4426,242.4426,0.0,0.0,1.0,chinabond_official,2026-08-04T15:34:50
2026-04-09,242.1414,242.1414,242.1414,242.1414,0.0,0.0,1.0,chinabond_official,2026-08-04T15:34:50
2026-04-10,243.4111,243.4111,243.4111,243.4111,0.0,0.0,1.0,chinabond_official,2026-08-04T15:34:50
2026-04-13,244.2658,244.2658,244.2658,244.2658,0.0,0.0,1.0,chinabond_official,2026-08-04T15:34:50
2026-04-14,244.1894,244.1894,244.1894,244.1894,0.0,0.0,1.0,chinabond_official,2026-08-04T15:34:50
2026-04-15,243.9647,243.9647,243.9647,243.9647,0.0,0.0,1.0,chinabond_official,2026-08-04T15:34:50
2026-04-16,243.6592,243.6592,243.6592,243.6592,0.0,0.0,1.0,chinabond_official,2026-08-04T15:34:50
2026-04-17,245.1426,245.1426,245.1426,245.1426,0.0,0.0,1.0,chinabond_official,2026-08-04T15:34:50
2026-04-20,245.1205,245.1205,245.1205,245.1205,0.0,0.0,1.0,chinabond_official,2026-08-04T15:34:50
2026-04-21,246.2449,246.2449,246.2449,246.2449,0.0,0.0,1.0,chinabond_official,2026-08-04T15:34:50
2026-04-22,247.0149,247.0149,247.0149,247.0149,0.0,0.0,1.0,chinabond_official,2026-08-04T15:34:50
2026-04-23,246.007,246.007,246.007,246.007,0.0,0.0,1.0,chinabond_official,2026-08-04T15:34:50
2026-04-24,245.0775,245.0775,245.0775,245.0775,0.0,0.0,1.0,chinabond_official,2026-08-04T15:34:50
2026-04-27,244.4035,244.4035,244.4035,244.4035,0.0,0.0,1.0,chinabond_official,2026-08-04T15:34:50
2026-04-28,244.7397,244.7397,244.7397,244.7397,0.0,0.0,1.0,chinabond_official,2026-08-04T15:34:50
2026-04-29,245.3763,245.3763,245.3763,245.3763,0.0,0.0,1.0,chinabond_official,2026-08-04T15:34:50
2026-04-30,244.6572,244.6572,244.6572,244.6572,0.0,0.0,1.0,chinabond_official,2026-08-04T15:34:50
2026-05-06,243.299,243.299,243.299,243.299,0.0,0.0,1.0,chinabond_official,2026-08-04T15:34:50
2026-05-07,243.3384,243.3384,243.3384,243.3384,0.0,0.0,1.0,chinabond_official,2026-08-04T15:34:50
2026-05-08,243.4354,243.4354,243.4354,243.4354,0.0,0.0,1.0,chinabond_official,2026-08-04T15:34:50
2026-05-09,243.2131,243.2131,243.2131,243.2131,0.0,0.0,1.0,chinabond_official,2026-08-04T15:34:50
2026-05-11,244.0194,244.0194,244.0194,244.0194,0.0,0.0,1.0,chinabond_official,2026-08-04T15:34:50
2026-05-12,244.3231,244.3231,244.3231,244.3231,0.0,0.0,1.0,chinabond_official,2026-08-04T15:34:50
2026-05-13,244.5133,244.5133,244.5133,244.5133,0.0,0.0,1.0,chinabond_official,2026-08-04T15:34:50
2026-05-14,244.1112,244.1112,244.1112,244.1112,0.0,0.0,1.0,chinabond_official,2026-08-04T15:34:50
2026-05-15,243.5444,243.5444,243.5444,243.5444,0.0,0.0,1.0,chinabond_official,2026-08-04T15:34:50
2026-05-18,244.0711,244.0711,244.0711,244.0711,0.0,0.0,1.0,chinabond_official,2026-08-04T15:34:50
2026-05-19,245.4653,245.4653,245.4653,245.4653,0.0,0.0,1.0,chinabond_official,2026-08-04T15:34:50
2026-05-20,245.2062,245.2062,245.2062,245.2062,0.0,0.0,1.0,chinabond_official,2026-08-04T15:34:50
2026-05-21,245.1319,245.1319,245.1319,245.1319,0.0,0.0,1.0,chinabond_official,2026-08-04T15:34:50
2026-05-22,245.041,245.041,245.041,245.041,0.0,0.0,1.0,chinabond_official,2026-08-04T15:34:50
2026-05-25,245.5321,245.5321,245.5321,245.5321,0.0,0.0,1.0,chinabond_official,2026-08-04T15:34:50
2026-05-26,246.0205,246.0205,246.0205,246.0205,0.0,0.0,1.0,chinabond_official,2026-08-04T15:34:50
2026-05-27,246.521,246.521,246.521,246.521,0.0,0.0,1.0,chinabond_official,2026-08-04T15:34:50
2026-05-28,246.5819,246.5819,246.5819,246.5819,0.0,0.0,1.0,chinabond_official,2026-08-04T15:34:50
2026-05-29,246.9199,246.9199,246.9199,246.9199,0.0,0.0,1.0,chinabond_official,2026-08-04T15:34:50
2026-06-01,247.6074,247.6074,247.6074,247.6074,0.0,0.0,1.0,chinabond_official,2026-08-04T15:34:50
2026-06-02,247.4962,247.4962,247.4962,247.4962,0.0,0.0,1.0,chinabond_official,2026-08-04T15:34:50
2026-06-03,246.9498,246.9498,246.9498,246.9498,0.0,0.0,1.0,chinabond_official,2026-08-04T15:34:50
2026-06-04,247.5965,247.5965,247.5965,247.5965,0.0,0.0,1.0,chinabond_official,2026-08-04T15:34:50
2026-06-05,246.8925,246.8925,246.8925,246.8925,0.0,0.0,1.0,chinabond_official,2026-08-04T15:34:50
2026-06-08,246.4283,246.4283,246.4283,246.4283,0.0,0.0,1.0,chinabond_official,2026-08-04T15:34:50
2026-06-09,245.9891,245.9891,245.9891,245.9891,0.0,0.0,1.0,chinabond_official,2026-08-04T15:34:50
2026-06-10,245.1952,245.1952,245.1952,245.1952,0.0,0.0,1.0,chinabond_official,2026-08-04T15:34:50
2026-06-11,245.0985,245.0985,245.0985,245.0985,0.0,0.0,1.0,chinabond_official,2026-08-04T15:34:50
2026-06-12,245.8267,245.8267,245.8267,245.8267,0.0,0.0,1.0,chinabond_official,2026-08-04T15:34:50
2026-06-15,246.0365,246.0365,246.0365,246.0365,0.0,0.0,1.0,chinabond_official,2026-08-04T15:34:50
2026-06-16,246.8043,246.8043,246.8043,246.8043,0.0,0.0,1.0,chinabond_official,2026-08-04T15:34:50
2026-06-17,247.1469,247.1469,247.1469,247.1469,0.0,0.0,1.0,chinabond_official,2026-08-04T15:34:50
2026-06-18,247.2204,247.2204,247.2204,247.2204,0.0,0.0,1.0,chinabond_official,2026-08-04T15:34:50
2026-06-22,247.2365,247.2365,247.2365,247.2365,0.0,0.0,1.0,chinabond_official,2026-08-04T15:34:50
2026-06-23,246.865,246.865,246.865,246.865,0.0,0.0,1.0,chinabond_official,2026-08-04T15:34:50
2026-06-24,246.627,246.627,246.627,246.627,0.0,0.0,1.0,chinabond_official,2026-08-04T15:34:50
2026-06-25,247.3681,247.3681,247.3681,247.3681,0.0,0.0,1.0,chinabond_official,2026-08-04T15:34:50
2026-06-26,247.5589,247.5589,247.5589,247.5589,0.0,0.0,1.0,chinabond_official,2026-08-04T15:34:50
2026-06-29,248.063,248.063,248.063,248.063,0.0,0.0,1.0,chinabond_official,2026-08-04T15:34:50
2026-06-30,247.0673,247.0673,247.0673,247.0673,0.0,0.0,1.0,chinabond_official,2026-08-04T15:34:50
2026-07-01,246.3731,246.3731,246.3731,246.3731,0.0,0.0,1.0,chinabond_official,2026-08-04T15:34:50
2026-07-02,246.4337,246.4337,246.4337,246.4337,0.0,0.0,1.0,chinabond_official,2026-08-04T15:34:50
2026-07-03,246.0512,246.0512,246.0512,246.0512,0.0,0.0,1.0,chinabond_official,2026-08-04T15:34:50
2026-07-06,246.5586,246.5586,246.5586,246.5586,0.0,0.0,1.0,chinabond_official,2026-08-04T15:34:50
2026-07-07,246.6579,246.6579,246.6579,246.6579,0.0,0.0,1.0,chinabond_official,2026-08-04T15:34:50
2026-07-08,247.1494,247.1494,247.1494,247.1494,0.0,0.0,1.0,chinabond_official,2026-08-04T15:34:50
2026-07-09,247.2925,247.2925,247.2925,247.2925,0.0,0.0,1.0,chinabond_official,2026-08-04T15:34:50
2026-07-10,247.3113,247.3113,247.3113,247.3113,0.0,0.0,1.0,chinabond_official,2026-08-04T15:34:50
2026-07-13,246.8089,246.8089,246.8089,246.8089,0.0,0.0,1.0,chinabond_official,2026-08-04T15:34:50
2026-07-14,246.9735,246.9735,246.9735,246.9735,0.0,0.0,1.0,chinabond_official,2026-08-04T15:34:50
2026-07-15,247.1657,247.1657,247.1657,247.1657,0.0,0.0,1.0,chinabond_official,2026-08-04T15:34:50
2026-07-16,246.8561,246.8561,246.8561,246.8561,0.0,0.0,1.0,chinabond_official,2026-08-04T15:34:50
2026-07-17,247.3109,247.3109,247.3109,247.3109,0.0,0.0,1.0,chinabond_official,2026-08-04T15:34:50
2026-07-20,247.0958,247.0958,247.0958,247.0958,0.0,0.0,1.0,chinabond_official,2026-08-04T15:34:50
2026-07-21,247.2382,247.2382,247.2382,247.2382,0.0,0.0,1.0,chinabond_official,2026-08-04T15:34:50
2026-07-22,248.9602,248.9602,248.9602,248.9602,0.0,0.0,1.0,chinabond_official,2026-08-04T15:34:50
2026-07-23,249.1661,249.1661,249.1661,249.1661,0.0,0.0,1.0,chinabond_official,2026-08-04T15:34:50
2026-07-24,249.7676,249.7676,249.7676,249.7676,0.0,0.0,1.0,chinabond_official,2026-08-04T15:34:50
2026-07-27,249.7672,249.7672,249.7672,249.7672,0.0,0.0,1.0,chinabond_official,2026-08-04T15:34:50
2026-07-28,249.8206,249.8206,249.8206,249.8206,0.0,0.0,1.0,chinabond_official,2026-08-04T15:34:50
2026-07-29,249.5859,249.5859,249.5859,249.5859,0.0,0.0,1.0,chinabond_official,2026-08-04T15:34:50
2026-07-30,250.91,250.91,250.91,250.91,0.0,0.0,1.0,chinabond_official,2026-08-04T15:34:50
2026-07-31,251.192,251.192,251.192,251.192,0.0,0.0,1.0,chinabond_official,2026-08-04T15:34:50
2026-08-03,251.2886,251.2886,251.2886,251.2886,0.0,0.0,1.0,chinabond_official,2026-08-04T15:34:50
