Trade_Date,Asset_ID,Asset_Name,Price,Holding_Weight_Pct,Daily_Contribution_Pct
2025-08-01,CN_ETF:159981.SZ,能源化工ETF (159981),1.347,6.34439210313556,-0.05648778813554554
2025-08-01,CN_ETF:159985.SZ,豆粕ETF (159985),1.955,11.39500157388059,0.03495181890886742
2025-08-01,CN_ETF:510300.SH,沪深300ETF (510300),4.133,12.40989235964387,-0.06602010238341993
2025-08-01,CN_ETF:512890.SH,红利低波ETF (512890),1.181,12.58522272047477,0.01065030172138979
2025-08-01,CN_ETF:518880.SH,黄金ETF (518880),7.352,7.7913091440288404,0.0021182920550841247
2025-08-01,CN_INDEX:CBA21801.CS,中债30年国债指数 (CBA21801),255.8739,46.09776273857655,0.017447312511687508
2025-08-04,CN_ETF:159981.SZ,能源化工ETF (159981),1.341,6.295079326093419,-0.028260098454947015
2025-08-04,CN_ETF:159985.SZ,豆粕ETF (159985),1.962,11.397684732864791,0.040800517144327905
2025-08-04,CN_ETF:510300.SH,沪深300ETF (510300),4.152,12.425388119490451,0.05705007375592492
2025-08-04,CN_ETF:512890.SH,红利低波ETF (512890),1.187,12.606999515037229,0.06393847275431636
2025-08-04,CN_ETF:518880.SH,黄金ETF (518880),7.446,7.86462427216303,0.09961684705368701
2025-08-04,CN_INDEX:CBA21801.CS,中债30年国债指数 (CBA21801),256.4361,46.04505882006453,0.10128489936499585
2025-08-05,CN_ETF:159981.SZ,能源化工ETF (159981),1.342,6.28509344139835,0.004694317170838284
2025-08-05,CN_ETF:159985.SZ,豆粕ETF (159985),1.966,11.39430772050229,0.023236869995647856
2025-08-05,CN_ETF:510300.SH,沪深300ETF (510300),4.183,12.488988814584891,0.09277144308867885
2025-08-05,CN_ETF:512890.SH,红利低波ETF (512890),1.2,12.71537160461737,0.13807160378726402
2025-08-05,CN_ETF:518880.SH,黄金ETF (518880),7.455,7.855781379482531,0.009505992270946489
2025-08-05,CN_INDEX:CBA21801.CS,中债30年国债指数 (CBA21801),256.2428,45.90313358380942,-0.03470849022395838
2025-08-06,CN_ETF:159981.SZ,能源化工ETF (159981),1.346,6.29677311179276,0.01873351249299025
2025-08-06,CN_ETF:159985.SZ,豆粕ETF (159985),1.97,11.40471452445154,0.023182721710077025
2025-08-06,CN_ETF:510300.SH,沪深300ETF (510300),4.194,12.50781935339711,0.03284218908927565
2025-08-06,CN_ETF:512890.SH,红利低波ETF (512890),1.201,12.711727672869818,0.010596143003849465
2025-08-06,CN_ETF:518880.SH,黄金ETF (518880),7.468,7.860674487180811,0.013698881010499531
2025-08-06,CN_INDEX:CBA21801.CS,中债30年国债指数 (CBA21801),256.3152,45.86472416494778,0.012969679036710336
2025-08-07,CN_ETF:159981.SZ,能源化工ETF (159981),1.34,6.2618558083306795,-0.02806882516400923
2025-08-07,CN_ETF:159985.SZ,豆粕ETF (159985),1.975,11.42116937428971,0.028945975950385335
2025-08-07,CN_ETF:510300.SH,沪深300ETF (510300),4.193,12.49117566810503,-0.0029823126736772862
2025-08-07,CN_ETF:512890.SH,红利低波ETF (512890),1.206,12.75070388971336,0.05292143077797449
2025-08-07,CN_ETF:518880.SH,黄金ETF (518880),7.484,7.86890969824481,0.016841295098405974
2025-08-07,CN_INDEX:CBA21801.CS,中债30年国债指数 (CBA21801),256.5483,45.856282604155155,0.04171062505402671
2025-08-08,CN_ETF:159981.SZ,能源化工ETF (159981),1.328,6.20898339739072,-0.05607632067161791
2025-08-08,CN_ETF:159985.SZ,豆粕ETF (159985),1.984,11.47913858228441,0.052045835123343764
2025-08-08,CN_ETF:510300.SH,沪深300ETF (510300),4.183,12.46781866637382,-0.0297905453567962
2025-08-08,CN_ETF:512890.SH,红利低波ETF (512890),1.207,12.76786498378914,0.010572722959963402
2025-08-08,CN_ETF:518880.SH,黄金ETF (518880),7.508,7.89821961838264,0.025234344302227703
2025-08-08,CN_INDEX:CBA21801.CS,中债30年国债指数 (CBA21801),256.2485,45.8263423121725,-0.05358723298780689
2025-08-11,CN_ETF:159981.SZ,能源化工ETF (159981),1.336,6.276093568812461,0.03740351444211324
2025-08-11,CN_ETF:159985.SZ,豆粕ETF (159985),1.969,11.44653064616563,-0.08678784210396359
2025-08-11,CN_ETF:510300.SH,沪深300ETF (510300),4.202,12.58401388457755,0.056631258585011696
2025-08-11,CN_ETF:512890.SH,红利低波ETF (512890),1.2,12.75418715518401,-0.07404726999712086
2025-08-11,CN_ETF:518880.SH,黄金ETF (518880),7.429,7.852280915126681,-0.08310593365106944
2025-08-11,CN_INDEX:CBA21801.CS,中债30年国债指数 (CBA21801),254.44,45.719321648623215,-0.3234240983715542
2025-08-12,CN_ETF:159981.SZ,能源化工ETF (159981),1.346,6.322919262380659,0.04697674826955384
2025-08-12,CN_ETF:159985.SZ,豆粕ETF (159985),1.984,11.53345570059213,0.08720058897535854
2025-08-12,CN_ETF:510300.SH,沪深300ETF (510300),4.228,12.661575359478249,0.07786396025678638
2025-08-12,CN_ETF:512890.SH,红利低波ETF (512890),1.202,12.77513893538319,0.02125697859197384
2025-08-12,CN_ETF:518880.SH,黄金ETF (518880),7.399,7.82038478085421,-0.03170930508194912
2025-08-12,CN_INDEX:CBA21801.CS,中债30年国债指数 (CBA21801),253.3314,45.51903422926389,-0.19919996847847618
2025-08-13,CN_ETF:159981.SZ,能源化工ETF (159981),1.335,6.2540776124991,-0.051673188622725075
2025-08-13,CN_ETF:159985.SZ,豆粕ETF (159985),2.026,11.745368567878229,0.2441558162423719
2025-08-13,CN_ETF:510300.SH,沪深300ETF (510300),4.263,12.731439849871409,0.10481436555859461
2025-08-13,CN_ETF:512890.SH,红利低波ETF (512890),1.198,12.69776855186405,-0.0425129415486961
2025-08-13,CN_ETF:518880.SH,黄金ETF (518880),7.415,7.81584025224958,0.016911225367436406
2025-08-13,CN_INDEX:CBA21801.CS,中债30年国债指数 (CBA21801),253.3471,45.39723243897761,0.002821003781607484
2025-08-14,CN_ETF:159981.SZ,能源化工ETF (159981),1.315,6.175881928175571,-0.09369404662920022
2025-08-14,CN_ETF:159985.SZ,豆粕ETF (159985),2.02,11.74004627373148,-0.0347839148110897
2025-08-14,CN_ETF:510300.SH,沪深300ETF (510300),4.256,12.742511671122411,-0.020905484154138804
2025-08-14,CN_ETF:512890.SH,红利低波ETF (512890),1.199,12.7403395453492,0.010599139024928213
2025-08-14,CN_ETF:518880.SH,黄金ETF (518880),7.424,7.84501381963839,0.009486522221206875
2025-08-14,CN_INDEX:CBA21801.CS,中债30年国债指数 (CBA21801),252.6682,45.38948525500225,-0.12165199879067849
2025-08-15,CN_ETF:159981.SZ,能源化工ETF (159981),1.317,6.19536018010831,0.009392976316617466
2025-08-15,CN_ETF:159985.SZ,豆粕ETF (159985),2.011,11.70679634488974,-0.05230713686316011
2025-08-15,CN_ETF:510300.SH,沪深300ETF (510300),4.295,12.88024554529067,0.11676643683594162
2025-08-15,CN_ETF:512890.SH,红利低波ETF (512890),1.195,12.71854052920014,-0.04250321783269137
2025-08-15,CN_ETF:518880.SH,黄金ETF (518880),7.401,7.833461394017351,-0.02430432621924639
2025-08-15,CN_INDEX:CBA21801.CS,中债30年国债指数 (CBA21801),251.7228,45.29338495946115,-0.16983229136107791
2025-08-18,CN_ETF:159981.SZ,能源化工ETF (159981),1.317,6.2193175794983,0.0
2025-08-18,CN_ETF:159985.SZ,豆粕ETF (159985),2.023,11.82219311758903,0.06985656695110738
2025-08-18,CN_ETF:510300.SH,沪深300ETF (510300),4.327,13.02638900428005,0.09596457682172473
2025-08-18,CN_ETF:512890.SH,红利低波ETF (512890),1.197,12.78909157954976,0.02128626029991689
2025-08-18,CN_ETF:518880.SH,黄金ETF (518880),7.413,7.87650362474161,0.012701193991111217
2025-08-18,CN_INDEX:CBA21801.CS,中债30年国债指数 (CBA21801),248.4715,44.88125373899197,-0.5850180536633814
2025-08-19,CN_ETF:159981.SZ,能源化工ETF (159981),1.313,6.19642278802784,-0.018889347242212206
2025-08-19,CN_ETF:159985.SZ,豆粕ETF (159985),2.03,11.85543685938647,0.040907242621413334
2025-08-19,CN_ETF:510300.SH,沪深300ETF (510300),4.305,12.951786036038198,-0.06623077376800714
2025-08-19,CN_ETF:512890.SH,红利低波ETF (512890),1.196,12.77015250819797,-0.010684287033876867
2025-08-19,CN_ETF:518880.SH,黄金ETF (518880),7.391,7.8480549778527005,-0.02337556721223734
2025-08-19,CN_INDEX:CBA21801.CS,中债30年国债指数 (CBA21801),249.2627,44.9950823298283,0.1429139678324922
2025-08-20,CN_ETF:159981.SZ,能源化工ETF (159981),1.319,6.21211934385426,0.02831571723394304
2025-08-20,CN_ETF:159985.SZ,豆粕ETF (159985),2.026,11.80808970123413,-0.023360466718003133
2025-08-20,CN_ETF:510300.SH,沪深300ETF (510300),4.364,13.10267370778602,0.17750415241028045
2025-08-20,CN_ETF:512890.SH,红利低波ETF (512890),1.207,12.861477224164231,0.11745123544329443
2025-08-20,CN_ETF:518880.SH,黄金ETF (518880),7.374,7.814130257282639,-0.018051269736638918
2025-08-20,CN_INDEX:CBA21801.CS,中债30年国债指数 (CBA21801),248.8266,44.82530361527665,-0.07872158732147663
2025-08-21,CN_ETF:159981.SZ,能源化工ETF (159981),1.33,6.24862413915823,0.051806908857010656
2025-08-21,CN_ETF:159985.SZ,豆粕ETF (159985),1.997,11.61063663706767,-0.1690200401459954
2025-08-21,CN_ETF:510300.SH,沪深300ETF (510300),4.378,13.112596809614399,0.042034241958982914
2025-08-21,CN_ETF:512890.SH,红利低波ETF (512890),1.214,12.90446594543041,0.07459017445662557
2025-08-21,CN_ETF:518880.SH,黄金ETF (518880),7.394,7.816183119632029,0.02119373544150519
2025-08-21,CN_INDEX:CBA21801.CS,中债30年国债指数 (CBA21801),250.0716,44.9395349155117,0.2242827053097166
2025-08-22,CN_ETF:159981.SZ,能源化工ETF (159981),1.327,6.23157159524681,-0.014094640915394746
2025-08-22,CN_ETF:159985.SZ,豆粕ETF (159985),1.98,11.50633632347665,-0.09883866941920487
2025-08-22,CN_ETF:510300.SH,沪深300ETF (510300),4.479,13.408738394222262,0.3025062306466549
2025-08-22,CN_ETF:512890.SH,红利低波ETF (512890),1.209,12.84522023941471,-0.05314854178513258
2025-08-22,CN_ETF:518880.SH,黄金ETF (518880),7.378,7.79556927406893,-0.01691356909847335
2025-08-22,CN_INDEX:CBA21801.CS,中债30年国债指数 (CBA21801),249.6707,44.84620363030607,-0.07204440467301017
2025-08-25,CN_ETF:159981.SZ,能源化工ETF (159981),1.335,6.21750177534757,0.037567876987169464
2025-08-25,CN_ETF:159985.SZ,豆粕ETF (159985),2.001,11.532592548638371,0.1220369004005088
2025-08-25,CN_ETF:510300.SH,沪深300ETF (510300),4.565,13.55362992347888,0.25745735697769934
2025-08-25,CN_ETF:512890.SH,红利低波ETF (512890),1.219,12.84478814804225,0.10624665210434102
2025-08-25,CN_ETF:518880.SH,黄金ETF (518880),7.427,7.782705452613441,0.0517732304729432
2025-08-25,CN_INDEX:CBA21801.CS,中债30年国债指数 (CBA21801),251.0928,44.730149673385746,0.25543960978463964
2025-08-26,CN_ETF:159981.SZ,能源化工ETF (159981),1.326,6.1786076714254605,-0.04191574230571364
2025-08-26,CN_ETF:159985.SZ,豆粕ETF (159985),1.986,11.45174178647856,-0.08645121850553407
2025-08-26,CN_ETF:510300.SH,沪深300ETF (510300),4.541,13.48896992112645,-0.0712567619197144
2025-08-26,CN_ETF:512890.SH,红利低波ETF (512890),1.216,12.819446022342179,-0.03161145565556038
2025-08-26,CN_ETF:518880.SH,黄金ETF (518880),7.449,7.80957837292674,0.02305365826814242
2025-08-26,CN_INDEX:CBA21801.CS,中债30年国债指数 (CBA21801),251.9869,44.911390195347714,0.15927667708103863
2025-08-27,CN_ETF:159981.SZ,能源化工ETF (159981),1.315,6.1576044609768505,-0.051255418088748665
2025-08-27,CN_ETF:159985.SZ,豆粕ETF (159985),1.986,11.50828178222911,0.0
2025-08-27,CN_ETF:510300.SH,沪深300ETF (510300),4.475,13.358548270973781,-0.19605197418946438
2025-08-27,CN_ETF:512890.SH,红利低波ETF (512890),1.197,12.68144590971351,-0.20030384409909513
2025-08-27,CN_ETF:518880.SH,黄金ETF (518880),7.45,7.84918971689159,0.001048406279088154
2025-08-27,CN_INDEX:CBA21801.CS,中债30年国债指数 (CBA21801),251.7359,45.08817213435122,-0.044735495928688564
2025-08-28,CN_ETF:159981.SZ,能源化工ETF (159981),1.314,6.15333966865748,-0.004682588943708261
2025-08-28,CN_ETF:159985.SZ,豆粕ETF (159985),1.987,11.51485831659645,0.0057947038178395955
2025-08-28,CN_ETF:510300.SH,沪深300ETF (510300),4.559,13.610225009702079,0.2507526379355987
2025-08-28,CN_ETF:512890.SH,红利低波ETF (512890),1.197,12.68230700715681,0.0
2025-08-28,CN_ETF:518880.SH,黄金ETF (518880),7.468,7.86868846670104,0.018964485222020305
2025-08-28,CN_INDEX:CBA21801.CS,中债30年国债指数 (CBA21801),250.1859,44.81359587525541,-0.27761899200012224
2025-08-29,CN_ETF:159981.SZ,能源化工ETF (159981),1.311,6.1313015956873596,-0.014048720704697953
2025-08-29,CN_ETF:159985.SZ,豆粕ETF (159985),1.992,11.52881126127301,0.028975486453439038
2025-08-29,CN_ETF:510300.SH,沪深300ETF (510300),4.601,13.717735037467921,0.12538483228942338
2025-08-29,CN_ETF:512890.SH,红利低波ETF (512890),1.194,12.634059048916649,-0.03178523059437867
2025-08-29,CN_ETF:518880.SH,黄金ETF (518880),7.486,7.87738965880702,0.018965772951341983
2025-08-29,CN_INDEX:CBA21801.CS,中债30年国债指数 (CBA21801),250.2016,44.75808634754011,0.0028122026670619246
2025-09-01,CN_ETF:159981.SZ,能源化工ETF (159981),1.307,8.83378052450265,-0.018707251245422853
2025-09-01,CN_ETF:159985.SZ,豆粕ETF (159985),2.005,11.56545171365824,0.07523822610268369
2025-09-01,CN_ETF:510300.SH,沪深300ETF (510300),4.616,13.71667991950713,0.04472202250858695
2025-09-01,CN_ETF:512890.SH,红利低波ETF (512890),1.191,12.56039694382741,-0.03174386695707644
2025-09-01,CN_ETF:518880.SH,黄金ETF (518880),7.647,8.02004164627926,0.1694175440913614
2025-09-01,CN_INDEX:CBA21801.CS,中债30年国债指数 (CBA21801),250.7336,44.70406242979725,0.09516846389827907
2025-09-02,CN_ETF:159981.SZ,能源化工ETF (159981),1.305,8.82491692735223,-0.013517644260906654
2025-09-02,CN_ETF:159985.SZ,豆粕ETF (159985),1.992,11.49652673675042,-0.0749879662232202
2025-09-02,CN_ETF:510300.SH,沪深300ETF (510300),4.59,13.646616485162399,-0.07726032883604471
2025-09-02,CN_ETF:512890.SH,红利低波ETF (512890),1.2,12.661989408250129,0.09491483836645416
2025-09-02,CN_ETF:518880.SH,黄金ETF (518880),7.67,8.04840818463634,0.02412200312075615
2025-09-02,CN_INDEX:CBA21801.CS,中债30年国债指数 (CBA21801),250.6999,44.72163906102702,-0.00600847634255566
2025-09-03,CN_ETF:159981.SZ,能源化工ETF (159981),1.303,8.79246733058291,-0.013524776900156592
2025-09-03,CN_ETF:159985.SZ,豆粕ETF (159985),2.015,11.60429079737299,0.13274102155886697
2025-09-03,CN_ETF:510300.SH,沪深300ETF (510300),4.549,13.49567065543643,-0.1218978814578767
2025-09-03,CN_ETF:512890.SH,红利低波ETF (512890),1.187,12.497917462181091,-0.1371715519227087
2025-09-03,CN_ETF:518880.SH,黄金ETF (518880),7.768,8.133736152853,0.10283494160291545
2025-09-03,CN_INDEX:CBA21801.CS,中债30年国债指数 (CBA21801),252.114,44.87730285721742,0.2522572597603626
2025-09-04,CN_ETF:159981.SZ,能源化工ETF (159981),1.293,8.77421666587826,-0.06747864413340716
2025-09-04,CN_ETF:159985.SZ,豆粕ETF (159985),1.983,11.48443804301159,-0.18428650397813154
2025-09-04,CN_ETF:510300.SH,沪深300ETF (510300),4.456,13.294352765693459,-0.2759062147627148
2025-09-04,CN_ETF:512890.SH,红利低波ETF (512890),1.19,12.60019820027948,0.031586986003826145
2025-09-04,CN_ETF:518880.SH,黄金ETF (518880),7.75,8.16067435321504,-0.01884748336139927
2025-09-04,CN_INDEX:CBA21801.CS,中债30年国债指数 (CBA21801),251.8549,45.08412773386601,-0.04612083886775545
2025-09-05,CN_ETF:159981.SZ,能源化工ETF (159981),1.307,8.852201909950018,0.09500311935212305
2025-09-05,CN_ETF:159985.SZ,豆粕ETF (159985),1.994,11.52598587338465,0.06370590946703415
2025-09-05,CN_ETF:510300.SH,沪深300ETF (510300),4.554,13.560663419739418,0.2923802897302418
2025-09-05,CN_ETF:512890.SH,红利低波ETF (512890),1.185,12.52318105859451,-0.05294200924487018
2025-09-05,CN_ETF:518880.SH,黄金ETF (518880),7.775,8.1712902494361,0.026324755978112648
2025-09-05,CN_INDEX:CBA21801.CS,中债30年国债指数 (CBA21801),250.5576,44.76584032750596,-0.23222752032675842
2025-09-08,CN_ETF:159981.SZ,能源化工ETF (159981),1.311,8.88638397840562,0.027091666136036315
2025-09-08,CN_ETF:159985.SZ,豆粕ETF (159985),2.005,11.59882419180952,0.06358367332358678
2025-09-08,CN_ETF:510300.SH,沪深300ETF (510300),4.555,13.574472172489541,0.002977747786502689
2025-09-08,CN_ETF:512890.SH,红利低波ETF (512890),1.185,12.5331812226014,0.0
2025-09-08,CN_ETF:518880.SH,黄金ETF (518880),7.847,8.25354553916384,0.07566982610410371
2025-09-08,CN_INDEX:CBA21801.CS,中债30年国债指数 (CBA21801),249.1633,44.55227594628754,-0.24911242432335726
2025-09-09,CN_ETF:159981.SZ,能源化工ETF (159981),1.306,8.856592536142252,-0.03389162463159929
2025-09-09,CN_ETF:159985.SZ,豆粕ETF (159985),2.015,11.662072675663621,0.05784949721600913
2025-09-09,CN_ETF:510300.SH,沪深300ETF (510300),4.528,13.50025876053663,-0.08046339158226593
2025-09-09,CN_ETF:512890.SH,红利低波ETF (512890),1.191,12.602474716221689,0.0634591454308935
2025-09-09,CN_ETF:518880.SH,黄金ETF (518880),7.966,8.38259155735045,0.1251652757946335
2025-09-09,CN_INDEX:CBA21801.CS,中债30年国债指数 (CBA21801),248.1655,44.39441429467253,-0.1784141602684039
2025-09-10,CN_ETF:159981.SZ,能源化工ETF (159981),1.308,8.90442013631856,0.013562928845546177
2025-09-10,CN_ETF:159985.SZ,豆粕ETF (159985),2.003,11.637402455522789,-0.06945154943323235
2025-09-10,CN_ETF:510300.SH,沪深300ETF (510300),4.538,13.58233936721828,0.029815059100128275
2025-09-10,CN_ETF:512890.SH,红利低波ETF (512890),1.188,12.619290131500499,-0.03174426880660475
2025-09-10,CN_ETF:518880.SH,黄金ETF (518880),7.947,8.3949019483538,-0.019993627867143128
2025-09-10,CN_INDEX:CBA21801.CS,中债30年国债指数 (CBA21801),246.4494,44.25772658854993,-0.30699373753034925
2025-09-11,CN_ETF:159981.SZ,能源化工ETF (159981),1.305,8.8547378518307,-0.020422981964033766
2025-09-11,CN_ETF:159985.SZ,豆粕ETF (159985),2.005,11.610656558984909,0.011619972496775766
2025-09-11,CN_ETF:510300.SH,沪深300ETF (510300),4.66,13.90155237063076,0.36514883270177045
2025-09-11,CN_ETF:512890.SH,红利低波ETF (512890),1.192,12.620077956190901,0.04248919236195575
2025-09-11,CN_ETF:518880.SH,黄金ETF (518880),7.923,8.341984304406019,-0.02535266726569647
2025-09-11,CN_INDEX:CBA21801.CS,中债30年国债指数 (CBA21801),246.2097,44.06906058421403,-0.04304565993374627
2025-09-12,CN_ETF:159981.SZ,能源化工ETF (159981),1.296,8.799783778295241,-0.06106715759883156
2025-09-12,CN_ETF:159985.SZ,豆粕ETF (159985),2.009,11.641907430348809,0.02316340460645379
2025-09-12,CN_ETF:510300.SH,沪深300ETF (510300),4.621,13.794791951459521,-0.11634346404605052
2025-09-12,CN_ETF:512890.SH,红利低波ETF (512890),1.184,12.54409364905135,-0.08469850977309318
2025-09-12,CN_ETF:518880.SH,黄金ETF (518880),7.954,8.380445422959811,0.03263934285454718
2025-09-12,CN_INDEX:CBA21801.CS,中债30年国债指数 (CBA21801),246.9742,44.236628951025594,0.1368378127126268
2025-09-15,CN_ETF:159981.SZ,能源化工ETF (159981),1.308,8.8943980705444,0.08147947942866
2025-09-15,CN_ETF:159985.SZ,豆粕ETF (159985),1.988,11.53725266964558,-0.12169241216392383
2025-09-15,CN_ETF:510300.SH,沪深300ETF (510300),4.629,13.839110790994749,0.023881916384258184
2025-09-15,CN_ETF:512890.SH,红利低波ETF (512890),1.174,12.45654212539716,-0.1059467369007715
2025-09-15,CN_ETF:518880.SH,黄金ETF (518880),7.931,8.36857059840489,-0.024233121036971415
2025-09-15,CN_INDEX:CBA21801.CS,中债30年国债指数 (CBA21801),246.9677,44.3008860932878,-0.0011642434237290283
2025-09-16,CN_ETF:159981.SZ,能源化工ETF (159981),1.307,8.87440123189496,-0.006799998524881823
2025-09-16,CN_ETF:159985.SZ,豆粕ETF (159985),1.988,11.52012146302213,0.0
2025-09-16,CN_ETF:510300.SH,沪深300ETF (510300),4.62,13.79169470925185,-0.0269068907148292
2025-09-16,CN_ETF:512890.SH,红利低波ETF (512890),1.17,12.39566755189824,-0.042441370103567876
2025-09-16,CN_ETF:518880.SH,黄金ETF (518880),8.032,8.46255858706729,0.10657239067442914
2025-09-16,CN_INDEX:CBA21801.CS,中债30年国债指数 (CBA21801),247.6271,44.35321253165428,0.11828269158239443
2025-09-17,CN_ETF:159981.SZ,能源化工ETF (159981),1.308,8.859267848429859,0.006789901478113853
2025-09-17,CN_ETF:159985.SZ,豆粕ETF (159985),1.983,11.46278133370376,-0.028974148548847646
2025-09-17,CN_ETF:510300.SH,沪深300ETF (510300),4.653,13.855918737714529,0.0985121050660843
2025-09-17,CN_ETF:512890.SH,红利低波ETF (512890),1.175,12.41791093051263,0.052972938255977944
2025-09-17,CN_ETF:518880.SH,黄金ETF (518880),7.964,8.37020038890724,-0.07164516732078874
2025-09-17,CN_INDEX:CBA21801.CS,中债30年国债指数 (CBA21801),248.6868,44.43306372588353,0.1898059595246005
2025-09-18,CN_ETF:159981.SZ,能源化工ETF (159981),1.295,8.83774398758975,-0.0880508272397476
2025-09-18,CN_ETF:159985.SZ,豆粕ETF (159985),1.98,11.53224987649676,-0.01734157539138256
2025-09-18,CN_ETF:510300.SH,沪深300ETF (510300),4.594,13.783986085929659,-0.17569293048036663
2025-09-18,CN_ETF:512890.SH,红利低波ETF (512890),1.153,12.27782789243821,-0.23250556635853442
2025-09-18,CN_ETF:518880.SH,黄金ETF (518880),7.862,8.32567020468481,-0.1072024660558191
2025-09-18,CN_INDEX:CBA21801.CS,中债30年国债指数 (CBA21801),247.9482,44.63710760336926,-0.13196623571470945
2025-09-19,CN_ETF:159981.SZ,能源化工ETF (159981),1.291,8.82336973797382,-0.027298050926918286
2025-09-19,CN_ETF:159985.SZ,豆粕ETF (159985),1.991,11.61332825183821,0.06406805486942621
2025-09-19,CN_ETF:510300.SH,沪深300ETF (510300),4.604,13.83425377250465,0.030004323217085085
2025-09-19,CN_ETF:512890.SH,红利低波ETF (512890),1.159,12.35982318079016,0.06389155885050185
2025-09-19,CN_ETF:518880.SH,黄金ETF (518880),7.898,8.37606196365628,0.03812314008759305
2025-09-19,CN_INDEX:CBA21801.CS,中债30年国债指数 (CBA21801),246.197,44.38686067805379,-0.31526142490657394
2025-09-22,CN_ETF:159981.SZ,能源化工ETF (159981),1.281,8.748174728263459,-0.06834523422133074
2025-09-22,CN_ETF:159985.SZ,豆粕ETF (159985),1.985,11.56927209833841,-0.034997473385749954
2025-09-22,CN_ETF:510300.SH,沪深300ETF (510300),4.619,13.86846733803263,0.045072503602858645
2025-09-22,CN_ETF:512890.SH,红利低波ETF (512890),1.15,12.2542502468979,-0.09597791943668038
2025-09-22,CN_ETF:518880.SH,黄金ETF (518880),8.048,8.528463645287621,0.15907942448068513
2025-09-22,CN_INDEX:CBA21801.CS,中债30年国债指数 (CBA21801),246.6045,44.42554388822518,0.07346818087266087
2025-09-23,CN_ETF:159981.SZ,能源化工ETF (159981),1.277,8.74835990769066,-0.027316704850159152
2025-09-23,CN_ETF:159985.SZ,豆粕ETF (159985),1.942,11.354347333005629,-0.2506189925584655
2025-09-23,CN_ETF:510300.SH,沪深300ETF (510300),4.622,13.921238450575549,0.009007447935505697
2025-09-23,CN_ETF:512890.SH,红利低波ETF (512890),1.157,12.36772126744292,0.07459108845937917
2025-09-23,CN_ETF:518880.SH,黄金ETF (518880),8.143,8.65634775139639,0.10067147692623467
2025-09-23,CN_INDEX:CBA21801.CS,中债30年国债指数 (CBA21801),245.3794,44.344246710417465,-0.2207004893157448
2025-09-24,CN_ETF:159981.SZ,能源化工ETF (159981),1.294,8.85430316289094,0.11646211310159982
2025-09-24,CN_ETF:159985.SZ,豆粕ETF (159985),1.952,11.39927235531598,0.05846728801753577
2025-09-24,CN_ETF:510300.SH,沪深300ETF (510300),4.663,14.028063196694191,0.12348999923704143
2025-09-24,CN_ETF:512890.SH,红利低波ETF (512890),1.157,12.35304592457985,0.0
2025-09-24,CN_ETF:518880.SH,黄金ETF (518880),8.19,8.69597993573378,0.04996295521498506
2025-09-24,CN_INDEX:CBA21801.CS,中债30年国债指数 (CBA21801),244.109,44.0623179783207,-0.22958296833765984
2025-09-25,CN_ETF:159981.SZ,能源化工ETF (159981),1.305,8.91545067338793,0.07526841946816089
2025-09-25,CN_ETF:159985.SZ,豆粕ETF (159985),1.961,11.4337209557462,0.052558120490699925
2025-09-25,CN_ETF:510300.SH,沪深300ETF (510300),4.695,14.10199555086123,0.09626807254862052
2025-09-25,CN_ETF:512890.SH,红利低波ETF (512890),1.149,12.24823200616868,-0.08541431927107902
2025-09-25,CN_ETF:518880.SH,黄金ETF (518880),8.146,8.635583969728671,-0.04671832932506435
2025-09-25,CN_INDEX:CBA21801.CS,中债30年国债指数 (CBA21801),244.477,44.058959313583415,0.06642497005854363
2025-09-26,CN_ETF:159981.SZ,能源化工ETF (159981),1.299,8.89287645240789,-0.04099057780867989
2025-09-26,CN_ETF:159985.SZ,豆粕ETF (159985),1.948,11.38149378566913,-0.0757972322410516
2025-09-26,CN_ETF:510300.SH,沪深300ETF (510300),4.651,13.998826599954912,-0.13215927672798694
2025-09-26,CN_ETF:512890.SH,红利低波ETF (512890),1.149,12.27364964382959,0.0
2025-09-26,CN_ETF:518880.SH,黄金ETF (518880),8.16,8.66837682388091,0.014841416103142602
2025-09-26,CN_INDEX:CBA21801.CS,中债30年国债指数 (CBA21801),244.6269,44.17746146787156,0.027014557611170133
2025-09-28,CN_ETF:159981.SZ,能源化工ETF (159981),1.299,8.893186416403049,0.0
2025-09-28,CN_ETF:159985.SZ,豆粕ETF (159985),1.948,11.38189049120119,0.0
2025-09-28,CN_ETF:510300.SH,沪深300ETF (510300),4.651,13.9993145334423,0.0
2025-09-28,CN_ETF:512890.SH,红利低波ETF (512890),1.149,12.27407744573363,0.0
2025-09-28,CN_ETF:518880.SH,黄金ETF (518880),8.16,8.66867896287117,0.0
2025-09-28,CN_INDEX:CBA21801.CS,中债30年国债指数 (CBA21801),244.6076,44.17551575580015,-0.003485409847940079
2025-09-29,CN_ETF:159981.SZ,能源化工ETF (159981),1.297,8.872917072014049,-0.013692357838957872
2025-09-29,CN_ETF:159985.SZ,豆粕ETF (159985),1.938,11.31507467677905,-0.05842859595072534
2025-09-29,CN_ETF:510300.SH,沪深300ETF (510300),4.728,14.22054042312901,0.2317667639378742
2025-09-29,CN_ETF:512890.SH,红利低波ETF (512890),1.147,12.24363713722398,-0.021364799731477726
2025-09-29,CN_ETF:518880.SH,黄金ETF (518880),8.259,8.7673516986132,0.10517147271130521
2025-09-29,CN_INDEX:CBA21801.CS,中债30年国债指数 (CBA21801),243.67,43.97359244801835,-0.1693281957414167
2025-09-30,CN_ETF:159981.SZ,能源化工ETF (159981),1.283,8.7737685035414,-0.09577551195697498
2025-09-30,CN_ETF:159985.SZ,豆粕ETF (159985),1.938,11.31072629227336,0.0
2025-09-30,CN_ETF:510300.SH,沪深300ETF (510300),4.741,14.254160912192459,0.03910047070657187
2025-09-30,CN_ETF:512890.SH,红利低波ETF (512890),1.139,12.15356882388792,-0.08539589982370688
2025-09-30,CN_ETF:518880.SH,黄金ETF (518880),8.339,8.84887386727344,0.08492409927219495
2025-09-30,CN_INDEX:CBA21801.CS,中债30年国债指数 (CBA21801),244.1997,44.05224828317813,0.09559162769202303
2025-10-09,CN_ETF:159981.SZ,能源化工ETF (159981),1.274,8.64914861878228,-0.06154631062499746
2025-10-09,CN_ETF:159985.SZ,豆粕ETF (159985),1.943,11.25781059426666,0.029181440382541706
2025-10-09,CN_ETF:510300.SH,沪深300ETF (510300),4.816,14.37482601060216,0.22549294841055267
2025-10-09,CN_ETF:512890.SH,红利低波ETF (512890),1.142,12.09736045715054,0.032011155813574325
2025-10-09,CN_ETF:518880.SH,黄金ETF (518880),8.729,6.130440504521499,0.4138458817887795
2025-10-09,CN_INDEX:CBA21801.CS,中债30年国债指数 (CBA21801),244.756,46.69785039682298,0.10035338176063553
2025-10-10,CN_ETF:159981.SZ,能源化工ETF (159981),1.268,8.65131039597319,-0.04073382395030928
2025-10-10,CN_ETF:159985.SZ,豆粕ETF (159985),1.939,11.29061646715851,-0.023176141213106502
2025-10-10,CN_ETF:510300.SH,沪深300ETF (510300),4.719,14.15548665892848,-0.28952618833646176
2025-10-10,CN_ETF:512890.SH,红利低波ETF (512890),1.15,12.242808787404961,0.08474508201156145
2025-10-10,CN_ETF:518880.SH,黄金ETF (518880),8.602,6.07135092131198,-0.08919302830498582
2025-10-10,CN_INDEX:CBA21801.CS,中债30年国债指数 (CBA21801),244.033,46.79191401980663,-0.1379436901931049
2025-10-11,CN_ETF:159981.SZ,能源化工ETF (159981),1.268,8.61411890053909,0.0
2025-10-11,CN_ETF:159985.SZ,豆粕ETF (159985),1.939,11.24207874378865,0.0
2025-10-11,CN_ETF:510300.SH,沪深300ETF (510300),4.719,14.09463302019092,0.0
2025-10-11,CN_ETF:512890.SH,红利低波ETF (512890),1.15,12.190177642956671,0.0
2025-10-11,CN_ETF:518880.SH,黄金ETF (518880),8.602,6.04525052614249,0.0
2025-10-11,CN_INDEX:CBA21801.CS,中债30年国债指数 (CBA21801),246.2847,47.02065258035011,0.4317504304680016
2025-10-13,CN_ETF:159981.SZ,能源化工ETF (159981),1.269,8.62656566457167,0.006793469164462962
2025-10-13,CN_ETF:159985.SZ,豆粕ETF (159985),1.951,11.31907102759676,0.06957449454639729
2025-10-13,CN_ETF:510300.SH,沪深300ETF (510300),4.692,14.02317974380237,-0.08064316413332373
2025-10-13,CN_ETF:512890.SH,红利低波ETF (512890),1.156,12.26181417211705,0.06360092683281758
2025-10-13,CN_ETF:518880.SH,黄金ETF (518880),8.859,6.22994580764982,0.18061257675175763
2025-10-13,CN_INDEX:CBA21801.CS,中债30年国债指数 (CBA21801),244.6847,46.745814918285,-0.30547185484343703
2025-10-14,CN_ETF:159981.SZ,能源化工ETF (159981),1.241,8.43951381929682,-0.19034187439559075
2025-10-14,CN_ETF:159985.SZ,豆粕ETF (159985),1.938,11.24803412430135,-0.07542179567337771
2025-10-14,CN_ETF:510300.SH,沪深300ETF (510300),4.645,13.888122941887241,-0.14047089683689754
2025-10-14,CN_ETF:512890.SH,红利低波ETF (512890),1.177,12.4894322259686,0.22274921938967232
2025-10-14,CN_ETF:518880.SH,黄金ETF (518880),8.976,6.314685824169181,0.08227832255277544
2025-10-14,CN_INDEX:CBA21801.CS,中债30年国债指数 (CBA21801),245.0104,46.82629290025354,0.06222339165008999
2025-10-15,CN_ETF:159981.SZ,能源化工ETF (159981),1.243,8.42125629621935,0.013601150393709675
2025-10-15,CN_ETF:159985.SZ,豆粕ETF (159985),1.938,11.20564176980912,0.0
2025-10-15,CN_ETF:510300.SH,沪深300ETF (510300),4.706,14.01747745048424,0.18238439170185775
2025-10-15,CN_ETF:512890.SH,红利低波ETF (512890),1.182,12.49521745586152,0.05305621166511637
2025-10-15,CN_ETF:518880.SH,黄金ETF (518880),9.187,6.43876729769749,0.1484401413658304
2025-10-15,CN_INDEX:CBA21801.CS,中债30年国债指数 (CBA21801),244.9101,46.63071373847088,-0.019169297213079806
2025-10-16,CN_ETF:159981.SZ,能源化工ETF (159981),1.252,8.446617057391869,0.06097450254704285
2025-10-16,CN_ETF:159985.SZ,豆粕ETF (159985),1.942,11.181624588383041,0.023128259586810425
2025-10-16,CN_ETF:510300.SH,沪深300ETF (510300),4.721,14.003115260585119,0.04467959238360911
2025-10-16,CN_ETF:512890.SH,红利低波ETF (512890),1.19,12.52696959342042,0.08456999970126358
2025-10-16,CN_ETF:518880.SH,黄金ETF (518880),9.244,6.45151438348549,0.03994881201357983
2025-10-16,CN_INDEX:CBA21801.CS,中债30年国债指数 (CBA21801),245.7942,46.60255393018924,0.1683320288390765
2025-10-17,CN_ETF:159981.SZ,能源化工ETF (159981),1.231,8.30868656331735,-0.14167648418947998
2025-10-17,CN_ETF:159985.SZ,豆粕ETF (159985),1.92,11.05993964785682,-0.12667133931226993
2025-10-17,CN_ETF:510300.SH,沪深300ETF (510300),4.624,13.72158673987893,-0.2877149290990816
2025-10-17,CN_ETF:512890.SH,红利低波ETF (512890),1.185,12.47996188641925,-0.0526343260227733
2025-10-17,CN_ETF:518880.SH,黄金ETF (518880),9.568,6.680650413553919,0.22612404373099243
2025-10-17,CN_INDEX:CBA21801.CS,中债30年国债指数 (CBA21801),247.5742,46.961214308683594,0.33748780888946006
2025-10-20,CN_ETF:159981.SZ,能源化工ETF (159981),1.228,8.30935912797994,-0.020248626880546638
2025-10-20,CN_ETF:159985.SZ,豆粕ETF (159985),1.928,11.13405590444083,0.04608308186606992
2025-10-20,CN_ETF:510300.SH,沪深300ETF (510300),4.64,13.803821352670258,0.04747953889231536
2025-10-20,CN_ETF:512890.SH,红利低波ETF (512890),1.187,12.53257947159038,0.021063226812521128
2025-10-20,CN_ETF:518880.SH,黄金ETF (518880),9.268,6.487516039378701,-0.20946855393668118
2025-10-20,CN_INDEX:CBA21801.CS,中债30年国债指数 (CBA21801),246.8536,46.94271873987108,-0.13668730841435284
2025-10-21,CN_ETF:159981.SZ,能源化工ETF (159981),1.232,8.287020479477441,0.02706631637778483
2025-10-21,CN_ETF:159985.SZ,豆粕ETF (159985),1.935,11.1082559767626,0.040424476831475896
2025-10-21,CN_ETF:510300.SH,沪深300ETF (510300),4.71,13.92902757903659,0.2082473048894234
2025-10-21,CN_ETF:512890.SH,红利低波ETF (512890),1.19,12.489793306892679,0.03167459007141491
2025-10-21,CN_ETF:518880.SH,黄金ETF (518880),9.49,6.6035454839544,0.15539798885866146
2025-10-21,CN_INDEX:CBA21801.CS,中债30年国债指数 (CBA21801),247.5549,46.79708936317224,0.1333621573769721
2025-10-22,CN_ETF:159981.SZ,能源化工ETF (159981),1.239,8.347885316297619,0.047085343633395886
2025-10-22,CN_ETF:159985.SZ,豆粕ETF (159985),1.935,11.1266222107411,0.0
2025-10-22,CN_ETF:510300.SH,沪深300ETF (510300),4.695,13.90762433247673,-0.044359960442790135
2025-10-22,CN_ETF:512890.SH,红利低波ETF (512890),1.199,12.60506055674483,0.09446062164877062
2025-10-22,CN_ETF:518880.SH,黄金ETF (518880),9.101,6.34333341100649,-0.2706827390156224
2025-10-22,CN_INDEX:CBA21801.CS,中债30年国债指数 (CBA21801),247.5995,46.88290801129101,0.00843105988044543
2025-10-23,CN_ETF:159981.SZ,能源化工ETF (159981),1.25,8.409233643941661,0.07411359037875098
2025-10-23,CN_ETF:159985.SZ,豆粕ETF (159985),1.96,11.25329445703751,0.14375480892430303
2025-10-23,CN_ETF:510300.SH,沪深300ETF (510300),4.713,13.93978363006034,0.0533199654919218
2025-10-23,CN_ETF:512890.SH,红利低波ETF (512890),1.206,12.659434311734131,0.07359084561902514
2025-10-23,CN_ETF:518880.SH,黄金ETF (518880),8.994,6.25925357740231,-0.07457825238739703
2025-10-23,CN_INDEX:CBA21801.CS,中债30年国债指数 (CBA21801),246.9742,46.69362642035434,-0.11840041025712984
2025-10-24,CN_ETF:159981.SZ,能源化工ETF (159981),1.245,8.386460911093941,-0.033636934575765734
2025-10-24,CN_ETF:159985.SZ,豆粕ETF (159985),1.955,11.23914677356098,-0.02870738381897296
2025-10-24,CN_ETF:510300.SH,沪深300ETF (510300),4.77,14.126674600760438,0.16859063588233117
2025-10-24,CN_ETF:512890.SH,红利低波ETF (512890),1.197,12.58125925505387,-0.09447339038607447
2025-10-24,CN_ETF:518880.SH,黄金ETF (518880),8.95,6.23671168710351,-0.03062120940690543
2025-10-24,CN_INDEX:CBA21801.CS,中债30年国债指数 (CBA21801),246.3887,46.64335408421217,-0.11069625195310895
2025-10-27,CN_ETF:159981.SZ,能源化工ETF (159981),1.258,8.43955131865597,0.08756947136081986
2025-10-27,CN_ETF:159985.SZ,豆粕ETF (159985),1.97,11.27930002245953,0.08623386271274433
2025-10-27,CN_ETF:510300.SH,沪深300ETF (510300),4.826,14.23436905772382,0.16584775212632902
2025-10-27,CN_ETF:512890.SH,红利低波ETF (512890),1.198,12.54053662651941,0.010510659360945165
2025-10-27,CN_ETF:518880.SH,黄金ETF (518880),8.914,6.18635166283367,-0.025086214607343282
2025-10-27,CN_INDEX:CBA21801.CS,中债30年国债指数 (CBA21801),246.8296,46.53669829157151,0.08346590089451987
2025-10-28,CN_ETF:159981.SZ,能源化工ETF (159981),1.254,8.417944892915601,-0.026834821362976113
2025-10-28,CN_ETF:159985.SZ,豆粕ETF (159985),1.969,11.28058087169975,-0.005725533006323775
2025-10-28,CN_ETF:510300.SH,沪深300ETF (510300),4.802,14.17238313372943,-0.070788408078196
2025-10-28,CN_ETF:512890.SH,红利低波ETF (512890),1.198,12.54833040951737,0.0
2025-10-28,CN_ETF:518880.SH,黄金ETF (518880),8.597,5.97006040623622,-0.2199992682430191
2025-10-28,CN_INDEX:CBA21801.CS,中债30年国债指数 (CBA21801),248.2152,46.82702052122812,0.26123791130724605
2025-10-29,CN_ETF:159981.SZ,能源化工ETF (159981),1.261,8.459664997855599,0.046990123006705374
2025-10-29,CN_ETF:159985.SZ,豆粕ETF (159985),1.962,11.23347924371378,-0.040103639462620085
2025-10-29,CN_ETF:510300.SH,沪深300ETF (510300),4.862,14.340530587370939,0.17708100541936264
2025-10-29,CN_ETF:512890.SH,红利低波ETF (512890),1.187,12.42537152912496,-0.11521839274181178
2025-10-29,CN_ETF:518880.SH,黄金ETF (518880),8.692,6.03227390642573,0.06597135496015392
2025-10-29,CN_INDEX:CBA21801.CS,中债30年国债指数 (CBA21801),247.8313,46.72548786666816,-0.0724246266066693
2025-10-30,CN_ETF:159981.SZ,能源化工ETF (159981),1.24,8.33440276071586,-0.14088260503962488
2025-10-30,CN_ETF:159985.SZ,豆粕ETF (159985),1.951,11.191473573620051,-0.06298077047953593
2025-10-30,CN_ETF:510300.SH,沪深300ETF (510300),4.823,14.25221113919329,-0.1150309940163433
2025-10-30,CN_ETF:512890.SH,红利低波ETF (512890),1.19,12.48016553552968,0.03140363486720577
2025-10-30,CN_ETF:518880.SH,黄金ETF (518880),8.704,6.05194451857098,0.008328035765888885
2025-10-30,CN_INDEX:CBA21801.CS,中债30年国债指数 (CBA21801),248.3179,46.90513998625028,0.09174233600002274
2025-10-31,CN_ETF:159981.SZ,能源化工ETF (159981),1.235,8.29144072989737,-0.03360646274482106
2025-10-31,CN_ETF:159985.SZ,豆粕ETF (159985),1.958,11.218968686058679,0.040153928762346344
2025-10-31,CN_ETF:510300.SH,沪深300ETF (510300),4.756,14.03838264470883,-0.1979884193087188
2025-10-31,CN_ETF:512890.SH,红利低波ETF (512890),1.188,12.4451481032275,-0.020975068126940565
2025-10-31,CN_ETF:518880.SH,黄金ETF (518880),8.794,6.10763058316773,0.06257755131794394
2025-10-31,CN_INDEX:CBA21801.CS,中债30年国债指数 (CBA21801),249.7085,47.11465113538422,0.2626725164189908
2025-11-03,CN_ETF:159981.SZ,能源化工ETF (159981),1.23,8.24118317991001,-0.03356858595100182
2025-11-03,CN_ETF:159985.SZ,豆粕ETF (159985),1.964,11.23060479933406,0.034378862163611745
2025-11-03,CN_ETF:510300.SH,沪深300ETF (510300),4.763,14.03063169176816,0.020662043421562803
2025-11-03,CN_ETF:512890.SH,红利低波ETF (512890),1.204,12.587269437193092,0.16761142226568948
2025-11-03,CN_ETF:518880.SH,黄金ETF (518880),8.797,6.09736656296622,0.0020835674038558643
2025-11-03,CN_INDEX:CBA21801.CS,中债30年国债指数 (CBA21801),249.7686,47.03075020828661,0.0113395840879938
2025-11-04,CN_ETF:159981.SZ,能源化工ETF (159981),1.225,8.21740751289104,-0.03350074463378025
2025-11-04,CN_ETF:159985.SZ,豆粕ETF (159985),1.952,11.175211590789349,-0.06861876659470897
2025-11-04,CN_ETF:510300.SH,沪深300ETF (510300),4.729,13.946981889877181,-0.10015567447409493
2025-11-04,CN_ETF:512890.SH,红利低波ETF (512890),1.217,12.738253868522861,0.13590905538497786
2025-11-04,CN_ETF:518880.SH,黄金ETF (518880),8.737,6.06295477326916,-0.041587131269521294
2025-11-04,CN_INDEX:CBA21801.CS,中债30年国债指数 (CBA21801),249.7134,47.07606944186054,-0.010394010341960708
2025-11-05,CN_ETF:159981.SZ,能源化工ETF (159981),1.228,8.21972266705175,0.02012426329687443
2025-11-05,CN_ETF:159985.SZ,豆粕ETF (159985),1.984,11.333855493735511,0.18320019001294036
2025-11-05,CN_ETF:510300.SH,沪深300ETF (510300),4.735,13.93448646701247,0.017695472898978975
2025-11-05,CN_ETF:512890.SH,红利低波ETF (512890),1.217,12.710714435654829,0.0
2025-11-05,CN_ETF:518880.SH,黄金ETF (518880),8.706,6.02838134949055,-0.021512143524246945
2025-11-05,CN_INDEX:CBA21801.CS,中债30年国债指数 (CBA21801),249.8044,46.99141173038721,0.01715535617715678
2025-11-06,CN_ETF:159981.SZ,能源化工ETF (159981),1.237,8.2773873508679,0.06024226710380041
2025-11-06,CN_ETF:159985.SZ,豆粕ETF (159985),1.976,11.28464041985743,-0.0457010302166754
2025-11-06,CN_ETF:510300.SH,沪深300ETF (510300),4.805,14.13608533762811,0.20600085590092077
2025-11-06,CN_ETF:512890.SH,红利低波ETF (512890),1.216,12.69631649413641,-0.010444301097499453
2025-11-06,CN_ETF:518880.SH,黄金ETF (518880),8.755,6.06042368272922,0.03392955273662336
2025-11-06,CN_INDEX:CBA21801.CS,中债30年国债指数 (CBA21801),248.6727,46.76396211945551,-0.21288728563339568
2025-11-07,CN_ETF:159981.SZ,能源化工ETF (159981),1.23,8.23336104731073,-0.046840510473788025
2025-11-07,CN_ETF:159985.SZ,豆粕ETF (159985),1.974,11.27707328309326,-0.011421700829815633
2025-11-07,CN_ETF:510300.SH,沪深300ETF (510300),4.795,14.11148918779508,-0.02941953244043283
2025-11-07,CN_ETF:512890.SH,红利低波ETF (512890),1.217,12.71110226674002,0.010441049748467738
2025-11-07,CN_ETF:518880.SH,黄金ETF (518880),8.793,6.08880939352424,0.02630452312321015
2025-11-07,CN_INDEX:CBA21801.CS,中债30年国债指数 (CBA21801),248.7618,46.79671312183364,0.016755635117341808
2025-11-10,CN_ETF:159981.SZ,能源化工ETF (159981),1.231,8.21547478712156,0.006693789469359543
2025-11-10,CN_ETF:159985.SZ,豆粕ETF (159985),1.976,11.254825343538108,0.011425606163214535
2025-11-10,CN_ETF:510300.SH,沪深300ETF (510300),4.807,14.10460483757501,0.035315509959028935
2025-11-10,CN_ETF:512890.SH,红利低波ETF (512890),1.227,12.777319736179349,0.10444619775464227
2025-11-10,CN_ETF:518880.SH,黄金ETF (518880),8.936,6.16937303826871,0.09902192008119717
2025-11-10,CN_INDEX:CBA21801.CS,中债30年国债指数 (CBA21801),248.9866,46.69928162481764,0.04228905366414394
2025-11-11,CN_ETF:159981.SZ,能源化工ETF (159981),1.217,8.12856896073437,-0.09343350692095995
2025-11-11,CN_ETF:159985.SZ,豆粕ETF (159985),1.972,11.24106948308623,-0.02278304725412532
2025-11-11,CN_ETF:510300.SH,沪深300ETF (510300),4.763,13.986733006253848,-0.129103934440047
2025-11-11,CN_ETF:512890.SH,红利低波ETF (512890),1.232,12.839698025756368,0.05206731758834244
2025-11-11,CN_ETF:518880.SH,黄金ETF (518880),9.062,6.2613910907694,0.08698981678848017
2025-11-11,CN_INDEX:CBA21801.CS,中债30年国债指数 (CBA21801),249.125,46.76279262203567,0.02595794543511719
2025-11-12,CN_ETF:159981.SZ,能源化工ETF (159981),1.226,8.169878712529261,0.06011267103254625
2025-11-12,CN_ETF:159985.SZ,豆粕ETF (159985),1.975,11.23231939632168,0.017101018483398733
2025-11-12,CN_ETF:510300.SH,沪深300ETF (510300),4.765,13.960476144212311,0.005873077054902212
2025-11-12,CN_ETF:512890.SH,红利低波ETF (512890),1.243,12.92459232703051,0.11464016094425575
2025-11-12,CN_ETF:518880.SH,黄金ETF (518880),9.029,6.22426463087922,-0.022801357977862396
2025-11-12,CN_INDEX:CBA21801.CS,中债30年国债指数 (CBA21801),249.4192,46.71051243881149,0.05522373743864796
2025-11-13,CN_ETF:159981.SZ,能源化工ETF (159981),1.227,8.16336211862644,0.00666384886829519
2025-11-13,CN_ETF:159985.SZ,豆粕ETF (159985),1.98,11.242603507947289,0.02843625163625757
2025-11-13,CN_ETF:510300.SH,沪深300ETF (510300),4.812,14.07545052592777,0.13770039428709102
2025-11-13,CN_ETF:512890.SH,红利低波ETF (512890),1.239,12.862233548049959,-0.0415916084538392
2025-11-13,CN_ETF:518880.SH,黄金ETF (518880),9.175,6.314716081139659,0.10064709670045158
2025-11-13,CN_INDEX:CBA21801.CS,中债30年国债指数 (CBA21801),249.0433,46.56493192004446,-0.07039747391439512
2025-11-14,CN_ETF:159981.SZ,能源化工ETF (159981),1.218,8.12545018607314,-0.05987796175031692
2025-11-14,CN_ETF:159985.SZ,豆粕ETF (159985),1.998,11.37556124869514,0.10220548643588385
2025-11-14,CN_ETF:510300.SH,沪深300ETF (510300),4.741,13.90536157310465,-0.20768017193285152
2025-11-14,CN_ETF:512890.SH,红利低波ETF (512890),1.235,12.855461945415461,-0.04152456351267181
2025-11-14,CN_ETF:518880.SH,黄金ETF (518880),9.096,6.277313987813931,-0.054371942279022784
2025-11-14,CN_INDEX:CBA21801.CS,中债30年国债指数 (CBA21801),248.9947,46.68204336188987,-0.009086996884934842
2025-11-17,CN_ETF:159981.SZ,能源化工ETF (159981),1.21,8.11292585015892,-0.05336913094300906
2025-11-17,CN_ETF:159985.SZ,豆粕ETF (159985),1.968,11.26145318636479,-0.1708042229533804
2025-11-17,CN_ETF:510300.SH,沪深300ETF (510300),4.71,13.8843396869954,-0.09092305605699987
2025-11-17,CN_ETF:512890.SH,红利低波ETF (512890),1.224,12.805429214502759,-0.11450209020208184
2025-11-17,CN_ETF:518880.SH,黄金ETF (518880),8.882,6.16064469089012,-0.14768526752332736
2025-11-17,CN_INDEX:CBA21801.CS,中债30年国债指数 (CBA21801),249.3885,46.992458900872656,0.0738304416757167
2025-11-18,CN_ETF:159981.SZ,能源化工ETF (159981),1.205,8.07605332377106,-0.03352448698412675
2025-11-18,CN_ETF:159985.SZ,豆粕ETF (159985),2.016,11.53134229912379,0.27466958991133655
2025-11-18,CN_ETF:510300.SH,沪深300ETF (510300),4.683,13.799027353528501,-0.07959175616748955
2025-11-18,CN_ETF:512890.SH,红利低波ETF (512890),1.217,12.726919430535972,-0.07323366380842912
2025-11-18,CN_ETF:518880.SH,黄金ETF (518880),8.777,6.08529289077738,-0.07282905793103654
2025-11-18,CN_INDEX:CBA21801.CS,中债30年国债指数 (CBA21801),249.5263,46.99894059676308,0.025965755584316137
2025-11-19,CN_ETF:159981.SZ,能源化工ETF (159981),1.205,8.0843640397858,0.0
2025-11-19,CN_ETF:159985.SZ,豆粕ETF (159985),1.984,11.359983168111091,-0.1830371793511719
2025-11-19,CN_ETF:510300.SH,沪深300ETF (510300),4.697,13.854522482748392,0.04125269761892145
2025-11-19,CN_ETF:512890.SH,红利低波ETF (512890),1.219,12.76095290724209,0.020915233246567393
2025-11-19,CN_ETF:518880.SH,黄金ETF (518880),8.954,6.21439939438335,0.12271810888317193
2025-11-19,CN_INDEX:CBA21801.CS,中债30年国债指数 (CBA21801),248.9707,46.9425487435354,-0.1046487340034381
2025-11-20,CN_ETF:159981.SZ,能源化工ETF (159981),1.201,8.06533720963241,-0.026836063202608368
2025-11-20,CN_ETF:159985.SZ,豆粕ETF (159985),1.982,11.359530395644809,-0.011451595935595532
2025-11-20,CN_ETF:510300.SH,沪深300ETF (510300),4.676,13.805947316921948,-0.06194272346981432
2025-11-20,CN_ETF:512890.SH,红利低波ETF (512890),1.228,12.8676273429511,0.09421540292467263
2025-11-20,CN_ETF:518880.SH,黄金ETF (518880),8.903,6.18499214826931,-0.03539584198275072
2025-11-20,CN_INDEX:CBA21801.CS,中债30年国债指数 (CBA21801),248.6768,46.932577228546265,-0.05541381004160521
2025-11-21,CN_ETF:159981.SZ,能源化工ETF (159981),1.192,8.068475926726611,-0.060439662686671544
2025-11-21,CN_ETF:159985.SZ,豆粕ETF (159985),1.977,11.42086838844244,-0.028656736618679887
2025-11-21,CN_ETF:510300.SH,沪深300ETF (510300),4.564,13.58229237017324,-0.3306813728604055
2025-11-21,CN_ETF:512890.SH,红利低波ETF (512890),1.209,12.76915440992868,-0.1990919540033137
2025-11-21,CN_ETF:518880.SH,黄金ETF (518880),8.828,6.18159906397326,-0.05210315748851034
2025-11-21,CN_INDEX:CBA21801.CS,中债30年国债指数 (CBA21801),248.0568,47.18739470601665,-0.11701211323974352
2025-11-24,CN_ETF:159981.SZ,能源化工ETF (159981),1.213,8.19082896621191,0.14214596850776873
2025-11-24,CN_ETF:159985.SZ,豆粕ETF (159985),2.006,11.56046200440549,0.167529177169867
2025-11-24,CN_ETF:510300.SH,沪深300ETF (510300),4.557,13.52876870931583,-0.02083173676406776
2025-11-24,CN_ETF:512890.SH,红利低波ETF (512890),1.202,12.664618440650111,-0.07393224224110967
2025-11-24,CN_ETF:518880.SH,黄金ETF (518880),8.857,6.18695501211634,0.020306566929681462
2025-11-24,CN_INDEX:CBA21801.CS,中债30年国债指数 (CBA21801),248.0906,47.080056664035816,0.006429712634622029
2025-11-25,CN_ETF:159981.SZ,能源化工ETF (159981),1.211,8.165807373931221,-0.013505076613704944
2025-11-25,CN_ETF:159985.SZ,豆粕ETF (159985),2.011,11.5729549835459,0.028814710878381534
2025-11-25,CN_ETF:510300.SH,沪深300ETF (510300),4.597,13.62829979068349,0.11875153574119816
2025-11-25,CN_ETF:512890.SH,红利低波ETF (512890),1.209,12.720432400054072,0.07375401754122354
2025-11-25,CN_ETF:518880.SH,黄金ETF (518880),9.01,6.28496749102654,0.10687638216707711
2025-11-25,CN_INDEX:CBA21801.CS,中债30年国债指数 (CBA21801),247.1755,46.840337972392085,-0.17365817106032708
2025-11-26,CN_ETF:159981.SZ,能源化工ETF (159981),1.22,8.24006626593394,0.06068725546274135
2025-11-26,CN_ETF:159985.SZ,豆粕ETF (159985),2.002,11.540168554095361,-0.05179343354148036
2025-11-26,CN_ETF:510300.SH,沪深300ETF (510300),4.626,13.736898486833878,0.08597361190555218
2025-11-26,CN_ETF:512890.SH,红利低波ETF (512890),1.203,12.67818505471491,-0.06312869677446249
2025-11-26,CN_ETF:518880.SH,黄金ETF (518880),9.011,6.29603480404161,0.000697554660491579
2025-11-26,CN_INDEX:CBA21801.CS,中债30年国债指数 (CBA21801),246.1352,46.720148165031276,-0.19713929411563874
2025-11-27,CN_ETF:159981.SZ,能源化工ETF (159981),1.22,8.23609821524501,0.0
2025-11-27,CN_ETF:159985.SZ,豆粕ETF (159985),2.026,11.6728883792012,0.13834367897017458
2025-11-27,CN_ETF:510300.SH,沪深300ETF (510300),4.622,13.718411132659588,-0.011877992638854815
2025-11-27,CN_ETF:512890.SH,红利低波ETF (512890),1.205,12.693147267071888,0.02107761438855403
2025-11-27,CN_ETF:518880.SH,黄金ETF (518880),9.01,6.2923045437555905,-0.0006987054493438023
2025-11-27,CN_INDEX:CBA21801.CS,中债30年国债指数 (CBA21801),245.6154,46.59903149872819,-0.09866582681462778
2025-11-28,CN_ETF:159981.SZ,能源化工ETF (159981),1.234,8.31076913628452,0.09451260247002535
2025-11-28,CN_ETF:159985.SZ,豆粕ETF (159985),2.024,11.633590485470199,-0.011523088232181691
2025-11-28,CN_ETF:510300.SH,沪深300ETF (510300),4.635,13.72422988236054,0.038584886353218176
2025-11-28,CN_ETF:512890.SH,红利低波ETF (512890),1.204,12.652406340857231,-0.010533732171845262
2025-11-28,CN_ETF:518880.SH,黄金ETF (518880),9.067,6.3170298797316,0.039807032074813016
2025-11-28,CN_INDEX:CBA21801.CS,中债30年国债指数 (CBA21801),246.0787,46.575732437865916,0.0878989317989064
2025-12-01,CN_ETF:159981.SZ,能源化工ETF (159981),1.242,8.36211617131898,0.053878568144470756
2025-12-01,CN_ETF:159985.SZ,豆粕ETF (159985),1.973,11.337019444411292,-0.293138890691196
2025-12-01,CN_ETF:510300.SH,沪深300ETF (510300),4.687,13.87400163281953,0.1539719425852769
2025-12-01,CN_ETF:512890.SH,红利低波ETF (512890),1.211,12.72211537083944,0.07356050198172821
2025-12-01,CN_ETF:518880.SH,黄金ETF (518880),9.161,6.38058855950801,0.06549032852043274
2025-12-01,CN_INDEX:CBA21801.CS,中债30年国债指数 (CBA21801),245.9546,46.5381549371783,-0.023488617241311936
2025-12-02,CN_ETF:159981.SZ,能源化工ETF (159981),1.238,8.36775611587469,-0.026931130986534674
2025-12-02,CN_ETF:159985.SZ,豆粕ETF (159985),1.969,11.35824652821271,-0.02298432730747384
2025-12-02,CN_ETF:510300.SH,沪深300ETF (510300),4.666,13.86581145806806,-0.06216215794521162
2025-12-02,CN_ETF:512890.SH,红利低波ETF (512890),1.208,12.740189538352812,-0.031516388201915276
2025-12-02,CN_ETF:518880.SH,黄金ETF (518880),9.112,6.3712601298966804,-0.034128243577762965
2025-12-02,CN_INDEX:CBA21801.CS,中债30年国债指数 (CBA21801),244.8367,46.50766090913311,-0.21152279080883557
2025-12-03,CN_ETF:159981.SZ,能源化工ETF (159981),1.229,8.34560950009207,-0.06083182959844244
2025-12-03,CN_ETF:159985.SZ,豆粕ETF (159985),1.969,11.411141701007601,0.0
2025-12-03,CN_ETF:510300.SH,沪深300ETF (510300),4.645,13.86768863474868,-0.06240506657081875
2025-12-03,CN_ETF:512890.SH,红利低波ETF (512890),1.203,12.74654225034755,-0.052732572592518415
2025-12-03,CN_ETF:518880.SH,黄金ETF (518880),9.096,6.3896914238801505,-0.011187462914656061
2025-12-03,CN_INDEX:CBA21801.CS,中债30年国债指数 (CBA21801),243.3817,46.44657645828892,-0.27638277522441956
2025-12-04,CN_ETF:159981.SZ,能源化工ETF (159981),1.23,8.39216853243404,0.0067905691619945295
2025-12-04,CN_ETF:159985.SZ,豆粕ETF (159985),1.964,11.43635885038089,-0.028976997717134845
2025-12-04,CN_ETF:510300.SH,沪深300ETF (510300),4.657,13.969713846599472,0.03582610626845873
2025-12-04,CN_ETF:512890.SH,红利低波ETF (512890),1.198,12.75400224443463,-0.05297814734142931
2025-12-04,CN_ETF:518880.SH,黄金ETF (518880),9.064,6.39752864406915,-0.022479125501777452
2025-12-04,CN_INDEX:CBA21801.CS,中债30年国债指数 (CBA21801),241.2225,46.25370331256752,-0.4120582931614731
2025-12-05,CN_ETF:159981.SZ,能源化工ETF (159981),1.216,8.29298689833589,-0.09552061744233843
2025-12-05,CN_ETF:159985.SZ,豆粕ETF (159985),1.956,11.38474899998125,-0.04658394643739617
2025-12-05,CN_ETF:510300.SH,沪深300ETF (510300),4.698,14.08648391325065,0.12298867676843077
2025-12-05,CN_ETF:512890.SH,红利低波ETF (512890),1.193,12.6951674506463,-0.05323039334071052
2025-12-05,CN_ETF:518880.SH,黄金ETF (518880),9.136,6.44550206753602,0.05081885065897835
2025-12-05,CN_INDEX:CBA21801.CS,中债30年国债指数 (CBA21801),241.565,46.298937578795844,0.06567336539732145
2025-12-08,CN_ETF:159981.SZ,能源化工ETF (159981),1.215,8.29265635375457,-0.006819890541393919
2025-12-08,CN_ETF:159985.SZ,豆粕ETF (159985),1.951,11.36454010267732,-0.02910211912060546
2025-12-08,CN_ETF:510300.SH,沪深300ETF (510300),4.732,14.19954124566693,0.10194560516188018
2025-12-08,CN_ETF:512890.SH,红利低波ETF (512890),1.19,12.6731605792195,-0.03192414279290849
2025-12-08,CN_ETF:518880.SH,黄金ETF (518880),9.11,6.43219236974918,-0.018343153869957537
2025-12-08,CN_INDEX:CBA21801.CS,中债30年国债指数 (CBA21801),241.0745,46.241112731229265,-0.0940104273483276
2025-12-09,CN_ETF:159981.SZ,能源化工ETF (159981),1.198,8.19292167899541,-0.11602893663689579
2025-12-09,CN_ETF:159985.SZ,豆粕ETF (159985),1.942,11.33465787922615,-0.05242483901798978
2025-12-09,CN_ETF:510300.SH,沪深300ETF (510300),4.708,14.15567640392199,-0.07201796067117691
2025-12-09,CN_ETF:512890.SH,红利低波ETF (512890),1.181,12.60237702941497,-0.09584743295207851
2025-12-09,CN_ETF:518880.SH,黄金ETF (518880),9.046,6.39973255784288,-0.04518774002897358
2025-12-09,CN_INDEX:CBA21801.CS,中债30年国债指数 (CBA21801),242.0266,46.51624998841014,0.18262472153381382
2025-12-10,CN_ETF:159981.SZ,能源化工ETF (159981),1.193,8.15034294351273,-0.03419416393570601
2025-12-10,CN_ETF:159985.SZ,豆粕ETF (159985),1.949,11.36382360677027,0.04085613035766337
2025-12-10,CN_ETF:510300.SH,沪深300ETF (510300),4.702,14.12310705075758,-0.018040369248839207
2025-12-10,CN_ETF:512890.SH,红利低波ETF (512890),1.176,12.53612594722336,-0.053354686830716994
2025-12-10,CN_ETF:518880.SH,黄金ETF (518880),9.095,6.4277858546621,0.034665807576200094
2025-12-10,CN_INDEX:CBA21801.CS,中债30年国债指数 (CBA21801),242.7183,46.60125061965261,0.13294113174743746
2025-12-11,CN_ETF:159981.SZ,能源化工ETF (159981),1.192,8.14266083896804,-0.006831804646700461
2025-12-11,CN_ETF:159985.SZ,豆粕ETF (159985),1.942,11.3218271781584,-0.04081414327726653
2025-12-11,CN_ETF:510300.SH,沪深300ETF (510300),4.668,14.01951935758103,-0.10212370049463088
2025-12-11,CN_ETF:512890.SH,红利低波ETF (512890),1.173,12.502840421081801,-0.03197991313067013
2025-12-11,CN_ETF:518880.SH,黄金ETF (518880),9.11,6.43771467047549,0.010601076175912761
2025-12-11,CN_INDEX:CBA21801.CS,中债30年国债指数 (CBA21801),243.6641,46.77795683348476,0.18159101656556842
2025-12-12,CN_ETF:159981.SZ,能源化工ETF (159981),1.178,8.060050027662061,-0.09563527831002784
2025-12-12,CN_ETF:159985.SZ,豆粕ETF (159985),1.955,11.41606450591193,0.0757897802863343
2025-12-12,CN_ETF:510300.SH,沪深300ETF (510300),4.694,14.12042339677223,0.0780864402950095
2025-12-12,CN_ETF:512890.SH,红利低波ETF (512890),1.174,12.533752931459091,0.010658857988986765
2025-12-12,CN_ETF:518880.SH,黄金ETF (518880),9.227,6.5309479777446695,0.08267976031236454
2025-12-12,CN_INDEX:CBA21801.CS,中债30年国债指数 (CBA21801),242.0328,46.53998970239238,-0.3131724410057247
2025-12-15,CN_ETF:159981.SZ,能源化工ETF (159981),1.186,8.13806499435434,0.05473718185169533
2025-12-15,CN_ETF:159985.SZ,豆粕ETF (159985),1.951,11.425387535577041,-0.023357676738438374
2025-12-15,CN_ETF:510300.SH,沪深300ETF (510300),4.667,14.07947473222973,-0.0812210122950267
2025-12-15,CN_ETF:512890.SH,红利低波ETF (512890),1.175,12.580413536331262,0.010676109822369294
2025-12-15,CN_ETF:518880.SH,黄金ETF (518880),9.351,6.63770242736007,0.08776823986564887
2025-12-15,CN_INDEX:CBA21801.CS,中债30年国债指数 (CBA21801),240.2925,46.33789398920019,-0.33463871045194943
2025-12-16,CN_ETF:159981.SZ,能源化工ETF (159981),1.183,8.138589123357729,-0.020585324606292234
2025-12-16,CN_ETF:159985.SZ,豆粕ETF (159985),1.96,11.50794177206062,0.05270552937990293
2025-12-16,CN_ETF:510300.SH,沪深300ETF (510300),4.62,13.97392929464504,-0.1417902962105838
2025-12-16,CN_ETF:512890.SH,红利低波ETF (512890),1.169,12.548721354403911,-0.06424040954722411
2025-12-16,CN_ETF:518880.SH,黄金ETF (518880),9.24,6.57596672689178,-0.07879210452753442
2025-12-16,CN_INDEX:CBA21801.CS,中债30年国债指数 (CBA21801),240.2579,46.451705785079675,-0.006672247914628453
2025-12-17,CN_ETF:159981.SZ,能源化工ETF (159981),1.191,8.14491116189226,0.05503695096099827
2025-12-17,CN_ETF:159985.SZ,豆粕ETF (159985),1.946,11.35781084414134,-0.082199584086147
2025-12-17,CN_ETF:510300.SH,沪深300ETF (510300),4.699,14.128375278933369,0.23894814161838865
2025-12-17,CN_ETF:512890.SH,红利低波ETF (512890),1.171,12.49545488921384,0.02146915543952702
2025-12-17,CN_ETF:518880.SH,黄金ETF (518880),9.31,6.5863912896045305,0.049817929749180104
2025-12-17,CN_INDEX:CBA21801.CS,中债30年国债指数 (CBA21801),241.8873,46.48868566829774,0.31502984670309686
2025-12-18,CN_ETF:159981.SZ,能源化工ETF (159981),1.206,8.241812243309909,0.1025807451119928
2025-12-18,CN_ETF:159985.SZ,豆粕ETF (159985),1.942,11.32665936320036,-0.02334596268066055
2025-12-18,CN_ETF:510300.SH,沪深300ETF (510300),4.668,14.02550292460331,-0.09320698736899943
2025-12-18,CN_ETF:512890.SH,红利低波ETF (512890),1.181,12.59348392335857,0.10670755669695757
2025-12-18,CN_ETF:518880.SH,黄金ETF (518880),9.318,6.58751127836351,0.005659627316522677
2025-12-18,CN_INDEX:CBA21801.CS,中债30年国债指数 (CBA21801),241.7339,46.42720920009406,-0.029482177780797553
2025-12-19,CN_ETF:159981.SZ,能源化工ETF (159981),1.215,8.275997785770139,0.061506061517239224
2025-12-19,CN_ETF:159985.SZ,豆粕ETF (159985),1.948,11.32427078885585,0.034994828104634446
2025-12-19,CN_ETF:510300.SH,沪深300ETF (510300),4.688,14.039249032242179,0.0600921290685661
2025-12-19,CN_ETF:512890.SH,红利低波ETF (512890),1.181,12.552047415098711,0.0
2025-12-19,CN_ETF:518880.SH,黄金ETF (518880),9.313,6.56231310164984,-0.0035348311216794417
2025-12-19,CN_INDEX:CBA21801.CS,中债30年国债指数 (CBA21801),242.6558,46.45092589061987,0.17705933740185378
2025-12-22,CN_ETF:159981.SZ,能源化工ETF (159981),1.235,8.39958620622375,0.13623041622666834
2025-12-22,CN_ETF:159985.SZ,豆粕ETF (159985),1.946,11.29564345228138,-0.011626561384862127
2025-12-22,CN_ETF:510300.SH,沪深300ETF (510300),4.73,14.1437399171252,0.12577825498169257
2025-12-22,CN_ETF:512890.SH,红利低波ETF (512890),1.173,12.448285258983551,-0.08502657012767946
2025-12-22,CN_ETF:518880.SH,黄金ETF (518880),9.511,6.69176024632646,0.1395187366183456
2025-12-22,CN_INDEX:CBA21801.CS,中债30年国债指数 (CBA21801),241.8494,46.226983963203836,-0.1543669124669411
2025-12-23,CN_ETF:159981.SZ,能源化工ETF (159981),1.24,8.400020132134351,0.034006421887544935
2025-12-23,CN_ETF:159985.SZ,豆粕ETF (159985),1.95,11.27380343790695,0.02321817770252988
2025-12-23,CN_ETF:510300.SH,沪深300ETF (510300),4.74,14.11721959637206,0.029902198556290404
2025-12-23,CN_ETF:512890.SH,红利低波ETF (512890),1.173,12.39873105056896,0.0
2025-12-23,CN_ETF:518880.SH,黄金ETF (518880),9.639,6.754821528390679,0.09005838624012116
2025-12-23,CN_INDEX:CBA21801.CS,中债30年国债指数 (CBA21801),243.0134,46.26456406252531,0.22248642888164621
2025-12-24,CN_ETF:159981.SZ,能源化工ETF (159981),1.251,8.44966853758328,0.07451630762377183
2025-12-24,CN_ETF:159985.SZ,豆粕ETF (159985),1.956,11.27530812792371,0.03468862596278949
2025-12-24,CN_ETF:510300.SH,沪深300ETF (510300),4.757,14.126276460882789,0.050631378299223914
2025-12-24,CN_ETF:512890.SH,红利低波ETF (512890),1.177,12.40450423275952,0.042280412789662866
2025-12-24,CN_ETF:518880.SH,黄金ETF (518880),9.642,6.737096174595051,0.0021023409674413474
2025-12-24,CN_INDEX:CBA21801.CS,中债30年国债指数 (CBA21801),243.4866,46.21862693637223,0.09008717920241865
2025-12-25,CN_ETF:159981.SZ,能源化工ETF (159981),1.253,8.46827605552226,0.01350866272994858
2025-12-25,CN_ETF:159985.SZ,豆粕ETF (159985),1.957,11.28786916796275,0.005764472458038255
2025-12-25,CN_ETF:510300.SH,沪深300ETF (510300),4.766,14.16152948586547,0.026726190487271543
2025-12-25,CN_ETF:512890.SH,红利低波ETF (512890),1.178,12.42252307569658,0.0105390860091391
2025-12-25,CN_ETF:518880.SH,黄金ETF (518880),9.566,6.6880200963584695,-0.053103019007385906
2025-12-25,CN_INDEX:CBA21801.CS,中债30年国债指数 (CBA21801),243.1513,46.18278752517202,-0.06364664672210507
2025-12-26,CN_ETF:159981.SZ,能源化工ETF (159981),1.271,8.561755769668759,0.12165121229002368
2025-12-26,CN_ETF:159985.SZ,豆粕ETF (159985),1.974,11.34858299901847,0.09805507197514851
2025-12-26,CN_ETF:510300.SH,沪深300ETF (510300),4.784,14.168394555650341,0.053484584713715824
2025-12-26,CN_ETF:512890.SH,红利低波ETF (512890),1.175,12.350249656219,-0.031636306644386804
2025-12-26,CN_ETF:518880.SH,黄金ETF (518880),9.65,6.724621653650691,0.058728171450356706
2025-12-26,CN_INDEX:CBA21801.CS,中债30年国债指数 (CBA21801),243.3027,46.05998835652911,0.02875606271202331
2025-12-29,CN_ETF:159981.SZ,能源化工ETF (159981),1.249,8.46989795493775,-0.14819718877475258
2025-12-29,CN_ETF:159985.SZ,豆粕ETF (159985),1.976,11.43615111079721,0.011498057749764897
2025-12-29,CN_ETF:510300.SH,沪深300ETF (510300),4.763,14.200659299355308,-0.062194039646457804
2025-12-29,CN_ETF:512890.SH,红利低波ETF (512890),1.176,12.44353137058771,0.010510850771249407
2025-12-29,CN_ETF:518880.SH,黄金ETF (518880),9.563,6.708619376306809,-0.06062612268058134
2025-12-29,CN_INDEX:CBA21801.CS,中债30年国债指数 (CBA21801),241.1044,45.949467893114296,-0.41616337346094945
2025-12-30,CN_ETF:159981.SZ,能源化工ETF (159981),1.271,8.62663819144275,0.14918955565142433
2025-12-30,CN_ETF:159985.SZ,豆粕ETF (159985),1.964,11.3766585053268,-0.06945031038945676
2025-12-30,CN_ETF:510300.SH,沪深300ETF (510300),4.773,14.242940316310602,0.029814527187393487
2025-12-30,CN_ETF:512890.SH,红利低波ETF (512890),1.175,12.44384192032534,-0.010581234158661995
2025-12-30,CN_ETF:518880.SH,黄金ETF (518880),9.363,6.5740698380161,-0.14030365735243883
2025-12-30,CN_INDEX:CBA21801.CS,中债30年国债指数 (CBA21801),240.862,45.943484695049705,-0.04619638221986301
2025-12-31,CN_ETF:159981.SZ,能源化工ETF (159981),1.27,8.63577786692747,-0.006787284178947449
2025-12-31,CN_ETF:159985.SZ,豆粕ETF (159985),1.949,11.310629752929149,-0.08688893970463359
2025-12-31,CN_ETF:510300.SH,沪深300ETF (510300),4.753,14.209465532696312,-0.05968129191833294
2025-12-31,CN_ETF:512890.SH,红利低波ETF (512890),1.176,12.47744456721907,0.010590503761978199
2025-12-31,CN_ETF:518880.SH,黄金ETF (518880),9.301,6.5426041222068205,-0.04353223645807911
2025-12-31,CN_INDEX:CBA21801.CS,中债30年国债指数 (CBA21801),240.8718,46.03024756322806,0.0018693116805964924
2026-01-04,CN_ETF:159981.SZ,能源化工ETF (159981),1.27,8.626421001381889,0.0
2026-01-04,CN_ETF:159985.SZ,豆粕ETF (159985),1.949,11.29837468529484,0.0
2026-01-04,CN_ETF:510300.SH,沪深300ETF (510300),4.753,14.1940695764185,0.0
2026-01-04,CN_ETF:512890.SH,红利低波ETF (512890),1.176,12.46392525570284,0.0
2026-01-04,CN_ETF:518880.SH,黄金ETF (518880),9.301,6.535515210468599,0.0
2026-01-04,CN_INDEX:CBA21801.CS,中债30年国债指数 (CBA21801),241.4394,46.088723791410516,0.108467527194498
2026-01-05,CN_ETF:159981.SZ,能源化工ETF (159981),1.257,8.5350678150459,-0.08830194725824023
2026-01-05,CN_ETF:159985.SZ,豆粕ETF (159985),1.956,11.334901599160201,0.040579077884588
2026-01-05,CN_ETF:510300.SH,沪深300ETF (510300),4.844,10.2075224663194,0.27175685492406454
2026-01-05,CN_ETF:512890.SH,红利低波ETF (512890),1.173,12.42768669942007,-0.031795727693117795
2026-01-05,CN_ETF:518880.SH,黄金ETF (518880),9.495,8.89259801979105,0.13631759497160564
2026-01-05,CN_INDEX:CBA21801.CS,中债30年国债指数 (CBA21801),240.1374,45.82380133464941,-0.24854070369797213
2026-01-06,CN_ETF:159981.SZ,能源化工ETF (159981),1.292,8.750326713598849,0.23765105292490596
2026-01-06,CN_ETF:159985.SZ,豆粕ETF (159985),1.961,11.334870274977089,0.02897469733936682
2026-01-06,CN_ETF:510300.SH,沪深300ETF (510300),4.919,10.33910841085018,0.15804380366927026
2026-01-06,CN_ETF:512890.SH,红利低波ETF (512890),1.174,12.4065330727519,0.010594788320050933
2026-01-06,CN_ETF:518880.SH,黄金ETF (518880),9.577,8.94650143441189,0.07679758163484669
2026-01-06,CN_INDEX:CBA21801.CS,中债30年国债指数 (CBA21801),238.795,45.4513298834386,-0.25616114321065553
2026-01-07,CN_ETF:159981.SZ,能源化工ETF (159981),1.294,8.78285416642914,0.01354539738947206
2026-01-07,CN_ETF:159985.SZ,豆粕ETF (159985),1.984,11.49265232074659,0.1329434045509811
2026-01-07,CN_ETF:510300.SH,沪深300ETF (510300),4.901,10.32358669794338,-0.037833696156800954
2026-01-07,CN_ETF:512890.SH,红利低波ETF (512890),1.17,12.39104238944132,-0.042270981508524395
2026-01-07,CN_ETF:518880.SH,黄金ETF (518880),9.518,8.910643922195021,-0.05511575489509181
2026-01-07,CN_INDEX:CBA21801.CS,中债30年国债指数 (CBA21801),237.6003,45.32188774747773,-0.2273946431530955
2026-01-08,CN_ETF:159981.SZ,能源化工ETF (159981),1.275,8.673950071916769,-0.1289599916245398
2026-01-08,CN_ETF:159985.SZ,豆粕ETF (159985),1.972,11.44961409493014,-0.06951201000451623
2026-01-08,CN_ETF:510300.SH,沪深300ETF (510300),4.863,10.26728256382911,-0.08004413273247092
2026-01-08,CN_ETF:512890.SH,红利低波ETF (512890),1.161,12.32422273199907,-0.09531571068800844
2026-01-08,CN_ETF:518880.SH,黄金ETF (518880),9.511,8.92472634309673,-0.006553320808507974
2026-01-08,CN_INDEX:CBA21801.CS,中债30年国债指数 (CBA21801),238.3823,45.57643481017928,0.14916528396019474
2026-01-09,CN_ETF:159981.SZ,能源化工ETF (159981),1.285,8.70888709248934,0.06803098095620971
2026-01-09,CN_ETF:159985.SZ,豆粕ETF (159985),1.984,11.47567937178577,0.06967310808273902
2026-01-09,CN_ETF:510300.SH,沪深300ETF (510300),4.885,10.27468726744382,0.04644873872182449
2026-01-09,CN_ETF:512890.SH,红利低波ETF (512890),1.162,12.288142701372221,0.01061517892506321
2026-01-09,CN_ETF:518880.SH,黄金ETF (518880),9.592,8.9666598675602,0.07600702699935362
2026-01-09,CN_INDEX:CBA21801.CS,中债30年国债指数 (CBA21801),238.9536,45.51271265359579,0.10922714147424469
2026-01-12,CN_ETF:159981.SZ,能源化工ETF (159981),1.288,8.6959428382082,0.020332032122543135
2026-01-12,CN_ETF:159985.SZ,豆粕ETF (159985),1.974,11.374312788469659,-0.057841125865855325
2026-01-12,CN_ETF:510300.SH,沪深300ETF (510300),4.913,10.29418784742589,0.05889278269978096
2026-01-12,CN_ETF:512890.SH,红利低波ETF (512890),1.164,12.26236895564532,0.021149987437818978
2026-01-12,CN_ETF:518880.SH,黄金ETF (518880),9.777,9.10475831325354,0.1729391238009409
2026-01-12,CN_INDEX:CBA21801.CS,中债30年国债指数 (CBA21801),239.8314,45.50576992782363,0.1671917023527822
2026-01-13,CN_ETF:159981.SZ,能源化工ETF (159981),1.28,8.64325236051917,-0.054012067318063454
2026-01-13,CN_ETF:159985.SZ,豆粕ETF (159985),1.976,11.38757812347928,0.011524126432086263
2026-01-13,CN_ETF:510300.SH,沪深300ETF (510300),4.896,10.26013663830595,-0.03562002715372335
2026-01-13,CN_ETF:512890.SH,红利低波ETF (512890),1.166,12.28531679470723,0.02106936246674446
2026-01-13,CN_ETF:518880.SH,黄金ETF (518880),9.793,9.1210528412246,0.014899880639465082
2026-01-13,CN_INDEX:CBA21801.CS,中债30年国债指数 (CBA21801),239.9729,45.53958142576213,0.026848304453829006
2026-01-14,CN_ETF:159981.SZ,能源化工ETF (159981),1.285,8.686728502602751,0.03376270453327801
2026-01-14,CN_ETF:159985.SZ,豆粕ETF (159985),1.969,11.359940116334739,-0.04034061076131283
2026-01-14,CN_ETF:510300.SH,沪深300ETF (510300),4.866,10.20868343064497,-0.0628684843033462
2026-01-14,CN_ETF:512890.SH,红利低波ETF (512890),1.156,12.19358865537762,-0.10536292276764395
2026-01-14,CN_ETF:518880.SH,黄金ETF (518880),9.922,9.251546513116809,0.12014865889083971
2026-01-14,CN_INDEX:CBA21801.CS,中债30年国债指数 (CBA21801),239.6717,45.5333378489377,-0.05715862885117755
2026-01-15,CN_ETF:159981.SZ,能源化工ETF (159981),1.272,8.61229762707583,-0.087881300026331
2026-01-15,CN_ETF:159985.SZ,豆粕ETF (159985),1.968,11.37193105670163,-0.00576939569138387
2026-01-15,CN_ETF:510300.SH,沪深300ETF (510300),4.875,10.24356317468966,0.018881658626347015
2026-01-15,CN_ETF:512890.SH,红利低波ETF (512890),1.153,12.18096825991743,-0.03164426121637636
2026-01-15,CN_ETF:518880.SH,黄金ETF (518880),9.867,9.214654162476391,-0.05128351725674465
2026-01-15,CN_INDEX:CBA21801.CS,中债30年国债指数 (CBA21801),239.6797,45.60608390067563,0.001519856965975392
2026-01-16,CN_ETF:159981.SZ,能源化工ETF (159981),1.264,8.58136707942548,-0.05416539388098005
2026-01-16,CN_ETF:159985.SZ,豆粕ETF (159985),1.959,11.35065823296907,-0.052005782271500774
2026-01-16,CN_ETF:510300.SH,沪深300ETF (510300),4.859,10.23766269506644,-0.03361989965026347
2026-01-16,CN_ETF:512890.SH,红利低波ETF (512890),1.143,12.10810621380388,-0.10564586522044649
2026-01-16,CN_ETF:518880.SH,黄金ETF (518880),9.857,9.23030721321442,-0.009338861013963817
2026-01-16,CN_INDEX:CBA21801.CS,中债30年国债指数 (CBA21801),239.5957,45.71387499091011,-0.0159834606253972
2026-01-19,CN_ETF:159981.SZ,能源化工ETF (159981),1.255,8.51334297968287,-0.06110150610350548
2026-01-19,CN_ETF:159985.SZ,豆粕ETF (159985),1.961,11.35301478728296,0.01158821667480174
2026-01-19,CN_ETF:510300.SH,沪深300ETF (510300),4.738,9.97461110975785,-0.25494076684565464
2026-01-19,CN_ETF:512890.SH,红利低波ETF (512890),1.144,12.10885321297605,0.010593268778478677
2026-01-19,CN_ETF:518880.SH,黄金ETF (518880),10.006,9.362221168260119,0.13952681087237073
2026-01-19,CN_INDEX:CBA21801.CS,中债30年国债指数 (CBA21801),239.4725,45.65324616739159,-0.023506053735022226
2026-01-20,CN_ETF:159981.SZ,能源化工ETF (159981),1.267,8.55102193801079,0.08140248267425883
2026-01-20,CN_ETF:159985.SZ,豆粕ETF (159985),1.958,11.27797944171603,-0.01736820212231063
2026-01-20,CN_ETF:510300.SH,沪深300ETF (510300),4.724,9.894544504163159,-0.029473312692404174
2026-01-20,CN_ETF:512890.SH,红利低波ETF (512890),1.16,12.2157456257297,0.16935459039127307
2026-01-20,CN_ETF:518880.SH,黄金ETF (518880),10.082,9.38534177165989,0.07111021474992724
2026-01-20,CN_INDEX:CBA21801.CS,中债30年国债指数 (CBA21801),240.712,45.65609444207332,0.2362993605715978
2026-01-21,CN_ETF:159981.SZ,能源化工ETF (159981),1.267,8.51407555360225,0.0
2026-01-21,CN_ETF:159985.SZ,豆粕ETF (159985),1.956,11.217780573862731,-0.011519897284694987
2026-01-21,CN_ETF:510300.SH,沪深300ETF (510300),4.73,9.864306026096061,0.012567160674213242
2026-01-21,CN_ETF:512890.SH,红利低波ETF (512890),1.151,12.06859724408398,-0.09477733675134961
2026-01-21,CN_ETF:518880.SH,黄金ETF (518880),10.377,9.61821974468394,0.2746157332513068
2026-01-21,CN_INDEX:CBA21801.CS,中债30年国债指数 (CBA21801),242.0462,45.71079394507231,0.25305909636667234
2026-01-22,CN_ETF:159981.SZ,能源化工ETF (159981),1.297,8.69424164209052,0.20159610624156868
2026-01-22,CN_ETF:159985.SZ,豆粕ETF (159985),1.972,11.28173375762402,0.09176098628926599
2026-01-22,CN_ETF:510300.SH,沪深300ETF (510300),4.727,9.833810708517191,-0.006256430883359751
2026-01-22,CN_ETF:512890.SH,红利低波ETF (512890),1.152,12.04938261555565,0.010485314721183176
2026-01-22,CN_ETF:518880.SH,黄金ETF (518880),10.341,9.56128496220542,-0.033367631377915576
2026-01-22,CN_INDEX:CBA21801.CS,中债30年国债指数 (CBA21801),241.9523,45.58071108602232,-0.01773315817989384
2026-01-23,CN_ETF:159981.SZ,能源化工ETF (159981),1.33,8.87470083664548,0.2212104658357653
2026-01-23,CN_ETF:159985.SZ,豆粕ETF (159985),1.966,11.19599768368976,-0.03432576194003244
2026-01-23,CN_ETF:510300.SH,沪深300ETF (510300),4.704,9.74123242468818,-0.04784803179519749
2026-01-23,CN_ETF:512890.SH,红利低波ETF (512890),1.148,11.95265969305737,-0.0418381340817903
2026-01-23,CN_ETF:518880.SH,黄金ETF (518880),10.617,9.771604748007789,0.25518950290771747
2026-01-23,CN_INDEX:CBA21801.CS,中债30年国债指数 (CBA21801),242.5192,45.47867663783287,0.10679669139192496
2026-01-26,CN_ETF:159981.SZ,能源化工ETF (159981),1.341,8.89551600417994,0.07339978135571444
2026-01-26,CN_ETF:159985.SZ,豆粕ETF (159985),1.975,11.18115512559646,0.0512532956018358
2026-01-26,CN_ETF:510300.SH,沪深300ETF (510300),4.712,9.700456239688931,0.01656672181069474
2026-01-26,CN_ETF:512890.SH,红利低波ETF (512890),1.156,11.96522272783174,0.08329379577043396
2026-01-26,CN_ETF:518880.SH,黄金ETF (518880),10.924,9.9950748879798,0.28255464421572757
2026-01-26,CN_INDEX:CBA21801.CS,中债30年国债指数 (CBA21801),242.9675,45.294989510341125,0.08406794487504334
2026-01-27,CN_ETF:159981.SZ,能源化工ETF (159981),1.308,8.72002050228643,-0.21890531553910303
2026-01-27,CN_ETF:159985.SZ,豆粕ETF (159985),1.97,11.20864704313589,-0.028306721836953215
2026-01-27,CN_ETF:510300.SH,沪深300ETF (510300),4.71,9.74485049804707,-0.0041173413581020325
2026-01-27,CN_ETF:512890.SH,红利低波ETF (512890),1.148,11.94186715786863,-0.08280430953516768
2026-01-27,CN_ETF:518880.SH,黄金ETF (518880),10.934,10.05427651291783,0.009149647462448358
2026-01-27,CN_INDEX:CBA21801.CS,中债30年国债指数 (CBA21801),242.0404,45.34790570128152,-0.17283375255965305
2026-01-28,CN_ETF:159981.SZ,能源化工ETF (159981),1.328,8.793726047044279,0.13333364682395135
2026-01-28,CN_ETF:159985.SZ,豆粕ETF (159985),1.985,11.21792606288239,0.08534502824722721
2026-01-28,CN_ETF:510300.SH,沪深300ETF (510300),4.725,9.71004362667631,0.031034555726263464
2026-01-28,CN_ETF:512890.SH,红利低波ETF (512890),1.152,11.90276670597019,0.041609293232991396
2026-01-28,CN_ETF:518880.SH,黄金ETF (518880),11.28,10.30257891676978,0.31816166759370546
2026-01-28,CN_INDEX:CBA21801.CS,中债30年国债指数 (CBA21801),242.4065,45.11061299630282,0.06859131069539467
2026-01-29,CN_ETF:159981.SZ,能源化工ETF (159981),1.326,8.70120631320947,-0.01324356332386203
2026-01-29,CN_ETF:159985.SZ,豆粕ETF (159985),2.009,11.25105076741395,0.13563235542024024
2026-01-29,CN_ETF:510300.SH,沪深300ETF (510300),4.768,9.70994344703918,0.08836653459197442
2026-01-29,CN_ETF:512890.SH,红利低波ETF (512890),1.169,11.96936302208924,0.17564846701518746
2026-01-29,CN_ETF:518880.SH,黄金ETF (518880),11.904,10.77434440655802,0.5699298975234344
2026-01-29,CN_INDEX:CBA21801.CS,中债30年国债指数 (CBA21801),242.1634,44.65849247153066,-0.045239669808361874
2026-01-30,CN_ETF:159981.SZ,能源化工ETF (159981),1.308,8.691989280481,-0.11811592280374901
2026-01-30,CN_ETF:159985.SZ,豆粕ETF (159985),1.982,11.24067247072011,-0.15120874600307416
2026-01-30,CN_ETF:510300.SH,沪深300ETF (510300),4.711,9.71558719558984,-0.1160794413760969
2026-01-30,CN_ETF:512890.SH,红利低波ETF (512890),1.168,12.11085672919914,-0.010238976066801063
2026-01-30,CN_ETF:518880.SH,黄金ETF (518880),11.009,10.09070019917909,-0.8100670567766657
2026-01-30,CN_INDEX:CBA21801.CS,中债30年国债指数 (CBA21801),241.9077,45.17734881476428,-0.047154840595108806
2026-02-02,CN_ETF:159981.SZ,能源化工ETF (159981),1.266,8.55657376687827,-0.2791005732264544
2026-02-02,CN_ETF:159985.SZ,豆粕ETF (159985),1.974,14.376903749095801,-0.04537102914518722
2026-02-02,CN_ETF:510300.SH,沪深300ETF (510300),4.6,9.64869406626247,-0.2289174652325363
2026-02-02,CN_ETF:512890.SH,红利低波ETF (512890),1.154,12.17005630674219,-0.14516437860341425
2026-02-02,CN_ETF:518880.SH,黄金ETF (518880),9.908,9.23664355637957,-1.0091616785626472
2026-02-02,CN_INDEX:CBA21801.CS,中债30年国债指数 (CBA21801),242.1169,45.98867622084709,0.039069039026238574
2026-02-03,CN_ETF:159981.SZ,能源化工ETF (159981),1.279,8.59781388212409,0.08786371166620573
2026-02-03,CN_ETF:159985.SZ,豆粕ETF (159985),1.971,14.27763065978488,-0.021849397794977427
2026-02-03,CN_ETF:510300.SH,沪深300ETF (510300),4.664,9.73017269731312,0.13424270005234706
2026-02-03,CN_ETF:512890.SH,红利低波ETF (512890),1.15,12.06246097142251,-0.042183904009504634
2026-02-03,CN_ETF:518880.SH,黄金ETF (518880),10.422,4.8317066824565105,0.47917185990907407
2026-02-03,CN_INDEX:CBA21801.CS,中债30年国债指数 (CBA21801),241.8119,45.683016748173,-0.05793294994012111
2026-02-04,CN_ETF:159981.SZ,能源化工ETF (159981),1.296,8.66230955843899,0.11427899608765509
2026-02-04,CN_ETF:159985.SZ,豆粕ETF (159985),1.975,14.22485414165354,0.028975404687539074
2026-02-04,CN_ETF:510300.SH,沪深300ETF (510300),4.707,9.76376702384395,0.08970785291262132
2026-02-04,CN_ETF:512890.SH,红利低波ETF (512890),1.166,12.160399259460911,0.1678255439502258
2026-02-04,CN_ETF:518880.SH,黄金ETF (518880),10.867,5.0092229657065,0.20630488137527844
2026-02-04,CN_INDEX:CBA21801.CS,中债30年国债指数 (CBA21801),241.6405,45.38977550227815,-0.03238082604965704
2026-02-05,CN_ETF:159981.SZ,能源化工ETF (159981),1.274,8.51798991739269,-0.1470453783068344
2026-02-05,CN_ETF:159985.SZ,豆粕ETF (159985),1.98,14.265431335967978,0.036012288966211684
2026-02-05,CN_ETF:510300.SH,沪深300ETF (510300),4.679,9.70879319578097,-0.058080619644704644
2026-02-05,CN_ETF:512890.SH,红利低波ETF (512890),1.181,12.32077926387011,0.15643738326922474
2026-02-05,CN_ETF:518880.SH,黄金ETF (518880),10.523,4.85220634984698,-0.15856931077602301
2026-02-05,CN_INDEX:CBA21801.CS,中债30年国债指数 (CBA21801),242.3818,45.54359521398762,0.13924586557236626
2026-02-06,CN_ETF:159981.SZ,能源化工ETF (159981),1.28,8.55321436504374,0.04011612205993349
2026-02-06,CN_ETF:159985.SZ,豆粕ETF (159985),1.982,14.271678737470289,0.014409526601986368
2026-02-06,CN_ETF:510300.SH,沪深300ETF (510300),4.649,9.64103023296862,-0.06224915492058792
2026-02-06,CN_ETF:512890.SH,红利低波ETF (512890),1.178,12.28245730391903,-0.031297491779518585
2026-02-06,CN_ETF:518880.SH,黄金ETF (518880),10.357,4.7729332531658395,-0.07654340530975949
2026-02-06,CN_INDEX:CBA21801.CS,中债30年国债指数 (CBA21801),243.3012,45.69021995907842,0.17275546860259558
2026-02-09,CN_ETF:159981.SZ,能源化工ETF (159981),1.279,8.51158752765099,-0.006682198722690992
2026-02-09,CN_ETF:159985.SZ,豆粕ETF (159985),1.985,14.234839012822532,0.021601935525939323
2026-02-09,CN_ETF:510300.SH,沪深300ETF (510300),4.727,9.76270438081627,0.16175529321823057
2026-02-09,CN_ETF:512890.SH,红利低波ETF (512890),1.181,12.263389107183711,0.031279602641560475
2026-02-09,CN_ETF:518880.SH,黄金ETF (518880),10.719,4.91956036283146,0.16682454742165106
2026-02-09,CN_INDEX:CBA21801.CS,中债30年国债指数 (CBA21801),243.4917,45.53903230426055,0.035774533385796406
2026-02-10,CN_ETF:159981.SZ,能源化工ETF (159981),1.287,8.56289368014693,0.05323901502831037
2026-02-10,CN_ETF:159985.SZ,豆粕ETF (159985),1.975,14.159930721581029,-0.07171203532908142
2026-02-10,CN_ETF:510300.SH,沪深300ETF (510300),4.733,9.77289023104303,0.012391839704863072
2026-02-10,CN_ETF:512890.SH,红利低波ETF (512890),1.186,12.3125293702437,0.051919513578254695
2026-02-10,CN_ETF:518880.SH,黄金ETF (518880),10.669,4.89550747118332,-0.022947851305305175
2026-02-10,CN_INDEX:CBA21801.CS,中债30年国债指数 (CBA21801),243.49,45.528437437394295,-0.0003179424798335849
2026-02-11,CN_ETF:159981.SZ,能源化工ETF (159981),1.294,8.590936034706829,0.04657362529994446
2026-02-11,CN_ETF:159985.SZ,豆粕ETF (159985),1.987,14.2153023078686,0.08603502210580799
2026-02-11,CN_ETF:510300.SH,沪深300ETF (510300),4.723,9.73125081349686,-0.020648405305393948
2026-02-11,CN_ETF:512890.SH,红利低波ETF (512890),1.188,12.30674594728282,0.02076311866820149
2026-02-11,CN_ETF:518880.SH,黄金ETF (518880),10.758,4.92572029320343,0.040837957159556196
2026-02-11,CN_INDEX:CBA21801.CS,中债30年国债指数 (CBA21801),243.7154,45.47249589190125,0.042145918922291525
2026-02-12,CN_ETF:159981.SZ,能源化工ETF (159981),1.282,8.527015198856901,-0.07966864947177917
2026-02-12,CN_ETF:159985.SZ,豆粕ETF (159985),1.989,14.25593868561916,0.014308306298812412
2026-02-12,CN_ETF:510300.SH,沪深300ETF (510300),4.727,9.757512711952469,0.008241584428115041
2026-02-12,CN_ETF:512890.SH,红利低波ETF (512890),1.177,12.21535408654901,-0.11395135136372896
2026-02-12,CN_ETF:518880.SH,黄金ETF (518880),10.72,4.91740292279014,-0.017398900459353533
2026-02-12,CN_INDEX:CBA21801.CS,中债30年国债指数 (CBA21801),243.7357,45.56042511698534,0.003787580376972457
2026-02-13,CN_ETF:159981.SZ,能源化工ETF (159981),1.269,8.46665406918199,-0.08646739281212237
2026-02-13,CN_ETF:159985.SZ,豆粕ETF (159985),2.0,14.37911685345166,0.0788412898651635
2026-02-13,CN_ETF:510300.SH,沪深300ETF (510300),4.671,9.67173909443607,-0.11559566572230554
2026-02-13,CN_ETF:512890.SH,红利低波ETF (512890),1.167,12.14903086241614,-0.10378380702250609
2026-02-13,CN_ETF:518880.SH,黄金ETF (518880),10.575,4.86589314320804,-0.06651337908624787
2026-02-13,CN_INDEX:CBA21801.CS,中债30年国债指数 (CBA21801),243.6564,45.686472573895344,-0.014823194598813294
2026-02-14,CN_ETF:159981.SZ,能源化工ETF (159981),1.269,8.46730024272674,0.0
2026-02-14,CN_ETF:159985.SZ,豆粕ETF (159985),2.0,14.38021426511294,0.0
2026-02-14,CN_ETF:510300.SH,沪深300ETF (510300),4.671,9.67247723985732,0.0
2026-02-14,CN_ETF:512890.SH,红利低波ETF (512890),1.167,12.14995807430804,0.0
2026-02-14,CN_ETF:518880.SH,黄金ETF (518880),10.575,4.86626450731421,0.0
2026-02-14,CN_INDEX:CBA21801.CS,中债30年国债指数 (CBA21801),243.6157,45.68232737506499,-0.0076313999293985595
2026-02-24,CN_ETF:159981.SZ,能源化工ETF (159981),1.312,8.69242978067454,0.2869140350175347
2026-02-24,CN_ETF:159985.SZ,豆粕ETF (159985),2.001,14.28586258733191,0.007190107132555678
2026-02-24,CN_ETF:510300.SH,沪深300ETF (510300),4.716,9.69673805747871,0.09318378843793264
2026-02-24,CN_ETF:512890.SH,红利低波ETF (512890),1.172,12.11589646127293,0.052056375639708885
2026-02-24,CN_ETF:518880.SH,黄金ETF (518880),10.95,5.00326461829195,0.17256257118135468
2026-02-24,CN_INDEX:CBA21801.CS,中债30年国债指数 (CBA21801),244.143,45.45809623143733,0.0988782382452
2026-02-25,CN_ETF:159981.SZ,能源化工ETF (159981),1.301,8.62457590852485,-0.07287860334407135
2026-02-25,CN_ETF:159985.SZ,豆粕ETF (159985),2.02,14.42991741699042,0.13564787064433267
2026-02-25,CN_ETF:510300.SH,沪深300ETF (510300),4.75,9.77234011210044,0.06990862891312029
2026-02-25,CN_ETF:512890.SH,红利低波ETF (512890),1.169,12.09192790631123,-0.03101338684626021
2026-02-25,CN_ETF:518880.SH,黄金ETF (518880),10.959,5.01029591993023,0.0041122722890070094
2026-02-25,CN_INDEX:CBA21801.CS,中债30年国债指数 (CBA21801),243.262,45.32046281368583,-0.16403739931063532
2026-02-26,CN_ETF:159981.SZ,能源化工ETF (159981),1.285,8.55665972119709,-0.10606703653835382
2026-02-26,CN_ETF:159985.SZ,豆粕ETF (159985),2.017,14.47301645113925,-0.02143057042127292
2026-02-26,CN_ETF:510300.SH,沪深300ETF (510300),4.735,9.78510811804143,-0.030860021406632198
2026-02-26,CN_ETF:512890.SH,红利低波ETF (512890),1.168,12.13569246168546,-0.010343821990002094
2026-02-26,CN_ETF:518880.SH,黄金ETF (518880),10.913,5.0116102260793705,-0.021030533106742005
2026-02-26,CN_INDEX:CBA21801.CS,中债30年国债指数 (CBA21801),241.8872,45.26615768067125,-0.2561294911505078
2026-02-27,CN_ETF:159981.SZ,能源化工ETF (159981),1.278,8.50885083242569,-0.046612154123251516
2026-02-27,CN_ETF:159985.SZ,豆粕ETF (159985),2.017,14.47098116753904,0.0
2026-02-27,CN_ETF:510300.SH,沪深300ETF (510300),4.725,9.763069495680279,-0.020665487049719343
2026-02-27,CN_ETF:512890.SH,红利低波ETF (512890),1.172,12.17554061291974,0.0415605906222093
2026-02-27,CN_ETF:518880.SH,黄金ETF (518880),10.933,5.02008883227619,0.00918466091098548
2026-02-27,CN_INDEX:CBA21801.CS,中债30年国债指数 (CBA21801),242.0507,45.29038475123146,0.030596975701024962
2026-02-28,CN_ETF:159981.SZ,能源化工ETF (159981),1.278,8.49610607784433,0.0
2026-02-28,CN_ETF:159985.SZ,豆粕ETF (159985),2.017,14.44930619554059,0.0
2026-02-28,CN_ETF:510300.SH,沪深300ETF (510300),4.725,9.74844614322838,0.0
2026-02-28,CN_ETF:512890.SH,红利低波ETF (512890),1.172,12.15730380514592,0.0
2026-02-28,CN_ETF:518880.SH,黄金ETF (518880),10.933,5.012569626521611,0.0
2026-02-28,CN_INDEX:CBA21801.CS,中债30年国债指数 (CBA21801),242.8524,45.372330084780984,0.15000700867653952
2026-03-02,CN_ETF:159981.SZ,能源化工ETF (159981),1.356,6.153062917390391,0.518541685502236
2026-03-02,CN_ETF:159985.SZ,豆粕ETF (159985),2.034,17.53622931456261,0.1217839391790722
2026-03-02,CN_ETF:510300.SH,沪深300ETF (510300),4.739,9.67678047528088,0.028884284868825737
2026-03-02,CN_ETF:512890.SH,红利低波ETF (512890),1.183,12.14520917275426,0.1141043872496641
2026-03-02,CN_ETF:518880.SH,黄金ETF (518880),11.417,2.59032150913886,0.22190466470652712
2026-03-02,CN_INDEX:CBA21801.CS,中债30年国债指数 (CBA21801),243.3857,51.76878889978922,0.09963691375590614
2026-03-03,CN_ETF:159981.SZ,能源化工ETF (159981),1.404,6.35035275918623,0.21780753689877386
2026-03-03,CN_ETF:159985.SZ,豆粕ETF (159985),2.051,17.62584734136241,0.1465663217048049
2026-03-03,CN_ETF:510300.SH,沪深300ETF (510300),4.678,9.521458399831149,-0.12455868516398635
2026-03-03,CN_ETF:512890.SH,红利低波ETF (512890),1.196,12.239128952079751,0.13346383706323314
2026-03-03,CN_ETF:518880.SH,黄金ETF (518880),11.259,2.5462472120967803,-0.03584749044792328
2026-03-03,CN_INDEX:CBA21801.CS,中债30年国债指数 (CBA21801),243.3183,51.587775032235015,-0.014336160143538801
2026-03-04,CN_ETF:159981.SZ,能源化工ETF (159981),1.409,6.36503426723963,0.0226152163788692
2026-03-04,CN_ETF:159985.SZ,豆粕ETF (159985),2.102,18.04164219765909,0.4382828934224661
2026-03-04,CN_ETF:510300.SH,沪深300ETF (510300),4.61,9.3713723118443,-0.13840512423867335
2026-03-04,CN_ETF:512890.SH,红利低波ETF (512890),1.18,12.06036212559476,-0.16373416658300657
2026-03-04,CN_ETF:518880.SH,黄金ETF (518880),10.98,2.48005948382864,-0.06309645369704259
2026-03-04,CN_INDEX:CBA21801.CS,中债30年国债指数 (CBA21801),243.455,51.55250013964336,0.028982813240546378
2026-03-05,CN_ETF:159981.SZ,能源化工ETF (159981),1.413,6.395134120105279,0.01806965015539933
2026-03-05,CN_ETF:159985.SZ,豆粕ETF (159985),2.061,17.72307551374401,-0.35190643677641265
2026-03-05,CN_ETF:510300.SH,沪深300ETF (510300),4.654,9.47864783279299,0.08944476826922942
2026-03-05,CN_ETF:512890.SH,红利低波ETF (512890),1.182,12.10357204461752,0.020441291738297222
2026-03-05,CN_ETF:518880.SH,黄金ETF (518880),10.964,2.48111289783561,-0.003613930031080063
2026-03-05,CN_INDEX:CBA21801.CS,中债30年国债指数 (CBA21801),243.6413,51.689184935536346,0.03944971668692605
2026-03-06,CN_ETF:159981.SZ,能源化工ETF (159981),1.473,6.609347087009771,0.2715555889641307
2026-03-06,CN_ETF:159985.SZ,豆粕ETF (159985),2.126,18.12477706942789,0.5589519206178348
2026-03-06,CN_ETF:510300.SH,沪深300ETF (510300),4.667,9.423367471000391,0.026476669924003
2026-03-06,CN_ETF:512890.SH,红利低波ETF (512890),1.188,12.06037580978901,0.06143945200313346
2026-03-06,CN_ETF:518880.SH,黄金ETF (518880),10.873,2.43935610580642,-0.020592965496446944
2026-03-06,CN_INDEX:CBA21801.CS,中债30年国债指数 (CBA21801),243.4988,51.21461572270799,-0.030231774552649294
2026-03-09,CN_ETF:159981.SZ,能源化工ETF (159981),1.592,7.0848267773583995,0.533952683879268
2026-03-09,CN_ETF:159985.SZ,豆粕ETF (159985),2.232,18.87269685767684,0.9036812649855888
2026-03-09,CN_ETF:510300.SH,沪深300ETF (510300),4.629,9.27013091619122,-0.07672765457424881
2026-03-09,CN_ETF:512890.SH,红利低波ETF (512890),1.187,11.95158431717275,-0.010151831489720339
2026-03-09,CN_ETF:518880.SH,黄金ETF (518880),10.868,2.41827567262346,-0.0011217493358805393
2026-03-09,CN_INDEX:CBA21801.CS,中债30年国债指数 (CBA21801),241.006,50.275373811558985,-0.5243056395906925
2026-03-10,CN_ETF:159981.SZ,能源化工ETF (159981),1.477,6.63078679038237,-0.5117808287664669
2026-03-10,CN_ETF:159985.SZ,豆粕ETF (159985),2.179,18.58640513937851,-0.448141995276379
2026-03-10,CN_ETF:510300.SH,沪深300ETF (510300),4.683,9.46065574997447,0.10814151425239367
2026-03-10,CN_ETF:512890.SH,红利低波ETF (512890),1.185,12.03625850317504,-0.020137463044941455
2026-03-10,CN_ETF:518880.SH,黄金ETF (518880),10.956,2.4592721758777603,0.019581179535412278
2026-03-10,CN_INDEX:CBA21801.CS,中债30年国债指数 (CBA21801),240.9175,50.69839338308052,-0.018461658972485986
2026-03-11,CN_ETF:159981.SZ,能源化工ETF (159981),1.566,6.9602817345778805,0.39955316475560687
2026-03-11,CN_ETF:159985.SZ,豆粕ETF (159985),2.244,18.95010038540631,0.5544361331159285
2026-03-11,CN_ETF:510300.SH,沪深300ETF (510300),4.711,9.4223813941369,0.05656595366203057
2026-03-11,CN_ETF:512890.SH,红利低波ETF (512890),1.196,12.02693126416413,0.11172898188601273
2026-03-11,CN_ETF:518880.SH,黄金ETF (518880),10.974,2.43876538171321,0.0040404252615739355
2026-03-11,CN_INDEX:CBA21801.CS,中债30年国债指数 (CBA21801),240.3483,50.07458939256606,-0.11978177390039753
2026-03-12,CN_ETF:159981.SZ,能源化工ETF (159981),1.625,7.20255717815961,0.2622328367433558
2026-03-12,CN_ETF:159985.SZ,豆粕ETF (159985),2.232,18.79667968070109,-0.10133743521607694
2026-03-12,CN_ETF:510300.SH,沪深300ETF (510300),4.694,9.362437863031719,-0.034001376289605534
2026-03-12,CN_ETF:512890.SH,红利低波ETF (512890),1.202,12.053867267652011,0.06033577557273105
2026-03-12,CN_ETF:518880.SH,黄金ETF (518880),10.938,2.4240483204526,-0.008000323832848117
2026-03-12,CN_INDEX:CBA21801.CS,中债30年国债指数 (CBA21801),240.818,50.03381003452042,0.09785812771585985
2026-03-13,CN_ETF:159981.SZ,能源化工ETF (159981),1.639,7.22257699127109,0.06205280030414488
2026-03-13,CN_ETF:159985.SZ,豆粕ETF (159985),2.321,19.433094736916658,0.7495091808164861
2026-03-13,CN_ETF:510300.SH,沪深300ETF (510300),4.677,9.27455562213466,-0.03390742302333685
2026-03-13,CN_ETF:512890.SH,红利低波ETF (512890),1.205,12.0140341266106,0.03008452729031281
2026-03-13,CN_ETF:518880.SH,黄金ETF (518880),10.802,2.38005725014369,-0.03013993157629871
2026-03-13,CN_INDEX:CBA21801.CS,中债30年国债指数 (CBA21801),239.8764,49.54981412224323,-0.19563253381601636
2026-03-16,CN_ETF:159981.SZ,能源化工ETF (159981),1.652,7.328594535551999,0.057287065824601885
2026-03-16,CN_ETF:159985.SZ,豆粕ETF (159985),2.262,19.06587990005775,-0.4939907753029245
2026-03-16,CN_ETF:510300.SH,沪深300ETF (510300),4.68,9.34262717425697,0.005949041451017629
2026-03-16,CN_ETF:512890.SH,红利低波ETF (512890),1.205,12.09445453372102,0.0
2026-03-16,CN_ETF:518880.SH,黄金ETF (518880),10.664,2.36537930166848,-0.030406211860750817
2026-03-16,CN_INDEX:CBA21801.CS,中债30年国债指数 (CBA21801),238.8899,49.67635486546322,-0.2037753260912362
2026-03-17,CN_ETF:159981.SZ,能源化工ETF (159981),1.647,7.3117539032315895,-0.022180976197191105
2026-03-17,CN_ETF:159985.SZ,豆粕ETF (159985),2.25,18.97859619691261,-0.10114525145919202
2026-03-17,CN_ETF:510300.SH,沪深300ETF (510300),4.646,9.28153241377431,-0.0678737871634051
2026-03-17,CN_ETF:512890.SH,红利低波ETF (512890),1.21,12.15351565229775,0.05018445864614513
2026-03-17,CN_ETF:518880.SH,黄金ETF (518880),10.637,2.3611149444042,-0.005988863573241406
2026-03-17,CN_INDEX:CBA21801.CS,中债30年国债指数 (CBA21801),239.2456,49.78668458649206,0.07396662406256728
2026-03-18,CN_ETF:159981.SZ,能源化工ETF (159981),1.634,7.245395232321419,-0.05771269018944251
2026-03-18,CN_ETF:159985.SZ,豆粕ETF (159985),2.251,18.96440077669246,0.008434931643072746
2026-03-18,CN_ETF:510300.SH,沪深300ETF (510300),4.662,9.30239575146089,0.0319639514895374
2026-03-18,CN_ETF:512890.SH,红利低波ETF (512890),1.204,12.07883652546215,-0.060265366870897466
2026-03-18,CN_ETF:518880.SH,黄金ETF (518880),10.606,2.3514278406977,-0.006881128445664314
2026-03-18,CN_INDEX:CBA21801.CS,中债30年国债指数 (CBA21801),240.2249,49.93089270420239,0.2037910006100458
2026-03-19,CN_ETF:159981.SZ,能源化工ETF (159981),1.701,7.5557283246712,0.2970878094036333
2026-03-19,CN_ETF:159985.SZ,豆粕ETF (159985),2.244,18.93862626988134,-0.058974147239822784
2026-03-19,CN_ETF:510300.SH,沪深300ETF (510300),4.599,9.19280279501663,-0.12570805069541718
2026-03-19,CN_ETF:512890.SH,红利低波ETF (512890),1.201,12.06989843434268,-0.030096768751150055
2026-03-19,CN_ETF:518880.SH,黄金ETF (518880),10.126,2.24895076471548,-0.10641951381622629
2026-03-19,CN_INDEX:CBA21801.CS,中债30年国债指数 (CBA21801),239.4975,49.8671198312925,-0.15119053583969225
2026-03-20,CN_ETF:159981.SZ,能源化工ETF (159981),1.662,7.43241933712672,-0.17323539368734714
2026-03-20,CN_ETF:159985.SZ,豆粕ETF (159985),2.205,18.73533141569939,-0.3291472480059604
2026-03-20,CN_ETF:510300.SH,沪深300ETF (510300),4.576,9.208687063183719,-0.04597400832472049
2026-03-20,CN_ETF:512890.SH,红利低波ETF (512890),1.196,12.10093568309148,-0.050249369002260603
2026-03-20,CN_ETF:518880.SH,黄金ETF (518880),9.896,2.2127323032552897,-0.05108223147190977
2026-03-20,CN_INDEX:CBA21801.CS,中债30年国债指数 (CBA21801),239.3916,50.18216259549033,-0.02205003388400018
2026-03-23,CN_ETF:159981.SZ,能源化工ETF (159981),1.781,7.9700022247813305,0.5321648021167746
2026-03-23,CN_ETF:159985.SZ,豆粕ETF (159985),2.23,18.96063976777009,0.21241872353400418
2026-03-23,CN_ETF:510300.SH,沪深300ETF (510300),4.43,8.92094297310589,-0.29380863444598376
2026-03-23,CN_ETF:512890.SH,红利低波ETF (512890),1.158,11.72442817454884,-0.38447788959655177
2026-03-23,CN_ETF:518880.SH,黄金ETF (518880),8.941,2.00055558371055,-0.2135367168157641
2026-03-23,CN_INDEX:CBA21801.CS,中债30年国债指数 (CBA21801),239.7697,50.2956127816664,0.07925873621862095
2026-03-24,CN_ETF:159981.SZ,能源化工ETF (159981),1.72,7.66380239796709,-0.27297593246022483
2026-03-24,CN_ETF:159985.SZ,豆粕ETF (159985),2.242,18.980386892360592,0.10203034852611906
2026-03-24,CN_ETF:510300.SH,沪深300ETF (510300),4.479,8.98068425768753,0.09867408706144323
2026-03-24,CN_ETF:512890.SH,红利低波ETF (512890),1.178,11.87544055007083,0.20249444170205147
2026-03-24,CN_ETF:518880.SH,黄金ETF (518880),9.299,2.0716772819388303,0.08010277362357392
2026-03-24,CN_INDEX:CBA21801.CS,中债30年国债指数 (CBA21801),240.8337,50.30074184878144,0.22319138740087616
2026-03-25,CN_ETF:159981.SZ,能源化工ETF (159981),1.657,7.43519542800533,-0.2807090413208871
2026-03-25,CN_ETF:159985.SZ,豆粕ETF (159985),2.159,18.40670800556469,-0.7026637431159382
2026-03-25,CN_ETF:510300.SH,沪深300ETF (510300),4.544,9.17530936100501,0.1303291977561248
2026-03-25,CN_ETF:512890.SH,红利低波ETF (512890),1.188,12.06076646419079,0.10081019142674692
2026-03-25,CN_ETF:518880.SH,黄金ETF (518880),9.641,2.16302713100179,0.07619245407281212
2026-03-25,CN_INDEX:CBA21801.CS,中债30年国债指数 (CBA21801),240.7154,50.63082872464759,-0.024708243741267566
2026-03-26,CN_ETF:159981.SZ,能源化工ETF (159981),1.71,7.66682644212582,0.23781856227174566
2026-03-26,CN_ETF:159985.SZ,豆粕ETF (159985),2.161,18.40890215714878,0.017051142200619315
2026-03-26,CN_ETF:510300.SH,沪深300ETF (510300),4.488,9.05492554533176,-0.11307599564618684
2026-03-26,CN_ETF:512890.SH,红利低波ETF (512890),1.185,12.020608694732141,-0.03045648097017829
2026-03-26,CN_ETF:518880.SH,黄金ETF (518880),9.45,2.11846520111371,-0.042852212635758
2026-03-26,CN_INDEX:CBA21801.CS,中债30年国债指数 (CBA21801),240.7735,50.60221042662231,0.012220452654477791
2026-03-27,CN_ETF:159981.SZ,能源化工ETF (159981),1.744,7.8338281079814305,0.15243982399548406
2026-03-27,CN_ETF:159985.SZ,豆粕ETF (159985),2.122,18.1103372510089,-0.33222914582545304
2026-03-27,CN_ETF:510300.SH,沪深300ETF (510300),4.508,9.112215424226559,0.040351718116451184
2026-03-27,CN_ETF:512890.SH,红利低波ETF (512890),1.183,12.02266897910914,-0.02028794716410543
2026-03-27,CN_ETF:518880.SH,黄金ETF (518880),9.494,2.13229254751077,0.00986375331735515
2026-03-27,CN_INDEX:CBA21801.CS,中债30年国债指数 (CBA21801),240.6021,50.66035766787985,-0.03602231502687624
2026-03-30,CN_ETF:159981.SZ,能源化工ETF (159981),1.774,7.92481802175896,0.13475621745380842
2026-03-30,CN_ETF:159985.SZ,豆粕ETF (159985),2.135,18.1212087402848,0.1109492857036337
2026-03-30,CN_ETF:510300.SH,沪深300ETF (510300),4.5,9.04608596057604,-0.016170746094456956
2026-03-30,CN_ETF:512890.SH,红利低波ETF (512890),1.193,12.057706664969551,0.10162864732974888
2026-03-30,CN_ETF:518880.SH,黄金ETF (518880),9.656,2.15676558111906,0.036384178712528366
2026-03-30,CN_INDEX:CBA21801.CS,中债30年国债指数 (CBA21801),241.4794,50.56581967843351,0.18472129620659694
2026-03-31,CN_ETF:159981.SZ,能源化工ETF (159981),1.72,7.74981222372369,-0.24122895894869417
2026-03-31,CN_ETF:159985.SZ,豆粕ETF (159985),2.07,17.72093690459608,-0.5516995635215498
2026-03-31,CN_ETF:510300.SH,沪深300ETF (510300),4.463,9.04903219739271,-0.07437892900918096
2026-03-31,CN_ETF:512890.SH,红利低波ETF (512890),1.198,12.21260016691713,0.05053523329827743
2026-03-31,CN_ETF:518880.SH,黄金ETF (518880),9.699,2.18504153365976,0.00960448632851244
2026-03-31,CN_INDEX:CBA21801.CS,中债30年国债指数 (CBA21801),241.2533,50.95388190462424,-0.04734537119643956
2026-04-01,CN_ETF:159981.SZ,能源化工ETF (159981),1.607,4.63950259786043,-0.5091446402795213
2026-04-01,CN_ETF:159985.SZ,豆粕ETF (159985),2.041,11.207277057684099,-0.24826433344603038
2026-04-01,CN_ETF:510300.SH,沪深300ETF (510300),4.534,9.23994499595119,0.14395726776044893
2026-04-01,CN_ETF:512890.SH,红利低波ETF (512890),1.197,16.19486830537608,-0.010194157067542118
2026-04-01,CN_ETF:518880.SH,黄金ETF (518880),10.024,2.26979386951464,0.07321770269506354
2026-04-01,CN_INDEX:CBA21801.CS,中债30年国债指数 (CBA21801),240.7031,55.185130787368934,-0.11620494237353048
2026-04-02,CN_ETF:159981.SZ,能源化工ETF (159981),1.699,4.8895945526102995,0.26560935843382655
2026-04-02,CN_ETF:159985.SZ,豆粕ETF (159985),2.079,11.37982326700887,0.20866071934933683
2026-04-02,CN_ETF:510300.SH,沪深300ETF (510300),4.489,9.119297834712869,-0.09170655598098837
2026-04-02,CN_ETF:512890.SH,红利低波ETF (512890),1.201,16.197582554752042,0.05411818982581815
2026-04-02,CN_ETF:518880.SH,黄金ETF (518880),9.738,2.1980575311114503,-0.0647606790384263
2026-04-02,CN_INDEX:CBA21801.CS,中债30年国债指数 (CBA21801),240.4651,54.95615892121333,-0.05456540080868743
2026-04-03,CN_ETF:159981.SZ,能源化工ETF (159981),1.739,5.013946784140829,0.11511699947287406
2026-04-03,CN_ETF:159985.SZ,豆粕ETF (159985),2.058,11.28566271725803,-0.11494770976776837
2026-04-03,CN_ETF:510300.SH,沪深300ETF (510300),4.454,9.064892863334538,-0.07110167614501062
2026-04-03,CN_ETF:512890.SH,红利低波ETF (512890),1.188,16.05182083814987,-0.17532770458932367
2026-04-03,CN_ETF:518880.SH,黄金ETF (518880),9.828,2.22246587489028,0.02031476461285975
2026-04-03,CN_INDEX:CBA21801.CS,中债30年国债指数 (CBA21801),240.6478,55.099401445819574,0.04175445931615442
2026-04-07,CN_ETF:159981.SZ,能源化工ETF (159981),1.786,5.14113680275223,0.13551207524704917
2026-04-07,CN_ETF:159985.SZ,豆粕ETF (159985),2.055,11.250999106082341,-0.016451403377925205
2026-04-07,CN_ETF:510300.SH,沪深300ETF (510300),4.446,9.03398757329678,-0.01628180128124793
2026-04-07,CN_ETF:512890.SH,红利低波ETF (512890),1.18,15.91796106001124,-0.10809306961717036
2026-04-07,CN_ETF:518880.SH,黄金ETF (518880),9.837,2.22090607683611,0.0020352251601559266
2026-04-07,CN_INDEX:CBA21801.CS,中债30年国债指数 (CBA21801),241.3691,55.1752391188722,0.1651508896523123
2026-04-08,CN_ETF:159981.SZ,能源化工ETF (159981),1.64,4.70849708832795,-0.42027210145678967
2026-04-08,CN_ETF:159985.SZ,豆粕ETF (159985),2.041,11.14507565824847,-0.07664914232854289
2026-04-08,CN_ETF:510300.SH,沪深300ETF (510300),4.602,9.32647213794199,0.31698202011567744
2026-04-08,CN_ETF:512890.SH,红利低波ETF (512890),1.19,16.01080412352166,0.13489797508484067
2026-04-08,CN_ETF:518880.SH,黄金ETF (518880),10.113,2.27723725749691,0.06231270480906417
2026-04-08,CN_INDEX:CBA21801.CS,中债30年国债指数 (CBA21801),242.4426,55.27544378952612,0.2453943739861874
2026-04-09,CN_ETF:159981.SZ,能源化工ETF (159981),1.663,4.7753961451043,0.06603380062899013
2026-04-09,CN_ETF:159985.SZ,豆粕ETF (159985),2.075,11.33278930241672,0.18566025104382744
2026-04-09,CN_ETF:510300.SH,沪深300ETF (510300),4.572,9.26735290951869,-0.06079838421083506
2026-04-09,CN_ETF:512890.SH,红利低波ETF (512890),1.183,15.91950738540503,-0.09418120072659589
2026-04-09,CN_ETF:518880.SH,黄金ETF (518880),9.908,2.23147984416037,-0.046161736160077814
2026-04-09,CN_INDEX:CBA21801.CS,中债30年国债指数 (CBA21801),242.1414,55.21677676685357,-0.06867177496613366
2026-04-10,CN_ETF:159981.SZ,能源化工ETF (159981),1.615,4.62279989604449,-0.1378346451984404
2026-04-10,CN_ETF:159985.SZ,豆粕ETF (159985),2.082,11.33482583871511,0.03823109644188488
2026-04-10,CN_ETF:510300.SH,沪深300ETF (510300),4.642,9.37929140081088,0.1418886053513367
2026-04-10,CN_ETF:512890.SH,红利低波ETF (512890),1.181,15.84200662730072,-0.026913791015054627
2026-04-10,CN_ETF:518880.SH,黄金ETF (518880),9.972,2.2387451253982,0.014414080543627972
2026-04-10,CN_INDEX:CBA21801.CS,中债30年国债指数 (CBA21801),243.4111,55.32963360035345,0.28953636784487613
2026-04-13,CN_ETF:159981.SZ,能源化工ETF (159981),1.625,4.63216823385387,0.028624147963124104
2026-04-13,CN_ETF:159985.SZ,豆粕ETF (159985),2.128,11.53729880131742,0.2504332317871736
2026-04-13,CN_ETF:510300.SH,沪深300ETF (510300),4.652,9.36058495879307,0.020205280915145965
2026-04-13,CN_ETF:512890.SH,红利低波ETF (512890),1.176,15.709631764463412,-0.06707030748222353
2026-04-13,CN_ETF:518880.SH,黄金ETF (518880),9.924,2.21874570390423,-0.010776149821411384
2026-04-13,CN_INDEX:CBA21801.CS,中债30年国债指数 (CBA21801),244.2658,55.29405890167675,0.19428135297947474
2026-04-14,CN_ETF:159981.SZ,能源化工ETF (159981),1.624,4.62493970087859,-0.0028505650669868017
2026-04-14,CN_ETF:159985.SZ,豆粕ETF (159985),2.111,11.43430681601719,-0.09216827049924617
2026-04-14,CN_ETF:510300.SH,沪深300ETF (510300),4.712,9.47234824856851,0.12072981460180146
2026-04-14,CN_ETF:512890.SH,红利低波ETF (512890),1.181,15.76150457633406,0.06679265205979566
2026-04-14,CN_ETF:518880.SH,黄金ETF (518880),10.011,2.2360799452088997,0.019450914574734704
2026-04-14,CN_INDEX:CBA21801.CS,中债30年国债指数 (CBA21801),244.1894,55.22448885473514,-0.017294545941711353
2026-04-15,CN_ETF:159981.SZ,能源化工ETF (159981),1.64,4.67044310848795,0.045565908383039214
2026-04-15,CN_ETF:159985.SZ,豆粕ETF (159985),2.097,11.35832331724565,-0.07583149949040477
2026-04-15,CN_ETF:510300.SH,沪深300ETF (510300),4.694,9.436037281739939,-0.036184691951238024
2026-04-15,CN_ETF:512890.SH,红利低波ETF (512890),1.189,15.86805940437746,0.1067671774857512
2026-04-15,CN_ETF:518880.SH,黄金ETF (518880),10.064,2.24788806522347,0.011838201687750825
2026-04-15,CN_INDEX:CBA21801.CS,中债30年国债指数 (CBA21801),243.9647,55.17293364309891,-0.050816876759020316
2026-04-16,CN_ETF:159981.SZ,能源化工ETF (159981),1.657,4.71098618696648,0.048413129783107356
2026-04-16,CN_ETF:159985.SZ,豆粕ETF (159985),2.111,11.4150840586764,0.075830484712179
2026-04-16,CN_ETF:510300.SH,沪深300ETF (510300),4.746,9.52465779119299,0.10453215565625988
2026-04-16,CN_ETF:512890.SH,红利低波ETF (512890),1.189,15.84159484701212,0.0
2026-04-16,CN_ETF:518880.SH,黄金ETF (518880),10.097,2.25149762882604,0.007370857129607866
2026-04-16,CN_INDEX:CBA21801.CS,中债30年国债指数 (CBA21801),243.6592,55.0119428968675,-0.06908922162905508
2026-04-17,CN_ETF:159981.SZ,能源化工ETF (159981),1.66,4.7121791481475,0.008529244756125312
2026-04-17,CN_ETF:159985.SZ,豆粕ETF (159985),2.094,11.30555639278791,-0.09192630459379558
2026-04-17,CN_ETF:510300.SH,沪深300ETF (510300),4.739,9.495825790108151,-0.014048167833618707
2026-04-17,CN_ETF:512890.SH,红利低波ETF (512890),1.184,15.75045601968093,-0.06661730381418285
2026-04-17,CN_ETF:518880.SH,黄金ETF (518880),10.029,2.23285824128378,-0.015163101788666847
2026-04-17,CN_INDEX:CBA21801.CS,中债30年国债指数 (CBA21801),245.1426,55.260821929751835,0.3349133383562523
2026-04-20,CN_ETF:159981.SZ,能源化工ETF (159981),1.636,4.6420010722821505,-0.06812789129851808
2026-04-20,CN_ETF:159985.SZ,豆粕ETF (159985),2.091,11.28437546727758,-0.01619707219596993
2026-04-20,CN_ETF:510300.SH,沪深300ETF (510300),4.765,9.54370851837672,0.05209779922827735
2026-04-20,CN_ETF:512890.SH,红利低波ETF (512890),1.19,15.82328401370831,0.07981650009973407
2026-04-20,CN_ETF:518880.SH,黄金ETF (518880),10.036,2.23343030641083,0.001558481173495353
2026-04-20,CN_INDEX:CBA21801.CS,中债30年国债指数 (CBA21801),245.1205,55.23144657636112,-0.0049818520512046075
2026-04-21,CN_ETF:159981.SZ,能源化工ETF (159981),1.63,4.60013898584616,-0.017024453810325683
2026-04-21,CN_ETF:159985.SZ,豆粕ETF (159985),2.127,11.41701041045104,0.19427906112959833
2026-04-21,CN_ETF:510300.SH,沪深300ETF (510300),4.776,9.51436902045526,0.0220316461074807
2026-04-21,CN_ETF:512890.SH,红利低波ETF (512890),1.197,15.830886099937791,0.09307814125711089
2026-04-21,CN_ETF:518880.SH,黄金ETF (518880),10.01,2.2156810416610098,-0.005786088876712015
2026-04-21,CN_INDEX:CBA21801.CS,中债30年国债指数 (CBA21801),246.2449,55.18682902022076,0.253353915851435
2026-04-22,CN_ETF:159981.SZ,能源化工ETF (159981),1.643,4.61665399485999,0.03668822504049166
2026-04-22,CN_ETF:159985.SZ,豆粕ETF (159985),2.169,11.59179983937295,0.22544167242075616
2026-04-22,CN_ETF:510300.SH,沪深300ETF (510300),4.811,9.54239620605266,0.06972422858373775
2026-04-22,CN_ETF:512890.SH,红利低波ETF (512890),1.192,15.6961717958263,-0.06612734377584795
2026-04-22,CN_ETF:518880.SH,黄金ETF (518880),10.004,2.20471908462899,-0.0013280805444523057
2026-04-22,CN_INDEX:CBA21801.CS,中债30年国债指数 (CBA21801),247.0149,55.11854708321117,0.17256746574475987
2026-04-23,CN_ETF:159981.SZ,能源化工ETF (159981),1.672,4.70645424214983,0.08148689339679799
2026-04-23,CN_ETF:159985.SZ,豆粕ETF (159985),2.156,11.54271259697531,-0.06947597875142823
2026-04-23,CN_ETF:510300.SH,沪深300ETF (510300),4.801,9.53941182798818,-0.01983453794648187
2026-04-23,CN_ETF:512890.SH,红利低波ETF (512890),1.198,15.803093530359611,0.07900757615348927
2026-04-23,CN_ETF:518880.SH,黄金ETF (518880),9.9,2.18565986477546,-0.022919910515935036
2026-04-23,CN_INDEX:CBA21801.CS,中债30年国债指数 (CBA21801),246.007,54.99077996800409,-0.22490134645791973
2026-04-24,CN_ETF:159981.SZ,能源化工ETF (159981),1.662,4.69973540592211,-0.028148649773623663
2026-04-24,CN_ETF:159985.SZ,豆粕ETF (159985),2.125,11.42885916502318,-0.165966646802522
2026-04-24,CN_ETF:510300.SH,沪深300ETF (510300),4.782,9.54518356811193,-0.03775230675521308
2026-04-24,CN_ETF:512890.SH,红利低波ETF (512890),1.198,15.87548242012259,0.0
2026-04-24,CN_ETF:518880.SH,黄金ETF (518880),9.826,2.17925957851823,-0.016337255554887138
2026-04-24,CN_INDEX:CBA21801.CS,中债30年国债指数 (CBA21801),245.0775,55.03394900989535,-0.2077742908952201
2026-04-27,CN_ETF:159981.SZ,能源化工ETF (159981),1.693,4.78844917868212,0.0876605280286323
2026-04-27,CN_ETF:159985.SZ,豆粕ETF (159985),2.152,11.57661924365404,0.14521373997911996
2026-04-27,CN_ETF:510300.SH,沪深300ETF (510300),4.782,9.54728354363973,0.0
2026-04-27,CN_ETF:512890.SH,红利低波ETF (512890),1.189,15.759683953016198,-0.1192648929725381
2026-04-27,CN_ETF:518880.SH,黄金ETF (518880),9.897,2.19548922420657,0.015746736217666975
2026-04-27,CN_INDEX:CBA21801.CS,中债30年国债指数 (CBA21801),244.4035,54.894671743050964,-0.15135164032874318
2026-04-28,CN_ETF:159981.SZ,能源化工ETF (159981),1.738,4.90495263332105,0.12727714887223548
2026-04-28,CN_ETF:159985.SZ,豆粕ETF (159985),2.159,11.588820769060609,0.0376562893613272
2026-04-28,CN_ETF:510300.SH,沪深300ETF (510300),4.77,9.50245341945769,-0.023958051552422158
2026-04-28,CN_ETF:512890.SH,红利低波ETF (512890),1.192,15.76482034569335,0.03976371056269788
2026-04-28,CN_ETF:518880.SH,黄金ETF (518880),9.732,2.15415505889033,-0.036602578760643295
2026-04-28,CN_INDEX:CBA21801.CS,中债30年国债指数 (CBA21801),244.7397,54.84970752693514,0.07551278373678039
2026-04-29,CN_ETF:159981.SZ,能源化工ETF (159981),1.722,4.8476799955080505,-0.045154914921252516
2026-04-29,CN_ETF:159985.SZ,豆粕ETF (159985),2.165,11.59205025456796,0.03220607902471845
2026-04-29,CN_ETF:510300.SH,沪深300ETF (510300),4.821,9.580104635517241,0.1015985585728191
2026-04-29,CN_ETF:512890.SH,红利低波ETF (512890),1.195,15.76508898814735,0.03967656127272051
2026-04-29,CN_ETF:518880.SH,黄金ETF (518880),9.637,2.1278081627251,-0.02102802410548481
2026-04-29,CN_INDEX:CBA21801.CS,中债30年国债指数 (CBA21801),245.3763,54.85525736798543,0.14267126997232688
2026-04-30,CN_ETF:159981.SZ,能源化工ETF (159981),1.725,4.8680868076711095,0.00844543553224446
2026-04-30,CN_ETF:159985.SZ,豆粕ETF (159985),2.162,11.60450078754123,-0.01606288718877883
2026-04-30,CN_ETF:510300.SH,沪深300ETF (510300),4.824,9.60967806044212,0.0059614839051130766
2026-04-30,CN_ETF:512890.SH,红利低波ETF (512890),1.188,15.71134553538703,-0.09234780160421188
2026-04-30,CN_ETF:518880.SH,黄金ETF (518880),9.678,2.14212420004051,0.00905262370776505
2026-04-30,CN_INDEX:CBA21801.CS,中债30年国债指数 (CBA21801),244.6572,54.82921938361013,-0.16075886535626532
2026-05-06,CN_ETF:159981.SZ,能源化工ETF (159981),1.742,4.925229511097,0.04797534824951204
2026-05-06,CN_ETF:159985.SZ,豆粕ETF (159985),2.159,11.61000810317719,-0.01610245252665396
2026-05-06,CN_ETF:510300.SH,沪深300ETF (510300),4.888,9.75532728449064,0.12749158289143717
2026-05-06,CN_ETF:512890.SH,红利低波ETF (512890),1.183,15.67439517659478,-0.0661251916472502
2026-05-06,CN_ETF:518880.SH,黄金ETF (518880),9.791,2.1711767921996703,0.02501136956029916
2026-05-06,CN_INDEX:CBA21801.CS,中债30年国债指数 (CBA21801),243.299,54.626514824323856,-0.3043811740133492
2026-05-07,CN_ETF:159981.SZ,能源化工ETF (159981),1.662,4.71576978311741,-0.22618734838562568
2026-05-07,CN_ETF:159985.SZ,豆粕ETF (159985),2.132,11.50562816153244,-0.14519231995635956
2026-05-07,CN_ETF:510300.SH,沪深300ETF (510300),4.912,9.83812324258769,0.047898497305191516
2026-05-07,CN_ETF:512890.SH,红利低波ETF (512890),1.178,15.66370845754515,-0.06624850032373195
2026-05-07,CN_ETF:518880.SH,黄金ETF (518880),9.909,2.20516565351975,0.026166771675984392
2026-05-07,CN_INDEX:CBA21801.CS,中债30年国债指数 (CBA21801),243.3384,54.829851688942675,0.008846253721057204
2026-05-08,CN_ETF:159981.SZ,能源化工ETF (159981),1.636,4.64498758605075,-0.07377257181772105
2026-05-08,CN_ETF:159985.SZ,豆粕ETF (159985),2.143,11.57244132628549,0.0593629970810758
2026-05-08,CN_ETF:510300.SH,沪深300ETF (510300),4.886,9.792352658756212,-0.05207475657721445
2026-05-08,CN_ETF:512890.SH,红利低波ETF (512890),1.177,15.660493586926929,-0.013296866262771032
2026-05-08,CN_ETF:518880.SH,黄金ETF (518880),9.88,2.2001283546757398,-0.006453709148458204
2026-05-08,CN_INDEX:CBA21801.CS,中债30年国债指数 (CBA21801),243.4354,54.887043537219704,0.021856376198033857
2026-05-09,CN_ETF:159981.SZ,能源化工ETF (159981),1.636,4.64731689908037,0.0
2026-05-09,CN_ETF:159985.SZ,豆粕ETF (159985),2.143,11.57824453627614,0.0
2026-05-09,CN_ETF:510300.SH,沪深300ETF (510300),4.886,9.797263211091629,0.0
2026-05-09,CN_ETF:512890.SH,红利低波ETF (512890),1.177,15.668346824656098,0.0
2026-05-09,CN_ETF:518880.SH,黄金ETF (518880),9.88,2.20123164882852,0.0
2026-05-09,CN_INDEX:CBA21801.CS,中债30年国债指数 (CBA21801),243.2131,54.864420829333696,-0.050121674079957115
2026-05-11,CN_ETF:159981.SZ,能源化工ETF (159981),1.663,4.69947622463209,0.07669777278433454
2026-05-11,CN_ETF:159985.SZ,豆粕ETF (159985),2.164,11.63097231981032,0.11345923250667492
2026-05-11,CN_ETF:510300.SH,沪深300ETF (510300),4.966,9.90595264328377,0.16041364242475006
2026-05-11,CN_ETF:512890.SH,红利低波ETF (512890),1.178,15.600202035482392,0.01331210435399538
2026-05-11,CN_ETF:518880.SH,黄金ETF (518880),9.774,2.16630377982403,-0.023616452912533135
2026-05-11,CN_INDEX:CBA21801.CS,中债30年国债指数 (CBA21801),244.0194,54.76037450660161,0.1818865123411987
2026-05-12,CN_ETF:159981.SZ,能源化工ETF (159981),1.667,4.710511035659979,0.011303610883059617
2026-05-12,CN_ETF:159985.SZ,豆粕ETF (159985),2.155,11.58193860450479,-0.048372805396624585
2026-05-12,CN_ETF:510300.SH,沪深300ETF (510300),4.963,9.89940348070736,-0.005984264585149982
2026-05-12,CN_ETF:512890.SH,红利低波ETF (512890),1.176,15.5728274783483,-0.0264859117750128
2026-05-12,CN_ETF:518880.SH,黄金ETF (518880),9.806,2.1732722262927,0.007092461730547086
2026-05-12,CN_INDEX:CBA21801.CS,中债30年国债指数 (CBA21801),244.3231,54.825399252002114,0.06815329329412839
2026-05-13,CN_ETF:159981.SZ,能源化工ETF (159981),1.65,4.65561110704214,-0.04803760504272382
2026-05-13,CN_ETF:159985.SZ,豆粕ETF (159985),2.161,11.59709130629653,0.03224669681068819
2026-05-13,CN_ETF:510300.SH,沪深300ETF (510300),5.017,9.9923854220451,0.10771061615115851
2026-05-13,CN_ETF:512890.SH,红利低波ETF (512890),1.177,15.56312978305735,0.013242200236691178
2026-05-13,CN_ETF:518880.SH,黄金ETF (518880),9.804,2.1696309586900098,-0.0004432535644076991
2026-05-13,CN_INDEX:CBA21801.CS,中债30年国债指数 (CBA21801),244.5133,54.78732362404144,0.04268033164989324
2026-05-14,CN_ETF:159981.SZ,能源化工ETF (159981),1.627,4.60974414202545,-0.06489639724967822
2026-05-14,CN_ETF:159985.SZ,豆粕ETF (159985),2.144,11.55355423465236,-0.09123116714809788
2026-05-14,CN_ETF:510300.SH,沪深300ETF (510300),4.941,9.88180880252261,-0.15136960176907174
2026-05-14,CN_ETF:512890.SH,红利低波ETF (512890),1.176,15.61436455324054,-0.013222710096057723
2026-05-14,CN_ETF:518880.SH,黄金ETF (518880),9.795,2.17662455240075,-0.001991705286435116
2026-05-14,CN_INDEX:CBA21801.CS,中债30年国债指数 (CBA21801),244.1112,54.923957307703965,-0.090097278263502
2026-05-15,CN_ETF:159981.SZ,能源化工ETF (159981),1.649,4.70314658804461,0.06233212730458473
2026-05-15,CN_ETF:159985.SZ,豆粕ETF (159985),2.089,11.33203370521938,-0.29638315434043044
2026-05-15,CN_ETF:510300.SH,沪深300ETF (510300),4.878,9.820689497298881,-0.12599756214509644
2026-05-15,CN_ETF:512890.SH,红利低波ETF (512890),1.167,15.597911084689331,-0.11949768790745195
2026-05-15,CN_ETF:518880.SH,黄金ETF (518880),9.554,2.13718890841404,-0.05355451935973256
2026-05-15,CN_INDEX:CBA21801.CS,中债30年国债指数 (CBA21801),243.5444,55.1608378968164,-0.12752753254257393
2026-05-18,CN_ETF:159981.SZ,能源化工ETF (159981),1.685,4.80182941323061,0.10267633545761393
2026-05-18,CN_ETF:159985.SZ,豆粕ETF (159985),2.092,11.33887742887542,0.01627386362645239
2026-05-18,CN_ETF:510300.SH,沪深300ETF (510300),4.852,9.76022746573361,-0.05234479846858701
2026-05-18,CN_ETF:512890.SH,红利低波ETF (512890),1.16,15.491466649491539,-0.09356073486960331
2026-05-18,CN_ETF:518880.SH,黄金ETF (518880),9.513,2.12624905838425,-0.009171524518000414
2026-05-18,CN_INDEX:CBA21801.CS,中债30年国债指数 (CBA21801),244.0711,55.23419487918987,0.11929329239454456
2026-05-19,CN_ETF:159981.SZ,能源化工ETF (159981),1.664,4.71496283922511,-0.05984475826578266
2026-05-19,CN_ETF:159985.SZ,豆粕ETF (159985),2.122,11.43594057608717,0.16260340481178756
2026-05-19,CN_ETF:510300.SH,沪深300ETF (510300),4.869,9.738611735373471,0.0341970047233033
2026-05-19,CN_ETF:512890.SH,红利低波ETF (512890),1.169,15.52269728758889,0.12019241365985141
2026-05-19,CN_ETF:518880.SH,黄金ETF (518880),9.515,2.11457727258799,0.0004470196695857645
2026-05-19,CN_INDEX:CBA21801.CS,中债30年国债指数 (CBA21801),245.4653,55.23316199646422,0.31551262931402274
2026-05-20,CN_ETF:159981.SZ,能源化工ETF (159981),1.66,4.71623596669694,-0.011334045286598782
2026-05-20,CN_ETF:159985.SZ,豆粕ETF (159985),2.103,11.36392264448945,-0.10239532089804583
2026-05-20,CN_ETF:510300.SH,沪深300ETF (510300),4.871,9.768725185165481,0.004000251277624846
2026-05-20,CN_ETF:512890.SH,红利低波ETF (512890),1.164,15.49773188035937,-0.06639305939944073
2026-05-20,CN_ETF:518880.SH,黄金ETF (518880),9.367,2.08726587763053,-0.032890954949345325
2026-05-20,CN_INDEX:CBA21801.CS,中债30年国债指数 (CBA21801),245.2062,55.322746441922945,-0.05830116221431108
2026-05-21,CN_ETF:159981.SZ,能源化工ETF (159981),1.659,4.725646577429,-0.002841106004034127
2026-05-21,CN_ETF:159985.SZ,豆粕ETF (159985),2.086,11.301360136275571,-0.09186242746377772
2026-05-21,CN_ETF:510300.SH,沪深300ETF (510300),4.808,9.667443354655319,-0.12634565523823246
2026-05-21,CN_ETF:512890.SH,红利低波ETF (512890),1.161,15.49796932546684,-0.039942607939068675
2026-05-21,CN_ETF:518880.SH,黄金ETF (518880),9.45,2.1112345096481,0.01849504300665415
2026-05-21,CN_INDEX:CBA21801.CS,中债30年国债指数 (CBA21801),245.1319,55.449742145958034,-0.0167633610432147
2026-05-22,CN_ETF:159981.SZ,能源化工ETF (159981),1.621,4.62242838698185,-0.10824265819306933
2026-05-22,CN_ETF:159985.SZ,豆粕ETF (159985),2.084,11.30281058135995,-0.010835436372266954
2026-05-22,CN_ETF:510300.SH,沪深300ETF (510300),4.862,9.78665899082155,0.10857777478190242
2026-05-22,CN_ETF:512890.SH,红利低波ETF (512890),1.155,15.434653555471769,-0.08009286473109549
2026-05-22,CN_ETF:518880.SH,黄金ETF (518880),9.461,2.11599206344354,0.002457521651442662
2026-05-22,CN_INDEX:CBA21801.CS,中债30年国债指数 (CBA21801),245.041,55.48949596855497,-0.02056191609932572
2026-05-25,CN_ETF:159981.SZ,能源化工ETF (159981),1.58,4.50710345638093,-0.11691521521669075
2026-05-25,CN_ETF:159985.SZ,豆粕ETF (159985),2.056,11.15488528807349,-0.15186117863631457
2026-05-25,CN_ETF:510300.SH,沪深300ETF (510300),4.937,9.94113317832583,0.1509665619727732
2026-05-25,CN_ETF:512890.SH,红利低波ETF (512890),1.152,15.39999727523515,-0.04009000923499333
2026-05-25,CN_ETF:518880.SH,黄金ETF (518880),9.512,2.12814932127552,0.011406362460165142
2026-05-25,CN_INDEX:CBA21801.CS,中债30年国债指数 (CBA21801),245.5321,55.620330542045146,0.11120951787724906
2026-05-26,CN_ETF:159981.SZ,能源化工ETF (159981),1.576,4.4852916547877,-0.011410388497166971
2026-05-26,CN_ETF:159985.SZ,豆粕ETF (159985),2.06,11.15072880536078,0.021702111455395818
2026-05-26,CN_ETF:510300.SH,沪深300ETF (510300),4.972,9.9884458529133,0.07047592895309074
2026-05-26,CN_ETF:512890.SH,红利低波ETF (512890),1.156,15.4177157304589,0.05347221276123468
2026-05-26,CN_ETF:518880.SH,黄金ETF (518880),9.454,2.1102790536659097,-0.012976520251680012
2026-05-26,CN_INDEX:CBA21801.CS,中债30年国债指数 (CBA21801),246.0205,55.60202631388256,0.11063714046649292
2026-05-27,CN_ETF:159981.SZ,能源化工ETF (159981),1.578,4.4919988037754095,0.005691994485771334
2026-05-27,CN_ETF:159985.SZ,豆粕ETF (159985),2.068,11.1965629369782,0.04330380118586659
2026-05-27,CN_ETF:510300.SH,沪深300ETF (510300),4.932,9.91032793568343,-0.08035756921088749
2026-05-27,CN_ETF:512890.SH,红利低波ETF (512890),1.15,15.341159959463099,-0.08002274600584156
2026-05-27,CN_ETF:518880.SH,黄金ETF (518880),9.345,2.08642008107961,-0.024330486233296398
2026-05-27,CN_INDEX:CBA21801.CS,中债30年国债指数 (CBA21801),246.521,55.72773615494106,0.11311583453451181
2026-05-28,CN_ETF:159981.SZ,能源化工ETF (159981),1.6,4.55301205299956,0.06262609232133055
2026-05-28,CN_ETF:159985.SZ,豆粕ETF (159985),2.084,11.27919461384504,0.08662717939634915
2026-05-28,CN_ETF:510300.SH,沪深300ETF (510300),4.932,9.90681857885022,0.0
2026-05-28,CN_ETF:512890.SH,红利低波ETF (512890),1.144,15.25571499366333,-0.08004083457111204
2026-05-28,CN_ETF:518880.SH,黄金ETF (518880),9.132,2.03814245431333,-0.047555642297480785
2026-05-28,CN_INDEX:CBA21801.CS,中债30年国债指数 (CBA21801),246.5819,55.72176432774151,0.013766856096783346
2026-05-29,CN_ETF:159981.SZ,能源化工ETF (159981),1.585,4.494883567604839,-0.042684487996870975
2026-05-29,CN_ETF:159985.SZ,豆粕ETF (159985),2.077,11.20281681798454,-0.037885970391994324
2026-05-29,CN_ETF:510300.SH,沪深300ETF (510300),4.923,9.85488000147797,-0.018078136092793174
2026-05-29,CN_ETF:512890.SH,红利低波ETF (512890),1.167,15.50914159078828,0.30671454969777845
2026-05-29,CN_ETF:518880.SH,黄金ETF (518880),9.397,2.09010556737961,0.059144519315925875
2026-05-29,CN_INDEX:CBA21801.CS,中债30年国债指数 (CBA21801),246.9199,55.607083740332286,0.07638012499205205
2026-06-01,CN_ETF:159981.SZ,能源化工ETF (159981),1.618,4.57676638704179,0.09358432664413863
2026-06-01,CN_ETF:159985.SZ,豆粕ETF (159985),2.073,8.04835999931693,-0.021574996279219605
2026-06-01,CN_ETF:510300.SH,沪深300ETF (510300),4.868,11.87991403055401,-0.11009920781663292
2026-06-01,CN_ETF:512890.SH,红利低波ETF (512890),1.181,15.655172248964218,0.18605654007800806
2026-06-01,CN_ETF:518880.SH,黄金ETF (518880),9.344,2.07301704454875,-0.01178840002885185
2026-06-01,CN_INDEX:CBA21801.CS,中债30年国债指数 (CBA21801),247.6074,55.61970677047905,0.15482701099213592
2026-06-02,CN_ETF:159981.SZ,能源化工ETF (159981),1.625,4.59271638639809,0.019800596235655936
2026-06-02,CN_ETF:159985.SZ,豆粕ETF (159985),2.046,7.93687892440343,-0.10482668595347719
2026-06-02,CN_ETF:510300.SH,沪深300ETF (510300),4.936,12.03577092806615,0.1659478541655023
2026-06-02,CN_ETF:512890.SH,红利低波ETF (512890),1.182,15.65530248838235,0.013255861345438307
2026-06-02,CN_ETF:518880.SH,黄金ETF (518880),9.41,2.0859106459610697,0.014642457720485651
2026-06-02,CN_INDEX:CBA21801.CS,中债30年国债指数 (CBA21801),247.4962,55.54815572742804,-0.024978701738631266
2026-06-03,CN_ETF:159981.SZ,能源化工ETF (159981),1.649,4.66525242519067,0.06783088816834147
2026-06-03,CN_ETF:159985.SZ,豆粕ETF (159985),2.054,7.97595683294587,0.03103373968486187
2026-06-03,CN_ETF:510300.SH,沪深300ETF (510300),4.965,12.11870586816912,0.07071259256764806
2026-06-03,CN_ETF:512890.SH,红利低波ETF (512890),1.173,15.551784464083159,-0.11920281082524581
2026-06-03,CN_ETF:518880.SH,黄金ETF (518880),9.281,2.05939227615998,-0.028595374423908373
2026-06-03,CN_INDEX:CBA21801.CS,中债30年国债指数 (CBA21801),246.9498,55.48147743812564,-0.12263425575611013
2026-06-04,CN_ETF:159981.SZ,能源化工ETF (159981),1.615,4.5846514897749495,-0.09619077165341605
2026-06-04,CN_ETF:159985.SZ,豆粕ETF (159985),2.029,7.90576156246873,-0.09707834509427758
2026-06-04,CN_ETF:510300.SH,沪深300ETF (510300),4.926,12.06453836580809,-0.09519225153244519
2026-06-04,CN_ETF:512890.SH,红利低波ETF (512890),1.158,15.40529734247674,-0.19887192409313673
2026-06-04,CN_ETF:518880.SH,黄金ETF (518880),9.29,2.06842286602364,0.0019970402419392705
2026-06-04,CN_INDEX:CBA21801.CS,中债30年国债指数 (CBA21801),247.5965,55.816570551589436,0.14529216650199717
2026-06-05,CN_ETF:159981.SZ,能源化工ETF (159981),1.633,4.65361835797122,0.0510982828581728
2026-06-05,CN_ETF:159985.SZ,豆粕ETF (159985),2.009,7.85800643206289,-0.07792766448958847
2026-06-05,CN_ETF:510300.SH,沪深300ETF (510300),4.843,11.90697793231277,-0.20327987908284045
2026-06-05,CN_ETF:512890.SH,红利低波ETF (512890),1.159,15.478031996642619,0.013303365580724901
2026-06-05,CN_ETF:518880.SH,黄金ETF (518880),9.252,2.06790231129761,-0.008460717858869296
2026-06-05,CN_INDEX:CBA21801.CS,中债30年国债指数 (CBA21801),246.8925,55.87239959300116,-0.1587052549947939
2026-06-08,CN_ETF:159981.SZ,能源化工ETF (159981),1.69,4.82838571784082,0.1624349334993016
2026-06-08,CN_ETF:159985.SZ,豆粕ETF (159985),1.991,7.807542841344429,-0.07040523433406227
2026-06-08,CN_ETF:510300.SH,沪深300ETF (510300),4.739,11.68111934495067,-0.25569393040688204
2026-06-08,CN_ETF:512890.SH,红利低波ETF (512890),1.165,15.59799950512833,0.08012786193257693
2026-06-08,CN_ETF:518880.SH,黄金ETF (518880),8.953,2.00619734687685,-0.0668290954472533
2026-06-08,CN_INDEX:CBA21801.CS,中债30年国债指数 (CBA21801),246.4283,55.91015292930468,-0.10504963857173263
2026-06-09,CN_ETF:159981.SZ,能源化工ETF (159981),1.637,4.68077761818108,-0.15142274736423864
2026-06-09,CN_ETF:159985.SZ,豆粕ETF (159985),1.98,7.770740089833129,-0.04313559580853352
2026-06-09,CN_ETF:510300.SH,沪深300ETF (510300),4.826,11.90526719794752,0.21444553344813483
2026-06-09,CN_ETF:512890.SH,红利低波ETF (512890),1.164,15.5973218616971,-0.013388840776935152
2026-06-09,CN_ETF:518880.SH,黄金ETF (518880),9.005,2.01949536822358,0.01165221289373373
2026-06-09,CN_INDEX:CBA21801.CS,中债30年国债指数 (CBA21801),245.9891,55.85602678340177,-0.0996465875329656
2026-06-10,CN_ETF:159981.SZ,能源化工ETF (159981),1.648,4.71729882735796,0.03145299560170535
2026-06-10,CN_ETF:159985.SZ,豆粕ETF (159985),2.005,7.87731879901592,0.09811540517466007
2026-06-10,CN_ETF:510300.SH,沪深300ETF (510300),4.784,11.81435053735415,-0.10360986786444142
2026-06-10,CN_ETF:512890.SH,红利低波ETF (512890),1.172,15.72141085967047,0.10719808839654327
2026-06-10,CN_ETF:518880.SH,黄金ETF (518880),8.736,1.96127558327618,-0.060326957695962705
2026-06-10,CN_INDEX:CBA21801.CS,中债30年国债指数 (CBA21801),245.1952,55.73563998199713,-0.1802685552463218
2026-06-11,CN_ETF:159981.SZ,能源化工ETF (159981),1.667,4.78009503541847,0.05438633356784119
2026-06-11,CN_ETF:159985.SZ,豆粕ETF (159985),2.02,7.95023863472214,0.05893255959363602
2026-06-11,CN_ETF:510300.SH,沪深300ETF (510300),4.751,11.753533841279031,-0.08149531098091162
2026-06-11,CN_ETF:512890.SH,红利低波ETF (512890),1.162,15.61474096999833,-0.13414173088456058
2026-06-11,CN_ETF:518880.SH,黄金ETF (518880),8.506,1.9130050870423299,-0.051636147453470886
2026-06-11,CN_INDEX:CBA21801.CS,中债30年国债指数 (CBA21801),245.0985,55.81185172737203,-0.02198100283471687
2026-06-12,CN_ETF:159981.SZ,能源化工ETF (159981),1.665,4.7514193927103,-0.005734967049092258
2026-06-12,CN_ETF:159985.SZ,豆粕ETF (159985),2.017,7.90028739394415,-0.011807285101072497
2026-06-12,CN_ETF:510300.SH,沪深300ETF (510300),4.818,11.862013777300149,0.16575179275219654
2026-06-12,CN_ETF:512890.SH,红利低波ETF (512890),1.172,15.67344501269855,0.13437814948363422
2026-06-12,CN_ETF:518880.SH,黄金ETF (518880),8.659,1.9380576115634902,0.03440980229455404
2026-06-12,CN_INDEX:CBA21801.CS,中债30年国债指数 (CBA21801),245.8267,55.708700300126125,0.1658198252044429
2026-06-15,CN_ETF:159981.SZ,能源化工ETF (159981),1.552,4.43396809518479,-0.32246870352928786
2026-06-15,CN_ETF:159985.SZ,豆粕ETF (159985),2.017,7.9092373579839,0.0
2026-06-15,CN_ETF:510300.SH,沪深300ETF (510300),4.919,12.12439759765283,0.24866404971094053
2026-06-15,CN_ETF:512890.SH,红利低波ETF (512890),1.161,15.543928556243461,-0.14710571257652008
2026-06-15,CN_ETF:518880.SH,黄金ETF (518880),8.928,2.00052896471648,0.06020758719373832
2026-06-15,CN_INDEX:CBA21801.CS,中债30年国债指数 (CBA21801),246.0365,55.819409042933664,0.04754440963071472
2026-06-16,CN_ETF:159981.SZ,能源化工ETF (159981),1.52,4.3493642421175895,-0.09142202258112986
2026-06-16,CN_ETF:159985.SZ,豆粕ETF (159985),2.015,7.913800649518669,-0.007842575466517208
2026-06-16,CN_ETF:510300.SH,沪深300ETF (510300),4.91,12.121215826458789,-0.022183284891007505
2026-06-16,CN_ETF:512890.SH,红利低波ETF (512890),1.145,15.353783174363919,-0.21421434702833383
2026-06-16,CN_ETF:518880.SH,黄金ETF (518880),8.949,2.0083829000366498,0.0047055452799107935
2026-06-16,CN_INDEX:CBA21801.CS,中债30年国债指数 (CBA21801),246.8043,56.081518043659706,0.17419424460665392
2026-06-17,CN_ETF:159981.SZ,能源化工ETF (159981),1.496,4.27583798678746,-0.06867417224396216
2026-06-17,CN_ETF:159985.SZ,豆粕ETF (159985),2.028,7.955829409200341,0.05105677838399067
2026-06-17,CN_ETF:510300.SH,沪深300ETF (510300),4.958,12.22583894953418,0.11849661093075721
2026-06-17,CN_ETF:512890.SH,红利低波ETF (512890),1.14,15.26940885341451,-0.0670470880976609
2026-06-17,CN_ETF:518880.SH,黄金ETF (518880),8.957,2.0078998032743702,0.0017954031959207593
2026-06-17,CN_INDEX:CBA21801.CS,中债30年国债指数 (CBA21801),247.1469,56.095711682314864,0.07784924363860338
2026-06-18,CN_ETF:159981.SZ,能源化工ETF (159981),1.492,4.2802691815578,-0.011432721889806088
2026-06-18,CN_ETF:159985.SZ,豆粕ETF (159985),2.004,7.890923629145349,-0.09415182732781517
2026-06-18,CN_ETF:510300.SH,沪深300ETF (510300),4.984,12.33567142983361,0.06411291098989214
2026-06-18,CN_ETF:512890.SH,红利低波ETF (512890),1.115,14.99011108720273,-0.33485545731172106
2026-06-18,CN_ETF:518880.SH,黄金ETF (518880),8.908,2.0043441028921203,-0.010984379854911975
2026-06-18,CN_INDEX:CBA21801.CS,中债30年国债指数 (CBA21801),247.2204,56.3211366457471,0.016682526904648273
2026-06-22,CN_ETF:159981.SZ,能源化工ETF (159981),1.476,4.22984693541774,-0.045901009989896005
2026-06-22,CN_ETF:159985.SZ,豆粕ETF (159985),1.989,7.82349738054907,-0.059063799619350786
2026-06-22,CN_ETF:510300.SH,沪深300ETF (510300),5.091,12.58704810193575,0.26483082724562584
2026-06-22,CN_ETF:512890.SH,红利低波ETF (512890),1.114,14.96067574216525,-0.013444045818117081
2026-06-22,CN_ETF:518880.SH,黄金ETF (518880),8.716,1.95904914655938,-0.0432009505787256
2026-06-22,CN_INDEX:CBA21801.CS,中债30年国债指数 (CBA21801),247.2365,56.26466383689428,0.0036678619563559043
2026-06-23,CN_ETF:159981.SZ,能源化工ETF (159981),1.459,4.20080990246191,-0.04871774925616606
2026-06-23,CN_ETF:159985.SZ,豆粕ETF (159985),1.994,7.8800823312453305,0.019666911464426954
2026-06-23,CN_ETF:510300.SH,沪深300ETF (510300),4.942,12.27617239407247,-0.3683893473165242
2026-06-23,CN_ETF:512890.SH,红利低波ETF (512890),1.118,15.08506776811446,0.053718763885691634
2026-06-23,CN_ETF:518880.SH,黄金ETF (518880),8.537,1.9278481977888302,-0.040232881738655975
2026-06-23,CN_INDEX:CBA21801.CS,中债30年国债指数 (CBA21801),246.865,56.44456172121123,-0.0845438380474002
2026-06-24,CN_ETF:159981.SZ,能源化工ETF (159981),1.441,4.1607069974165,-0.051826304485479605
2026-06-24,CN_ETF:159985.SZ,豆粕ETF (159985),2.0,7.9261267316856605,0.023711381137147436
2026-06-24,CN_ETF:510300.SH,沪深300ETF (510300),4.967,12.37313674968884,0.06210123631157588
2026-06-24,CN_ETF:512890.SH,红利低波ETF (512890),1.099,14.870602667652049,-0.25636519462806584
2026-06-24,CN_ETF:518880.SH,黄金ETF (518880),8.515,1.9283134034372402,-0.004968098904926186
2026-06-24,CN_INDEX:CBA21801.CS,中债30年国债指数 (CBA21801),246.627,56.549480519246664,-0.054417619709753326
2026-06-25,CN_ETF:159981.SZ,能源化工ETF (159981),1.4,4.041762970308469,-0.11838236425681975
2026-06-25,CN_ETF:159985.SZ,豆粕ETF (159985),1.997,7.913137893829431,-0.011889190097528061
2026-06-25,CN_ETF:510300.SH,沪深300ETF (510300),5.048,12.573166062481159,0.20177654051234234
2026-06-25,CN_ETF:512890.SH,红利低波ETF (512890),1.086,14.692657506939,-0.17590339825248003
2026-06-25,CN_ETF:518880.SH,黄金ETF (518880),8.287,1.8764195929941898,-0.051633054137837926
2026-06-25,CN_INDEX:CBA21801.CS,中债30年国债指数 (CBA21801),247.3681,56.711527560126484,0.16992794792465415
2026-06-26,CN_ETF:159981.SZ,能源化工ETF (159981),1.403,4.06275380371974,0.008660920650661335
2026-06-26,CN_ETF:159985.SZ,豆粕ETF (159985),2.007,7.97697206105386,0.03962512715988702
2026-06-26,CN_ETF:510300.SH,沪深300ETF (510300),4.907,12.25917918540834,-0.35119184128562647
2026-06-26,CN_ETF:512890.SH,红利低波ETF (512890),1.081,14.66953181523109,-0.06764575279438073
2026-06-26,CN_ETF:518880.SH,黄金ETF (518880),8.39,1.90552482289819,0.023322217699819
2026-06-26,CN_INDEX:CBA21801.CS,中债30年国债指数 (CBA21801),247.5589,56.928039266134064,0.04374274394504364
2026-06-29,CN_ETF:159981.SZ,能源化工ETF (159981),1.423,4.10303885978726,0.057915235976047565
2026-06-29,CN_ETF:159985.SZ,豆粕ETF (159985),2.008,7.946800354562961,0.003974575017964264
2026-06-29,CN_ETF:510300.SH,沪深300ETF (510300),4.959,12.33608459137891,0.12991182344431043
2026-06-29,CN_ETF:512890.SH,红利低波ETF (512890),1.089,14.71486678345515,0.10856267763353175
2026-06-29,CN_ETF:518880.SH,黄金ETF (518880),8.449,1.91071474660507,0.013399995774850088
2026-06-29,CN_INDEX:CBA21801.CS,中债30年国债指数 (CBA21801),248.063,56.79989970285648,0.11592160327929615
2026-06-30,CN_ETF:159981.SZ,能源化工ETF (159981),1.418,4.10906457827346,-0.01441686177015952
2026-06-30,CN_ETF:159985.SZ,豆粕ETF (159985),1.985,7.89505411033349,-0.09102410764688643
2026-06-30,CN_ETF:510300.SH,沪深300ETF (510300),5.019,12.54776660316378,0.14925692185576586
2026-06-30,CN_ETF:512890.SH,红利低波ETF (512890),1.067,14.489682863177219,-0.2972700360293972
2026-06-30,CN_ETF:518880.SH,黄金ETF (518880),8.378,1.9041313662864001,-0.016056426442059357
2026-06-30,CN_INDEX:CBA21801.CS,中债30年国债指数 (CBA21801),247.0673,56.85476282616546,-0.22798910008398635
2026-07-01,CN_ETF:159981.SZ,能源化工ETF (159981),1.386,4.02110480967167,-0.09272924295116444
2026-07-01,CN_ETF:159985.SZ,豆粕ETF (159985),1.997,7.9522146018165305,0.04772828681309998
2026-07-01,CN_ETF:510300.SH,沪深300ETF (510300),4.998,12.510103852311879,-0.05250111549440856
2026-07-01,CN_ETF:512890.SH,红利低波ETF (512890),1.079,14.67004115981865,0.1629580078332967
2026-07-01,CN_ETF:518880.SH,黄金ETF (518880),8.271,1.8820449809464,-0.02431869851905512
2026-07-01,CN_INDEX:CBA21801.CS,中债30年国债指数 (CBA21801),246.3731,56.76234095017498,-0.15974828054511678
2026-07-02,CN_ETF:159981.SZ,能源化工ETF (159981),1.366,3.96246837237679,-0.058024600428161856
2026-07-02,CN_ETF:159985.SZ,豆粕ETF (159985),2.066,8.22570803567209,0.2747635490862993
2026-07-02,CN_ETF:510300.SH,沪深300ETF (510300),4.85,12.137782428519039,-0.3704472529296045
2026-07-02,CN_ETF:512890.SH,红利低波ETF (512890),1.087,14.776527227986168,0.10876768237122246
2026-07-02,CN_ETF:518880.SH,黄金ETF (518880),8.475,1.92816693686408,0.04641968034252962
2026-07-02,CN_INDEX:CBA21801.CS,中债30年国债指数 (CBA21801),246.4337,56.76753733037715,0.013961742826549812
2026-07-03,CN_ETF:159981.SZ,能源化工ETF (159981),1.389,4.02414429732303,0.06671798870034099
2026-07-03,CN_ETF:159985.SZ,豆粕ETF (159985),2.065,8.21143802394225,-0.003981465651341448
2026-07-03,CN_ETF:510300.SH,沪深300ETF (510300),4.876,12.18758048708866,0.06506852435907415
2026-07-03,CN_ETF:512890.SH,红利低波ETF (512890),1.09,14.798766652488379,0.04078158388588703
2026-07-03,CN_ETF:518880.SH,黄金ETF (518880),8.672,1.9705178981287301,0.04481992761796182
2026-07-03,CN_INDEX:CBA21801.CS,中债30年国债指数 (CBA21801),246.0512,56.60849828462338,-0.08811125681620968
2026-07-06,CN_ETF:159981.SZ,能源化工ETF (159981),1.393,4.00931998822774,0.011588608487611684
2026-07-06,CN_ETF:159985.SZ,豆粕ETF (159985),2.125,8.39472359344166,0.23858899827435176
2026-07-06,CN_ETF:510300.SH,沪深300ETF (510300),4.877,12.11029879979469,0.0024995037914443173
2026-07-06,CN_ETF:512890.SH,红利低波ETF (512890),1.112,14.99864806710457,0.298690703077748
2026-07-06,CN_ETF:518880.SH,黄金ETF (518880),8.631,1.94836596531079,-0.009316332313569898
2026-07-06,CN_INDEX:CBA21801.CS,中债30年国债指数 (CBA21801),246.5586,56.35398152049134,0.11673648423424637
2026-07-07,CN_ETF:159981.SZ,能源化工ETF (159981),1.41,4.06100593178202,0.04892924608748872
2026-07-07,CN_ETF:159985.SZ,豆粕ETF (159985),2.151,8.50320766441968,0.10271191220210837
2026-07-07,CN_ETF:510300.SH,沪深300ETF (510300),4.826,11.99179868694649,-0.12664040163820622
2026-07-07,CN_ETF:512890.SH,红利低波ETF (512890),1.104,14.90085914526878,-0.10790394292880919
2026-07-07,CN_ETF:518880.SH,黄金ETF (518880),8.597,1.9420090666405199,-0.007675175856861013
2026-07-07,CN_INDEX:CBA21801.CS,中债30年国债指数 (CBA21801),246.6579,56.41497343672142,0.022696228665258424
2026-07-08,CN_ETF:159981.SZ,能源化工ETF (159981),1.446,4.14498951377972,0.10368525783273257
2026-07-08,CN_ETF:159985.SZ,豆粕ETF (159985),2.18,8.57708078814833,0.11464110751658442
2026-07-08,CN_ETF:510300.SH,沪深300ETF (510300),4.798,11.865823586812379,-0.06957529283764947
2026-07-08,CN_ETF:512890.SH,红利低波ETF (512890),1.12,15.045301345816151,0.21595448036621517
2026-07-08,CN_ETF:518880.SH,黄金ETF (518880),8.589,1.93102350955192,-0.001807150463315454
2026-07-08,CN_INDEX:CBA21801.CS,中债30年国债指数 (CBA21801),247.1494,56.2599770687855,0.11241464167233113
2026-07-09,CN_ETF:159981.SZ,能源化工ETF (159981),1.445,4.14131865058481,-0.002866521102198506
2026-07-09,CN_ETF:159985.SZ,豆粕ETF (159985),2.157,8.48494067510415,-0.09049213675569351
2026-07-09,CN_ETF:510300.SH,沪深300ETF (510300),4.916,12.155285832093039,0.2918230894630803
2026-07-09,CN_ETF:512890.SH,红利低波ETF (512890),1.105,14.8409193164556,-0.20149957159575296
2026-07-09,CN_ETF:518880.SH,黄金ETF (518880),8.544,1.92053336321848,-0.010117133301878667
2026-07-09,CN_INDEX:CBA21801.CS,中债30年国债指数 (CBA21801),247.2925,56.28162048604334,0.0325746399487194
2026-07-10,CN_ETF:159981.SZ,能源化工ETF (159981),1.431,4.10922157879628,-0.04012350249701561
2026-07-10,CN_ETF:159985.SZ,豆粕ETF (159985),2.144,8.45030863575103,-0.051137797300117714
2026-07-10,CN_ETF:510300.SH,沪深300ETF (510300),4.829,11.96353796435126,-0.21511592095038648
2026-07-10,CN_ETF:512890.SH,红利低波ETF (512890),1.113,14.977620264327198,0.10744556971189537
2026-07-10,CN_ETF:518880.SH,黄金ETF (518880),8.541,1.92361636615004,-0.0006743445797817313
2026-07-10,CN_INDEX:CBA21801.CS,中债30年国债指数 (CBA21801),247.3113,56.3960560843597,0.00427871635871591
2026-07-13,CN_ETF:159981.SZ,能源化工ETF (159981),1.448,4.15324141378162,0.0488167483155391
2026-07-13,CN_ETF:159985.SZ,豆粕ETF (159985),2.206,8.68464330944858,0.24436526838459005
2026-07-13,CN_ETF:510300.SH,沪深300ETF (510300),4.744,11.73939713664718,-0.2105820515572288
2026-07-13,CN_ETF:512890.SH,红利低波ETF (512890),1.126,15.13508029775252,0.1749407578043589
2026-07-13,CN_ETF:518880.SH,黄金ETF (518880),8.419,1.8939518720955202,-0.027477016352921727
2026-07-13,CN_INDEX:CBA21801.CS,中债30年国债指数 (CBA21801),246.8089,56.21656140068853,-0.11456564490495336
2026-07-14,CN_ETF:159981.SZ,能源化工ETF (159981),1.508,4.29986879482654,0.17209563869260835
2026-07-14,CN_ETF:159985.SZ,豆粕ETF (159985),2.203,8.6217658351563,-0.011810485008316487
2026-07-14,CN_ETF:510300.SH,沪深300ETF (510300),4.837,11.899054400912041,0.23013573644776256
2026-07-14,CN_ETF:512890.SH,红利低波ETF (512890),1.139,15.21967263739112,0.17473893771828278
2026-07-14,CN_ETF:518880.SH,黄金ETF (518880),8.373,1.8725126862788,-0.010348234483477346
2026-07-14,CN_INDEX:CBA21801.CS,中债30年国债指数 (CBA21801),246.9735,55.92282032410581,0.03749154105282574
2026-07-15,CN_ETF:159981.SZ,能源化工ETF (159981),1.499,4.26130680675473,-0.025662346918725664
2026-07-15,CN_ETF:159985.SZ,豆粕ETF (159985),2.231,8.70499658610168,0.10958213499063837
2026-07-15,CN_ETF:510300.SH,沪深300ETF (510300),4.838,11.86559539781415,0.0024600071120348156
2026-07-15,CN_ETF:512890.SH,红利低波ETF (512890),1.152,15.346925146047269,0.1737100476611782
2026-07-15,CN_ETF:518880.SH,黄金ETF (518880),8.369,1.86596955699775,-0.0008945480407397863
2026-07-15,CN_INDEX:CBA21801.CS,中债30年国债指数 (CBA21801),247.1657,55.79743310200934,0.04352032127451361
2026-07-16,CN_ETF:159981.SZ,能源化工ETF (159981),1.487,4.26060556227556,-0.03411319658509447
2026-07-16,CN_ETF:159985.SZ,豆粕ETF (159985),2.148,8.44738916813368,-0.3238524054892148
2026-07-16,CN_ETF:510300.SH,沪深300ETF (510300),4.753,11.74926437556619,-0.2084695346866897
2026-07-16,CN_ETF:512890.SH,红利低波ETF (512890),1.141,15.32052792471991,-0.14654181997093652
2026-07-16,CN_ETF:518880.SH,黄金ETF (518880),8.363,1.8793699285209302,-0.0013377724151018382
2026-07-16,CN_INDEX:CBA21801.CS,中债30年国债指数 (CBA21801),246.8561,56.168014486381246,-0.06989191982699029
2026-07-17,CN_ETF:159981.SZ,能源化工ETF (159981),1.479,4.25332351370022,-0.022921886010897247
2026-07-17,CN_ETF:159985.SZ,豆粕ETF (159985),2.123,8.37988581806719,-0.09831691303693693
2026-07-17,CN_ETF:510300.SH,沪深300ETF (510300),4.589,11.3857279109135,-0.4054027682711658
2026-07-17,CN_ETF:512890.SH,红利低波ETF (512890),1.146,15.44445492398692,0.06713640633093552
2026-07-17,CN_ETF:518880.SH,黄金ETF (518880),8.311,1.8745772433606402,-0.01168566737810438
2026-07-17,CN_INDEX:CBA21801.CS,中债30年国债指数 (CBA21801),247.3109,56.479175489078195,0.10348220274243641
2026-07-20,CN_ETF:159981.SZ,能源化工ETF (159981),1.545,4.40484914507794,0.1898034833699894
2026-07-20,CN_ETF:159985.SZ,豆粕ETF (159985),2.18,8.53074407689439,0.224989868878865
2026-07-20,CN_ETF:510300.SH,沪深300ETF (510300),4.65,11.437681770200479,0.15134656843881594
2026-07-20,CN_ETF:512890.SH,红利低波ETF (512890),1.172,15.658778911472709,0.350397755692548
2026-07-20,CN_ETF:518880.SH,黄金ETF (518880),8.318,1.8599929025322999,0.0015788762728340714
2026-07-20,CN_INDEX:CBA21801.CS,中债30年国债指数 (CBA21801),247.0958,55.94390354335324,-0.04912306998074709
2026-07-21,CN_ETF:159981.SZ,能源化工ETF (159981),1.509,4.29335379207317,-0.1026372616328843
2026-07-21,CN_ETF:159985.SZ,豆粕ETF (159985),2.197,8.579566778192719,0.06652415105835063
2026-07-21,CN_ETF:510300.SH,沪深300ETF (510300),4.787,11.75041934688327,0.33698116183171134
2026-07-21,CN_ETF:512890.SH,红利低波ETF (512890),1.16,15.46653939518923,-0.16032879431542088
2026-07-21,CN_ETF:518880.SH,黄金ETF (518880),8.468,1.8896357754791802,0.03354158876891622
2026-07-21,CN_INDEX:CBA21801.CS,中债30年国债指数 (CBA21801),247.2382,55.86089095800564,0.03224017512467956
2026-07-22,CN_ETF:159981.SZ,能源化工ETF (159981),1.532,4.33321870586643,0.06543879205943237
2026-07-22,CN_ETF:159985.SZ,豆粕ETF (159985),2.213,8.59134426004415,0.06248205209425713
2026-07-22,CN_ETF:510300.SH,沪深300ETF (510300),4.765,11.62779186341008,-0.05400234502432279
2026-07-22,CN_ETF:512890.SH,红利低波ETF (512890),1.168,15.481834180361789,0.10666578893233972
2026-07-22,CN_ETF:518880.SH,黄金ETF (518880),8.56,1.89895828199542,0.020529817116684494
2026-07-22,CN_INDEX:CBA21801.CS,中债30年国债指数 (CBA21801),248.9602,55.91992950913593,0.3890679281344205
2026-07-23,CN_ETF:159981.SZ,能源化工ETF (159981),1.544,4.35280170897844,0.03394166088145997
2026-07-23,CN_ETF:159985.SZ,豆粕ETF (159985),2.243,8.679180589336399,0.11646648341677437
2026-07-23,CN_ETF:510300.SH,沪深300ETF (510300),4.787,11.6430701813308,0.05368550283211452
2026-07-23,CN_ETF:512890.SH,红利低波ETF (512890),1.174,15.51020040022639,0.07952997010459942
2026-07-23,CN_ETF:518880.SH,黄金ETF (518880),8.56,1.8927147530659099,0.0
2026-07-23,CN_INDEX:CBA21801.CS,中债30年国债指数 (CBA21801),249.1661,55.78216797334342,0.046248008661352605
2026-07-24,CN_ETF:159981.SZ,能源化工ETF (159981),1.532,4.32432116468198,-0.03383006509568748
2026-07-24,CN_ETF:159985.SZ,豆粕ETF (159985),2.29,8.87202020553067,0.18186423883139202
2026-07-24,CN_ETF:510300.SH,沪深300ETF (510300),4.701,11.44806080719143,-0.20917151359817238
2026-07-24,CN_ETF:512890.SH,红利低波ETF (512890),1.162,15.37067814996611,-0.15853697172292747
2026-07-24,CN_ETF:518880.SH,黄金ETF (518880),8.385,1.8563166418808401,-0.03869451890029615
2026-07-24,CN_INDEX:CBA21801.CS,中债30年国债指数 (CBA21801),249.7676,55.98608817992488,0.1346610716143371
2026-07-27,CN_ETF:159981.SZ,能源化工ETF (159981),1.461,4.12892032941368,-0.20040914013865568
2026-07-27,CN_ETF:159985.SZ,豆粕ETF (159985),2.254,8.74315268315942,-0.13947280672449974
2026-07-27,CN_ETF:510300.SH,沪深300ETF (510300),4.753,11.58875020239888,0.1266324530895472
2026-07-27,CN_ETF:512890.SH,红利低波ETF (512890),1.167,15.455564357447349,0.06613889049038758
2026-07-27,CN_ETF:518880.SH,黄金ETF (518880),8.502,1.88450460418865,0.025902092677407198
2026-07-27,CN_INDEX:CBA21801.CS,中债30年国债指数 (CBA21801),249.7672,56.05399098506227,-8.966109003183474e-05
2026-07-28,CN_ETF:159981.SZ,能源化工ETF (159981),1.459,4.15317914132756,-0.005652183886945421
2026-07-28,CN_ETF:159985.SZ,豆粕ETF (159985),2.121,8.2869344718099,-0.515900313602575
2026-07-28,CN_ETF:510300.SH,沪深300ETF (510300),4.627,11.36337586884108,-0.3072128183257437
2026-07-28,CN_ETF:512890.SH,红利低波ETF (512890),1.176,15.68774129712924,0.11919458373352658
2026-07-28,CN_ETF:518880.SH,黄金ETF (518880),8.4,1.8754024264350502,-0.022608735547782075
2026-07-28,CN_INDEX:CBA21801.CS,中债30年国债指数 (CBA21801),249.8206,56.47268885787262,0.011984292247354436
2026-07-29,CN_ETF:159981.SZ,能源化工ETF (159981),1.481,4.2047304524561495,0.06262504531131378
2026-07-29,CN_ETF:159985.SZ,豆粕ETF (159985),2.13,8.30023845124799,0.035163795495657575
2026-07-29,CN_ETF:510300.SH,沪深300ETF (510300),4.657,11.40701046658835,0.07367652389566437
2026-07-29,CN_ETF:512890.SH,红利低波ETF (512890),1.187,15.792887638832308,0.14673907675886338
2026-07-29,CN_ETF:518880.SH,黄金ETF (518880),8.392,1.86869486473167,-0.0017860975489859224
2026-07-29,CN_INDEX:CBA21801.CS,中债30年国债指数 (CBA21801),249.5859,56.27143568397594,-0.05305463230390991
2026-07-30,CN_ETF:159981.SZ,能源化工ETF (159981),1.502,4.25049159828316,0.05962143112868231
2026-07-30,CN_ETF:159985.SZ,豆粕ETF (159985),2.088,8.110125740908419,-0.16366667368657895
2026-07-30,CN_ETF:510300.SH,沪深300ETF (510300),4.605,11.24297808992108,-0.12737052700506543
2026-07-30,CN_ETF:512890.SH,红利低波ETF (512890),1.207,16.0067891547419,0.2660975170822631
2026-07-30,CN_ETF:518880.SH,黄金ETF (518880),8.36,1.85551864241911,-0.00712562388839526
2026-07-30,CN_INDEX:CBA21801.CS,中债30年国债指数 (CBA21801),250.91,56.38609866644704,0.2985305179064662
2026-07-31,CN_ETF:159981.SZ,能源化工ETF (159981),1.485,4.19797609786875,-0.04810809398855729
2026-07-31,CN_ETF:159985.SZ,豆粕ETF (159985),2.087,8.09773985789458,-0.0038841598375994
2026-07-31,CN_ETF:510300.SH,沪深300ETF (510300),4.653,11.34825434038245,0.11719065110015264
2026-07-31,CN_ETF:512890.SH,红利低波ETF (512890),1.204,15.95025826920605,-0.039784894336559566
2026-07-31,CN_ETF:518880.SH,黄金ETF (518880),8.433,1.8697581003935901,0.01620249532255918
2026-07-31,CN_INDEX:CBA21801.CS,中债30年国债指数 (CBA21801),251.192,56.3902680200988,0.06337284215033037
2026-08-03,CN_ETF:159981.SZ,能源化工ETF (159981),1.488,4.21224280031711,0.008480759793674297
2026-08-03,CN_ETF:159985.SZ,豆粕ETF (159985),2.094,4.18426775325618,0.027160603260786283
2026-08-03,CN_ETF:510300.SH,沪深300ETF (510300),4.599,8.93453065508438,-0.13170121091352732
2026-08-03,CN_ETF:512890.SH,红利低波ETF (512890),1.203,9.34832822619396,-0.01324772281495395
2026-08-03,CN_ETF:518880.SH,黄金ETF (518880),8.417,1.8687775485067,-0.0035475073646742644
2026-08-03,CN_INDEX:CBA21801.CS,中债30年国债指数 (CBA21801),251.2886,69.7401826475705,0.021685801660652582
