{
    "total_return": {
        "mean": 0.4491027951974901,
        "std": 0.12047893531047715,
        "min": 0.3070420282345758,
        "max": 0.6948576799107642
    },
    "annualized_return": {
        "mean": 0.0836039374723547,
        "std": 0.006061876795972712,
        "min": 0.07172302129891905,
        "max": 0.09888504784349972
    },
    "annualized_volatility": {
        "mean": 0.09637359332314054,
        "std": 0.02424204619082858,
        "min": 0.053946852472019254,
        "max": 0.13539986369693274
    },
    "max_drawdown": {
        "mean": -0.12305978762971506,
        "std": 0.05021598235089259,
        "min": -0.17751628434078837,
        "max": -0.03180722592201479
    },
    "sharpe_ratio": {
        "mean": 0.9575905641911411,
        "std": 0.3863227321794293,
        "min": 0.5956252446251887,
        "max": 1.833008661530136
    },
    "annualized_turnover": {
        "mean": 0.21985272593389052,
        "std": 0.03988198185099844,
        "min": 0.17059175302831803,
        "max": 0.29731526485944343
    },
    "trade_count": {
        "mean": 34.42857142857143,
        "std": 5.3345236766878115,
        "min": 26,
        "max": 50
    }
}