{
    "total_return": {
        "mean": 0.5414523963050304,
        "std": 0.14891530957938087,
        "min": 0.3803401076852879,
        "max": 0.83428436719444
    },
    "annualized_return": {
        "mean": 0.09809730818170899,
        "std": 0.007537405136202559,
        "min": 0.08362132643156484,
        "max": 0.1151795163736391
    },
    "annualized_volatility": {
        "mean": 0.0876224769346818,
        "std": 0.012484061208510065,
        "min": 0.06448911960337537,
        "max": 0.09789953374306126
    },
    "max_drawdown": {
        "mean": -0.10364824581846786,
        "std": 0.032889353067153466,
        "min": -0.12482080462253864,
        "max": -0.04451511733407065
    },
    "sharpe_ratio": {
        "mean": 1.1550876570196589,
        "std": 0.2725354457283194,
        "min": 0.9031313307236926,
        "max": 1.7860302184620083
    },
    "annualized_turnover": {
        "mean": 0.4231306432099649,
        "std": 0.041072946938803576,
        "min": 0.36471663843119667,
        "max": 0.5220654390753291
    },
    "trade_count": {
        "mean": 58.904761904761905,
        "std": 14.723806443663818,
        "min": 35,
        "max": 83
    }
}