{
  "generated_at": "2026-06-03T23:16:25.086301",
  "results": [
    {
      "config_name": "baseline_m3m4_fundamental",
      "baseline": {
        "total_return": 0.0,
        "annualized_return": 0.0,
        "max_drawdown": 0.0,
        "sharpe_ratio": 0.0,
        "annualized_turnover": 0.0,
        "trade_count": 0
      },
      "candidate": {
        "total_return": 0.2772078780056546,
        "annualized_return": 0.10146743567679684,
        "max_drawdown": -0.01909585238762279,
        "sharpe_ratio": 3.131994118908666,
        "annualized_turnover": 869387.4048060117,
        "trade_count": 29
      }
    },
    {
      "config_name": "baseline_mvp_equal_weight",
      "baseline": {
        "total_return": 0.5564903930349385,
        "annualized_return": 0.1909535789725021,
        "max_drawdown": -0.11139659288971626,
        "sharpe_ratio": 1.9380031956431738,
        "annualized_turnover": 746668.1679251147,
        "trade_count": 77
      },
      "candidate": {
        "total_return": 0.2592904743054685,
        "annualized_return": 0.0953380344011141,
        "max_drawdown": -0.027222718616498942,
        "sharpe_ratio": 2.8074321929837613,
        "annualized_turnover": 836402.356803493,
        "trade_count": 25
      }
    },
    {
      "config_name": "baseline_r1_domestic_ewma",
      "baseline": {
        "total_return": 0.2920200452138888,
        "annualized_return": 0.037430319831433856,
        "max_drawdown": -0.03366048648646591,
        "sharpe_ratio": 1.4749751000010125,
        "annualized_turnover": 415426.06292534625,
        "trade_count": 37
      },
      "candidate": {
        "total_return": 0.16271720001383083,
        "annualized_return": 0.02185837133841173,
        "max_drawdown": -0.06459144994501875,
        "sharpe_ratio": 0.5498641308306655,
        "annualized_turnover": 754816.4917467721,
        "trade_count": 46
      }
    },
    {
      "config_name": "baseline_r1_domestic_low_vol_ewma",
      "baseline": {
        "total_return": 0.26530279215715913,
        "annualized_return": 0.03432583786829624,
        "max_drawdown": -0.030520656190589524,
        "sharpe_ratio": 1.435668127280511,
        "annualized_turnover": 385808.5155961402,
        "trade_count": 26
      },
      "candidate": {
        "total_return": 0.223861788436436,
        "annualized_return": 0.029397548244300742,
        "max_drawdown": -0.024589728935415667,
        "sharpe_ratio": 1.4358808728857742,
        "annualized_turnover": 282452.22667467984,
        "trade_count": 27
      }
    },
    {
      "config_name": "baseline_r1_domestic_rolling",
      "baseline": {
        "total_return": 0.27586502200628216,
        "annualized_return": 0.035559794359385055,
        "max_drawdown": -0.044884459140872024,
        "sharpe_ratio": 1.4039152089964488,
        "annualized_turnover": 215895.18448934326,
        "trade_count": 16
      },
      "candidate": {
        "total_return": 0.16271720001383083,
        "annualized_return": 0.02185837133841173,
        "max_drawdown": -0.06459144994501875,
        "sharpe_ratio": 0.5498641308306655,
        "annualized_turnover": 754816.4917467721,
        "trade_count": 46
      }
    },
    {
      "config_name": "baseline_r2_global_dividend_ewma",
      "baseline": {
        "total_return": 0.29541982369128217,
        "annualized_return": 0.0377994974764404,
        "max_drawdown": -0.0384699040425861,
        "sharpe_ratio": 1.4589325399881625,
        "annualized_turnover": 419758.5826275598,
        "trade_count": 37
      },
      "candidate": {
        "total_return": 0.23484478965330902,
        "annualized_return": 0.03069969876243417,
        "max_drawdown": -0.04205367483322797,
        "sharpe_ratio": 1.2394619517387706,
        "annualized_turnover": 505443.3077772662,
        "trade_count": 42
      }
    },
    {
      "config_name": "baseline_r2_global_ewma",
      "baseline": {
        "total_return": 0.3233763159783334,
        "annualized_return": 0.04098067116654924,
        "max_drawdown": -0.041809718415349306,
        "sharpe_ratio": 1.4675274305154544,
        "annualized_turnover": 440085.65019870334,
        "trade_count": 47
      },
      "candidate": {
        "total_return": 0.2645460689653265,
        "annualized_return": 0.03421728918590472,
        "max_drawdown": -0.05147969853027523,
        "sharpe_ratio": 0.8345741459616347,
        "annualized_turnover": 1199451.9628271817,
        "trade_count": 54
      }
    },
    {
      "config_name": "baseline_r3_global_nasdaq_all_weather_ewma",
      "baseline": {
        "total_return": 0.29394581309705914,
        "annualized_return": 0.06931365587080185,
        "max_drawdown": -0.03382232387147521,
        "sharpe_ratio": 1.706810210857195,
        "annualized_turnover": 863320.3187672668,
        "trade_count": 64
      },
      "candidate": {
        "total_return": 0.2477668157808397,
        "annualized_return": 0.059255297634048354,
        "max_drawdown": -0.032059037561602,
        "sharpe_ratio": 1.3695102421197696,
        "annualized_turnover": 1572434.1779922321,
        "trade_count": 64
      }
    },
    {
      "config_name": "baseline_risk_parity_lw_cov",
      "baseline": {
        "total_return": 0.2684506178395194,
        "annualized_return": 0.09995546170006575,
        "max_drawdown": -0.04507229193915874,
        "sharpe_ratio": 2.6671186578124164,
        "annualized_turnover": 579571.1746028155,
        "trade_count": 10
      },
      "candidate": {
        "total_return": 0.25634350674121364,
        "annualized_return": 0.09573714884033002,
        "max_drawdown": -0.027222718616498942,
        "sharpe_ratio": 2.8046229835004337,
        "annualized_turnover": 848350.9619006857,
        "trade_count": 25
      }
    },
    {
      "config_name": "baseline_us_blend_ewma",
      "baseline": {
        "total_return": 0.35850458356605697,
        "annualized_return": 0.04489729750882332,
        "max_drawdown": -0.046807645822103616,
        "sharpe_ratio": 1.4169317631440892,
        "annualized_turnover": 426390.5041079227,
        "trade_count": 60
      },
      "candidate": {
        "total_return": 0.2808640890813452,
        "annualized_return": 0.03611984874569374,
        "max_drawdown": -0.0501389300858085,
        "sharpe_ratio": 0.9083014083232851,
        "annualized_turnover": 775840.1336327324,
        "trade_count": 61
      }
    }
  ]
}