{
  "timestamp": "2026-06-04T15:09:59.026580",
  "runs": {
    "baseline_m3m4_fundamental": {
      "baseline": {
        "total_return": 0.0,
        "annualized_return": 0.0,
        "max_drawdown": 0.0,
        "sharpe_ratio": 0.0,
        "annualized_turnover": 0.0,
        "trade_count": 0
      },
      "candidate": {
        "total_return": 0.2129264881045121,
        "annualized_return": 0.07909948485084417,
        "max_drawdown": -0.016985308601219606,
        "sharpe_ratio": 3.208567743048838,
        "annualized_turnover": 0.6416928164038219,
        "trade_count": 24
      }
    },
    "baseline_mvp_equal_weight": {
      "baseline": {
        "total_return": 0.5564903930349385,
        "annualized_return": 0.19062792041505006,
        "max_drawdown": -0.11139659288971637,
        "sharpe_ratio": 1.9346980608118352,
        "annualized_turnover": 0.7466681679251146,
        "trade_count": 77
      },
      "candidate": {
        "total_return": 0.21762362208658637,
        "annualized_return": 0.08074556547797718,
        "max_drawdown": -0.01634923311916081,
        "sharpe_ratio": 3.2889671598078176,
        "annualized_turnover": 0.5844557027629539,
        "trade_count": 20
      }
    },
    "baseline_r1_domestic_ewma": {
      "baseline": {
        "total_return": 0.2920200452138888,
        "annualized_return": 0.03740863504437031,
        "max_drawdown": -0.0336604864864658,
        "sharpe_ratio": 1.474120591647584,
        "annualized_turnover": 0.4154260629253461,
        "trade_count": 37
      },
      "candidate": {
        "total_return": 0.20220616921259293,
        "annualized_return": 0.026749641077487007,
        "max_drawdown": -0.017912805913817276,
        "sharpe_ratio": 1.6573326272500812,
        "annualized_turnover": 0.41751915609473056,
        "trade_count": 40
      }
    },
    "baseline_r1_domestic_low_vol_ewma": {
      "baseline": {
        "total_return": 0.26530279215715913,
        "annualized_return": 0.03430598120907491,
        "max_drawdown": -0.03052065619058908,
        "sharpe_ratio": 1.4348376283173778,
        "annualized_turnover": 0.38580851559614004,
        "trade_count": 26
      },
      "candidate": {
        "total_return": 0.194825231136305,
        "annualized_return": 0.02584365033895275,
        "max_drawdown": -0.016641897499963476,
        "sharpe_ratio": 1.5904888002216075,
        "annualized_turnover": 0.32796629983675524,
        "trade_count": 29
      }
    },
    "baseline_r1_domestic_rolling": {
      "baseline": {
        "total_return": 0.27586502200628216,
        "annualized_return": 0.03553921169698837,
        "max_drawdown": -0.044884459140872024,
        "sharpe_ratio": 1.403102597076133,
        "annualized_turnover": 0.21589518448934322,
        "trade_count": 16
      },
      "candidate": {
        "total_return": 0.2192252761235962,
        "annualized_return": 0.028820667306008074,
        "max_drawdown": -0.016298777436929868,
        "sharpe_ratio": 1.8065161276846389,
        "annualized_turnover": 0.21884514531639002,
        "trade_count": 19
      }
    },
    "baseline_r2_global_dividend_ewma": {
      "baseline": {
        "total_return": 0.2956344812200451,
        "annualized_return": 0.03780224189297532,
        "max_drawdown": -0.028950270977856074,
        "sharpe_ratio": 1.530117003346443,
        "annualized_turnover": 0.46996359233355006,
        "trade_count": 37
      },
      "candidate": {
        "total_return": 0.21111975598282928,
        "annualized_return": 0.027821386258194414,
        "max_drawdown": -0.020693067495969886,
        "sharpe_ratio": 1.6587074253335887,
        "annualized_turnover": 0.38672197549811965,
        "trade_count": 38
      }
    },
    "baseline_r2_global_ewma": {
      "baseline": {
        "total_return": 0.3123420271511701,
        "annualized_return": 0.039708988092439945,
        "max_drawdown": -0.03082879650677539,
        "sharpe_ratio": 1.5514027128525214,
        "annualized_turnover": 0.4790400571792402,
        "trade_count": 53
      },
      "candidate": {
        "total_return": 0.21604376255150193,
        "annualized_return": 0.028419011262535543,
        "max_drawdown": -0.02087646026302792,
        "sharpe_ratio": 1.6760570136752755,
        "annualized_turnover": 0.5170591166818692,
        "trade_count": 51
      }
    },
    "baseline_r3_global_nasdaq_all_weather_ewma": {
      "baseline": {
        "total_return": 0.25888456574318286,
        "annualized_return": 0.06163620458407926,
        "max_drawdown": -0.03664617442131357,
        "sharpe_ratio": 1.7510312935345929,
        "annualized_turnover": 0.8698155969963762,
        "trade_count": 64
      },
      "candidate": {
        "total_return": 0.20851080241755438,
        "annualized_return": 0.05043257372142573,
        "max_drawdown": -0.023015241445460077,
        "sharpe_ratio": 2.1006965717340274,
        "annualized_turnover": 0.9708516423623177,
        "trade_count": 76
      }
    },
    "baseline_risk_parity_hrp": {
      "baseline": {
        "total_return": 0.1603009836925211,
        "annualized_return": 0.06127580717744996,
        "max_drawdown": -0.020049858148351474,
        "sharpe_ratio": 2.5829332224754036,
        "annualized_turnover": 0.39581009647189147,
        "trade_count": 3
      },
      "candidate": {
        "total_return": 0.2139835619311743,
        "annualized_return": 0.08065016091183441,
        "max_drawdown": -0.01634923311916081,
        "sharpe_ratio": 3.2672411798554277,
        "annualized_turnover": 0.5928050699452818,
        "trade_count": 20
      }
    },
    "baseline_risk_parity_lw_cov": {
      "baseline": {
        "total_return": 0.2684506178395194,
        "annualized_return": 0.09978913710897475,
        "max_drawdown": -0.04507229193915874,
        "sharpe_ratio": 2.662680606978506,
        "annualized_turnover": 0.5795711746028157,
        "trade_count": 10
      },
      "candidate": {
        "total_return": 0.2139835619311743,
        "annualized_return": 0.08065016091183441,
        "max_drawdown": -0.01634923311916081,
        "sharpe_ratio": 3.2672411798554277,
        "annualized_turnover": 0.5928050699452818,
        "trade_count": 20
      }
    },
    "baseline_us_blend_ewma": {
      "baseline": {
        "total_return": 0.3174873221625891,
        "annualized_return": 0.040292005469466874,
        "max_drawdown": -0.03291373161046962,
        "sharpe_ratio": 1.484675538151319,
        "annualized_turnover": 0.566258264930386,
        "trade_count": 57
      },
      "candidate": {
        "total_return": 0.23465585971791958,
        "annualized_return": 0.03065938766571863,
        "max_drawdown": -0.023100514715630238,
        "sharpe_ratio": 1.6781818586245292,
        "annualized_turnover": 0.5570001156874886,
        "trade_count": 68
      }
    }
  },
  "ablation": {
    "baseline_mvp_equal_weight": {
      "baseline": {
        "total_return": 0.5564903930349385,
        "annualized_return": 0.19062792041505006,
        "max_drawdown": -0.11139659288971637,
        "sharpe_ratio": 1.9346980608118352,
        "annualized_turnover": 0.7466681679251146,
        "trade_count": 77
      },
      "variant_A_cvar_only": {
        "total_return": 0.21762362208658637,
        "max_drawdown": -0.01634923311916081,
        "sharpe_ratio": 3.2889671598078176,
        "annualized_turnover": 0.5844557027629539,
        "trade_count": 20
      },
      "variant_B_vol_target_only": {
        "total_return": 0.27126114225131914,
        "max_drawdown": -0.04507229193915874,
        "sharpe_ratio": 2.66368198412224,
        "annualized_turnover": 0.5714082003126351,
        "trade_count": 10
      },
      "variant_C_complete": {
        "total_return": 0.21762362208658637,
        "annualized_return": 0.08074556547797718,
        "max_drawdown": -0.01634923311916081,
        "sharpe_ratio": 3.2889671598078176,
        "annualized_turnover": 0.5844557027629539,