{
    "platform_mvp": {
        "baseline": {
            "total_return": 0.0,
            "annualized_return": 0.0,
            "annualized_volatility": 0.0,
            "sharpe_ratio": 0.0,
            "max_drawdown": 0.0,
            "turnover": 0.0,
            "trade_count": 0,
            "run_id": "platform_mvp_20260603_125907",
            "output_dir": "results\\backtests\\platform_mvp_20260603_125907"
        },
        "new_strategy": {
            "total_return": 0.0,
            "annualized_return": 0.0,
            "annualized_volatility": 0.0,
            "sharpe_ratio": 0.0,
            "max_drawdown": 0.0,
            "turnover": 0.0,
            "trade_count": 0,
            "run_id": "platform_mvp_lw_cov_20260603_125907",
            "output_dir": "results\\backtests\\platform_mvp_lw_cov_20260603_125907"
        }
    },
    "platform_risk_parity": {
        "baseline": {
            "total_return": 0.27202640614270823,
            "annualized_return": 0.10119670446620033,
            "annualized_volatility": 0.03699058599364576,
            "sharpe_ratio": 2.7357421286481887,
            "max_drawdown": -0.03983140450525635,
            "turnover": 1.610302051983018,
            "trade_count": 16,
            "run_id": "platform_risk_parity_20260603_125908",
            "output_dir": "results\\backtests\\platform_risk_parity_20260603_125908"
        },
        "new_strategy": {
            "total_return": 0.4089024845429934,
            "annualized_return": 0.14722090398870935,
            "annualized_volatility": 0.06159784795686256,
            "sharpe_ratio": 2.390033237716507,
            "max_drawdown": -0.05811558291159136,
            "turnover": 2.3870161491439483,
            "trade_count": 27,
            "run_id": "platform_risk_parity_lw_cov_20260603_125908",
            "output_dir": "results\\backtests\\platform_risk_parity_lw_cov_20260603_125908"
        }
    },
    "platform_risk_parity_ewma": {
        "baseline": {
            "total_return": 0.289362244938022,
            "annualized_return": 0.1071849413279069,
            "annualized_volatility": 0.039191426269094484,
            "sharpe_ratio": 2.734907900313662,
            "max_drawdown": -0.039774834808579906,
            "turnover": 2.598235827214093,
            "trade_count": 26,
            "run_id": "platform_risk_parity_ewma_20260603_125909",
            "output_dir": "results\\backtests\\platform_risk_parity_ewma_20260603_125909"
        },
        "new_strategy": {
            "total_return": 0.4089024845429934,
            "annualized_return": 0.14722090398870935,
            "annualized_volatility": 0.06159784795686256,
            "sharpe_ratio": 2.390033237716507,
            "max_drawdown": -0.05811558291159136,
            "turnover": 2.3870161491439483,
            "trade_count": 27,
            "run_id": "platform_risk_parity_ewma_lw_cov_20260603_125909",
            "output_dir": "results\\backtests\\platform_risk_parity_ewma_lw_cov_20260603_125909"
        }
    },
    "platform_m3m4": {
        "baseline": {
            "total_return": 0.0,
            "annualized_return": 0.0,
            "annualized_volatility": 0.0,
            "sharpe_ratio": 0.0,
            "max_drawdown": 0.0,
            "turnover": 0.0,
            "trade_count": 0,
            "run_id": "platform_m3m4_20260603_125910",
            "output_dir": "results\\backtests\\platform_m3m4_20260603_125910"
        },
        "new_strategy": {
            "total_return": 0.0,
            "annualized_return": 0.0,
            "annualized_volatility": 0.0,
            "sharpe_ratio": 0.0,
            "max_drawdown": 0.0,
            "turnover": 0.0,
            "trade_count": 0,
            "run_id": "platform_m3m4_lw_cov_20260603_125910",
            "output_dir": "results\\backtests\\platform_m3m4_lw_cov_20260603_125910"
        }
    }
}